"session_id","frame","timestamp","face_count","left_eye_probability","right_eye_probability","head_euler_angle_x","head_euler_angle_y","head_euler_angle_z","label","avg_eye"
"2026-09-23T09:30:15.744871","1","2026-09-23T09:30:18.155869","1","0.9928528666496277","0.9968274235725403","1.4828604459762573","-1.3209121227264404","0.8956837058067322","OPEN","0.994840145111084"
"2026-09-23T09:30:15.744871","2","2026-09-23T09:30:18.404879","1","0.9918690919876099","0.99802166223526","1.8988791704177856","-1.2367738485336304","1.058717131614685","OPEN","0.994945377111435"
"2026-09-23T09:30:15.744871","3","2026-09-23T09:30:18.571530","1","0.9928528666496277","0.997727632522583","0.507148265838623","-1.7332217693328857","1.2617286443710327","OPEN","0.995290249586105"
"2026-09-23T09:30:15.744871","4","2026-09-23T09:30:18.738202","1","0.9938164353370667","0.9968274235725403","0.5483238101005554","-1.7127721309661865","1.1887043714523315","OPEN","0.995321929454803"
"2026-09-23T09:30:15.744871","5","2026-09-23T09:30:18.907068","1","0.9918690919876099","0.99802166223526","0.0334150604903698","-1.6180962324142456","1.3122689723968506","OPEN","0.994945377111435"
"2026-09-23T09:30:15.744871","6","2026-09-23T09:30:19.086403","1","0.9928528666496277","0.997727632522583","0.27111759781837463","-1.309077262878418","1.2225648164749146","OPEN","0.995290249586105"
"2026-09-23T09:30:15.744871","7","2026-09-23T09:30:19.261747","1","0.9918690919876099","0.9974306225776672","0.0021234885789453983","-1.5779613256454468","1.4626818895339966","OPEN","0.994649857282639"
"2026-09-23T09:30:15.744871","8","2026-09-23T09:30:19.474395","1","0.9923635125160217","0.997727632522583","0.8484940528869629","-1.2819679975509644","1.2739534378051758","OPEN","0.995045572519302"
"2026-09-23T09:30:15.744871","9","2026-09-23T09:30:19.625273","1","0.9913694858551025","0.9968274235725403","-0.34066107869148254","-1.7095654010772705","1.3368459939956665","OPEN","0.994098454713821"
"2026-09-23T09:30:15.744871","10","2026-09-23T09:30:19.781024","1","0.9947605133056641","0.9965211153030396","-0.04485461860895157","-1.1454421281814575","1.2559218406677246","OPEN","0.995640814304352"
"2026-09-23T09:30:15.744871","11","2026-09-23T09:30:19.966991","1","0.9938164353370667","0.9971305727958679","0.5750978589057922","-1.3709418773651123","1.1158089637756348","OPEN","0.995473504066467"
"2026-09-23T09:30:15.744871","12","2026-09-23T09:30:20.128378","1","0.9947605133056641","0.998312771320343","0.9227294921875","-1.2083489894866943","0.99863600730896","OPEN","0.996536642313004"
"2026-09-23T09:30:15.744871","13","2026-09-23T09:30:20.284208","1","0.9933371543884277","0.9958990216255188","-0.36188653111457825","-1.5516719818115234","0.9935932755470276","OPEN","0.994618088006973"
"2026-09-23T09:30:15.744871","14","2026-09-23T09:30:20.457725","1","0.9938164353370667","0.997727632522583","0.6432429552078247","-1.3594704866409302","0.9874268174171448","OPEN","0.995772033929825"
"2026-09-23T09:30:15.744871","15","2026-09-23T09:30:20.632942","1","0.9938164353370667","0.99802166223526","0.8503343462944031","-1.5597628355026245","1.1118521690368652","OPEN","0.995919048786163"
"2026-09-23T09:30:15.744871","16","2026-09-23T09:30:20.780177","1","0.9938164353370667","0.9965211153030396","0.05174563080072403","-1.74109947681427","1.0291110277175903","OPEN","0.995168775320053"
"2026-09-23T09:30:15.744871","17","2026-09-23T09:30:20.922217","1","0.9928528666496277","0.9974306225776672","-0.7428025603294373","-1.2685683965682983","1.0970306396484375","OPEN","0.995141744613647"
"2026-09-23T09:30:15.744871","18","2026-09-23T09:30:21.118978","1","0.9938164353370667","0.9965211153030396","0.4630887508392334","-1.2763556241989136","0.9859378933906555","OPEN","0.995168775320053"
"2026-09-23T09:30:15.744871","19","2026-09-23T09:30:21.282535","1","0.9928528666496277","0.9958990216255188","-0.12205851823091507","-1.415802240371704","1.137964129447937","OPEN","0.994375944137573"
"2026-09-23T09:30:15.744871","20","2026-09-23T09:30:21.453262","1","0.9938164353370667","0.9968274235725403","0.7844567894935608","-0.9517234563827515","1.1577643156051636","OPEN","0.995321929454803"
"2026-09-23T09:30:15.744871","21","2026-09-23T09:30:21.606098","1","0.9923635125160217","0.9974306225776672","0.9745121002197266","-1.2127361297607422","0.8747103810310364","OPEN","0.994897067546844"
"2026-09-23T09:30:15.744871","22","2026-09-23T09:30:21.767914","1","0.9938164353370667","0.997727632522583","0.2236599177122116","-1.366174578666687","1.1123243570327759","OPEN","0.995772033929825"
"2026-09-23T09:30:15.744871","23","2026-09-23T09:30:21.926958","1","0.9918690919876099","0.9971305727958679","1.887078881263733","-1.2170162200927734","0.8795410990715027","OPEN","0.994499832391739"
"2026-09-23T09:30:15.744871","24","2026-09-23T09:30:22.091604","1","0.9942908883094788","0.9974306225776672","1.5599021911621094","-1.2237640619277954","0.8999602198600769","OPEN","0.995860755443573"
"2026-09-23T09:30:15.744871","25","2026-09-23T09:30:22.240781","1","0.9942908883094788","0.997727632522583","1.4084261655807495","-1.3291938304901123","0.8394548296928406","OPEN","0.996009260416031"
"2026-09-23T09:30:15.744871","26","2026-09-23T09:30:22.410483","1","0.9928528666496277","0.9962117075920105","1.3184601068496704","-1.550544023513794","0.7443938255310059","OPEN","0.994532287120819"
"2026-09-23T09:30:15.744871","27","2026-09-23T09:30:22.549115","1","0.9942908883094788","0.9974306225776672","2.1039023399353027","-1.8705523014068604","1.0043026208877563","OPEN","0.995860755443573"
"2026-09-23T09:30:15.744871","28","2026-09-23T09:30:22.739982","1","0.9898386597633362","0.9968274235725403","0.8292744755744934","-2.1781959533691406","1.002806305885315","OPEN","0.993333041667938"
"2026-09-23T09:30:15.744871","29","2026-09-23T09:30:22.907953","1","0.9903543591499329","0.9965211153030396","1.9336419105529785","-1.6653059720993042","1.1148138046264648","OPEN","0.993437737226486"
"2026-09-23T09:30:15.744871","30","2026-09-23T09:30:23.092180","1","0.9913694858551025","0.9946150779724121","1.2798399925231934","-1.9228707551956177","0.7771866321563721","OPEN","0.992992281913757"
"2026-09-23T09:30:15.744871","31","2026-09-23T09:30:23.262292","1","0.9887905716896057","0.9952638149261475","1.1671826839447021","-1.684672236442566","0.8343712091445923","OPEN","0.992027193307877"
"2026-09-23T09:30:15.744871","32","2026-09-23T09:30:23.430707","1","0.9923635125160217","0.9949411749839783","0.40150216221809387","-1.553156852722168","0.7083027362823486","OPEN","0.99365234375"
"2026-09-23T09:30:15.744871","33","2026-09-23T09:30:23.614103","1","0.9918690919876099","0.9962117075920105","0.7251543998718262","-2.0068211555480957","0.48281240463256836","OPEN","0.99404039978981"
"2026-09-23T09:30:15.744871","34","2026-09-23T09:30:23.784021","1","0.9913694858551025","0.9952638149261475","0.46059033274650574","-1.3136863708496094","0.35677361488342285","OPEN","0.993316650390625"
"2026-09-23T09:30:15.744871","35","2026-09-23T09:30:23.949497","1","0.9898386597633362","0.998312771320343","1.6503050327301025","-1.1320562362670898","-0.4871721565723419","OPEN","0.99407571554184"
"2026-09-23T09:30:15.744871","36","2026-09-23T09:30:24.136249","1","0.9918690919876099","0.9955831170082092","0.5033692717552185","-1.2442599534988403","-0.5394062995910645","OPEN","0.99372610449791"
"2026-09-23T09:30:15.744871","37","2026-09-23T09:30:24.301152","1","0.9887905716896057","0.9939523935317993","0.2635040581226349","-1.5319818258285522","-0.3278532922267914","OPEN","0.991371482610703"
"2026-09-23T09:30:15.744871","38","2026-09-23T09:30:24.469408","1","0.9918690919876099","0.9971305727958679","1.6442270278930664","-1.6459672451019287","0.19235043227672577","OPEN","0.994499832391739"
"2026-09-23T09:30:15.744871","39","2026-09-23T09:30:24.655897","1","0.9942908883094788","0.9900364875793457","1.5469988584518433","-1.1530237197875977","0.03927309438586235","OPEN","0.992163687944412"
"2026-09-23T09:30:15.744871","40","2026-09-23T09:30:24.857616","1","0.9947605133056641","0.9962117075920105","2.1255252361297607","-1.3800644874572754","-0.41966232657432556","OPEN","0.995486110448837"
"2026-09-23T09:30:15.744871","41","2026-09-23T09:30:25.039634","1","0.9918690919876099","0.9968274235725403","0.4545993208885193","-1.5885553359985352","-0.056798823177814484","OPEN","0.994348257780075"
"2026-09-23T09:30:15.744871","42","2026-09-23T09:30:25.208614","1","0.9928528666496277","0.9971305727958679","1.2828117609024048","-1.2197751998901367","0.14142505824565887","OPEN","0.994991719722748"
"2026-09-23T09:30:15.744871","43","2026-09-23T09:30:25.386953","1","0.9903543591499329","0.9952638149261475","0.6475512385368347","-1.6958333253860474","0.21645355224609375","OPEN","0.99280908703804"
"2026-09-23T09:30:15.744871","44","2026-09-23T09:30:25.600125","1","0.9887905716896057","0.9958990216255188","0.9116015434265137","-1.8089447021484375","0.27693718671798706","OPEN","0.992344796657562"
"2026-09-23T09:30:15.744871","45","2026-09-23T09:30:25.767264","1","0.9903543591499329","0.9952638149261475","0.38947975635528564","-2.2956173419952393","0.49438953399658203","OPEN","0.99280908703804"
"2026-09-23T09:30:15.744871","46","2026-09-23T09:30:25.945589","1","0.9938164353370667","0.9974306225776672","0.4575403332710266","-2.2182583808898926","0.7126386761665344","OPEN","0.995623528957367"
"2026-09-23T09:30:15.744871","47","2026-09-23T09:30:26.108781","1","0.9938164353370667","0.9974306225776672","-0.19638127088546753","-2.6895673274993896","0.9618018865585327","OPEN","0.995623528957367"
"2026-09-23T09:30:15.744871","48","2026-09-23T09:30:26.286463","1","0.9933371543884277","0.9974306225776672","-0.6163983345031738","-2.0726044178009033","0.9866663217544556","OPEN","0.995383888483047"
"2026-09-23T09:30:15.744871","49","2026-09-23T09:30:26.432452","1","0.9903543591499329","0.9974306225776672","-0.6973955631256104","-1.8536221981048584","0.8023274540901184","OPEN","0.9938924908638"
"2026-09-23T09:30:15.744871","50","2026-09-23T09:30:26.644528","1","0.9903543591499329","0.9958990216255188","-0.6061992645263672","-1.6944999694824219","0.6594193577766418","OPEN","0.993126690387726"
"2026-09-23T09:30:15.744871","51","2026-09-23T09:30:26.831691","1","0.9918690919876099","0.9958990216255188","-0.743435800075531","-1.472504734992981","0.5482150912284851","OPEN","0.993884056806564"
"2026-09-23T09:30:15.744871","52","2026-09-23T09:30:27.026446","1","0.9928528666496277","0.9968274235725403","-0.09920990467071533","-2.061897039413452","0.6760874390602112","OPEN","0.994840145111084"
"2026-09-23T09:30:15.744871","53","2026-09-23T09:30:27.238459","1","0.990864634513855","0.9965211153030396","-0.12161038815975189","-1.8185864686965942","0.7282933592796326","OPEN","0.993692874908447"
"2026-09-23T09:30:15.744871","54","2026-09-23T09:30:27.445416","1","0.990864634513855","0.9962117075920105","-0.4115065634250641","-1.5787885189056396","0.7571898102760315","OPEN","0.993538171052933"
"2026-09-23T09:30:15.744871","55","2026-09-23T09:30:27.641374","1","0.9933371543884277","0.9968274235725403","0.43381813168525696","-1.2291133403778076","0.42192450165748596","OPEN","0.995082288980484"
"2026-09-23T09:30:15.744871","56","2026-09-23T09:30:27.798039","1","0.9938164353370667","0.9974306225776672","-0.1982565075159073","-1.5807561874389648","0.534321129322052","OPEN","0.995623528957367"
"2026-09-23T09:30:15.744871","57","2026-09-23T09:30:27.943987","1","0.9938164353370667","0.9965211153030396","0.3467476963996887","-1.370298981666565","0.4534018337726593","OPEN","0.995168775320053"
"2026-09-23T09:30:15.744871","58","2026-09-23T09:30:28.122958","1","0.9928528666496277","0.9955831170082092","-0.5610634088516235","-1.2962852716445923","0.3845513164997101","OPEN","0.994217991828918"
"2026-09-23T09:30:15.744871","59","2026-09-23T09:30:28.301591","1","0.9928528666496277","0.9971305727958679","-0.02694462053477764","-1.6171472072601318","0.6723929047584534","OPEN","0.994991719722748"
"2026-09-23T09:30:15.744871","60","2026-09-23T09:30:28.449430","1","0.9947605133056641","0.9958990216255188","0.26115453243255615","-1.613698959350586","0.6167399883270264","OPEN","0.995329767465591"
"2026-09-23T09:30:15.744871","61","2026-09-23T09:30:28.654851","1","0.990864634513855","0.9968274235725403","0.23336149752140045","-1.3530230522155762","0.6772543787956238","OPEN","0.993846029043198"
"2026-09-23T09:30:15.744871","62","2026-09-23T09:30:28.844472","1","0.9923635125160217","0.9965211153030396","0.14380881190299988","-1.864853024482727","0.7859638929367065","OPEN","0.994442313909531"
"2026-09-23T09:30:15.744871","63","2026-09-23T09:30:28.982028","1","0.9918690919876099","0.9965211153030396","-0.1622878462076187","-1.6218104362487793","0.7701509594917297","OPEN","0.994195103645325"
"2026-09-23T09:30:15.744871","64","2026-09-23T09:30:29.191653","1","0.9903543591499329","0.9971305727958679","0.7866489887237549","-1.3412623405456543","0.6674185991287231","OPEN","0.9937424659729"
"2026-09-23T09:30:15.744871","65","2026-09-23T09:30:29.385848","1","0.9913694858551025","0.9968274235725403","-0.26890432834625244","-1.4479305744171143","0.7556169629096985","OPEN","0.994098454713821"
"2026-09-23T09:30:15.744871","66","2026-09-23T09:30:29.570581","1","0.9887905716896057","0.9965211153030396","-0.4042711853981018","-1.9086401462554932","0.7149030566215515","OPEN","0.992655843496323"
"2026-09-23T09:30:15.744871","67","2026-09-23T09:30:29.748065","1","0.9938164353370667","0.9955831170082092","0.5717393755912781","-1.1474359035491943","0.3857768774032593","OPEN","0.994699776172638"
"2026-09-23T09:30:15.744871","68","2026-09-23T09:30:29.906481","1","0.9938164353370667","0.9952638149261475","1.0070514678955078","-1.3828883171081543","0.4066067039966583","OPEN","0.994540125131607"
"2026-09-23T09:30:15.744871","69","2026-09-23T09:30:30.064759","1","0.9928528666496277","0.9952638149261475","0.45340004563331604","-1.3960715532302856","0.39136117696762085","OPEN","0.994058340787888"
"2026-09-23T09:30:15.744871","70","2026-09-23T09:30:30.245880","1","0.990864634513855","0.9968274235725403","0.11667107045650482","-1.2454533576965332","0.25831353664398193","OPEN","0.993846029043198"
"2026-09-23T09:30:15.744871","71","2026-09-23T09:30:30.418971","1","0.9928528666496277","0.9958990216255188","0.08193442225456238","-1.313961148262024","0.3882302939891815","OPEN","0.994375944137573"
"2026-09-23T09:30:15.744871","72","2026-09-23T09:30:30.599105","1","0.9928528666496277","0.9965211153030396","0.37317028641700745","-1.4490257501602173","0.20432668924331665","OPEN","0.994686990976334"
"2026-09-23T09:30:15.744871","73","2026-09-23T09:30:30.753272","1","0.9923635125160217","0.9965211153030396","0.7130751013755798","-1.1593356132507324","0.1333269476890564","OPEN","0.994442313909531"
"2026-09-23T09:30:15.744871","74","2026-09-23T09:30:30.940308","1","0.9923635125160217","0.9962117075920105","0.44955840706825256","-1.205933690071106","0.16611535847187042","OPEN","0.994287610054016"
"2026-09-23T09:30:15.744871","75","2026-09-23T09:30:31.073144","1","0.9938164353370667","0.9965211153030396","0.279422402381897","-1.422872543334961","0.1716194897890091","OPEN","0.995168775320053"
"2026-09-23T09:30:15.744871","76","2026-09-23T09:30:31.272091","1","0.9913694858551025","0.9968274235725403","0.3183240294456482","-1.2558386325836182","0.10182299464941025","OPEN","0.994098454713821"
"2026-09-23T09:30:15.744871","77","2026-09-23T09:30:31.433583","1","0.9877196550369263","0.9971305727958679","0.24169574677944183","-1.310766339302063","0.059088677167892456","OPEN","0.992425113916397"
"2026-09-23T09:30:15.744871","78","2026-09-23T09:30:31.590808","1","0.9928528666496277","0.9965211153030396","0.7496401071548462","-1.2392414808273315","-0.16233178973197937","OPEN","0.994686990976334"
"2026-09-23T09:30:15.744871","79","2026-09-23T09:30:31.756801","1","0.9928528666496277","0.9965211153030396","-0.0736001655459404","-1.0603177547454834","-0.0760970488190651","OPEN","0.994686990976334"
"2026-09-23T09:30:15.744871","80","2026-09-23T09:30:31.926380","1","0.9928528666496277","0.997727632522583","0.45896026492118835","-1.310489296913147","-0.04817933216691017","OPEN","0.995290249586105"
"2026-09-23T09:30:15.744871","81","2026-09-23T09:30:32.113619","1","0.990864634513855","0.9958990216255188","1.4191293716430664","-0.9766162633895874","-0.005034183617681265","OPEN","0.993381828069687"
"2026-09-23T09:30:15.744871","82","2026-09-23T09:30:32.279845","1","0.9913694858551025","0.9968274235725403","1.3185229301452637","-1.284736156463623","-0.1836073398590088","OPEN","0.994098454713821"
"2026-09-23T09:30:15.744871","83","2026-09-23T09:30:32.432646","1","0.9942908883094788","0.9965211153030396","0.3229084610939026","-1.427284598350525","-0.4481746256351471","OPEN","0.995406001806259"
"2026-09-23T09:30:15.744871","84","2026-09-23T09:30:32.610402","1","0.9913694858551025","0.9962117075920105","-0.30112403631210327","-0.8123103976249695","-0.23780466616153717","OPEN","0.993790596723557"
"2026-09-23T09:30:15.744871","85","2026-09-23T09:30:32.801111","1","0.9918690919876099","0.994285523891449","1.2690997123718262","-0.9067431092262268","-0.4871159791946411","OPEN","0.993077307939529"
"2026-09-23T09:30:15.744871","86","2026-09-23T09:30:32.977297","1","0.9918690919876099","0.9949411749839783","0.332570880651474","-1.2696996927261353","-0.35274606943130493","OPEN","0.993405133485794"
"2026-09-23T09:30:15.744871","87","2026-09-23T09:30:33.136136","1","0.9918690919876099","0.9955831170082092","0.4901277720928192","-1.207965612411499","-0.26333653926849365","OPEN","0.99372610449791"
"2026-09-23T09:30:15.744871","88","2026-09-23T09:30:33.276331","1","0.9928528666496277","0.9958990216255188","0.9043978452682495","-1.322573184967041","-0.39961209893226624","OPEN","0.994375944137573"
"2026-09-23T09:30:15.744871","89","2026-09-23T09:30:33.473132","1","0.9928528666496277","0.9952638149261475","0.4713902175426483","-0.8660082817077637","-0.5557922720909119","OPEN","0.994058340787888"
"2026-09-23T09:30:15.744871","90","2026-09-23T09:30:33.633817","1","0.9933371543884277","0.994285523891449","0.6838791966438293","-0.9554963707923889","-0.3645170032978058","OPEN","0.993811339139938"
"2026-09-23T09:30:15.744871","91","2026-09-23T09:30:33.781257","1","0.9947605133056641","0.9949411749839783","0.8251984119415283","-1.2137970924377441","-0.3599223792552948","OPEN","0.994850844144821"
"2026-09-23T09:30:15.744871","92","2026-09-23T09:30:33.939574","1","0.9918690919876099","0.9949411749839783","0.6555423140525818","-1.4955390691757202","-0.24797208607196808","OPEN","0.993405133485794"
"2026-09-23T09:30:15.744871","93","2026-09-23T09:30:34.088577","1","0.9942908883094788","0.9958990216255188","0.9973683953285217","-0.8069942593574524","-0.6602147221565247","OPEN","0.995094954967499"
"2026-09-23T09:30:15.744871","94","2026-09-23T09:30:34.248331","1","0.9942908883094788","0.9955831170082092","0.6847147941589355","-1.223003625869751","-0.3694133162498474","OPEN","0.994937002658844"
"2026-09-23T09:30:15.744871","95","2026-09-23T09:30:34.413809","1","0.9928528666496277","0.9955831170082092","0.5904770493507385","-1.3302171230316162","-0.21771574020385742","OPEN","0.994217991828918"
"2026-09-23T09:30:15.744871","96","2026-09-23T09:30:34.589181","1","0.9928528666496277","0.9952638149261475","0.8570789098739624","-1.0509535074234009","-0.2479429692029953","OPEN","0.994058340787888"
"2026-09-23T09:30:15.744871","97","2026-09-23T09:30:34.739353","1","0.9938164353370667","0.994285523891449","0.9993083477020264","-0.8082342147827148","-0.47244301438331604","OPEN","0.994050979614258"
"2026-09-23T09:30:15.744871","98","2026-09-23T09:30:34.892378","1","0.9913694858551025","0.9965211153030396","0.43461230397224426","-0.9242115616798401","-0.2715705931186676","OPEN","0.993945300579071"
"2026-09-23T09:30:15.744871","99","2026-09-23T09:30:35.082291","1","0.9938164353370667","0.9968274235725403","0.5103831887245178","-1.1026768684387207","-0.4233364462852478","OPEN","0.995321929454803"
"2026-09-23T09:30:15.744871","100","2026-09-23T09:30:35.239232","1","0.9928528666496277","0.9955831170082092","2.2726895809173584","-0.6495150923728943","-0.5911287069320679","OPEN","0.994217991828918"
"2026-09-23T09:30:15.744871","101","2026-09-23T09:30:35.382499","1","0.9887905716896057","0.994285523891449","1.2720770835876465","-0.48594537377357483","-0.3830035626888275","OPEN","0.991538047790527"
"2026-09-23T09:30:15.744871","102","2026-09-23T09:30:35.559522","1","0.9918690919876099","0.9955831170082092","0.727348268032074","-0.5477200746536255","-0.6422831416130066","OPEN","0.99372610449791"
"2026-09-23T09:30:15.744871","103","2026-09-23T09:30:35.737658","1","0.9942908883094788","0.9968274235725403","0.9345109462738037","-0.4314902722835541","-0.8189118504524231","OPEN","0.99555915594101"
"2026-09-23T09:30:15.744871","104","2026-09-23T09:30:35.917271","1","0.9947605133056641","0.9958990216255188","1.0345021486282349","-0.24383124709129333","-0.8601642847061157","OPEN","0.995329767465591"
"2026-09-23T09:30:15.744871","105","2026-09-23T09:30:36.115076","1","0.9933371543884277","0.9946150779724121","1.0241546630859375","-0.4271356463432312","-0.32209208607673645","OPEN","0.99397611618042"
"2026-09-23T09:30:15.744871","106","2026-09-23T09:30:36.283677","1","0.9928528666496277","0.9958990216255188","1.3565046787261963","-0.3919340968132019","-0.3478440046310425","OPEN","0.994375944137573"
"2026-09-23T09:30:15.744871","107","2026-09-23T09:30:36.419826","1","0.9928528666496277","0.9952638149261475","0.419698566198349","-0.5306364297866821","-0.47066420316696167","OPEN","0.994058340787888"
"2026-09-23T09:30:15.744871","108","2026-09-23T09:30:36.600966","1","0.9923635125160217","0.9965211153030396","1.1419310569763184","-0.24698427319526672","-0.721451997756958","OPEN","0.994442313909531"
"2026-09-23T09:30:15.744871","109","2026-09-23T09:30:36.757800","1","0.9942908883094788","0.9936156272888184","0.9043496251106262","-0.8358967900276184","-0.8260847926139832","OPEN","0.993953257799149"
"2026-09-23T09:30:15.744871","110","2026-09-23T09:30:36.908123","1","0.9903543591499329","0.9958990216255188","0.6708855628967285","-0.7338206171989441","-0.6609986424446106","OPEN","0.993126690387726"
"2026-09-23T09:30:15.744871","111","2026-09-23T09:30:37.063281","1","0.9938164353370667","0.9958990216255188","0.3286711275577545","-1.0394716262817383","-0.5279969573020935","OPEN","0.994857728481293"
"2026-09-23T09:30:15.744871","112","2026-09-23T09:30:37.254638","1","0.9952254295349121","0.9962117075920105","1.197185754776001","-0.51103276014328","-0.9194906949996948","OPEN","0.995718568563461"
"2026-09-23T09:30:15.744871","113","2026-09-23T09:30:37.436506","1","0.9938164353370667","0.9952638149261475","1.815043568611145","-0.6916308999061584","-0.819205641746521","OPEN","0.994540125131607"
"2026-09-23T09:30:15.744871","114","2026-09-23T09:30:37.613999","1","0.9928528666496277","0.9949411749839783","0.9253758192062378","-1.1668893098831177","-0.6241379380226135","OPEN","0.993897020816803"
"2026-09-23T09:30:15.744871","115","2026-09-23T09:30:37.770510","1","0.9938164353370667","0.9965211153030396","0.9351706504821777","-0.6974018216133118","-0.6579474210739136","OPEN","0.995168775320053"
"2026-09-23T09:30:15.744871","116","2026-09-23T09:30:37.943850","1","0.9938164353370667","0.994285523891449","0.5368788838386536","-1.1105929613113403","-0.4643687307834625","OPEN","0.994050979614258"
"2026-09-23T09:30:15.744871","117","2026-09-23T09:30:38.700777","1","0.004562854766845703","0.0026093721389770508","1.9974079132080078","-0.48612818121910095","-0.18735271692276","OPEN","0.00358611345291138"
"2026-09-23T09:30:59.714838","1","2026-09-23T09:31:01.729400","1","0.9856016635894775","0.9382040500640869","0.9305719137191772","-0.8787902593612671","2.118889331817627","OPEN","0.961902856826782"
"2026-09-23T09:30:59.714838","2","2026-09-23T09:31:02.034112","1","0.9882580041885376","0.994285523891449","5.031137943267822","-0.9167875647544861","2.1925370693206787","OPEN","0.991271764039993"
"2026-09-23T09:30:59.714838","3","2026-09-23T09:31:02.250899","1","0.9928528666496277","0.9965211153030396","3.4242348670959473","-1.409645915031433","2.8973398208618164","OPEN","0.994686990976334"
"2026-09-23T09:30:59.714838","4","2026-09-23T09:31:02.502522","1","0.9938164353370667","0.9968274235725403","3.3268589973449707","-1.353235125541687","2.9005513191223145","OPEN","0.995321929454803"
"2026-09-23T09:30:59.714838","5","2026-09-23T09:31:02.677426","1","0.9918690919876099","0.9958990216255188","2.712042808532715","-1.4966143369674683","2.750256299972534","OPEN","0.993884056806564"
"2026-09-23T09:30:59.714838","6","2026-09-23T09:31:02.868809","1","0.9952254295349121","0.9968274235725403","3.4905359745025635","-1.5340263843536377","2.4639084339141846","OPEN","0.996026426553726"
"2026-09-23T09:30:59.714838","7","2026-09-23T09:31:03.082826","1","0.9942908883094788","0.9958990216255188","3.1218926906585693","-1.409106731414795","2.3562231063842773","OPEN","0.995094954967499"
"2026-09-23T09:30:59.714838","8","2026-09-23T09:31:03.274360","1","0.9938164353370667","0.9971305727958679","2.8071224689483643","-1.1337648630142212","2.4967989921569824","OPEN","0.995473504066467"
"2026-09-23T09:30:59.714838","9","2026-09-23T09:31:03.431075","1","0.9942908883094788","0.998312771320343","2.463876485824585","-1.5784766674041748","2.348670721054077","OPEN","0.996301829814911"
"2026-09-23T09:30:59.714838","10","2026-09-23T09:31:03.630069","1","0.9947605133056641","0.9965211153030396","2.5575673580169678","-1.6546992063522339","1.7465790510177612","OPEN","0.995640814304352"
"2026-09-23T09:30:59.714838","11","2026-09-23T09:31:03.791534","1","0.9933371543884277","0.9965211153030396","2.847771644592285","-1.6683071851730347","0.830179750919342","OPEN","0.994929134845734"
"2026-09-23T09:30:59.714838","12","2026-09-23T09:31:03.975730","1","0.9928528666496277","0.9958990216255188","4.534209728240967","-2.5475573539733887","-0.4254080653190613","OPEN","0.994375944137573"
"2026-09-23T09:30:59.714838","13","2026-09-23T09:31:04.120113","1","0.990864634513855","0.9971305727958679","4.325770854949951","-2.8174028396606445","-0.8556597828865051","OPEN","0.993997603654861"
"2026-09-23T09:30:59.714838","14","2026-09-23T09:31:04.286912","1","0.9918690919876099","0.9968274235725403","4.105856895446777","-2.758044481277466","-0.9651627540588379","OPEN","0.994348257780075"
"2026-09-23T09:30:59.714838","15","2026-09-23T09:31:04.477625","1","0.9923635125160217","0.9971305727958679","5.7977094650268555","-1.776045322418213","-0.7119073867797852","OPEN","0.994747042655945"
"2026-09-23T09:30:59.714838","16","2026-09-23T09:31:04.627941","1","0.9933371543884277","0.9958990216255188","4.036672592163086","-2.0657715797424316","-0.5434738397598267","OPEN","0.994618088006973"
"2026-09-23T09:30:59.714838","17","2026-09-23T09:31:04.787127","1","0.9928528666496277","0.9962117075920105","3.0237104892730713","-1.765582799911499","-0.5968180298805237","OPEN","0.994532287120819"
"2026-09-23T09:30:59.714838","18","2026-09-23T09:31:04.968774","1","0.9893174171447754","0.9952638149261475","2.9600889682769775","-1.7103393077850342","-0.17551198601722717","OPEN","0.992290616035461"
"2026-09-23T09:30:59.714838","19","2026-09-23T09:31:05.136768","1","0.9913694858551025","0.9958990216255188","2.212517499923706","-2.220763683319092","-0.18188408017158508","OPEN","0.993634253740311"
"2026-09-23T09:30:59.714838","20","2026-09-23T09:31:05.304705","1","0.9903543591499329","0.9958990216255188","1.1979396343231201","-2.620954751968384","-0.23488086462020874","OPEN","0.993126690387726"
"2026-09-23T09:30:59.714838","21","2026-09-23T09:31:05.479917","1","0.9928528666496277","0.9952638149261475","1.6096487045288086","-2.4603466987609863","-0.22427473962306976","OPEN","0.994058340787888"
"2026-09-23T09:30:59.714838","22","2026-09-23T09:31:05.613643","1","0.9903543591499329","0.9955831170082092","2.0331473350524902","-1.8871957063674927","-0.6278610825538635","OPEN","0.992968738079071"
"2026-09-23T09:30:59.714838","23","2026-09-23T09:31:05.771749","1","0.9928528666496277","0.9962117075920105","1.7633272409439087","-2.1957316398620605","-0.3617391586303711","OPEN","0.994532287120819"
"2026-09-23T09:30:59.714838","24","2026-09-23T09:31:05.906423","1","0.9887905716896057","0.994285523891449","1.6666064262390137","-2.0559117794036865","-0.3364837169647217","OPEN","0.991538047790527"
"2026-09-23T09:30:59.714838","25","2026-09-23T09:31:06.051324","1","0.9938164353370667","0.994285523891449","1.5494133234024048","-1.660370945930481","-0.6465089321136475","OPEN","0.994050979614258"
"2026-09-23T09:30:59.714838","26","2026-09-23T09:31:06.193483","1","0.9918690919876099","0.9958990216255188","1.0105948448181152","-1.929192304611206","-0.43765366077423096","OPEN","0.993884056806564"
"2026-09-23T09:30:59.714838","27","2026-09-23T09:31:06.329823","1","0.9903543591499329","0.994285523891449","1.1729073524475098","-1.8331725597381592","-0.46455273032188416","OPEN","0.992319941520691"
"2026-09-23T09:30:59.714838","28","2026-09-23T09:31:06.504459","1","0.9923635125160217","0.9962117075920105","2.2296106815338135","-1.766585111618042","-0.5557214617729187","OPEN","0.994287610054016"
"2026-09-23T09:30:59.714838","29","2026-09-23T09:31:06.720390","1","0.9928528666496277","0.9939523935317993","1.918218731880188","-1.5947339534759521","0.13872678577899933","OPEN","0.993402630090714"
"2026-09-23T09:30:59.714838","30","2026-09-23T09:31:06.865974","1","0.9898386597633362","0.994285523891449","2.0341379642486572","-0.8772962093353271","1.1948742866516113","OPEN","0.992062091827393"
"2026-09-23T09:30:59.714838","31","2026-09-23T09:31:07.029023","1","0.9938164353370667","0.994285523891449","2.123274564743042","-1.14919912815094","-0.6990283727645874","OPEN","0.994050979614258"
"2026-09-23T09:30:59.714838","32","2026-09-23T09:31:07.185978","1","0.9938164353370667","0.9952638149261475","0.841920793056488","-1.8721575736999512","0.9159271717071533","OPEN","0.994540125131607"
"2026-09-23T09:30:59.714838","33","2026-09-23T09:31:07.353737","1","0.9918690919876099","0.9932752251625061","0.5182094573974609","-2.1395955085754395","2.5243046283721924","OPEN","0.992572158575058"
"2026-09-23T09:30:59.714838","34","2026-09-23T09:31:07.501750","1","0.9918690919876099","0.9949411749839783","0.08831261098384857","-2.9523377418518066","2.0331170558929443","OPEN","0.993405133485794"
"2026-09-23T09:30:59.714838","35","2026-09-23T09:31:07.671885","1","0.9938164353370667","0.994285523891449","0.27946436405181885","-3.093848466873169","2.650686025619507","OPEN","0.994050979614258"
"2026-09-23T09:30:59.714838","36","2026-09-23T09:31:07.832517","1","0.9942908883094788","0.9925832152366638","-0.5047950744628906","-2.439453125","1.2022910118103027","OPEN","0.993437051773071"
"2026-09-23T09:30:59.714838","37","2026-09-23T09:31:08.007693","1","0.9933371543884277","0.9952638149261475","0.11121241003274918","-2.7792718410491943","0.8622813820838928","OPEN","0.994300484657288"
"2026-09-23T09:30:59.714838","38","2026-09-23T09:31:08.196634","1","0.990864634513855","0.9955831170082092","0.2444358468055725","-3.115647554397583","0.07906683534383774","OPEN","0.993223875761032"
"2026-09-23T09:30:59.714838","39","2026-09-23T09:31:08.386409","1","0.9928528666496277","0.9922314882278442","-0.03878285363316536","-2.148517370223999","0.005223481450229883","OPEN","0.992542177438736"
"2026-09-23T09:30:59.714838","40","2026-09-23T09:31:08.555652","1","0.990864634513855","0.9911525249481201","-2.5514941215515137","-0.9701793789863586","3.463885545730591","OPEN","0.991008579730988"
"2026-09-23T09:30:59.714838","41","2026-09-23T09:31:08.722796","1","0.9938164353370667","0.9932752251625061","-3.0485029220581055","-0.5961883068084717","-0.08545807749032974","OPEN","0.993545830249786"
"2026-09-23T09:30:59.714838","42","2026-09-23T09:31:08.869693","1","0.9913694858551025","0.9911525249481201","-3.4769394397735596","-0.6743856072425842","-2.357727289199829","OPEN","0.991261005401611"
"2026-09-23T09:30:59.714838","43","2026-09-23T09:31:09.066803","1","0.9938164353370667","0.9892709851264954","-2.9671273231506348","-1.6852918863296509","-1.042941689491272","OPEN","0.991543710231781"
"2026-09-23T09:30:59.714838","44","2026-09-23T09:31:09.219109","1","0.9918690919876099","0.9369730353355408","-4.70346212387085","-0.7541330456733704","-1.4320344924926758","OPEN","0.964421063661575"
"2026-09-23T09:30:59.714838","45","2026-09-23T09:31:09.400585","1","0.9913694858551025","0.9065451622009277","-3.6911163330078125","-0.27256956696510315","-1.7963950634002686","OPEN","0.948957324028015"
"2026-09-23T09:30:59.714838","46","2026-09-23T09:31:09.562758","1","0.9928528666496277","0.9713870286941528","-5.121211528778076","0.19407695531845093","-1.843581199645996","OPEN","0.98211994767189"
"2026-09-23T09:30:59.714838","47","2026-09-23T09:31:09.723891","1","0.9887905716896057","0.9892709851264954","-4.113080024719238","-1.2340757846832275","-1.4122521877288818","OPEN","0.989030778408051"
"2026-09-23T09:30:59.714838","48","2026-09-23T09:31:09.882003","1","0.9933371543884277","0.9952638149261475","-4.364663124084473","0.5914283394813538","-1.3625932931900024","OPEN","0.994300484657288"
"2026-09-23T09:30:59.714838","49","2026-09-23T09:31:10.078618","1","0.9913694858551025","0.9988862872123718","-4.854316711425781","-0.9629328846931458","-1.1492996215820312","OPEN","0.995127886533737"
"2026-09-23T09:30:59.714838","50","2026-09-23T09:31:15.486757","1","0.9893174171447754","0.998600959777832","-6.755899429321289","-4.156773567199707","1.3101685047149658","OPEN","0.993959188461304"
"2026-09-23T09:30:59.714838","51","2026-09-23T09:31:15.674564","1","0.9942908883094788","0.9962117075920105","-4.276675224304199","-3.404287815093994","0.886957585811615","OPEN","0.995251297950745"
"2026-09-23T09:30:59.714838","52","2026-09-23T09:31:15.833381","1","0.9850823879241943","0.994285523891449","-3.1878843307495117","-3.6362693309783936","1.020711898803711","OPEN","0.989683955907822"
"2026-09-23T09:30:59.714838","53","2026-09-23T09:31:16.000530","1","0.9928528666496277","0.9958990216255188","-3.898885726928711","-3.6894876956939697","1.026538610458374","OPEN","0.994375944137573"
"2026-09-23T09:30:59.714838","54","2026-09-23T09:31:16.159217","1","0.9923635125160217","0.9958990216255188","-3.7382147312164307","-3.9277915954589844","1.0881540775299072","OPEN","0.99413126707077"
"2026-09-23T09:30:59.714838","55","2026-09-23T09:31:16.347044","1","0.9898386597633362","0.9952638149261475","-3.763936758041382","-4.031938552856445","0.9198307991027832","OPEN","0.992551237344742"
"2026-09-23T09:30:59.714838","56","2026-09-23T09:31:16.507152","1","0.9913694858551025","0.9946150779724121","-4.223161697387695","-3.533167839050293","0.6070119738578796","OPEN","0.992992281913757"
"2026-09-23T09:30:59.714838","57","2026-09-23T09:31:16.647128","1","0.9913694858551025","0.9958990216255188","-3.9444847106933594","-4.1476054191589355","1.0328547954559326","OPEN","0.993634253740311"
"2026-09-23T09:30:59.714838","58","2026-09-23T09:31:16.841506","1","0.9947605133056641","0.9965211153030396","-2.414400339126587","-4.767311096191406","0.9322217106819153","OPEN","0.995640814304352"
"2026-09-23T09:30:59.714838","59","2026-09-23T09:31:17.009962","1","0.9942908883094788","0.9955831170082092","-2.877788543701172","-4.87111759185791","1.2864537239074707","OPEN","0.994937002658844"
"2026-09-23T09:30:59.714838","60","2026-09-23T09:31:17.186925","1","0.9898386597633362","0.9955831170082092","-3.0398404598236084","-5.009724140167236","0.8280377388000488","OPEN","0.992710888385773"
"2026-09-23T09:30:59.714838","61","2026-09-23T09:31:17.321397","1","0.9868497848510742","0.9968274235725403","-3.0882270336151123","-5.1271820068359375","0.007288942579180002","OPEN","0.991838604211807"
"2026-09-23T09:30:59.714838","62","2026-09-23T09:31:17.517478","1","0.9938164353370667","0.9965211153030396","-3.279728412628174","-5.101255416870117","-0.13735812902450562","OPEN","0.995168775320053"
"2026-09-23T09:30:59.714838","63","2026-09-23T09:31:17.730656","1","0.9938164353370667","0.9965211153030396","-3.354123115539551","-5.54334020614624","-0.8579105734825134","OPEN","0.995168775320053"
"2026-09-23T09:30:59.714838","64","2026-09-23T09:31:17.892502","1","0.9913694858551025","0.9965211153030396","-3.4430060386657715","-5.892709732055664","-1.1715213060379028","OPEN","0.993945300579071"
"2026-09-23T09:30:59.714838","65","2026-09-23T09:31:18.079359","1","0.9863588809967041","0.9971305727958679","-3.4799575805664062","-6.009503364562988","-0.8712583780288696","OPEN","0.991744726896286"
"2026-09-23T09:30:59.714838","66","2026-09-23T09:31:18.243901","1","0.9918690919876099","0.9955831170082092","-3.7373251914978027","-5.582386016845703","-1.2289413213729858","OPEN","0.99372610449791"
"2026-09-23T09:30:59.714838","67","2026-09-23T09:31:18.412230","1","0.9928528666496277","0.9958990216255188","-3.5241987705230713","-5.907895565032959","-1.4698870182037354","OPEN","0.994375944137573"
"2026-09-23T09:30:59.714838","68","2026-09-23T09:31:18.616399","1","0.9938164353370667","0.9965211153030396","-3.485222816467285","-5.416827201843262","-1.313726782798767","OPEN","0.995168775320053"
"2026-09-23T09:30:59.714838","69","2026-09-23T09:31:18.765148","1","0.9863588809967041","0.9965211153030396","-3.4640955924987793","-6.4713945388793945","-1.5481599569320679","OPEN","0.991439998149872"
"2026-09-23T09:30:59.714838","70","2026-09-23T09:31:18.952158","1","0.9947605133056641","0.9929311275482178","-3.0276522636413574","-5.281206130981445","-1.402458906173706","OPEN","0.993845820426941"
"2026-09-23T09:30:59.714838","71","2026-09-23T09:31:19.124388","1","0.9942908883094788","0.9958990216255188","-3.12758207321167","-5.428232669830322","-0.9349145293235779","OPEN","0.995094954967499"
"2026-09-23T09:30:59.714838","72","2026-09-23T09:31:19.262666","1","0.9903543591499329","0.9958990216255188","-2.6845223903656006","-4.966714859008789","-0.8678441643714905","OPEN","0.993126690387726"
"2026-09-23T09:30:59.714838","73","2026-09-23T09:31:19.429950","1","0.9952254295349121","0.9958990216255188","-3.302530288696289","-4.701273441314697","-0.7922829985618591","OPEN","0.995562225580215"
"2026-09-23T09:30:59.714838","74","2026-09-23T09:31:19.610195","1","0.9952254295349121","0.9974306225776672","-3.738452434539795","-4.608345031738281","-0.4190482199192047","OPEN","0.99632802605629"
"2026-09-23T09:30:59.714838","75","2026-09-23T09:31:19.770568","1","0.9956856369972229","0.9958990216255188","-3.1509106159210205","-5.80743408203125","0.04988468810915947","OPEN","0.995792329311371"
"2026-09-23T09:30:59.714838","76","2026-09-23T09:31:19.938742","1","0.9913694858551025","0.9949411749839783","-1.8204997777938843","-5.890237808227539","0.14277084171772003","OPEN","0.99315533041954"
"2026-09-23T09:30:59.714838","77","2026-09-23T09:31:20.120203","1","0.9942908883094788","0.9958990216255188","-2.162980079650879","-5.026914119720459","-0.3097156882286072","OPEN","0.995094954967499"
"2026-09-23T09:30:59.714838","78","2026-09-23T09:31:20.283134","1","0.9877196550369263","0.9952638149261475","-1.6439224481582642","-4.748162746429443","-0.019471310079097748","OPEN","0.991491734981537"
"2026-09-23T09:30:59.714838","79","2026-09-23T09:31:20.427081","1","0.9938164353370667","0.9965211153030396","-1.820397973060608","-4.630207061767578","-0.42424657940864563","OPEN","0.995168775320053"
"2026-09-23T09:30:59.714838","80","2026-09-23T09:31:20.588537","1","0.9893174171447754","0.994285523891449","-2.3794760704040527","-4.744462013244629","-0.4364897906780243","OPEN","0.991801470518112"
"2026-09-23T09:30:59.714838","81","2026-09-23T09:31:20.767966","1","0.9928528666496277","0.9952638149261475","-2.7129106521606445","-5.322450637817383","-0.5220515727996826","OPEN","0.994058340787888"
"2026-09-23T09:30:59.714838","82","2026-09-23T09:31:20.908694","1","0.9942908883094788","0.994285523891449","-2.036245584487915","-4.935917854309082","-0.3672116696834564","OPEN","0.994288206100464"
"2026-09-23T09:30:59.714838","83","2026-09-23T09:31:21.059483","1","0.9942908883094788","0.9955831170082092","-1.7908155918121338","-5.2041425704956055","-0.7815614938735962","OPEN","0.994937002658844"
"2026-09-23T09:30:59.714838","84","2026-09-23T09:31:21.252252","1","0.9918690919876099","0.9952638149261475","-2.605499029159546","-5.321415901184082","-0.9941374659538269","OPEN","0.993566453456879"
"2026-09-23T09:30:59.714838","85","2026-09-23T09:31:21.413053","1","0.9918690919876099","0.9952638149261475","-2.516205072402954","-5.399484157562256","-1.0051122903823853","OPEN","0.993566453456879"
"2026-09-23T09:30:59.714838","86","2026-09-23T09:31:21.574943","1","0.9903543591499329","0.9958990216255188","-1.4283474683761597","-4.7654876708984375","0.5501436591148376","OPEN","0.993126690387726"
"2026-09-23T09:30:59.714838","87","2026-09-23T09:31:21.754098","1","0.9923635125160217","0.9965211153030396","-0.4929526746273041","-5.720643997192383","0.728419840335846","OPEN","0.994442313909531"
"2026-09-23T09:30:59.714838","88","2026-09-23T09:31:21.913173","1","0.9918690919876099","0.9965211153030396","-1.535862684249878","-5.989377498626709","-0.21446534991264343","OPEN","0.994195103645325"
"2026-09-23T09:30:59.714838","89","2026-09-23T09:31:22.074458","1","0.9947605133056641","0.9939523935317993","-0.6102745532989502","-5.603813171386719","-0.79067462682724","OPEN","0.994356453418732"
"2026-09-23T09:30:59.714838","90","2026-09-23T09:31:22.228400","1","0.9938164353370667","0.9965211153030396","-1.931322455406189","-5.898242473602295","-0.49212223291397095","OPEN","0.995168775320053"
"2026-09-23T09:30:59.714838","91","2026-09-23T09:31:22.362510","1","0.9947605133056641","0.9955831170082092","-1.5892225503921509","-5.394749641418457","-0.6473275423049927","OPEN","0.995171815156937"
"2026-09-23T09:30:59.714838","92","2026-09-23T09:31:22.534909","1","0.9928528666496277","0.9962117075920105","-1.1435233354568481","-5.301222801208496","-0.6986087560653687","OPEN","0.994532287120819"
"2026-09-23T09:30:59.714838","93","2026-09-23T09:31:22.694344","1","0.9928528666496277","0.9946150779724121","-1.470098853111267","-5.998961925506592","-0.4789803922176361","OPEN","0.99373397231102"
"2026-09-23T09:30:59.714838","94","2026-09-23T09:31:22.875522","1","0.9898386597633362","0.9929311275482178","-1.719326138496399","-6.149757385253906","-0.5259702205657959","OPEN","0.991384893655777"
"2026-09-23T09:30:59.714838","95","2026-09-23T09:31:23.034703","1","0.9938164353370667","0.994285523891449","-1.8655776977539062","-5.084902763366699","-0.7545061707496643","OPEN","0.994050979614258"
"2026-09-23T09:30:59.714838","96","2026-09-23T09:31:23.199378","1","0.9923635125160217","0.9929311275482178","-2.250190496444702","-5.960616111755371","-0.7144098877906799","OPEN","0.99264732003212"
"2026-09-23T09:30:59.714838","97","2026-09-23T09:31:23.379558","1","0.9956856369972229","0.9965211153030396","-1.7587589025497437","-5.802559852600098","-0.42635536193847656","OPEN","0.996103376150131"
"2026-09-23T09:30:59.714838","98","2026-09-23T09:31:23.532704","1","0.9947605133056641","0.9974306225776672","-1.422378659248352","-5.914413928985596","-0.4206039607524872","OPEN","0.996095567941666"
"2026-09-23T09:30:59.714838","99","2026-09-23T09:31:23.702900","1","0.9970390796661377","0.9958990216255188","-1.5826244354248047","-5.682632923126221","-0.5832169651985168","OPEN","0.996469050645828"
"2026-09-23T09:30:59.714838","100","2026-09-23T09:31:23.843388","1","0.9861093163490295","0.994285523891449","-0.6292886137962341","-6.012217044830322","-0.6312102675437927","OPEN","0.990197420120239"
"2026-09-23T09:30:59.714838","101","2026-09-23T09:31:24.044064","1","0.9887905716896057","0.9955831170082092","-0.5154372453689575","-6.0996174812316895","-0.5832841396331787","OPEN","0.992186844348907"
"2026-09-23T09:30:59.714838","102","2026-09-23T09:31:24.205216","1","0.9913694858551025","0.9925832152366638","-0.9007035493850708","-6.030036449432373","-0.5939401984214783","OPEN","0.991976350545883"
"2026-09-23T09:30:59.714838","103","2026-09-23T09:31:24.370803","1","0.9903543591499329","0.9896559715270996","-1.2704107761383057","-5.834563255310059","-0.25257471203804016","OPEN","0.990005165338516"
"2026-09-23T09:30:59.714838","104","2026-09-23T09:31:24.557919","1","0.9887905716896057","0.9939523935317993","-2.279576063156128","-5.8756103515625","-0.4116346836090088","OPEN","0.991371482610703"
"2026-09-23T09:30:59.714838","105","2026-09-23T09:31:24.732233","1","0.9933371543884277","0.9936156272888184","-1.1395721435546875","-5.5816802978515625","-0.27391743659973145","OPEN","0.993476390838623"
"2026-09-23T09:30:59.714838","106","2026-09-23T09:31:24.876390","1","0.9928528666496277","0.9939523935317993","-1.089091420173645","-6.081861972808838","-0.225300133228302","OPEN","0.993402630090714"
"2026-09-23T09:30:59.714838","107","2026-09-23T09:31:25.083613","1","0.9942908883094788","0.9958990216255188","-1.7241007089614868","-5.682669162750244","0.04019326716661453","OPEN","0.995094954967499"
"2026-09-23T09:30:59.714838","108","2026-09-23T09:31:25.246921","1","0.9918690919876099","0.9952638149261475","-1.4924331903457642","-5.984489440917969","0.07237540185451508","OPEN","0.993566453456879"
"2026-09-23T09:30:59.714838","109","2026-09-23T09:31:25.433520","1","0.9938164353370667","0.994285523891449","-2.0421390533447266","-5.257320880889893","-0.3388059139251709","OPEN","0.994050979614258"
"2026-09-23T09:30:59.714838","110","2026-09-23T09:31:25.583513","1","0.9898386597633362","0.994285523891449","-1.9873656034469604","-5.642397403717041","-0.2223537266254425","OPEN","0.992062091827393"
"2026-09-23T09:30:59.714838","111","2026-09-23T09:31:25.765095","1","0.990864634513855","0.9965211153030396","-2.3112597465515137","-5.1752095222473145","-0.18329598009586334","OPEN","0.993692874908447"
"2026-09-23T09:30:59.714838","112","2026-09-23T09:31:25.930869","1","0.9938164353370667","0.9968274235725403","-2.1902942657470703","-5.788566589355469","-0.0070640225894749165","OPEN","0.995321929454803"
"2026-09-23T09:30:59.714838","113","2026-09-23T09:31:26.100649","1","0.9840072393417358","0.9939523935317993","-1.885819673538208","-5.957732200622559","-0.3226707875728607","OPEN","0.988979816436768"
"2026-09-23T09:30:59.714838","114","2026-09-23T09:31:26.263743","1","0.9918690919876099","0.9929311275482178","-2.057527780532837","-5.927987575531006","-0.4477655589580536","OPEN","0.992400109767914"
"2026-09-23T09:30:59.714838","115","2026-09-23T09:31:26.424066","1","0.9877196550369263","0.9376009702682495","-2.1507859230041504","-6.06760311126709","-0.1875503957271576","OPEN","0.962660312652588"
"2026-09-23T09:30:59.714838","116","2026-09-23T09:31:26.581542","1","0.9863588809967041","0.9209686517715454","-1.675674319267273","-5.989291191101074","0.1262461096048355","OPEN","0.953663766384125"
"2026-09-23T09:30:59.714838","117","2026-09-23T09:31:26.750643","1","0.9887905716896057","0.9911525249481201","-2.9587366580963135","-6.189642906188965","-0.6186789870262146","OPEN","0.989971548318863"
"2026-09-23T09:30:59.714838","118","2026-09-23T09:31:26.933554","1","0.9938164353370667","0.994285523891449","-2.6327738761901855","-5.600887775421143","-0.5892095565795898","OPEN","0.994050979614258"
"2026-09-23T09:30:59.714838","119","2026-09-23T09:31:27.107035","1","0.9933371543884277","0.9949411749839783","-2.5152649879455566","-5.817680358886719","-0.26378417015075684","OPEN","0.994139164686203"
"2026-09-23T09:30:59.714838","120","2026-09-23T09:31:27.255425","1","0.9928528666496277","0.9936156272888184","-2.7302000522613525","-5.833240032196045","-0.15148141980171204","OPEN","0.993234246969223"
"2026-09-23T09:30:59.714838","121","2026-09-23T09:31:27.415510","1","0.9928528666496277","0.994285523891449","-4.19759464263916","-5.3527607917785645","0.5286074876785278","OPEN","0.993569195270538"
"2026-09-23T09:30:59.714838","122","2026-09-23T09:31:27.580176","1","0.9947605133056641","0.9955831170082092","-3.3196768760681152","-5.096085071563721","0.4512811005115509","OPEN","0.995171815156937"
"2026-09-23T09:30:59.714838","123","2026-09-23T09:31:27.756226","1","0.9918690919876099","0.9922314882278442","-3.4397330284118652","-6.0309553146362305","0.15571600198745728","OPEN","0.992050290107727"
"2026-09-23T09:30:59.714838","124","2026-09-23T09:31:27.913004","1","0.9913694858551025","0.9925832152366638","-3.784053325653076","-6.2622528076171875","0.3188911974430084","OPEN","0.991976350545883"
"2026-09-23T09:30:59.714838","125","2026-09-23T09:31:28.071062","1","0.9933371543884277","0.9929311275482178","-3.9801833629608154","-5.569896697998047","0.17550130188465118","OPEN","0.993134140968323"
"2026-09-23T09:30:59.714838","126","2026-09-23T09:31:28.237870","1","0.9933371543884277","0.9932752251625061","-4.164121150970459","-5.285727024078369","0.10789256542921066","OPEN","0.993306189775467"
"2026-09-23T09:30:59.714838","127","2026-09-23T09:31:28.378186","1","0.9947605133056641","0.9958990216255188","-3.850088119506836","-5.768192291259766","0.30248504877090454","OPEN","0.995329767465591"
"2026-09-23T09:30:59.714838","128","2026-09-23T09:31:28.523005","1","0.9979193210601807","0.9974306225776672","-3.6104166507720947","-5.29721736907959","0.6064316034317017","OPEN","0.997674971818924"
"2026-09-23T09:30:59.714838","129","2026-09-23T09:31:28.681469","1","0.9983530044555664","0.9958990216255188","-3.5199639797210693","-5.573188304901123","0.6172817349433899","OPEN","0.997126013040543"
"2026-09-23T09:30:59.714838","130","2026-09-23T09:31:28.868681","1","0.9961413145065308","0.99802166223526","-2.7349512577056885","-5.2786383628845215","0.33349424600601196","OPEN","0.997081488370895"
"2026-09-23T09:30:59.714838","131","2026-09-23T09:31:29.041346","1","0.9974813461303711","0.9974306225776672","-2.957714557647705","-6.450477600097656","0.17904497683048248","OPEN","0.997455984354019"
"2026-09-23T09:30:59.714838","132","2026-09-23T09:31:29.199983","1","0.9947605133056641","0.9911525249481201","-2.540377140045166","-7.316617488861084","0.05288591980934143","OPEN","0.992956519126892"
"2026-09-23T09:30:59.714838","133","2026-09-23T09:31:29.363514","1","0.9903543591499329","0.9884875416755676","-2.1872901916503906","-7.518664360046387","0.1781817376613617","OPEN","0.98942095041275"
"2026-09-23T09:30:59.714838","134","2026-09-23T09:31:29.550441","1","0.9933371543884277","0.9922314882278442","-2.2708661556243896","-6.761420249938965","-0.1076492965221405","OPEN","0.992784321308136"
"2026-09-23T09:30:59.714838","135","2026-09-23T09:31:29.702945","1","0.9918690919876099","0.9900364875793457","-1.3814455270767212","-6.3471903800964355","-0.7125017046928406","OPEN","0.990952789783478"
"2026-09-23T09:30:59.714838","136","2026-09-23T09:31:29.837078","1","0.9942908883094788","0.990412712097168","-1.5899817943572998","-6.597187519073486","-0.6210159063339233","OPEN","0.992351800203323"
"2026-09-23T09:30:59.714838","137","2026-09-23T09:31:30.004110","1","0.9956856369972229","0.9925832152366638","-1.1416460275650024","-5.628399848937988","-0.16318365931510925","OPEN","0.994134426116943"
"2026-09-23T09:30:59.714838","138","2026-09-23T09:31:30.172625","1","0.9961413145065308","0.9936156272888184","-1.6961137056350708","-5.444797039031982","-0.12370053678750992","OPEN","0.994878470897675"
"2026-09-23T09:30:59.714838","139","2026-09-23T09:31:30.318805","1","0.9956856369972229","0.994285523891449","-1.9036030769348145","-5.543765544891357","-0.2014027237892151","OPEN","0.994985580444336"
"2026-09-23T09:30:59.714838","140","2026-09-23T09:31:30.503070","1","0.9942908883094788","0.9915161728858948","-1.7437800168991089","-5.336926460266113","0.1691274344921112","OPEN","0.992903530597687"
"2026-09-23T09:30:59.714838","141","2026-09-23T09:31:30.706942","1","0.9938164353370667","0.9925832152366638","-0.6940875053405762","-5.770357131958008","-0.20003454387187958","OPEN","0.993199825286865"
"2026-09-23T09:30:59.714838","142","2026-09-23T09:31:30.898802","1","0.9947605133056641","0.9915161728858948","-1.4612226486206055","-5.586155414581299","0.18783418834209442","OPEN","0.993138343095779"
"2026-09-23T09:30:59.714838","143","2026-09-23T09:31:31.101846","1","0.9913694858551025","0.9929311275482178","-0.12447661906480789","-5.891162872314453","0.0979396179318428","OPEN","0.99215030670166"
"2026-09-23T09:30:59.714838","144","2026-09-23T09:31:31.229130","1","0.9837305545806885","0.9861172437667847","0.025819385424256325","-5.597698211669922","0.2107844203710556","OPEN","0.984923899173737"
"2026-09-23T09:30:59.714838","145","2026-09-23T09:31:31.409509","1","0.9510332942008972","0.9872773885726929","-0.23803068697452545","-5.609986782073975","0.1070970743894577","OPEN","0.969155341386795"
"2026-09-23T09:30:59.714838","146","2026-09-23T09:31:31.538656","1","0.9845510721206665","0.9834141135215759","0.1164962574839592","-5.5808844566345215","0.018741300329566002","OPEN","0.983982592821121"
"2026-09-23T09:30:59.714838","147","2026-09-23T09:31:31.669906","1","0.9537659883499146","0.9892709851264954","0.92493736743927","-5.605422019958496","0.12050613015890121","OPEN","0.971518486738205"
"2026-09-23T09:30:59.714838","148","2026-09-23T09:31:31.861077","1","0.9942908883094788","0.9936156272888184","-0.9108787775039673","-5.650362491607666","-0.15042296051979065","OPEN","0.993953257799149"
"2026-09-23T09:30:59.714838","149","2026-09-23T09:31:32.167039","1","0.9893174171447754","0.9911525249481201","-1.2941359281539917","-6.419863700866699","-0.3963376581668854","OPEN","0.990234971046448"
"2026-09-23T09:30:59.714838","150","2026-09-23T09:31:32.417416","1","0.9928528666496277","0.9841023683547974","-1.232775330543518","-6.402446746826172","-0.6796018481254578","OPEN","0.988477617502213"
"2026-09-23T09:30:59.714838","151","2026-09-23T09:31:32.680342","1","0.9933371543884277","0.9847822189331055","-1.6416305303573608","-6.306607723236084","-0.49086299538612366","OPEN","0.989059686660767"
"2026-09-23T09:30:59.714838","152","2026-09-23T09:31:33.028106","1","0.9933371543884277","0.994285523891449","-2.5578761100769043","-5.632653713226318","0.0010315619874745607","OPEN","0.993811339139938"
"2026-09-23T09:30:59.714838","153","2026-09-23T09:31:33.178174","1","0.9952254295349121","0.9929311275482178","-2.697026491165161","-5.716116905212402","0.07197849452495575","OPEN","0.994078278541565"
"2026-09-23T09:30:59.714838","154","2026-09-23T09:31:33.329700","1","0.9947605133056641","0.9929311275482178","-2.7821879386901855","-5.706884384155273","-0.34261876344680786","OPEN","0.993845820426941"
"2026-09-23T09:30:59.714838","155","2026-09-23T09:31:33.507601","1","0.9863588809967041","0.994285523891449","-0.44213640689849854","-5.494987964630127","-0.4221589267253876","OPEN","0.990322202444077"
"2026-09-23T09:30:59.714838","156","2026-09-23T09:31:33.766010","1","0.972050666809082","0.9952638149261475","0.016567230224609375","-5.4618754386901855","-0.5484363436698914","OPEN","0.983657240867615"
"2026-09-23T09:31:46.624581","1","2026-09-23T09:31:48.517290","1","0.27598196268081665","0.22126847505569458","4.590479373931885","-3.4798107147216797","1.7804756164550781","OPEN","0.248625218868256"
"2026-09-23T09:31:46.624581","2","2026-09-23T09:31:48.786588","1","0.001824796199798584","0.006523013114929199","4.883326530456543","-2.813894510269165","4.065606594085693","OPEN","0.00417390465736389"
"2026-09-23T09:31:46.624581","3","2026-09-23T09:31:48.971336","1","0.986605703830719","0.9932752251625061","1.826439380645752","-1.5304087400436401","1.8406983613967896","OPEN","0.989940464496613"
"2026-09-23T09:31:46.624581","4","2026-09-23T09:31:49.105317","1","0.9918690919876099","0.99802166223526","0.5528880953788757","-1.7999483346939087","1.7679595947265625","OPEN","0.994945377111435"
"2026-09-23T09:31:46.624581","5","2026-09-23T09:31:49.287311","1","0.9913694858551025","0.9946150779724121","-0.8209177851676941","-1.9142931699752808","1.864367961883545","OPEN","0.992992281913757"
"2026-09-23T09:31:46.624581","6","2026-09-23T09:31:49.478550","1","0.9508934020996094","0.9867727756500244","1.3598328828811646","-1.907798171043396","2.429555892944336","OPEN","0.968833088874817"
"2026-09-23T09:31:46.624581","7","2026-09-23T09:31:49.628065","1","0.9858568906784058","0.9929311275482178","0.8329092264175415","-1.203894853591919","2.424605131149292","OPEN","0.989394009113312"
"2026-09-23T09:31:46.624581","8","2026-09-23T09:31:49.808442","1","0.9842807650566101","0.9911525249481201","-0.26169371604919434","-1.9812707901000977","2.4364590644836426","OPEN","0.987716645002365"
"2026-09-23T09:31:46.624581","9","2026-09-23T09:31:49.987834","1","0.9850823879241943","0.9867727756500244","0.6881573796272278","-1.8228141069412231","2.4184906482696533","OPEN","0.985927581787109"
"2026-09-23T09:31:46.624581","10","2026-09-23T09:31:50.176977","1","0.986605703830719","0.9929311275482178","0.949658989906311","-2.037517547607422","2.6055855751037598","OPEN","0.989768415689468"
"2026-09-23T09:31:46.624581","11","2026-09-23T09:31:50.335289","1","0.9850823879241943","0.9867727756500244","1.5756423473358154","-1.2878222465515137","2.1799890995025635","OPEN","0.985927581787109"
"2026-09-23T09:31:46.624581","12","2026-09-23T09:31:50.492450","1","0.9871754050254822","0.9872773885726929","0.8194712400436401","-1.4021104574203491","2.1197667121887207","OPEN","0.987226396799088"
"2026-09-23T09:31:46.624581","13","2026-09-23T09:31:50.695865","1","0.9840072393417358","0.9872773885726929","0.269386351108551","-1.239026427268982","2.0457186698913574","OPEN","0.985642313957214"
"2026-09-23T09:31:46.624581","14","2026-09-23T09:31:50.831760","1","0.9868497848510742","0.9876855611801147","0.6535182595252991","-0.9977557063102722","1.8764328956604004","OPEN","0.987267673015594"
"2026-09-23T09:31:46.624581","15","2026-09-23T09:31:50.992029","1","0.9850823879241943","0.9884875416755676","0.44752973318099976","-1.0633196830749512","1.9432108402252197","OPEN","0.986784964799881"
"2026-09-23T09:31:46.624581","16","2026-09-23T09:31:51.139298","1","0.9903543591499329","0.9955831170082092","-0.4550939202308655","-0.816699206829071","1.7532877922058105","OPEN","0.992968738079071"
"2026-09-23T09:31:46.624581","17","2026-09-23T09:31:51.261978","1","0.9903543591499329","0.9946150779724121","-1.1345993280410767","-0.552966833114624","1.732748031616211","OPEN","0.992484718561172"
"2026-09-23T09:31:46.624581","18","2026-09-23T09:31:51.424081","1","0.9861093163490295","0.9958990216255188","-1.394070029258728","-0.5523356199264526","1.932083010673523","OPEN","0.991004168987274"
"2026-09-23T09:31:46.624581","19","2026-09-23T09:31:51.589371","1","0.060685038566589355","0.024098217487335205","-0.7009443640708923","-1.4340800046920776","1.8599796295166016","OPEN","0.0423916280269623"
"2026-09-23T09:31:46.624581","20","2026-09-23T09:31:51.759742","1","0.9933371543884277","0.9974306225776672","-1.5486904382705688","-1.1161587238311768","1.7330502271652222","OPEN","0.995383888483047"
"2026-09-23T09:31:46.624581","21","2026-09-23T09:31:51.918707","1","0.9938164353370667","0.9958990216255188","-2.109450340270996","-1.1331592798233032","1.548372745513916","OPEN","0.994857728481293"
"2026-09-23T09:31:46.624581","22","2026-09-23T09:31:52.103182","1","0.9923635125160217","0.9958990216255188","-2.8855185508728027","-1.1325081586837769","1.6660268306732178","OPEN","0.99413126707077"
"2026-09-23T09:31:46.624581","23","2026-09-23T09:31:52.251105","1","0.9918690919876099","0.9965211153030396","-2.2236194610595703","-1.0516464710235596","1.3858064413070679","OPEN","0.994195103645325"
"2026-09-23T09:31:46.624581","24","2026-09-23T09:31:52.395135","1","0.9918690919876099","0.9955831170082092","-3.229843854904175","-0.9190090894699097","1.6035923957824707","OPEN","0.99372610449791"
"2026-09-23T09:31:46.624581","25","2026-09-23T09:31:52.556164","1","0.9918690919876099","0.9946150779724121","-2.8335466384887695","-0.8169155716896057","1.609485387802124","OPEN","0.993242084980011"
"2026-09-23T09:31:46.624581","26","2026-09-23T09:31:52.719003","1","0.9898386597633362","0.9952638149261475","-2.8372011184692383","-0.5914273858070374","1.824641227722168","OPEN","0.992551237344742"
"2026-09-23T09:31:46.624581","27","2026-09-23T09:31:52.874457","1","0.9913694858551025","0.9965211153030396","-3.102280855178833","-1.133935809135437","2.0752317905426025","OPEN","0.993945300579071"
"2026-09-23T09:31:46.624581","28","2026-09-23T09:31:53.027857","1","0.9923635125160217","0.9946150779724121","-2.7412431240081787","-1.1701855659484863","1.8238605260849","OPEN","0.993489295244217"
"2026-09-23T09:31:46.624581","29","2026-09-23T09:31:53.166049","1","0.9918690919876099","0.9958990216255188","-2.8683459758758545","-0.9213432669639587","1.9062120914459229","OPEN","0.993884056806564"
"2026-09-23T09:31:46.624581","30","2026-09-23T09:31:53.347012","1","0.9938164353370667","0.9949411749839783","-2.4789063930511475","-0.6828822493553162","1.9078493118286133","OPEN","0.994378805160522"
"2026-09-23T09:31:46.624581","31","2026-09-23T09:31:53.481294","1","0.9942908883094788","0.9968274235725403","-2.307678461074829","-0.6984472274780273","1.770684838294983","OPEN","0.99555915594101"
"2026-09-23T09:31:46.624581","32","2026-09-23T09:31:53.630019","1","0.9938164353370667","0.9946150779724121","-2.223395586013794","-0.3826175034046173","1.953429937362671","OPEN","0.994215756654739"
"2026-09-23T09:31:46.624581","33","2026-09-23T09:31:53.815736","1","0.9947605133056641","0.9946150779724121","-2.608872175216675","-1.0572627782821655","1.9417005777359009","OPEN","0.994687795639038"
"2026-09-23T09:31:46.624581","34","2026-09-23T09:31:54.004061","1","0.9918690919876099","0.994285523891449","-1.8091139793395996","-0.6931574940681458","1.6665741205215454","OPEN","0.993077307939529"
"2026-09-23T09:31:46.624581","35","2026-09-23T09:31:54.206090","1","0.9947605133056641","0.9939523935317993","-2.204700231552124","-0.6602058410644531","1.7941279411315918","OPEN","0.994356453418732"
"2026-09-23T09:31:46.624581","36","2026-09-23T09:31:54.334452","1","0.9938164353370667","0.9932752251625061","-2.5614092350006104","-0.18553368747234344","1.9531396627426147","OPEN","0.993545830249786"
"2026-09-23T09:31:46.624581","37","2026-09-23T09:31:54.519362","1","0.9938164353370667","0.9932752251625061","-1.6101630926132202","0.18164730072021484","1.7915529012680054","OPEN","0.993545830249786"
"2026-09-23T09:31:46.624581","38","2026-09-23T09:31:54.699551","1","0.9918690919876099","0.9936156272888184","-1.6663168668746948","-0.6373785138130188","1.8660911321640015","OPEN","0.992742359638214"
"2026-09-23T09:31:46.624581","39","2026-09-23T09:31:54.861567","1","0.9923635125160217","0.994285523891449","-1.7971800565719604","-0.23615193367004395","1.7280232906341553","OPEN","0.993324518203735"
"2026-09-23T09:31:46.624581","40","2026-09-23T09:31:55.052804","1","0.9918690919876099","0.9915161728858948","-2.299828290939331","0.3288911283016205","1.2954092025756836","OPEN","0.991692632436752"
"2026-09-23T09:31:46.624581","41","2026-09-23T09:31:55.203010","1","0.9933371543884277","0.9958990216255188","-2.0102179050445557","0.520534098148346","1.2542648315429688","OPEN","0.994618088006973"
"2026-09-23T09:31:46.624581","42","2026-09-23T09:31:55.405320","1","0.9938164353370667","0.994285523891449","-1.4250270128250122","-0.22322173416614532","1.1894302368164062","OPEN","0.994050979614258"
"2026-09-23T09:31:46.624581","43","2026-09-23T09:31:55.565184","1","0.9923635125160217","0.9952638149261475","-0.9087731838226318","1.0031683444976807","0.5711128115653992","OPEN","0.993813663721085"
"2026-09-23T09:31:46.624581","44","2026-09-23T09:31:55.727450","1","0.9918690919876099","0.9952638149261475","-1.3682835102081299","1.4862762689590454","-0.12825189530849457","OPEN","0.993566453456879"
"2026-09-23T09:31:46.624581","45","2026-09-23T09:31:55.928092","1","0.990864634513855","0.9952638149261475","-1.329129695892334","0.7640703916549683","0.5728668570518494","OPEN","0.993064224720001"
"2026-09-23T09:31:46.624581","46","2026-09-23T09:31:56.059735","1","0.9903543591499329","0.9962117075920105","1.929580807685852","-0.47154998779296875","1.7304118871688843","OPEN","0.993283033370972"
"2026-09-23T09:31:46.624581","47","2026-09-23T09:31:56.224338","1","0.9938164353370667","0.9958990216255188","-0.35143354535102844","-0.49259600043296814","2.456949234008789","OPEN","0.994857728481293"
"2026-09-23T09:31:46.624581","48","2026-09-23T09:31:56.381996","1","0.9938164353370667","0.9965211153030396","0.4446643888950348","1.6392349004745483","0.5939074158668518","OPEN","0.995168775320053"
"2026-09-23T09:31:46.624581","49","2026-09-23T09:31:56.537727","1","0.9942908883094788","0.9952638149261475","-0.3828723132610321","4.274513244628906","-2.475177526473999","OPEN","0.994777351617813"
"2026-09-23T09:31:46.624581","50","2026-09-23T09:31:56.696414","1","0.9942908883094788","0.99802166223526","-0.03745858371257782","4.711435794830322","-3.3571460247039795","OPEN","0.996156275272369"
"2026-09-23T09:31:46.624581","51","2026-09-23T09:31:56.862182","1","0.03194314241409302","0.02456045150756836","1.3827515840530396","2.1730172634124756","-1.996268630027771","OPEN","0.0282517969608307"
"2026-09-23T09:31:46.624581","52","2026-09-23T09:31:57.060410","1","0.986605703830719","0.9884875416755676","-0.85866779088974","1.40480375289917","-1.3675049543380737","OPEN","0.987546622753143"
"2026-09-23T09:31:46.624581","53","2026-09-23T09:31:57.234011","1","0.9863588809967041","0.021787047386169434","-0.4096504747867584","1.4287480115890503","-1.5999350547790527","OPEN","0.504072964191437"
"2026-09-23T09:31:46.624581","54","2026-09-23T09:31:57.404357","1","0.9837305545806885","0.8650642037391663","0.7337985038757324","1.4272812604904175","-1.178802251815796","OPEN","0.924397379159927"
"2026-09-23T09:31:46.624581","55","2026-09-23T09:31:57.557643","1","0.9942908883094788","0.9968274235725403","-1.0911093950271606","0.6427929997444153","-0.12552523612976074","OPEN","0.99555915594101"
"2026-09-23T09:31:46.624581","56","2026-09-23T09:31:57.719900","1","0.9942908883094788","0.9962117075920105","-0.22717595100402832","0.439590722322464","0.09850922226905823","OPEN","0.995251297950745"
"2026-09-23T09:31:46.624581","57","2026-09-23T09:31:57.875469","1","0.9938164353370667","0.9968274235725403","-1.5208481550216675","0.10495322197675705","0.23365987837314606","OPEN","0.995321929454803"
"2026-09-23T09:31:46.624581","58","2026-09-23T09:31:58.035208","1","0.9938164353370667","0.9971305727958679","-0.6763527393341064","0.05227287858724594","0.16909414529800415","OPEN","0.995473504066467"
"2026-09-23T09:31:46.624581","59","2026-09-23T09:31:58.190676","1","0.9938164353370667","0.9962117075920105","-0.5935323238372803","0.027187064290046692","-0.32254043221473694","OPEN","0.995014071464539"
"2026-09-23T09:31:46.624581","60","2026-09-23T09:31:58.382617","1","0.9933371543884277","0.9958990216255188","-0.6403252482414246","0.5159364342689514","-0.5696218609809875","OPEN","0.994618088006973"
"2026-09-23T09:31:46.624581","61","2026-09-23T09:31:58.522800","1","0.9933371543884277","0.9952638149261475","-0.607904851436615","0.28297102451324463","-0.47798454761505127","OPEN","0.994300484657288"
"2026-09-23T09:31:46.624581","62","2026-09-23T09:31:58.704782","1","0.990864634513855","0.9958990216255188","-1.497789978981018","0.09697656333446503","-0.17964431643486023","OPEN","0.993381828069687"
"2026-09-23T09:31:46.624581","63","2026-09-23T09:31:58.882105","1","0.9918690919876099","0.9968274235725403","-1.6099262237548828","0.0005939156981185079","-0.13436494767665863","OPEN","0.994348257780075"
"2026-09-23T09:31:46.624581","64","2026-09-23T09:31:59.121405","1","0.9938164353370667","0.9968274235725403","-1.2901861667633057","-0.27250319719314575","0.9874978065490723","OPEN","0.995321929454803"
"2026-09-23T09:31:46.624581","65","2026-09-23T09:31:59.276742","1","0.9942908883094788","0.9958990216255188","-0.30804529786109924","-1.506321668624878","1.8725837469100952","OPEN","0.995094954967499"
"2026-09-23T09:31:46.624581","66","2026-09-23T09:31:59.448242","1","0.9942908883094788","0.9965211153030396","-0.8756321668624878","-1.0247386693954468","1.17845618724823","OPEN","0.995406001806259"
"2026-09-23T09:31:46.624581","67","2026-09-23T09:31:59.603373","1","0.9928528666496277","0.994285523891449","-1.2459132671356201","-0.5223931670188904","0.7802457809448242","OPEN","0.993569195270538"
"2026-09-23T09:31:46.624581","68","2026-09-23T09:31:59.790956","1","0.9938164353370667","0.9965211153030396","-2.141244649887085","-1.0543313026428223","-0.11861854791641235","OPEN","0.995168775320053"
"2026-09-23T09:31:46.624581","69","2026-09-23T09:32:00.004097","1","0.9923635125160217","0.994285523891449","-1.0894455909729004","-0.5070821642875671","-0.18342700600624084","OPEN","0.993324518203735"
"2026-09-23T09:31:46.624581","70","2026-09-23T09:32:00.169976","1","0.9918690919876099","0.994285523891449","-1.3701967000961304","-0.9311153888702393","-0.741044819355011","OPEN","0.993077307939529"
"2026-09-23T09:31:46.624581","71","2026-09-23T09:32:00.326996","1","0.9928528666496277","0.9952638149261475","-1.4242147207260132","-0.4296588897705078","-0.6345335245132446","OPEN","0.994058340787888"
"2026-09-23T09:31:46.624581","72","2026-09-23T09:32:00.482843","1","0.9918690919876099","0.9958990216255188","-0.7869806885719299","-0.5475870966911316","-0.7836663722991943","OPEN","0.993884056806564"
"2026-09-23T09:31:46.624581","73","2026-09-23T09:32:00.653551","1","0.9938164353370667","0.9952638149261475","-1.3788838386535645","-0.47165703773498535","-0.5288637280464172","OPEN","0.994540125131607"
"2026-09-23T09:31:46.624581","74","2026-09-23T09:32:00.806458","1","0.9928528666496277","0.9952638149261475","-1.0944476127624512","-0.8669324517250061","-0.7265051007270813","OPEN","0.994058340787888"
"2026-09-23T09:31:46.624581","75","2026-09-23T09:32:00.978130","1","0.9938164353370667","0.9952638149261475","-1.2543762922286987","-0.7617133855819702","-0.35705530643463135","OPEN","0.994540125131607"
"2026-09-23T09:31:46.624581","76","2026-09-23T09:32:01.162689","1","0.9923635125160217","0.9958990216255188","-1.7442649602890015","-0.47260624170303345","-0.2536352276802063","OPEN","0.99413126707077"
"2026-09-23T09:31:46.624581","77","2026-09-23T09:32:01.314317","1","0.9918690919876099","0.9952638149261475","-2.0965638160705566","-0.7211991548538208","-0.13481378555297852","OPEN","0.993566453456879"
"2026-09-23T09:31:46.624581","78","2026-09-23T09:32:01.482506","1","0.9938164353370667","0.994285523891449","-1.6917020082473755","-0.771695613861084","-0.28004658222198486","OPEN","0.994050979614258"
"2026-09-23T09:31:46.624581","79","2026-09-23T09:32:01.641868","1","0.9947605133056641","0.9955831170082092","-1.434288501739502","-0.4371005892753601","-0.145867258310318","OPEN","0.995171815156937"
"2026-09-23T09:31:46.624581","80","2026-09-23T09:32:01.771245","1","0.9938164353370667","0.9946150779724121","-1.7112153768539429","-0.5441738963127136","-0.42815467715263367","OPEN","0.994215756654739"
"2026-09-23T09:31:46.624581","81","2026-09-23T09:32:01.930131","1","0.9952254295349121","0.9952638149261475","-1.3204939365386963","-0.41510578989982605","-0.1910153329372406","OPEN","0.99524462223053"
"2026-09-23T09:31:46.624581","82","2026-09-23T09:32:02.094791","1","0.9933371543884277","0.9932752251625061","-1.456573247909546","-0.4707285165786743","-0.0982930064201355","OPEN","0.993306189775467"
"2026-09-23T09:31:46.624581","83","2026-09-23T09:32:02.263589","1","0.9928528666496277","0.9949411749839783","-1.2641074657440186","-0.4233368933200836","0.04984980821609497","OPEN","0.993897020816803"
"2026-09-23T09:31:46.624581","84","2026-09-23T09:32:02.444717","1","0.9947605133056641","0.9936156272888184","-1.4748966693878174","0.03039713203907013","-0.018139226362109184","OPEN","0.994188070297241"
"2026-09-23T09:31:46.624581","85","2026-09-23T09:32:02.588638","1","0.9928528666496277","0.9958990216255188","-1.6551491022109985","-0.3459678292274475","-0.45162954926490784","OPEN","0.994375944137573"
"2026-09-23T09:31:46.624581","86","2026-09-23T09:32:02.759391","1","0.9918690919876099","0.9965211153030396","-0.5024657845497131","-0.5848684310913086","-0.7110483646392822","OPEN","0.994195103645325"
"2026-09-23T09:31:46.624581","87","2026-09-23T09:32:02.913418","1","0.9952254295349121","0.9952638149261475","-1.652095079421997","-0.5039585828781128","-0.44400346279144287","OPEN","0.99524462223053"
"2026-09-23T09:31:46.624581","88","2026-09-23T09:32:03.082709","1","0.9938164353370667","0.9952638149261475","-1.7613766193389893","-0.7141421437263489","-0.7201812863349915","OPEN","0.994540125131607"
"2026-09-23T09:31:46.624581","89","2026-09-23T09:32:03.247074","1","0.9918690919876099","0.9946150779724121","-0.7622819542884827","-0.5022048950195312","-0.6263449788093567","OPEN","0.993242084980011"
"2026-09-23T09:31:46.624581","90","2026-09-23T09:32:03.408653","1","0.9928528666496277","0.9952638149261475","-0.9363545775413513","-0.5115706324577332","-0.7193382978439331","OPEN","0.994058340787888"
"2026-09-23T09:31:46.624581","91","2026-09-23T09:32:03.549509","1","0.9942908883094788","0.9946150779724121","-0.3575039207935333","-0.645858108997345","-0.48715412616729736","OPEN","0.994452983140945"
"2026-09-23T09:31:46.624581","92","2026-09-23T09:32:03.711967","1","0.9923635125160217","0.9955831170082092","-0.4607841670513153","-0.4963727593421936","-0.6513010263442993","OPEN","0.993973314762115"
"2026-09-23T09:31:46.624581","93","2026-09-23T09:32:03.886535","1","0.9942908883094788","0.9949411749839783","-0.5143586993217468","-0.3828660845756531","-0.30611956119537354","OPEN","0.994616031646729"
"2026-09-23T09:31:46.624581","94","2026-09-23T09:32:04.053281","1","0.9923635125160217","0.9952638149261475","-0.38007649779319763","-1.1964832544326782","-0.5022320747375488","OPEN","0.993813663721085"
"2026-09-23T09:31:46.624581","95","2026-09-23T09:32:04.183049","1","0.9942908883094788","0.998312771320343","1.5795173645019531","-0.08608491718769073","-0.6394202709197998","OPEN","0.996301829814911"
"2026-09-23T09:31:46.624581","96","2026-09-23T09:32:04.383880","1","0.9928528666496277","0.9952638149261475","-0.7615395188331604","-0.20687778294086456","-0.4426771402359009","OPEN","0.994058340787888"
"2026-09-23T09:31:46.624581","97","2026-09-23T09:32:04.525460","1","0.990864634513855","0.9958990216255188","1.3066052198410034","-0.4657500684261322","-0.5550422072410583","OPEN","0.993381828069687"
"2026-09-23T09:31:46.624581","98","2026-09-23T09:32:04.722154","1","0.1118159294128418","0.006523013114929199","0.12532806396484375","-0.4779706597328186","-0.4492890536785126","OPEN","0.0591694712638855"
"2026-09-23T09:31:46.624581","99","2026-09-23T09:32:04.869293","1","0.9938164353370667","0.994285523891449","-0.6842612624168396","-0.14765645563602448","-0.5074700713157654","OPEN","0.994050979614258"
"2026-09-23T09:31:46.624581","100","2026-09-23T09:32:05.025397","1","0.9918690919876099","0.9952638149261475","-0.9538815021514893","-0.029575109481811523","-0.5497572422027588","OPEN","0.993566453456879"
"2026-09-23T09:31:46.624581","101","2026-09-23T09:32:05.194362","1","0.9928528666496277","0.9958990216255188","0.08989465981721878","-0.036592524498701096","-0.4850008189678192","OPEN","0.994375944137573"
"2026-09-23T09:31:46.624581","102","2026-09-23T09:32:05.393834","1","0.9952254295349121","0.994285523891449","-1.4088294506072998","-0.06140908971428871","-0.548976480960846","OPEN","0.994755476713181"
"2026-09-23T09:31:46.624581","103","2026-09-23T09:32:05.551656","1","0.9956856369972229","0.9949411749839783","-1.038069725036621","-0.33542823791503906","-0.37883543968200684","OPEN","0.995313405990601"
"2026-09-23T09:31:46.624581","104","2026-09-23T09:32:05.703791","1","0.9923635125160217","0.9958990216255188","-0.4252292215824127","-0.43649256229400635","-0.6268610954284668","OPEN","0.99413126707077"
"2026-09-23T09:31:46.624581","105","2026-09-23T09:32:05.915774","1","0.9942908883094788","0.9952638149261475","-1.2677890062332153","0.37098991870880127","-0.505997896194458","OPEN","0.994777351617813"
"2026-09-23T09:31:46.624581","106","2026-09-23T09:32:06.132601","1","0.9938164353370667","0.994285523891449","-0.22647294402122498","0.3624953329563141","-0.38760167360305786","OPEN","0.994050979614258"
"2026-09-23T09:31:46.624581","107","2026-09-23T09:32:06.326395","1","0.9942908883094788","0.9952638149261475","-0.9427786469459534","-0.08303537964820862","-0.56038498878479","OPEN","0.994777351617813"
"2026-09-23T09:31:46.624581","108","2026-09-23T09:32:06.477594","1","0.9938164353370667","0.9946150779724121","-1.5163993835449219","0.4054713249206543","-0.19172382354736328","OPEN","0.994215756654739"
"2026-09-23T09:31:46.624581","109","2026-09-23T09:32:06.650250","1","0.9938164353370667","0.994285523891449","-0.38687992095947266","-0.06884729117155075","-0.33201149106025696","OPEN","0.994050979614258"
"2026-09-23T09:31:46.624581","110","2026-09-23T09:32:06.813401","1","0.9933371543884277","0.9968274235725403","-0.6888707280158997","-0.3566919267177582","-0.035259705036878586","OPEN","0.995082288980484"
"2026-09-23T09:31:46.624581","111","2026-09-23T09:32:06.959440","1","0.9928528666496277","0.9952638149261475","-0.20503707230091095","-0.5620064735412598","-0.10936971008777618","OPEN","0.994058340787888"
"2026-09-23T09:31:46.624581","112","2026-09-23T09:32:07.129011","1","0.9928528666496277","0.9952638149261475","-0.3269062042236328","-1.073646903038025","-0.1326170712709427","OPEN","0.994058340787888"
"2026-09-23T09:31:46.624581","113","2026-09-23T09:32:07.270416","1","0.9942908883094788","0.9965211153030396","-1.093641996383667","-1.0678904056549072","-0.09715257585048676","OPEN","0.995406001806259"
"2026-09-23T09:31:46.624581","114","2026-09-23T09:32:07.402041","1","0.9956856369972229","0.9952638149261475","-1.0609015226364136","-0.165432408452034","0.023647304624319077","OPEN","0.995474725961685"
"2026-09-23T09:31:46.624581","115","2026-09-23T09:32:07.562171","1","0.9938164353370667","0.9952638149261475","-0.6401479244232178","-0.24021589756011963","-0.12272234261035919","OPEN","0.994540125131607"
"2026-09-23T09:31:46.624581","116","2026-09-23T09:32:07.734740","1","0.9942908883094788","0.9946150779724121","-1.8772668838500977","-0.28474777936935425","-0.0882393941283226","OPEN","0.994452983140945"
"2026-09-23T09:31:46.624581","117","2026-09-23T09:32:07.907837","1","0.9938164353370667","0.9955831170082092","-0.9711145162582397","-0.30660325288772583","-0.07449989020824432","OPEN","0.994699776172638"
"2026-09-23T09:31:46.624581","118","2026-09-23T09:32:08.045837","1","0.9923635125160217","0.9965211153030396","-0.1298675239086151","-0.21756742894649506","-0.2970846891403198","OPEN","0.994442313909531"
"2026-09-23T09:31:46.624581","119","2026-09-23T09:32:08.183805","1","0.9942908883094788","0.9952638149261475","-1.1526216268539429","-0.8149242997169495","-0.06568842381238937","OPEN","0.994777351617813"
"2026-09-23T09:31:46.624581","120","2026-09-23T09:32:08.351460","1","0.9952254295349121","0.9958990216255188","-0.6590834856033325","-0.5135181546211243","-0.17108899354934692","OPEN","0.995562225580215"
"2026-09-23T09:31:46.624581","121","2026-09-23T09:32:08.524998","1","0.9928528666496277","0.9965211153030396","-0.8407508730888367","-0.3876696228981018","-0.20299284160137177","OPEN","0.994686990976334"
"2026-09-23T09:31:46.624581","122","2026-09-23T09:32:08.660986","1","0.9928528666496277","0.9968274235725403","-0.03636501356959343","-0.32197925448417664","-0.231509730219841","OPEN","0.994840145111084"
"2026-09-23T09:31:46.624581","123","2026-09-23T09:32:08.819070","1","0.9942908883094788","0.994285523891449","-0.5963324308395386","-0.15707160532474518","-0.595032811164856","OPEN","0.994288206100464"
"2026-09-23T09:31:46.624581","124","2026-09-23T09:32:09.011119","1","0.9928528666496277","0.9952638149261475","-0.8660687804222107","-0.7052357196807861","-0.5884377360343933","OPEN","0.994058340787888"
"2026-09-23T09:31:46.624581","125","2026-09-23T09:32:09.158981","1","0.9938164353370667","0.9946150779724121","-0.8036190271377563","-0.554635226726532","-0.8368174433708191","OPEN","0.994215756654739"
"2026-09-23T09:31:46.624581","126","2026-09-23T09:32:09.374911","1","0.9923635125160217","0.9962117075920105","-1.7892929315567017","-0.20361711084842682","-0.43389084935188293","OPEN","0.994287610054016"
"2026-09-23T09:31:46.624581","127","2026-09-23T09:32:09.513868","1","0.9918690919876099","0.994285523891449","-0.8276627063751221","-0.21340841054916382","-0.5553764700889587","OPEN","0.993077307939529"
"2026-09-23T09:31:46.624581","128","2026-09-23T09:32:09.683451","1","0.9928528666496277","0.9952638149261475","0.029318077489733696","-0.6503298878669739","-0.2199096530675888","OPEN","0.994058340787888"
"2026-09-23T09:31:46.624581","129","2026-09-23T09:32:09.852612","1","0.9933371543884277","0.9965211153030396","-0.5434437990188599","-0.6964631080627441","-0.28665968775749207","OPEN","0.994929134845734"
"2026-09-23T09:31:46.624581","130","2026-09-23T09:32:09.993588","1","0.9938164353370667","0.9965211153030396","-0.8838868737220764","-0.6175269484519958","-0.1447303146123886","OPEN","0.995168775320053"
"2026-09-23T09:31:46.624581","131","2026-09-23T09:32:10.145509","1","0.9918690919876099","0.9955831170082092","-1.1355924606323242","-0.7746790647506714","-0.4777359664440155","OPEN","0.99372610449791"
"2026-09-23T09:31:46.624581","132","2026-09-23T09:32:10.302909","1","0.9923635125160217","0.9962117075920105","-0.7544612288475037","-0.43691474199295044","-0.4636119306087494","OPEN","0.994287610054016"
"2026-09-23T09:31:46.624581","133","2026-09-23T09:32:10.461424","1","0.9938164353370667","0.9955831170082092","0.48247429728507996","-0.7245234847068787","-0.6851118206977844","OPEN","0.994699776172638"
"2026-09-23T09:31:46.624581","134","2026-09-23T09:32:10.605717","1","0.9928528666496277","0.9955831170082092","0.13440443575382233","-0.8948113918304443","-0.5575060844421387","OPEN","0.994217991828918"
"2026-09-23T09:31:46.624581","135","2026-09-23T09:32:10.748490","1","0.9947605133056641","0.9958990216255188","-0.0625339224934578","-0.7293702960014343","-1.046207308769226","OPEN","0.995329767465591"
"2026-09-23T09:31:46.624581","136","2026-09-23T09:32:10.900098","1","0.990864634513855","0.9958990216255188","-0.48549550771713257","-0.19376710057258606","-0.7788169384002686","OPEN","0.993381828069687"
"2026-09-23T09:31:46.624581","137","2026-09-23T09:32:11.097612","1","0.990864634513855","0.9965211153030396","-0.6941732168197632","-0.5560073256492615","-0.7789871096611023","OPEN","0.993692874908447"
"2026-09-23T09:31:46.624581","138","2026-09-23T09:32:11.236662","1","0.9928528666496277","0.9958990216255188","-0.4140207767486572","-0.5344189405441284","-0.6507976055145264","OPEN","0.994375944137573"
"2026-09-23T09:31:46.624581","139","2026-09-23T09:32:11.407366","1","0.9918690919876099","0.9968274235725403","-0.9429364800453186","-0.8666684627532959","-0.5974643230438232","OPEN","0.994348257780075"
"2026-09-23T09:31:46.624581","140","2026-09-23T09:32:11.551187","1","0.9856016635894775","0.9929311275482178","-0.5652420520782471","-0.28770318627357483","-0.31483694911003113","OPEN","0.989266395568848"
"2026-09-23T09:31:46.624581","141","2026-09-23T09:32:11.740604","1","0.9861093163490295","0.9880889058113098","0.6008297204971313","-0.5734626650810242","-0.6897170543670654","OPEN","0.98709911108017"
"2026-09-23T09:31:46.624581","142","2026-09-23T09:32:11.909862","1","0.9828804135322571","0.9936156272888184","0.16205303370952606","-0.7096213102340698","-0.26447370648384094","OPEN","0.988248020410538"
"2026-09-23T09:31:46.624581","143","2026-09-23T09:32:12.077623","1","0.9868497848510742","0.9918758273124695","0.3145924210548401","-0.4147901237010956","-0.09101511538028717","OPEN","0.989362806081772"
"2026-09-23T09:31:46.624581","144","2026-09-23T09:32:12.247781","1","0.9882580041885376","0.9929311275482178","0.7236783504486084","-0.4894005358219147","-0.2564679682254791","OPEN","0.990594565868378"
"2026-09-23T09:31:46.624581","145","2026-09-23T09:32:12.439806","1","0.9508934020996094","0.9668617844581604","0.591101348400116","-1.341951847076416","-0.07379279285669327","OPEN","0.958877593278885"
"2026-09-23T09:31:46.624581","146","2026-09-23T09:32:12.611382","1","0.9828804135322571","0.9847822189331055","0.9205111265182495","-0.5853166580200195","-0.10923417657613754","OPEN","0.983831316232681"
"2026-09-23T09:31:46.624581","147","2026-09-23T09:32:12.754761","1","0.9868497848510742","0.9457477331161499","-0.004883017856627703","-1.2671573162078857","0.26253530383110046","OPEN","0.966298758983612"
"2026-09-23T09:31:46.624581","148","2026-09-23T09:32:12.926773","1","0.9837305545806885","0.9376009702682495","0.5204955339431763","-0.9921442270278931","0.16354228556156158","OPEN","0.960665762424469"
"2026-09-23T09:31:46.624581","149","2026-09-23T09:32:13.098523","1","0.9537659883499146","0.7252373695373535","0.45476222038269043","-0.8036933541297913","0.02551065944135189","OPEN","0.839501678943634"
"2026-09-23T09:31:46.624581","150","2026-09-23T09:32:13.271923","1","0.9497048854827881","0.4685542583465576","0.9527390003204346","-0.544183611869812","-0.3135247230529785","OPEN","0.709129571914673"
"2026-09-23T09:31:46.624581","151","2026-09-23T09:32:13.411953","1","0.9845510721206665","0.9867727756500244","0.7912753224372864","-0.5947179794311523","-0.35979172587394714","OPEN","0.985661923885345"
"2026-09-23T09:31:46.624581","152","2026-09-23T09:32:13.582761","1","0.9825901985168457","0.9949411749839783","-0.14757336676120758","-0.8509041666984558","-0.18453311920166016","OPEN","0.988765686750412"
"2026-09-23T09:31:46.624581","153","2026-09-23T09:32:13.755042","1","0.9887905716896057","0.990412712097168","0.41462427377700806","-0.7125476598739624","-0.19888056814670563","OPEN","0.989601641893387"
"2026-09-23T09:31:46.624581","154","2026-09-23T09:32:13.890706","1","0.9947605133056641","0.9962117075920105","-0.19226804375648499","-1.5271761417388916","-0.02333804778754711","OPEN","0.995486110448837"
"2026-09-23T09:31:46.624581","155","2026-09-23T09:32:14.052888","1","0.9952254295349121","0.9952638149261475","-1.005418062210083","-1.2090686559677124","-0.16224418580532074","OPEN","0.99524462223053"
"2026-09-23T09:31:46.624581","156","2026-09-23T09:32:14.191318","1","0.9952254295349121","0.9952638149261475","-1.1982909440994263","-1.0617958307266235","-0.10665947943925858","OPEN","0.99524462223053"
"2026-09-23T09:31:46.624581","157","2026-09-23T09:32:14.335075","1","0.9947605133056641","0.9958990216255188","-0.9817709922790527","-0.9796283841133118","-0.18554966151714325","OPEN","0.995329767465591"
"2026-09-23T09:31:46.624581","158","2026-09-23T09:32:14.493565","1","0.9942908883094788","0.9949411749839783","-0.9036790132522583","-1.1523572206497192","-0.32070720195770264","OPEN","0.994616031646729"
"2026-09-23T09:31:46.624581","159","2026-09-23T09:32:14.647945","1","0.9947605133056641","0.9952638149261475","-1.452924370765686","-1.3757851123809814","-0.3288957476615906","OPEN","0.995012164115906"
"2026-09-23T09:31:46.624581","160","2026-09-23T09:32:14.823611","1","0.9942908883094788","0.9955831170082092","-0.8269233107566833","-1.2641195058822632","-0.4059980809688568","OPEN","0.994937002658844"
"2026-09-23T09:31:46.624581","161","2026-09-23T09:32:15.004818","1","0.9956856369972229","0.9955831170082092","-1.1597874164581299","-1.4375959634780884","-0.2055012434720993","OPEN","0.995634377002716"
"2026-09-23T09:31:46.624581","162","2026-09-23T09:32:15.176603","1","0.9938164353370667","0.9958990216255188","-0.9071937203407288","-0.6184207797050476","-0.6767016649246216","OPEN","0.994857728481293"
"2026-09-23T09:31:46.624581","163","2026-09-23T09:32:15.343396","1","0.9942908883094788","0.9962117075920105","-0.8392642140388489","-0.8290252089500427","-0.7961220145225525","OPEN","0.995251297950745"
"2026-09-23T09:31:46.624581","164","2026-09-23T09:32:15.529114","1","0.9952254295349121","0.9958990216255188","-1.0722428560256958","-0.7793430089950562","-1.2553983926773071","OPEN","0.995562225580215"
"2026-09-23T09:31:46.624581","165","2026-09-23T09:32:15.699198","1","0.9947605133056641","0.9965211153030396","-0.7160100936889648","-0.6744181513786316","-1.4770357608795166","OPEN","0.995640814304352"
"2026-09-23T09:31:46.624581","166","2026-09-23T09:32:15.872009","1","0.9933371543884277","0.9958990216255188","-0.6381552219390869","-0.5009588599205017","-1.1577372550964355","OPEN","0.994618088006973"
"2026-09-23T09:31:46.624581","167","2026-09-23T09:32:16.023083","1","0.9956856369972229","0.9949411749839783","-1.5897213220596313","-0.620559573173523","-1.3447600603103638","OPEN","0.995313405990601"
"2026-09-23T09:31:46.624581","168","2026-09-23T09:32:16.206359","1","0.9938164353370667","0.9965211153030396","-0.6726211905479431","-0.7963437438011169","-0.9080207347869873","OPEN","0.995168775320053"
"2026-09-23T09:31:46.624581","169","2026-09-23T09:32:16.391982","1","0.9933371543884277","0.9958990216255188","-0.9072769284248352","-1.158122181892395","-0.7663789391517639","OPEN","0.994618088006973"
"2026-09-23T09:31:46.624581","170","2026-09-23T09:32:16.554039","1","0.9956856369972229","0.9958990216255188","-1.0007460117340088","-0.8596418499946594","-0.8112307190895081","OPEN","0.995792329311371"
"2026-09-23T09:31:46.624581","171","2026-09-23T09:32:16.709704","1","0.9942908883094788","0.9958990216255188","-1.2309784889221191","-0.8429238200187683","-0.8045114874839783","OPEN","0.995094954967499"
"2026-09-23T09:31:46.624581","172","2026-09-23T09:32:16.902217","1","0.9938164353370667","0.9952638149261475","-2.1312332153320312","-1.3258965015411377","-0.5101978182792664","OPEN","0.994540125131607"
"2026-09-23T09:31:46.624581","173","2026-09-23T09:32:17.071379","1","0.9938164353370667","0.9958990216255188","-1.2290070056915283","-1.7369369268417358","0.03843018785119057","OPEN","0.994857728481293"
"2026-09-23T09:31:46.624581","174","2026-09-23T09:32:17.225049","1","0.9942908883094788","0.9958990216255188","-0.9345519542694092","-1.5050349235534668","0.3604130148887634","OPEN","0.995094954967499"
"2026-09-23T09:31:46.624581","175","2026-09-23T09:32:17.400433","1","0.9942908883094788","0.9955831170082092","-0.8826178312301636","-1.6904511451721191","0.4957484304904938","OPEN","0.994937002658844"
"2026-09-23T09:31:46.624581","176","2026-09-23T09:32:17.630598","1","0.9947605133056641","0.9952638149261475","-1.6555311679840088","-2.0749833583831787","0.5543360710144043","OPEN","0.995012164115906"
"2026-09-23T09:31:46.624581","177","2026-09-23T09:32:17.796027","1","0.9942908883094788","0.9958990216255188","-0.7407955527305603","-2.35687518119812","0.6804741621017456","OPEN","0.995094954967499"
"2026-09-23T09:31:46.624581","178","2026-09-23T09:32:18.009453","1","0.9947605133056641","0.9952638149261475","-0.5076025128364563","-1.9805448055267334","0.23647840321063995","OPEN","0.995012164115906"
"2026-09-23T09:31:46.624581","179","2026-09-23T09:32:18.183505","1","0.9942908883094788","0.9952638149261475","-2.0690698623657227","-1.8568639755249023","0.2829614579677582","OPEN","0.994777351617813"
"2026-09-23T09:31:46.624581","180","2026-09-23T09:32:18.313190","1","0.9942908883094788","0.99802166223526","-1.6099891662597656","-1.6873981952667236","0.10822039097547531","OPEN","0.996156275272369"
"2026-09-23T09:31:46.624581","181","2026-09-23T09:32:18.561453","1","0.9923635125160217","0.997727632522583","-1.2584861516952515","-1.6807126998901367","0.09043460339307785","OPEN","0.995045572519302"
"2026-09-23T09:31:46.624581","182","2026-09-23T09:32:18.721833","1","0.9933371543884277","0.998312771320343","-1.60531485080719","-1.6247822046279907","-0.03624884411692619","OPEN","0.995824962854385"
"2026-09-23T09:31:46.624581","183","2026-09-23T09:32:18.922858","1","0.9938164353370667","0.99802166223526","-2.4891228675842285","-1.741356372833252","0.11759214103221893","OPEN","0.995919048786163"
"2026-09-23T09:31:46.624581","184","2026-09-23T09:32:19.082059","1","0.9928528666496277","0.9971305727958679","-2.437323570251465","-1.37263822555542","-0.11994461715221405","OPEN","0.994991719722748"
"2026-09-23T09:31:46.624581","185","2026-09-23T09:32:19.262531","1","0.9952254295349121","0.9952638149261475","-2.414393663406372","-1.4735596179962158","-0.08746201545000076","OPEN","0.99524462223053"
"2026-09-23T09:31:46.624581","186","2026-09-23T09:32:19.392738","1","0.9928528666496277","0.9946150779724121","-1.218055248260498","-1.7277333736419678","-0.24124985933303833","OPEN","0.99373397231102"
"2026-09-23T09:31:46.624581","187","2026-09-23T09:32:19.568695","1","0.9938164353370667","0.9962117075920105","-0.41865959763526917","-1.7436853647232056","-0.08421020209789276","OPEN","0.995014071464539"
"2026-09-23T09:31:46.624581","188","2026-09-23T09:32:19.729312","1","0.9918690919876099","0.9962117075920105","-2.0619897842407227","-1.621238112449646","-0.22461357712745667","OPEN","0.99404039978981"
"2026-09-23T09:31:46.624581","189","2026-09-23T09:32:20.022074","1","0.9942908883094788","0.9952638149261475","-2.455404281616211","-1.3341100215911865","-0.04271993786096573","OPEN","0.994777351617813"
"2026-09-23T09:31:46.624581","190","2026-09-23T09:32:20.356479","1","0.9913694858551025","0.9958990216255188","-2.24320125579834","-1.4748493432998657","-0.05062545835971832","OPEN","0.993634253740311"
"2026-09-23T09:31:46.624581","191","2026-09-23T09:32:20.503412","1","0.9923635125160217","0.9974306225776672","-1.3370729684829712","-1.3379772901535034","-0.27990806102752686","OPEN","0.994897067546844"
"2026-09-23T09:31:46.624581","192","2026-09-23T09:32:20.643940","1","0.9938164353370667","0.9974306225776672","-2.4364726543426514","-1.1108123064041138","-0.010008739307522774","OPEN","0.995623528957367"
"2026-09-23T09:31:46.624581","193","2026-09-23T09:32:20.774194","1","0.9913694858551025","0.9974306225776672","-0.8710179924964905","-1.6724423170089722","-0.015411083586513996","OPEN","0.994400054216385"
"2026-09-23T09:31:46.624581","194","2026-09-23T09:32:20.935011","1","0.9928528666496277","0.9974306225776672","-1.581006646156311","-1.7438267469406128","0.2086416780948639","OPEN","0.995141744613647"
"2026-09-23T09:31:46.624581","195","2026-09-23T09:32:21.088956","1","0.9952254295349121","0.9949411749839783","-1.287175178527832","-2.0743227005004883","0.19084276258945465","OPEN","0.995083302259445"
"2026-09-23T09:31:46.624581","196","2026-09-23T09:32:21.264025","1","0.9956856369972229","0.9965211153030396","-0.7585598826408386","-1.501260757446289","-0.14316853880882263","OPEN","0.996103376150131"
"2026-09-23T09:31:46.624581","197","2026-09-23T09:32:21.545937","1","0.9933371543884277","0.994285523891449","-1.6930338144302368","-2.076277732849121","0.05176851898431778","OPEN","0.993811339139938"
"2026-09-23T09:31:46.624581","198","2026-09-23T09:32:22.060483","1","0.9952254295349121","0.9946150779724121","-1.320789098739624","-1.8910062313079834","0.028773857280611992","OPEN","0.994920253753662"
"2026-09-23T09:32:31.396860","1","2026-09-23T09:32:33.315079","1","0.04767268896102905","0.022249281406402588","0.08497858792543411","-1.4225385189056396","0.8037649989128113","CLOSED","0.0349609851837158"
"2026-09-23T09:32:31.396860","2","2026-09-23T09:32:33.600491","1","0.0","0.004566192626953125","-1.8647842407226562","-1.1999410390853882","1.4838900566101074","CLOSED","0.00228309631347656"
"2026-09-23T09:32:31.396860","3","2026-09-23T09:32:33.776644","1","0.004562854766845703","0.0026093721389770508","-1.8416799306869507","-0.2614561915397644","1.7708152532577515","CLOSED","0.00358611345291138"
"2026-09-23T09:32:31.396860","4","2026-09-23T09:32:33.938356","1","0.018253028392791748","0.004566192626953125","-2.48677134513855","0.03224910795688629","1.9461030960083008","CLOSED","0.0114096105098724"
"2026-09-23T09:32:31.396860","5","2026-09-23T09:32:34.093940","1","0.004562854766845703","0.006523013114929199","-2.467085838317871","0.13279876112937927","1.5367051362991333","CLOSED","0.00554293394088745"
"2026-09-23T09:32:31.396860","6","2026-09-23T09:32:34.248594","1","0.012776970863342285","0.0026093721389770508","-1.857709288597107","-0.11013355851173401","1.336503267288208","CLOSED","0.00769317150115967"
"2026-09-23T09:32:31.396860","7","2026-09-23T09:32:34.444550","1","0.0","0.006523013114929199","-1.6440166234970093","-0.3942340910434723","1.2356230020523071","CLOSED","0.0032615065574646"
"2026-09-23T09:32:31.396860","8","2026-09-23T09:32:34.660747","1","0.0","0.008479773998260498","-2.6641530990600586","-0.676939845085144","1.2099099159240723","CLOSED","0.00423988699913025"
"2026-09-23T09:32:31.396860","9","2026-09-23T09:32:34.836590","1","0.0","0.0026093721389770508","-1.7952396869659424","-0.5826404690742493","1.19424569606781","CLOSED","0.00130468606948853"
"2026-09-23T09:32:31.396860","10","2026-09-23T09:32:35.001055","1","0.0","0.012393414974212646","-1.7553374767303467","-0.8693984746932983","1.174912929534912","CLOSED","0.00619670748710632"
"2026-09-23T09:32:31.396860","11","2026-09-23T09:32:35.160416","1","0.001824796199798584","0.004566192626953125","-2.386413812637329","-1.1563117504119873","1.2859575748443604","CLOSED","0.00319549441337585"
"2026-09-23T09:32:31.396860","12","2026-09-23T09:32:35.314653","1","0.004562854766845703","0.004566192626953125","-1.8885506391525269","-0.6436150074005127","1.0275472402572632","CLOSED","0.00456452369689941"
"2026-09-23T09:32:31.396860","13","2026-09-23T09:32:35.458138","1","0.001824796199798584","0.004566192626953125","-2.2355732917785645","-1.1600817441940308","0.8203884363174438","CLOSED","0.00319549441337585"
"2026-09-23T09:32:31.396860","14","2026-09-23T09:32:35.602073","1","0.001824796199798584","0.006523013114929199","-2.368434190750122","-0.9424103498458862","1.1138170957565308","CLOSED","0.00417390465736389"
"2026-09-23T09:32:31.396860","15","2026-09-23T09:32:35.819993","1","0.007300853729248047","0.000652611255645752","-1.793606162071228","-1.2060507535934448","1.2167270183563232","CLOSED","0.0039767324924469"
"2026-09-23T09:32:31.396860","16","2026-09-23T09:32:35.997179","1","0.012776970863342285","0.0026093721389770508","-1.791772484779358","-1.5572874546051025","1.6190621852874756","CLOSED","0.00769317150115967"
"2026-09-23T09:32:31.396860","17","2026-09-23T09:32:36.141","1","0.012776970863342285","0.0","-1.0080944299697876","-1.781798243522644","1.5891966819763184","CLOSED","0.00638848543167114"
"2026-09-23T09:32:31.396860","18","2026-09-23T09:32:36.326195","1","0.015514969825744629","0.0026093721389770508","-2.0408451557159424","-1.2006072998046875","0.9156947135925293","CLOSED","0.00906217098236084"
"2026-09-23T09:32:31.396860","19","2026-09-23T09:32:36.468241","1","0.012776970863342285","0.0026093721389770508","-1.8600462675094604","-1.1537688970565796","0.9991138577461243","CLOSED","0.00769317150115967"
"2026-09-23T09:32:31.396860","20","2026-09-23T09:32:36.621976","1","0.007300853729248047","0.004566192626953125","-1.7706388235092163","-1.6120340824127197","1.075117588043213","CLOSED","0.00593352317810059"
"2026-09-23T09:32:31.396860","21","2026-09-23T09:32:36.771404","1","0.010038912296295166","0.006523013114929199","-1.5892969369888306","-1.0798455476760864","0.49475860595703125","CLOSED","0.00828096270561218"
"2026-09-23T09:32:31.396860","22","2026-09-23T09:32:36.936972","1","0.001824796199798584","0.006523013114929199","-1.9266493320465088","-1.1933481693267822","0.28376638889312744","CLOSED","0.00417390465736389"
"2026-09-23T09:32:31.396860","23","2026-09-23T09:32:37.092170","1","0.001824796199798584","0.008479773998260498","-2.3924639225006104","-0.7221584916114807","0.1951446682214737","CLOSED","0.00515228509902954"
"2026-09-23T09:32:31.396860","24","2026-09-23T09:32:37.235935","1","0.001824796199798584","0.006523013114929199","-2.1339035034179688","-0.5154067277908325","-0.2483506202697754","CLOSED","0.00417390465736389"
"2026-09-23T09:32:31.396860","25","2026-09-23T09:32:37.380861","1","0.001824796199798584","0.004566192626953125","-2.108626127243042","-0.9220319390296936","-0.17315582931041718","CLOSED","0.00319549441337585"
"2026-09-23T09:32:31.396860","26","2026-09-23T09:32:37.567098","1","0.012776970863342285","0.008479773998260498","-2.6984660625457764","-1.2133558988571167","0.4957156777381897","CLOSED","0.0106283724308014"
"2026-09-23T09:32:31.396860","27","2026-09-23T09:32:37.759014","1","0.004562854766845703","0.004566192626953125","-2.077324867248535","-1.3238160610198975","0.27255719900131226","CLOSED","0.00456452369689941"
"2026-09-23T09:32:31.396860","28","2026-09-23T09:32:37.901298","1","0.004562854766845703","0.006523013114929199","-2.256976366043091","-1.2023502588272095","0.26792097091674805","CLOSED","0.00554293394088745"
"2026-09-23T09:32:31.396860","29","2026-09-23T09:32:38.070066","1","0.012776970863342285","0.006523013114929199","-1.9899688959121704","-1.2630301713943481","0.1516982913017273","CLOSED","0.00964999198913574"
"2026-09-23T09:32:31.396860","30","2026-09-23T09:32:38.218443","1","0.010038912296295166","0.012393414974212646","-1.4578474760055542","-0.5187349915504456","-0.6289838552474976","CLOSED","0.0112161636352539"
"2026-09-23T09:32:31.396860","31","2026-09-23T09:32:38.398731","1","0.010038912296295166","0.004566192626953125","-2.7143871784210205","-0.2523450553417206","-0.5491803884506226","CLOSED","0.00730255246162415"
"2026-09-23T09:32:31.396860","32","2026-09-23T09:32:38.555210","1","0.004562854766845703","0.010436594486236572","-1.9442415237426758","-0.6700040102005005","-0.29813048243522644","CLOSED","0.00749972462654114"
"2026-09-23T09:32:31.396860","33","2026-09-23T09:32:38.695004","1","0.007300853729248047","0.019214868545532227","-1.9813346862792969","-0.6508582234382629","-0.1745661199092865","CLOSED","0.0132578611373901"
"2026-09-23T09:32:31.396860","34","2026-09-23T09:32:38.878807","1","0.001824796199798584","0.010436594486236572","-3.0821609497070312","-0.7981129288673401","-0.25948089361190796","CLOSED","0.00613069534301758"
"2026-09-23T09:32:31.396860","35","2026-09-23T09:32:39.039519","1","0.012776970863342285","0.008479773998260498","-2.190441846847534","-0.777106761932373","0.035755980759859085","CLOSED","0.0106283724308014"
"2026-09-23T09:32:31.396860","36","2026-09-23T09:32:39.193499","1","0.010038912296295166","0.008479773998260498","-2.464693069458008","-0.8376634120941162","-0.4681132435798645","CLOSED","0.00925934314727783"
"2026-09-23T09:32:31.396860","37","2026-09-23T09:32:39.388740","1","0.012776970863342285","0.004566192626953125","-2.0746023654937744","-0.8591441512107849","-0.5185371041297913","CLOSED","0.00867158174514771"
"2026-09-23T09:32:31.396860","38","2026-09-23T09:32:39.551105","1","0.012776970863342285","0.006523013114929199","-2.3446059226989746","-0.8033055663108826","-0.5624594688415527","CLOSED","0.00964999198913574"
"2026-09-23T09:32:31.396860","39","2026-09-23T09:32:39.732554","1","0.007300853729248047","0.010436594486236572","-2.4746174812316895","-0.3650967478752136","-1.110925316810608","CLOSED","0.00886872410774231"
"2026-09-23T09:32:31.396860","40","2026-09-23T09:32:39.913113","1","0.007300853729248047","0.019214868545532227","-2.664614677429199","-0.17406056821346283","-0.8155102133750916","CLOSED","0.0132578611373901"
"2026-09-23T09:32:31.396860","41","2026-09-23T09:32:40.086856","1","0.007300853729248047","0.019214868545532227","-2.630934953689575","-0.7571842670440674","-0.7081416249275208","CLOSED","0.0132578611373901"
"2026-09-23T09:32:31.396860","42","2026-09-23T09:32:40.238374","1","0.007300853729248047","0.006523013114929199","-1.9388591051101685","-0.3749488592147827","-1.1090997457504272","CLOSED","0.00691193342208862"
"2026-09-23T09:32:31.396860","43","2026-09-23T09:32:40.438614","1","0.010038912296295166","0.004566192626953125","-1.4330681562423706","-0.34611034393310547","-0.9278976917266846","CLOSED","0.00730255246162415"
"2026-09-23T09:32:31.396860","44","2026-09-23T09:32:40.605297","1","0.007300853729248047","0.008479773998260498","-2.5192527770996094","-0.2719103991985321","-0.8292832970619202","CLOSED","0.00789031386375427"
"2026-09-23T09:32:31.396860","45","2026-09-23T09:32:40.772517","1","0.007300853729248047","0.012393414974212646","-2.63006329536438","-0.2732982635498047","-0.5976183414459229","CLOSED","0.00984713435173035"
"2026-09-23T09:32:31.396860","46","2026-09-23T09:32:40.927556","1","0.02372908592224121","0.010436594486236572","-1.866044044494629","-0.2175145000219345","-0.9906611442565918","CLOSED","0.0170828402042389"
"2026-09-23T09:32:31.396860","47","2026-09-23T09:32:41.078195","1","0.004562854766845703","0.0026093721389770508","-0.49323806166648865","-0.042803555727005005","-1.2897186279296875","CLOSED","0.00358611345291138"
"2026-09-23T09:32:31.396860","48","2026-09-23T09:32:41.248987","1","0.001824796199798584","0.012393414974212646","-1.7812365293502808","-0.03352929279208183","-1.1692779064178467","CLOSED","0.00710910558700562"
"2026-09-23T09:32:31.396860","49","2026-09-23T09:32:41.434136","1","0.010038912296295166","0.010436594486236572","-1.709629774093628","-0.30736520886421204","-0.8278865218162537","CLOSED","0.0102377533912659"
"2026-09-23T09:32:31.396860","50","2026-09-23T09:32:41.625334","1","0.007300853729248047","0.012393414974212646","-0.7737392783164978","-0.0023859853390604258","-1.1033872365951538","CLOSED","0.00984713435173035"
"2026-09-23T09:32:31.396860","51","2026-09-23T09:32:41.833626","1","0.007300853729248047","0.008479773998260498","-2.1030168533325195","-0.022978203371167183","-1.1477978229522705","CLOSED","0.00789031386375427"
"2026-09-23T09:32:31.396860","52","2026-09-23T09:32:42.001575","1","0.007300853729248047","0.010436594486236572","-0.9364783763885498","0.09966015070676804","-1.1262961626052856","CLOSED","0.00886872410774231"
"2026-09-23T09:32:31.396860","53","2026-09-23T09:32:42.237875","1","0.007300853729248047","0.008479773998260498","-1.6633175611495972","-0.23829156160354614","-0.7487647533416748","CLOSED","0.00789031386375427"
"2026-09-23T09:32:31.396860","54","2026-09-23T09:32:42.368495","1","0.004562854766845703","0.019214868545532227","-1.7780348062515259","-0.296950101852417","-1.0867280960083008","CLOSED","0.011888861656189"
"2026-09-23T09:32:31.396860","55","2026-09-23T09:32:42.529550","1","0.004562854766845703","0.006523013114929199","-1.743394374847412","0.16702698171138763","-1.0981601476669312","CLOSED","0.00554293394088745"
"2026-09-23T09:32:31.396860","56","2026-09-23T09:32:42.699632","1","0.004562854766845703","0.006523013114929199","-1.5398458242416382","0.9455337524414062","-1.3708128929138184","CLOSED","0.00554293394088745"
"2026-09-23T09:32:31.396860","57","2026-09-23T09:32:42.863617","1","0.007300853729248047","0.012393414974212646","-2.476137161254883","0.48277151584625244","-1.5111874341964722","CLOSED","0.00984713435173035"
"2026-09-23T09:32:31.396860","58","2026-09-23T09:32:43.055604","1","0.012776970863342285","0.010436594486236572","-1.0604088306427002","-0.4031367599964142","-1.1551437377929688","CLOSED","0.0116067826747894"
"2026-09-23T09:32:31.396860","59","2026-09-23T09:32:43.219949","1","0.007300853729248047","0.010436594486236572","-1.8742409944534302","0.25377798080444336","-1.408173680305481","CLOSED","0.00886872410774231"
"2026-09-23T09:32:31.396860","60","2026-09-23T09:32:43.368032","1","0.010038912296295166","0.010436594486236572","-0.740969717502594","0.7627516984939575","-1.2356473207473755","CLOSED","0.0102377533912659"
"2026-09-23T09:32:31.396860","61","2026-09-23T09:32:43.537538","1","0.0","0.008479773998260498","-1.1349401473999023","0.6175600290298462","-1.3826113939285278","CLOSED","0.00423988699913025"
"2026-09-23T09:32:31.396860","62","2026-09-23T09:32:43.708754","1","0.007300853729248047","0.010436594486236572","-2.9340381622314453","0.02027866058051586","-1.1139827966690063","CLOSED","0.00886872410774231"
"2026-09-23T09:32:31.396860","63","2026-09-23T09:32:43.868129","1","0.010038912296295166","0.006523013114929199","-0.930233895778656","0.11343927681446075","-1.035423755645752","CLOSED","0.00828096270561218"
"2026-09-23T09:32:31.396860","64","2026-09-23T09:32:44.038572","1","0.015514969825744629","0.008479773998260498","-2.378636360168457","0.2401084005832672","-1.3449076414108276","CLOSED","0.0119973719120026"
"2026-09-23T09:32:31.396860","65","2026-09-23T09:32:44.179327","1","0.0","0.008479773998260498","-1.1328068971633911","0.8221887350082397","-1.3441627025604248","CLOSED","0.00423988699913025"
"2026-09-23T09:32:31.396860","66","2026-09-23T09:32:44.340130","1","0.0","0.008479773998260498","-0.5651124715805054","0.8486061096191406","-1.5340930223464966","CLOSED","0.00423988699913025"
"2026-09-23T09:32:31.396860","67","2026-09-23T09:32:44.499214","1","0.001824796199798584","0.006523013114929199","-1.3851035833358765","0.5851035714149475","-1.4317930936813354","CLOSED","0.00417390465736389"
"2026-09-23T09:32:31.396860","68","2026-09-23T09:32:44.648724","1","0.0","0.010436594486236572","-1.2489959001541138","0.4123169183731079","-1.5355160236358643","CLOSED","0.00521829724311829"
"2026-09-23T09:32:31.396860","69","2026-09-23T09:32:44.814657","1","0.001824796199798584","0.010436594486236572","-0.4238021969795227","0.6853328347206116","-1.922873616218567","CLOSED","0.00613069534301758"
"2026-09-23T09:32:31.396860","70","2026-09-23T09:32:44.924217","1","0.0","0.0026093721389770508","-0.6282057166099548","0.5324206948280334","-1.688844084739685","CLOSED","0.00130468606948853"
"2026-09-23T09:32:31.396860","71","2026-09-23T09:32:45.072532","1","0.004562854766845703","0.010436594486236572","-1.3832992315292358","0.6611065864562988","-1.5431578159332275","CLOSED","0.00749972462654114"
"2026-09-23T09:32:31.396860","72","2026-09-23T09:32:45.238947","1","0.004562854766845703","0.006523013114929199","-1.7957574129104614","0.5926150679588318","-1.8598212003707886","CLOSED","0.00554293394088745"
"2026-09-23T09:32:31.396860","73","2026-09-23T09:32:45.406873","1","0.004562854766845703","0.006523013114929199","-1.4559061527252197","0.8291875123977661","-1.4286097288131714","CLOSED","0.00554293394088745"
"2026-09-23T09:32:31.396860","74","2026-09-23T09:32:45.555176","1","0.0","0.004566192626953125","-1.6154091358184814","0.011545099318027496","-1.5724002122879028","CLOSED","0.00228309631347656"
"2026-09-23T09:32:31.396860","75","2026-09-23T09:32:45.742781","1","0.0","0.006523013114929199","-1.1881561279296875","0.6070517301559448","-1.850430965423584","CLOSED","0.0032615065574646"
"2026-09-23T09:32:31.396860","76","2026-09-23T09:32:45.903674","1","0.001824796199798584","0.004566192626953125","-1.2428932189941406","0.7430628538131714","-1.9500356912612915","CLOSED","0.00319549441337585"
"2026-09-23T09:32:31.396860","77","2026-09-23T09:32:46.108226","1","0.004562854766845703","0.0026093721389770508","-1.9388006925582886","0.958949625492096","-1.9839967489242554","CLOSED","0.00358611345291138"
"2026-09-23T09:32:31.396860","78","2026-09-23T09:32:46.310697","1","0.0","0.006523013114929199","-1.3817987442016602","0.5638778805732727","-1.6621016263961792","CLOSED","0.0032615065574646"
"2026-09-23T09:32:31.396860","79","2026-09-23T09:32:46.454162","1","0.0","0.010436594486236572","-2.0225720405578613","0.4117797017097473","-1.8694407939910889","CLOSED","0.00521829724311829"
"2026-09-23T09:32:31.396860","80","2026-09-23T09:32:46.630002","1","0.001824796199798584","0.010436594486236572","-2.1376984119415283","0.8977747559547424","-1.8561896085739136","CLOSED","0.00613069534301758"
"2026-09-23T09:32:31.396860","81","2026-09-23T09:32:46.754747","1","0.001824796199798584","0.010436594486236572","-2.3835930824279785","0.9402658343315125","-1.838857889175415","CLOSED","0.00613069534301758"
"2026-09-23T09:32:31.396860","82","2026-09-23T09:32:46.924121","1","0.010038912296295166","0.004566192626953125","-1.8394334316253662","0.9916690587997437","-1.9901214838027954","CLOSED","0.00730255246162415"
"2026-09-23T09:32:31.396860","83","2026-09-23T09:32:47.092524","1","0.001824796199798584","0.006523013114929199","-1.7980806827545166","0.6958522200584412","-1.3710335493087769","CLOSED","0.00417390465736389"
"2026-09-23T09:32:31.396860","84","2026-09-23T09:32:47.240474","1","0.012776970863342285","0.008479773998260498","-2.5370776653289795","0.2657144069671631","-1.5433429479599","CLOSED","0.0106283724308014"
"2026-09-23T09:32:31.396860","85","2026-09-23T09:32:47.431693","1","0.0","0.010436594486236572","-1.3329496383666992","0.7210994958877563","-1.6353684663772583","CLOSED","0.00521829724311829"
"2026-09-23T09:32:31.396860","86","2026-09-23T09:32:47.642924","1","0.0","0.006523013114929199","-0.9307013750076294","1.0005266666412354","-1.9988406896591187","CLOSED","0.0032615065574646"
"2026-09-23T09:32:31.396860","87","2026-09-23T09:32:47.799293","1","0.012776970863342285","0.004566192626953125","-1.2259845733642578","0.6140888333320618","-1.6617172956466675","CLOSED","0.00867158174514771"
"2026-09-23T09:32:31.396860","88","2026-09-23T09:32:47.969821","1","0.0","0.004566192626953125","-0.4772874116897583","0.2340441197156906","-1.3766324520111084","CLOSED","0.00228309631347656"
"2026-09-23T09:32:31.396860","89","2026-09-23T09:32:48.118977","1","0.004562854766845703","0.006523013114929199","-1.6899126768112183","0.5220531821250916","-1.9444371461868286","CLOSED","0.00554293394088745"
"2026-09-23T09:32:31.396860","90","2026-09-23T09:32:48.297354","1","0.004562854766845703","0.008479773998260498","-1.41655695438385","0.5448976159095764","-1.8067412376403809","CLOSED","0.0065213143825531"
"2026-09-23T09:32:31.396860","91","2026-09-23T09:32:48.466771","1","0.001824796199798584","0.008479773998260498","-0.4796942472457886","0.6143869161605835","-1.8422846794128418","CLOSED","0.00515228509902954"
"2026-09-23T09:32:31.396860","92","2026-09-23T09:32:48.643442","1","0.0","0.008479773998260498","-1.151045560836792","0.5114203095436096","-1.9990109205245972","CLOSED","0.00423988699913025"
"2026-09-23T09:32:31.396860","93","2026-09-23T09:32:48.813685","1","0.018253028392791748","0.010436594486236572","-1.4560906887054443","0.29202961921691895","-1.5267841815948486","CLOSED","0.0143448114395142"
"2026-09-23T09:32:31.396860","94","2026-09-23T09:32:48.970921","1","0.0","0.006523013114929199","-0.8722943067550659","0.5198196172714233","-1.5548839569091797","CLOSED","0.0032615065574646"
"2026-09-23T09:32:31.396860","95","2026-09-23T09:32:49.172644","1","0.015514969825744629","0.008479773998260498","-2.2114198207855225","0.7001082301139832","-1.908069133758545","CLOSED","0.0119973719120026"
"2026-09-23T09:32:31.396860","96","2026-09-23T09:32:49.325086","1","0.0","0.004566192626953125","-1.051792025566101","0.7439358234405518","-2.194655418395996","CLOSED","0.00228309631347656"
"2026-09-23T09:32:31.396860","97","2026-09-23T09:32:49.478161","1","0.001824796199798584","0.010436594486236572","-2.4957520961761475","0.3255799412727356","-2.1268842220306396","CLOSED","0.00613069534301758"
"2026-09-23T09:32:31.396860","98","2026-09-23T09:32:49.651580","1","0.001824796199798584","0.004566192626953125","-0.9845024943351746","0.9045660495758057","-1.8880549669265747","CLOSED","0.00319549441337585"
"2026-09-23T09:32:31.396860","99","2026-09-23T09:32:49.781987","1","0.0","0.010436594486236572","-1.4434367418289185","0.35821759700775146","-1.8734564781188965","CLOSED","0.00521829724311829"
"2026-09-23T09:32:31.396860","100","2026-09-23T09:32:49.970110","1","0.0","0.004566192626953125","-0.4218507409095764","0.928915798664093","-2.176039934158325","CLOSED","0.00228309631347656"
"2026-09-23T09:32:31.396860","101","2026-09-23T09:32:50.140048","1","0.0","0.006523013114929199","-1.5833323001861572","-0.16504240036010742","-1.7803144454956055","CLOSED","0.0032615065574646"
"2026-09-23T09:32:31.396860","102","2026-09-23T09:32:50.328196","1","0.001824796199798584","0.010436594486236572","-1.435685396194458","-0.13607996702194214","-1.2707751989364624","CLOSED","0.00613069534301758"
"2026-09-23T09:32:31.396860","103","2026-09-23T09:32:50.482529","1","0.001824796199798584","0.008479773998260498","-1.9039047956466675","-0.49230074882507324","-1.4129729270935059","CLOSED","0.00515228509902954"
"2026-09-23T09:32:31.396860","104","2026-09-23T09:32:50.664182","1","0.001824796199798584","0.008479773998260498","-1.0579208135604858","0.8493872284889221","-1.9385976791381836","CLOSED","0.00515228509902954"
"2026-09-23T09:32:31.396860","105","2026-09-23T09:32:50.864965","1","0.0","0.006523013114929199","-0.4057813584804535","1.111780047416687","-2.1199581623077393","CLOSED","0.0032615065574646"
"2026-09-23T09:32:31.396860","106","2026-09-23T09:32:51.059942","1","0.0","0.004566192626953125","-0.8433826565742493","0.847834587097168","-2.31742787361145","CLOSED","0.00228309631347656"
"2026-09-23T09:32:31.396860","107","2026-09-23T09:32:51.220043","1","0.001824796199798584","0.008479773998260498","-1.848518967628479","-0.1718839555978775","-1.7892416715621948","CLOSED","0.00515228509902954"
"2026-09-23T09:32:31.396860","108","2026-09-23T09:32:51.385122","1","0.0","0.0026093721389770508","-0.9682967662811279","-0.27955162525177","-2.0809948444366455","CLOSED","0.00130468606948853"
"2026-09-23T09:32:31.396860","109","2026-09-23T09:32:51.529222","1","0.001824796199798584","0.004566192626953125","-0.7031867504119873","0.5070617198944092","-2.301522970199585","CLOSED","0.00319549441337585"
"2026-09-23T09:32:31.396860","110","2026-09-23T09:32:51.698585","1","0.0","0.010436594486236572","-1.4066892862319946","-0.04466025158762932","-2.200542688369751","CLOSED","0.00521829724311829"
"2026-09-23T09:32:31.396860","111","2026-09-23T09:32:51.943270","1","0.0","0.0026093721389770508","-1.337336778640747","0.22248001396656036","-2.4139630794525146","CLOSED","0.00130468606948853"
"2026-09-23T09:32:31.396860","112","2026-09-23T09:32:52.554745","1","0.0","0.0026093721389770508","-1.2328637838363647","0.7729999423027039","-2.7186975479125977","CLOSED","0.00130468606948853"
"2026-09-23T09:32:59.081755","1","2026-09-23T09:33:01.871018","1","0.062496304512023926","0.14842408895492554","3.0028269290924072","-1.3300946950912476","2.807253837585449","CLOSED","0.105460196733475"
"2026-09-23T09:32:59.081755","2","2026-09-23T09:33:02.056340","1","0.13616210222244263","0.22126847505569458","3.977085590362549","-1.5647705793380737","1.7602711915969849","CLOSED","0.178715288639069"
"2026-09-23T09:32:59.081755","3","2026-09-23T09:33:02.232002","1","0.9511713981628418","0.8717538714408875","1.9629535675048828","-0.9268718957901001","0.1698451042175293","CLOSED","0.911462634801865"
"2026-09-23T09:32:59.081755","4","2026-09-23T09:33:02.439312","1","0.9493870735168457","0.886478841304779","0.4978909492492676","-1.2646592855453491","-0.2729746103286743","CLOSED","0.917932957410812"
"2026-09-23T09:32:59.081755","5","2026-09-23T09:33:02.619074","1","0.9928528666496277","0.9946150779724121","-2.1073873043060303","-0.9248838424682617","-0.912345826625824","CLOSED","0.99373397231102"
"2026-09-23T09:32:59.081755","6","2026-09-23T09:33:02.799444","1","0.9918690919876099","0.9946150779724121","-1.196524739265442","-0.9292177557945251","0.8542395830154419","CLOSED","0.993242084980011"
"2026-09-23T09:32:59.081755","7","2026-09-23T09:33:02.951499","1","0.990864634513855","0.9965211153030396","-2.3265480995178223","-0.861243486404419","1.2601245641708374","CLOSED","0.993692874908447"
"2026-09-23T09:32:59.081755","8","2026-09-23T09:33:03.117881","1","0.9893174171447754","0.9971305727958679","-2.7768967151641846","-0.8284206986427307","1.4156951904296875","CLOSED","0.993223994970322"
"2026-09-23T09:32:59.081755","9","2026-09-23T09:33:03.271729","1","0.9877196550369263","0.9925832152366638","-2.4099605083465576","-0.6412507891654968","1.1932426691055298","CLOSED","0.990151435136795"
"2026-09-23T09:32:59.081755","10","2026-09-23T09:33:03.423585","1","0.9828804135322571","0.3133024573326111","-2.557605028152466","-1.3616787195205688","1.048850178718567","CLOSED","0.648091435432434"
"2026-09-23T09:32:59.081755","11","2026-09-23T09:33:03.556276","1","0.020991027355194092","0.021787047386169434","0.3133845031261444","-0.710902214050293","1.1567343473434448","CLOSED","0.0213890373706818"
"2026-09-23T09:32:59.081755","12","2026-09-23T09:33:03.776780","1","0.004562854766845703","0.008479773998260498","0.7748749852180481","-0.9479182958602905","1.8063719272613525","CLOSED","0.0065213143825531"
"2026-09-23T09:32:59.081755","13","2026-09-23T09:33:03.917391","1","0.001824796199798584","0.010436594486236572","0.24257178604602814","-0.7347264289855957","2.4859468936920166","CLOSED","0.00613069534301758"
"2026-09-23T09:32:59.081755","14","2026-09-23T09:33:04.060041","1","0.0","0.008479773998260498","0.14926029741764069","-1.113221287727356","2.5853195190429688","CLOSED","0.00423988699913025"
"2026-09-23T09:32:59.081755","15","2026-09-23T09:33:04.228412","1","0.0","0.008479773998260498","-0.972539484500885","-0.41602763533592224","2.581770896911621","CLOSED","0.00423988699913025"
"2026-09-23T09:32:59.081755","16","2026-09-23T09:33:04.365592","1","0.0","0.004566192626953125","-0.16101115942001343","-0.5339831113815308","2.2975003719329834","CLOSED","0.00228309631347656"
"2026-09-23T09:32:59.081755","17","2026-09-23T09:33:04.523136","1","0.0","0.008479773998260498","0.2870938777923584","-0.3962433338165283","1.9685328006744385","CLOSED","0.00423988699913025"
"2026-09-23T09:32:59.081755","18","2026-09-23T09:33:04.723231","1","0.0","0.008479773998260498","0.16958364844322205","-0.1359087973833084","1.833425521850586","CLOSED","0.00423988699913025"
"2026-09-23T09:32:59.081755","19","2026-09-23T09:33:04.882258","1","0.0","0.008479773998260498","0.06499842554330826","-0.15465326607227325","1.5685644149780273","CLOSED","0.00423988699913025"
"2026-09-23T09:32:59.081755","20","2026-09-23T09:33:05.053077","1","0.0","0.012393414974212646","0.917378306388855","0.003941318951547146","1.5429433584213257","CLOSED","0.00619670748710632"
"2026-09-23T09:32:59.081755","21","2026-09-23T09:33:05.195999","1","0.0","0.008479773998260498","0.2717956006526947","-0.2915281355381012","1.769927740097046","CLOSED","0.00423988699913025"
"2026-09-23T09:32:59.081755","22","2026-09-23T09:33:05.343251","1","0.0","0.008479773998260498","1.2184749841690063","0.0063570705242455006","1.5758180618286133","CLOSED","0.00423988699913025"
"2026-09-23T09:32:59.081755","23","2026-09-23T09:33:05.512188","1","0.0","0.019214868545532227","1.72440505027771","-0.23839455842971802","1.5860977172851562","CLOSED","0.00960743427276611"
"2026-09-23T09:32:59.081755","24","2026-09-23T09:33:05.660274","1","0.0","0.010436594486236572","0.5011888742446899","-0.557453989982605","1.9451911449432373","CLOSED","0.00521829724311829"
"2026-09-23T09:32:59.081755","25","2026-09-23T09:33:05.813956","1","0.0","0.006523013114929199","0.8144208192825317","-0.5157291293144226","1.8563340902328491","CLOSED","0.0032615065574646"
"2026-09-23T09:32:59.081755","26","2026-09-23T09:33:06.013189","1","0.004562854766845703","0.012393414974212646","0.4911242425441742","-0.8189584016799927","1.8301973342895508","CLOSED","0.00847813487052917"
"2026-09-23T09:32:59.081755","27","2026-09-23T09:33:06.177532","1","0.004562854766845703","0.006523013114929199","1.5403555631637573","-0.17210803925991058","1.5754711627960205","CLOSED","0.00554293394088745"
"2026-09-23T09:32:59.081755","28","2026-09-23T09:33:06.339708","1","0.001824796199798584","0.012393414974212646","0.7127077579498291","-0.26651063561439514","1.689984679222107","CLOSED","0.00710910558700562"
"2026-09-23T09:32:59.081755","29","2026-09-23T09:33:06.506762","1","0.004562854766845703","0.006523013114929199","0.967386782169342","-0.34292611479759216","1.6327866315841675","CLOSED","0.00554293394088745"
"2026-09-23T09:32:59.081755","30","2026-09-23T09:33:06.691463","1","0.004562854766845703","0.008479773998260498","0.8656609058380127","-0.4497874081134796","1.956743836402893","CLOSED","0.0065213143825531"
"2026-09-23T09:32:59.081755","31","2026-09-23T09:33:06.823202","1","0.004562854766845703","0.004566192626953125","0.5907761454582214","-0.45206692814826965","1.9524469375610352","CLOSED","0.00456452369689941"
"2026-09-23T09:32:59.081755","32","2026-09-23T09:33:07.008743","1","0.004562854766845703","0.0026093721389770508","0.44049376249313354","-0.5737963914871216","1.6332523822784424","CLOSED","0.00358611345291138"
"2026-09-23T09:32:59.081755","33","2026-09-23T09:33:07.199587","1","0.004562854766845703","0.008479773998260498","0.2692829370498657","-0.23509658873081207","1.308855414390564","CLOSED","0.0065213143825531"
"2026-09-23T09:32:59.081755","34","2026-09-23T09:33:07.378665","1","0.010038912296295166","0.004566192626953125","0.6787814497947693","-0.19714605808258057","1.4809411764144897","CLOSED","0.00730255246162415"
"2026-09-23T09:32:59.081755","35","2026-09-23T09:33:07.550848","1","0.004562854766845703","0.004566192626953125","0.23043350875377655","-0.8177996277809143","1.6332615613937378","CLOSED","0.00456452369689941"
"2026-09-23T09:32:59.081755","36","2026-09-23T09:33:07.718058","1","0.007300853729248047","0.004566192626953125","0.34713029861450195","-0.42985638976097107","1.3375416994094849","CLOSED","0.00593352317810059"
"2026-09-23T09:32:59.081755","37","2026-09-23T09:33:07.864146","1","0.012776970863342285","0.0026093721389770508","0.4969964325428009","-0.31104549765586853","1.547893762588501","CLOSED","0.00769317150115967"
"2026-09-23T09:32:59.081755","38","2026-09-23T09:33:08.042272","1","0.0","0.008479773998260498","0.34988832473754883","-0.2390967756509781","1.3814033269882202","CLOSED","0.00423988699913025"
"2026-09-23T09:32:59.081755","39","2026-09-23T09:33:08.227730","1","0.010038912296295166","0.004566192626953125","0.2615116536617279","-0.1571434736251831","1.5816130638122559","CLOSED","0.00730255246162415"
"2026-09-23T09:32:59.081755","40","2026-09-23T09:33:08.417499","1","0.012776970863342285","0.004566192626953125","0.20026277005672455","-0.6829468011856079","2.158308744430542","CLOSED","0.00867158174514771"
"2026-09-23T09:32:59.081755","41","2026-09-23T09:33:08.550422","1","0.004562854766845703","0.004566192626953125","1.0343817472457886","-0.6165900230407715","1.505860447883606","CLOSED","0.00456452369689941"
"2026-09-23T09:32:59.081755","42","2026-09-23T09:33:08.737181","1","0.007300853729248047","0.0026093721389770508","1.1259498596191406","0.7908393144607544","0.6107972264289856","CLOSED","0.00495511293411255"
"2026-09-23T09:32:59.081755","43","2026-09-23T09:33:08.902214","1","0.004562854766845703","0.006523013114929199","-0.0823763981461525","0.8334335684776306","0.580980658531189","CLOSED","0.00554293394088745"
"2026-09-23T09:32:59.081755","44","2026-09-23T09:33:09.064885","1","0.012776970863342285","0.000652611255645752","1.8170464038848877","-0.2175413966178894","1.2250895500183105","CLOSED","0.00671479105949402"
"2026-09-23T09:32:59.081755","45","2026-09-23T09:33:09.210802","1","0.004562854766845703","0.0208626389503479","-0.12880735099315643","0.4405633807182312","0.9684187769889832","CLOSED","0.0127127468585968"
"2026-09-23T09:32:59.081755","46","2026-09-23T09:33:09.430364","1","0.010038912296295166","0.008479773998260498","0.23889952898025513","0.4216441214084625","1.371185541152954","CLOSED","0.00925934314727783"
"2026-09-23T09:32:59.081755","47","2026-09-23T09:33:09.590721","1","0.004562854766845703","0.004566192626953125","0.8973790407180786","-1.4669488668441772","2.85105562210083","CLOSED","0.00456452369689941"
"2026-09-23T09:32:59.081755","48","2026-09-23T09:33:09.756648","1","0.020991027355194092","0.008479773998260498","-0.05156593769788742","-2.7059438228607178","4.055362224578857","CLOSED","0.0147354006767273"
"2026-09-23T09:32:59.081755","49","2026-09-23T09:33:09.943729","1","0.004562854766845703","0.012393414974212646","0.07433456182479858","-2.192695140838623","3.7427704334259033","CLOSED","0.00847813487052917"
"2026-09-23T09:32:59.081755","50","2026-09-23T09:33:10.094720","1","0.015514969825744629","0.0026093721389770508","1.004789113998413","-0.9560789465904236","2.40275239944458","CLOSED","0.00906217098236084"
"2026-09-23T09:32:59.081755","51","2026-09-23T09:33:10.244659","1","0.007300853729248047","0.008479773998260498","0.16006967425346375","-0.3988114297389984","1.5729494094848633","CLOSED","0.00789031386375427"
"2026-09-23T09:32:59.081755","52","2026-09-23T09:33:10.392096","1","0.010038912296295166","0.008479773998260498","1.168670892715454","-0.23094116151332855","1.5977842807769775","CLOSED","0.00925934314727783"
"2026-09-23T09:32:59.081755","53","2026-09-23T09:33:10.555453","1","0.015514969825744629","0.006523013114929199","1.1955770254135132","-0.2861185371875763","1.4035077095031738","CLOSED","0.0110189914703369"
"2026-09-23T09:32:59.081755","54","2026-09-23T09:33:10.720667","1","0.015514969825744629","0.006523013114929199","0.5420675277709961","-0.6615216135978699","1.5882502794265747","CLOSED","0.0110189914703369"
"2026-09-23T09:32:59.081755","55","2026-09-23T09:33:10.954784","1","0.012776970863342285","0.012393414974212646","1.5173001289367676","-0.2429824024438858","1.9785411357879639","CLOSED","0.0125851929187775"
"2026-09-23T09:32:59.081755","56","2026-09-23T09:33:11.123548","1","0.004562854766845703","0.004566192626953125","0.9214823246002197","-0.39260026812553406","2.1359472274780273","CLOSED","0.00456452369689941"
"2026-09-23T09:32:59.081755","57","2026-09-23T09:33:11.304515","1","0.010038912296295166","0.0026093721389770508","1.2619707584381104","-0.7872627377510071","1.86848783493042","CLOSED","0.00632414221763611"
"2026-09-23T09:32:59.081755","58","2026-09-23T09:33:11.488343","1","0.010038912296295166","0.008479773998260498","1.4333083629608154","-0.08713480830192566","1.8037338256835938","CLOSED","0.00925934314727783"
"2026-09-23T09:32:59.081755","59","2026-09-23T09:33:11.682108","1","0.007300853729248047","0.006523013114929199","0.5919958353042603","-0.2797326147556305","1.821763038635254","CLOSED","0.00691193342208862"
"2026-09-23T09:32:59.081755","60","2026-09-23T09:33:11.856487","1","0.007300853729248047","0.010436594486236572","1.8253521919250488","0.015752211213111877","2.050644874572754","CLOSED","0.00886872410774231"
"2026-09-23T09:32:59.081755","61","2026-09-23T09:33:12.019778","1","0.001824796199798584","0.008479773998260498","0.8855774998664856","-0.1353171020746231","2.1828746795654297","CLOSED","0.00515228509902954"
"2026-09-23T09:32:59.081755","62","2026-09-23T09:33:12.180469","1","0.001824796199798584","0.021324872970581055","1.6766055822372437","0.4113138020038605","1.8596484661102295","CLOSED","0.0115748345851898"
"2026-09-23T09:32:59.081755","63","2026-09-23T09:33:12.346308","1","0.001824796199798584","0.006523013114929199","-0.279488742351532","-0.41860494017601013","2.2880165576934814","CLOSED","0.00417390465736389"
"2026-09-23T09:32:59.081755","64","2026-09-23T09:33:12.499665","1","0.001824796199798584","0.008479773998260498","0.8044450879096985","-0.15582595765590668","2.041563034057617","CLOSED","0.00515228509902954"
"2026-09-23T09:32:59.081755","65","2026-09-23T09:33:12.675789","1","0.001824796199798584","0.0208626389503479","0.6724233031272888","0.316794753074646","2.088958501815796","CLOSED","0.0113437175750732"
"2026-09-23T09:32:59.081755","66","2026-09-23T09:33:12.831415","1","0.007300853729248047","0.010436594486236572","1.039581060409546","0.07126263529062271","2.0561676025390625","CLOSED","0.00886872410774231"
"2026-09-23T09:32:59.081755","67","2026-09-23T09:33:12.991470","1","0.001824796199798584","0.006523013114929199","1.065575361251831","0.12389972805976868","2.222832202911377","CLOSED","0.00417390465736389"
"2026-09-23T09:32:59.081755","68","2026-09-23T09:33:13.168874","1","0.004562854766845703","0.012393414974212646","0.348185658454895","-0.4539417624473572","2.3926570415496826","CLOSED","0.00847813487052917"
"2026-09-23T09:32:59.081755","69","2026-09-23T09:33:13.346633","1","0.010038912296295166","0.012393414974212646","1.1088414192199707","-0.11339525133371353","2.2568359375","CLOSED","0.0112161636352539"
"2026-09-23T09:32:59.081755","70","2026-09-23T09:33:13.545378","1","0.001824796199798584","0.008479773998260498","-0.43366551399230957","-0.020993804559111595","2.200697422027588","CLOSED","0.00515228509902954"
"2026-09-23T09:32:59.081755","71","2026-09-23T09:33:13.732702","1","0.010038912296295166","0.012393414974212646","0.4166448712348938","-0.10675062984228134","2.0742297172546387","CLOSED","0.0112161636352539"
"2026-09-23T09:32:59.081755","72","2026-09-23T09:33:13.845503","1","0.001824796199798584","0.0208626389503479","0.9948287606239319","0.053789589554071426","2.0095338821411133","CLOSED","0.0113437175750732"
"2026-09-23T09:32:59.081755","73","2026-09-23T09:33:13.972227","1","0.004562854766845703","0.012393414974212646","1.5340055227279663","-0.11852540075778961","1.9941058158874512","CLOSED","0.00847813487052917"
"2026-09-23T09:32:59.081755","74","2026-09-23T09:33:14.147806","1","0.004562854766845703","0.006523013114929199","-0.2868395447731018","-0.2738094925880432","1.971496820449829","CLOSED","0.00554293394088745"
"2026-09-23T09:32:59.081755","75","2026-09-23T09:33:14.334811","1","0.010038912296295166","0.012393414974212646","0.9027351140975952","0.10090885311365128","2.3482775688171387","CLOSED","0.0112161636352539"
"2026-09-23T09:32:59.081755","76","2026-09-23T09:33:14.501859","1","0.007300853729248047","0.021324872970581055","0.14036427438259125","0.11983127146959305","2.305664300918579","CLOSED","0.0143128633499146"
"2026-09-23T09:32:59.081755","77","2026-09-23T09:33:14.666241","1","0.004562854766845703","0.012393414974212646","0.5284722447395325","-0.04257851094007492","2.297272205352783","CLOSED","0.00847813487052917"
"2026-09-23T09:32:59.081755","78","2026-09-23T09:33:14.858664","1","0.001824796199798584","0.010436594486236572","0.27398550510406494","-0.011651900596916676","2.0749270915985107","CLOSED","0.00613069534301758"
"2026-09-23T09:32:59.081755","79","2026-09-23T09:33:15.016965","1","0.004562854766845703","0.010436594486236572","0.047452691942453384","0.2526068687438965","2.077937364578247","CLOSED","0.00749972462654114"
"2026-09-23T09:32:59.081755","80","2026-09-23T09:33:15.151367","1","0.004562854766845703","0.008479773998260498","-0.14980778098106384","-0.3452354371547699","2.14859676361084","CLOSED","0.0065213143825531"
"2026-09-23T09:32:59.081755","81","2026-09-23T09:33:15.350286","1","0.004562854766845703","0.008479773998260498","0.040634557604789734","-0.05810604244470596","2.2245142459869385","CLOSED","0.0065213143825531"
"2026-09-23T09:32:59.081755","82","2026-09-23T09:33:15.520090","1","0.007300853729248047","0.008479773998260498","0.387054443359375","0.14341847598552704","2.1828393936157227","CLOSED","0.00789031386375427"
"2026-09-23T09:32:59.081755","83","2026-09-23T09:33:15.673205","1","0.004562854766845703","0.012393414974212646","-0.5811419486999512","-0.052886079996824265","2.3753159046173096","CLOSED","0.00847813487052917"
"2026-09-23T09:32:59.081755","84","2026-09-23T09:33:15.826950","1","0.001824796199798584","0.008479773998260498","-0.23135465383529663","0.07019543647766113","2.3294894695281982","CLOSED","0.00515228509902954"
"2026-09-23T09:32:59.081755","85","2026-09-23T09:33:16.017828","1","0.010038912296295166","0.010436594486236572","0.954568088054657","0.2222670316696167","2.107374429702759","CLOSED","0.0102377533912659"
"2026-09-23T09:32:59.081755","86","2026-09-23T09:33:16.163445","1","0.007300853729248047","0.012393414974212646","0.8877151012420654","-0.022995734587311745","2.093196153640747","CLOSED","0.00984713435173035"
"2026-09-23T09:32:59.081755","87","2026-09-23T09:33:16.335804","1","0.001824796199798584","0.019214868545532227","0.8910603523254395","0.04025500640273094","1.9966388940811157","CLOSED","0.0105198323726654"
"2026-09-23T09:32:59.081755","88","2026-09-23T09:33:16.474152","1","0.001824796199798584","0.006523013114929199","-0.6245512366294861","0.23298604786396027","2.087838888168335","CLOSED","0.00417390465736389"
"2026-09-23T09:32:59.081755","89","2026-09-23T09:33:16.621813","1","0.007300853729248047","0.004566192626953125","1.0304782390594482","0.07902859151363373","1.8021947145462036","CLOSED","0.00593352317810059"
"2026-09-23T09:32:59.081755","90","2026-09-23T09:33:16.807891","1","0.004562854766845703","0.008479773998260498","0.5727032423019409","0.5169863700866699","1.8878633975982666","CLOSED","0.0065213143825531"
"2026-09-23T09:32:59.081755","91","2026-09-23T09:33:16.968181","1","0.004562854766845703","0.012393414974212646","0.6311852335929871","0.1537170708179474","1.8131736516952515","CLOSED","0.00847813487052917"
"2026-09-23T09:32:59.081755","92","2026-09-23T09:33:17.130501","1","0.007300853729248047","0.010436594486236572","-0.7603395581245422","0.15197858214378357","1.8539018630981445","CLOSED","0.00886872410774231"
"2026-09-23T09:32:59.081755","93","2026-09-23T09:33:17.283551","1","0.004562854766845703","0.008479773998260498","0.23130381107330322","0.3825269043445587","1.8943393230438232","CLOSED","0.0065213143825531"
"2026-09-23T09:32:59.081755","94","2026-09-23T09:33:17.448930","1","0.001824796199798584","0.010436594486236572","0.13718070089817047","0.05430850014090538","2.0070695877075195","CLOSED","0.00613069534301758"
"2026-09-23T09:32:59.081755","95","2026-09-23T09:33:17.612798","1","0.007300853729248047","0.010436594486236572","-0.12918607890605927","0.15591329336166382","1.9560670852661133","CLOSED","0.00886872410774231"
"2026-09-23T09:32:59.081755","96","2026-09-23T09:33:17.772758","1","0.007300853729248047","0.008479773998260498","0.13144584000110626","0.013093159534037113","2.072113037109375","CLOSED","0.00789031386375427"
"2026-09-23T09:32:59.081755","97","2026-09-23T09:33:17.936456","1","0.004562854766845703","0.012393414974212646","0.20895718038082123","0.4985003173351288","1.973793864250183","CLOSED","0.00847813487052917"
"2026-09-23T09:32:59.081755","98","2026-09-23T09:33:18.131433","1","0.004562854766845703","0.008479773998260498","0.24543654918670654","0.4226568937301636","2.052785873413086","CLOSED","0.0065213143825531"
"2026-09-23T09:32:59.081755","99","2026-09-23T09:33:18.306916","1","0.010038912296295166","0.006523013114929199","1.2568299770355225","-0.25448599457740784","2.176146984100342","CLOSED","0.00828096270561218"
"2026-09-23T09:32:59.081755","100","2026-09-23T09:33:18.523052","1","0.02372908592224121","0.019214868545532227","1.730051040649414","-0.006070978473871946","2.013723611831665","CLOSED","0.0214719772338867"
"2026-09-23T09:32:59.081755","101","2026-09-23T09:33:18.701228","1","0.004562854766845703","0.019214868545532227","0.9942025542259216","0.35190922021865845","1.6372802257537842","CLOSED","0.011888861656189"
"2026-09-23T09:32:59.081755","102","2026-09-23T09:33:18.880695","1","0.007300853729248047","0.019214868545532227","1.2903709411621094","0.17124514281749725","1.8257102966308594","CLOSED","0.0132578611373901"
"2026-09-23T09:32:59.081755","103","2026-09-23T09:33:19.057309","1","0.010038912296295166","0.010436594486236572","0.9418519139289856","0.32244816422462463","1.8271771669387817","CLOSED","0.0102377533912659"
"2026-09-23T09:32:59.081755","104","2026-09-23T09:33:19.217159","1","0.004562854766845703","0.0208626389503479","0.9273836612701416","-0.03461405262351036","1.7757132053375244","CLOSED","0.0127127468585968"
"2026-09-23T09:32:59.081755","105","2026-09-23T09:33:19.379030","1","0.0","0.012393414974212646","0.6231830716133118","0.43353626132011414","1.8751293420791626","CLOSED","0.00619670748710632"
"2026-09-23T09:32:59.081755","106","2026-09-23T09:33:19.535329","1","0.004562854766845703","0.008479773998260498","0.335271418094635","0.13456173241138458","1.9881024360656738","CLOSED","0.0065213143825531"
"2026-09-23T09:32:59.081755","107","2026-09-23T09:33:19.701481","1","0.001824796199798584","0.010436594486236572","0.6293203830718994","-0.03443390130996704","1.92036771774292","CLOSED","0.00613069534301758"
"2026-09-23T09:32:59.081755","108","2026-09-23T09:33:19.850492","1","0.007300853729248047","0.012393414974212646","0.18351323902606964","0.29647397994995117","1.7451199293136597","CLOSED","0.00984713435173035"
"2026-09-23T09:32:59.081755","109","2026-09-23T09:33:20.021490","1","0.004562854766845703","0.008479773998260498","0.4106081426143646","0.19325079023838043","1.774582028388977","CLOSED","0.0065213143825531"
"2026-09-23T09:32:59.081755","110","2026-09-23T09:33:20.179698","1","0.010038912296295166","0.008479773998260498","0.9319405555725098","0.16618122160434723","1.720810890197754","CLOSED","0.00925934314727783"
"2026-09-23T09:32:59.081755","111","2026-09-23T09:33:20.339894","1","0.004562854766845703","0.008479773998260498","0.011722628958523273","0.8448053002357483","1.6512128114700317","CLOSED","0.0065213143825531"
"2026-09-23T09:32:59.081755","112","2026-09-23T09:33:20.481481","1","0.004562854766845703","0.008479773998260498","0.7423988580703735","-0.11311627924442291","1.687606692314148","CLOSED","0.0065213143825531"
"2026-09-23T09:32:59.081755","113","2026-09-23T09:33:20.643258","1","0.004562854766845703","0.021324872970581055","1.0296317338943481","0.027677318081259727","1.9642871618270874","CLOSED","0.0129438638687134"
"2026-09-23T09:32:59.081755","114","2026-09-23T09:33:20.817790","1","0.007300853729248047","0.0208626389503479","1.0948015451431274","-0.256001740694046","1.901803731918335","CLOSED","0.014081746339798"
"2026-09-23T09:32:59.081755","115","2026-09-23T09:33:21.004377","1","0.007300853729248047","0.008479773998260498","1.8956608772277832","0.260708749294281","1.802299976348877","CLOSED","0.00789031386375427"
"2026-09-23T09:32:59.081755","116","2026-09-23T09:33:21.153017","1","0.004562854766845703","0.012393414974212646","1.1932955980300903","-0.0010551982559263706","1.640472650527954","CLOSED","0.00847813487052917"
"2026-09-23T09:32:59.081755","117","2026-09-23T09:33:21.310446","1","0.007300853729248047","0.021324872970581055","1.7186572551727295","0.35457831621170044","1.6690140962600708","CLOSED","0.0143128633499146"
"2026-09-23T09:32:59.081755","118","2026-09-23T09:33:21.501429","1","0.015514969825744629","0.012393414974212646","1.2933753728866577","0.4854605793952942","1.5294471979141235","CLOSED","0.0139541923999786"
"2026-09-23T09:32:59.081755","119","2026-09-23T09:33:21.644079","1","0.007300853729248047","0.008479773998260498","1.003008246421814","0.08239169418811798","1.4619213342666626","CLOSED","0.00789031386375427"
"2026-09-23T09:32:59.081755","120","2026-09-23T09:33:21.801999","1","0.015514969825744629","0.010436594486236572","0.5592139363288879","0.2102019041776657","1.5246541500091553","CLOSED","0.0129757821559906"
"2026-09-23T09:32:59.081755","121","2026-09-23T09:33:21.949477","1","0.012776970863342285","0.004566192626953125","1.0198984146118164","0.1309434473514557","1.4509021043777466","CLOSED","0.00867158174514771"
"2026-09-23T09:32:59.081755","122","2026-09-23T09:33:22.154296","1","0.004562854766845703","0.008479773998260498","0.8850864171981812","-0.11659006774425507","1.572042465209961","CLOSED","0.0065213143825531"
"2026-09-23T09:32:59.081755","123","2026-09-23T09:33:22.323544","1","0.010038912296295166","0.010436594486236572","0.7099630832672119","0.09948311746120453","1.3661935329437256","CLOSED","0.0102377533912659"
"2026-09-23T09:32:59.081755","124","2026-09-23T09:33:22.514065","1","0.012776970863342285","0.006523013114929199","0.8276429176330566","0.12048806995153427","1.2908426523208618","CLOSED","0.00964999198913574"
"2026-09-23T09:32:59.081755","125","2026-09-23T09:33:23.083998","1","0.015514969825744629","0.006523013114929199","0.9729514718055725","-0.2321552038192749","1.807396650314331","CLOSED","0.0110189914703369"
"2026-09-23T09:33:55.119278","1","2026-09-23T09:33:57.076732","1","0.9842807650566101","0.9713870286941528","3.291783332824707","-1.9621477127075195","2.580076217651367","CLOSED","0.977833896875381"
"2026-09-23T09:33:55.119278","2","2026-09-23T09:33:57.342330","1","0.9861093163490295","0.9880889058113098","1.680368423461914","-1.5692939758300781","1.594813346862793","CLOSED","0.98709911108017"
"2026-09-23T09:33:55.119278","3","2026-09-23T09:33:57.546318","1","0.9913694858551025","0.9965211153030396","0.44690269231796265","-2.1013073921203613","1.8660650253295898","CLOSED","0.993945300579071"
"2026-09-23T09:33:55.119278","4","2026-09-23T09:33:57.719184","1","0.9938164353370667","0.9962117075920105","-1.1809664964675903","-2.004004955291748","0.9147235751152039","CLOSED","0.995014071464539"
"2026-09-23T09:33:55.119278","5","2026-09-23T09:33:59.475136","1","0.19043755531311035","0.0208626389503479","0.9826498627662659","-1.5918339490890503","0.6658034324645996","CLOSED","0.105650097131729"
"2026-09-23T09:33:55.119278","6","2026-09-23T09:33:59.626832","1","0.001824796199798584","0.0026093721389770508","1.5155322551727295","-1.5956294536590576","1.0562071800231934","CLOSED","0.00221708416938782"
"2026-09-23T09:33:55.119278","7","2026-09-23T09:33:59.777733","1","0.001824796199798584","0.0026093721389770508","0.6388802528381348","-1.6944855451583862","1.0403186082839966","CLOSED","0.00221708416938782"
"2026-09-23T09:33:55.119278","8","2026-09-23T09:34:00.103615","1","0.001824796199798584","0.0026093721389770508","1.763960599899292","-1.947860598564148","0.8401136994361877","CLOSED","0.00221708416938782"
"2026-09-23T09:33:55.119278","9","2026-09-23T09:34:00.426053","1","0.0","0.0026093721389770508","0.5352998375892639","-1.6147241592407227","0.8186134696006775","CLOSED","0.00130468606948853"
"2026-09-23T09:33:55.119278","10","2026-09-23T09:34:02.121165","1","0.001824796199798584","0.0026093721389770508","0.7066895365715027","-2.292699098587036","0.971477210521698","CLOSED","0.00221708416938782"
"2026-09-23T09:33:55.119278","11","2026-09-23T09:34:04.191684","1","0.001824796199798584","0.010436594486236572","0.4611878991127014","-1.4726852178573608","0.5683947205543518","CLOSED","0.00613069534301758"
"2026-09-23T09:33:55.119278","12","2026-09-23T09:34:04.371176","1","0.001824796199798584","0.010436594486236572","0.7489367723464966","-1.9143986701965332","0.7245444655418396","CLOSED","0.00613069534301758"
"2026-09-23T09:33:55.119278","13","2026-09-23T09:34:04.564965","1","0.001824796199798584","0.004566192626953125","0.5034686326980591","-1.8267974853515625","0.865567684173584","CLOSED","0.00319549441337585"
"2026-09-23T09:33:55.119278","14","2026-09-23T09:34:04.762727","1","0.004562854766845703","0.004566192626953125","1.3086297512054443","-1.893851399421692","0.7566343545913696","CLOSED","0.00456452369689941"
"2026-09-23T09:33:55.119278","15","2026-09-23T09:34:04.922470","1","0.004562854766845703","0.006523013114929199","1.8092044591903687","-1.59456205368042","0.7458682656288147","CLOSED","0.00554293394088745"
"2026-09-23T09:33:55.119278","16","2026-09-23T09:34:05.087038","1","0.001824796199798584","0.006523013114929199","1.247688889503479","-1.803236722946167","0.6041296124458313","CLOSED","0.00417390465736389"
"2026-09-23T09:33:55.119278","17","2026-09-23T09:34:05.262828","1","0.001824796199798584","0.0026093721389770508","2.757258415222168","-1.912688136100769","0.9556350111961365","CLOSED","0.00221708416938782"
"2026-09-23T09:33:55.119278","18","2026-09-23T09:34:05.446282","1","0.0","0.000652611255645752","3.064976692199707","-1.8409184217453003","0.9099244475364685","CLOSED","0.000326305627822876"
"2026-09-23T09:33:55.119278","19","2026-09-23T09:34:05.625702","1","0.004562854766845703","0.006523013114929199","2.408857822418213","-1.5439680814743042","0.610991895198822","CLOSED","0.00554293394088745"
"2026-09-23T09:33:55.119278","20","2026-09-23T09:34:05.769134","1","0.001824796199798584","0.000652611255645752","3.0300586223602295","-1.861924409866333","0.8166937232017517","CLOSED","0.00123870372772217"
"2026-09-23T09:33:55.119278","21","2026-09-23T09:34:05.921509","1","0.0","0.0026093721389770508","3.0377631187438965","-1.7301305532455444","0.7397086024284363","CLOSED","0.00130468606948853"
"2026-09-23T09:33:55.119278","22","2026-09-23T09:34:06.097282","1","0.0","0.0026093721389770508","2.2240121364593506","-1.7772232294082642","0.4397650957107544","CLOSED","0.00130468606948853"
"2026-09-23T09:33:55.119278","23","2026-09-23T09:34:06.288355","1","0.004562854766845703","0.0026093721389770508","2.417123556137085","-1.3165106773376465","0.4717155694961548","CLOSED","0.00358611345291138"
"2026-09-23T09:33:55.119278","24","2026-09-23T09:34:06.427885","1","0.0","0.0","3.0274760723114014","-1.507079005241394","0.2391139715909958","CLOSED","0"
"2026-09-23T09:33:55.119278","25","2026-09-23T09:34:06.660456","1","0.001824796199798584","0.0","2.6532015800476074","-1.8513705730438232","0.1300286501646042","CLOSED","0.000912398099899292"
"2026-09-23T09:33:55.119278","26","2026-09-23T09:34:06.827837","1","0.0","0.0","2.237391710281372","-1.7148141860961914","0.33655843138694763","CLOSED","0"
"2026-09-23T09:33:55.119278","27","2026-09-23T09:34:07.013130","1","0.0","0.000652611255645752","2.0704994201660156","-1.892661690711975","0.339938759803772","CLOSED","0.000326305627822876"
"2026-09-23T09:33:55.119278","28","2026-09-23T09:34:07.170509","1","0.007300853729248047","0.0","3.0733871459960938","-1.8753796815872192","0.18944816291332245","CLOSED","0.00365042686462402"
"2026-09-23T09:33:55.119278","29","2026-09-23T09:34:07.310893","1","0.0","0.0","2.573666572570801","-2.1197171211242676","0.39785945415496826","CLOSED","0"
"2026-09-23T09:33:55.119278","30","2026-09-23T09:34:07.477647","1","0.0","0.0","3.063877582550049","-1.953877568244934","0.34544771909713745","CLOSED","0"
"2026-09-23T09:33:55.119278","31","2026-09-23T09:34:07.648484","1","0.0","0.000652611255645752","2.351341485977173","-2.1514081954956055","0.4129914343357086","CLOSED","0.000326305627822876"
"2026-09-23T09:33:55.119278","32","2026-09-23T09:34:07.820002","1","0.0","0.004566192626953125","2.542785882949829","-2.349494218826294","0.5507439970970154","CLOSED","0.00228309631347656"
"2026-09-23T09:33:55.119278","33","2026-09-23T09:34:08.013027","1","0.0","0.004566192626953125","1.9306880235671997","-2.244321823120117","0.34545665979385376","CLOSED","0.00228309631347656"
"2026-09-23T09:33:55.119278","34","2026-09-23T09:34:08.221881","1","0.0","0.000652611255645752","3.231135606765747","-1.9241715669631958","0.27076855301856995","CLOSED","0.000326305627822876"
"2026-09-23T09:33:55.119278","35","2026-09-23T09:34:08.387800","1","0.0","0.006523013114929199","2.9351727962493896","-2.413588047027588","0.29748642444610596","CLOSED","0.0032615065574646"
"2026-09-23T09:33:55.119278","36","2026-09-23T09:34:08.558442","1","0.0","0.004566192626953125","2.9562361240386963","-2.023905038833618","0.44063183665275574","CLOSED","0.00228309631347656"
"2026-09-23T09:33:55.119278","37","2026-09-23T09:34:08.712010","1","0.001824796199798584","0.004566192626953125","3.3862733840942383","-2.0508737564086914","0.16747528314590454","CLOSED","0.00319549441337585"
"2026-09-23T09:33:55.119278","38","2026-09-23T09:34:08.881582","1","0.0","0.006523013114929199","3.213867664337158","-1.6044833660125732","0.26244717836380005","CLOSED","0.0032615065574646"
"2026-09-23T09:33:55.119278","39","2026-09-23T09:34:09.028081","1","0.001824796199798584","0.010436594486236572","2.879284143447876","-1.6844416856765747","0.261539101600647","CLOSED","0.00613069534301758"
"2026-09-23T09:33:55.119278","40","2026-09-23T09:34:09.197439","1","0.001824796199798584","0.008479773998260498","2.861534357070923","-2.1732113361358643","0.5275866985321045","CLOSED","0.00515228509902954"
"2026-09-23T09:33:55.119278","41","2026-09-23T09:34:09.352261","1","0.001824796199798584","0.0026093721389770508","2.7733068466186523","-2.420492649078369","0.3072185218334198","CLOSED","0.00221708416938782"
"2026-09-23T09:33:55.119278","42","2026-09-23T09:34:09.522555","1","0.001824796199798584","0.0026093721389770508","2.2823212146759033","-2.0920536518096924","0.08916786313056946","CLOSED","0.00221708416938782"
"2026-09-23T09:33:55.119278","43","2026-09-23T09:34:09.688203","1","0.001824796199798584","0.008479773998260498","2.164200782775879","-2.4182469844818115","0.20070061087608337","CLOSED","0.00515228509902954"
"2026-09-23T09:33:55.119278","44","2026-09-23T09:34:09.835263","1","0.001824796199798584","0.0026093721389770508","3.440948009490967","-2.4571831226348877","0.005728944204747677","CLOSED","0.00221708416938782"
"2026-09-23T09:33:55.119278","45","2026-09-23T09:34:10.014813","1","0.9506080746650696","0.3970256447792053","1.6837530136108398","-2.604236364364624","-0.44401514530181885","CLOSED","0.673816859722137"
"2026-09-23T09:33:55.119278","46","2026-09-23T09:34:10.162732","1","0.9913694858551025","0.9929311275482178","0.8783950805664062","-2.4532530307769775","-0.11450628936290741","CLOSED","0.99215030670166"
"2026-09-23T09:33:55.119278","47","2026-09-23T09:34:10.350149","1","0.9913694858551025","0.9968274235725403","0.3225657343864441","-2.1768593788146973","-0.8065053224563599","CLOSED","0.994098454713821"
"2026-09-23T09:33:55.119278","48","2026-09-23T09:34:10.550983","1","0.9928528666496277","0.994285523891449","0.17180801928043365","-2.4333655834198","-0.6014875173568726","CLOSED","0.993569195270538"
"2026-09-23T09:33:55.119278","49","2026-09-23T09:34:10.687829","1","0.9913694858551025","0.9958990216255188","0.6963537931442261","-2.4173049926757812","-0.5758270621299744","CLOSED","0.993634253740311"
"2026-09-23T09:33:55.119278","50","2026-09-23T09:34:10.858769","1","0.9928528666496277","0.9936156272888184","0.3114086389541626","-2.366248846054077","-0.34827661514282227","CLOSED","0.993234246969223"
"2026-09-23T09:33:55.119278","51","2026-09-23T09:34:11.051783","1","0.9903543591499329","0.9962117075920105","0.7098256945610046","-2.174332618713379","-0.5694741010665894","CLOSED","0.993283033370972"
"2026-09-23T09:33:55.119278","52","2026-09-23T09:34:11.212132","1","0.9913694858551025","0.994285523891449","0.16228526830673218","-2.0930962562561035","-0.8576842546463013","CLOSED","0.992827504873276"
"2026-09-23T09:33:55.119278","53","2026-09-23T09:34:11.370717","1","0.9928528666496277","0.9958990216255188","0.21570539474487305","-1.6899912357330322","-1.0190831422805786","CLOSED","0.994375944137573"
"2026-09-23T09:33:55.119278","54","2026-09-23T09:34:11.566336","1","0.9923635125160217","0.994285523891449","0.31801071763038635","-1.743245244026184","-0.8913949131965637","CLOSED","0.993324518203735"
"2026-09-23T09:33:55.119278","55","2026-09-23T09:34:11.719497","1","0.9923635125160217","0.9965211153030396","-0.8591607213020325","-1.7742457389831543","-0.9133054614067078","CLOSED","0.994442313909531"
"2026-09-23T09:33:55.119278","56","2026-09-23T09:34:11.927311","1","0.990864634513855","0.9949411749839783","-0.7499042749404907","-1.4606878757476807","-1.248207688331604","CLOSED","0.992902904748917"
"2026-09-23T09:33:55.119278","57","2026-09-23T09:34:12.106976","1","0.9918690919876099","0.9932752251625061","-1.0408095121383667","-1.1658614873886108","-1.4983868598937988","CLOSED","0.992572158575058"
"2026-09-23T09:33:55.119278","58","2026-09-23T09:34:12.253837","1","0.9918690919876099","0.9936156272888184","-0.7805080413818359","-1.242309331893921","-1.6154577732086182","CLOSED","0.992742359638214"
"2026-09-23T09:33:55.119278","59","2026-09-23T09:34:12.462372","1","0.9918690919876099","0.9952638149261475","-1.6448216438293457","-1.0571316480636597","-1.5457478761672974","CLOSED","0.993566453456879"
"2026-09-23T09:33:55.119278","60","2026-09-23T09:34:12.614884","1","0.9918690919876099","0.9929311275482178","-0.7844080924987793","-1.3295574188232422","-1.4842616319656372","CLOSED","0.992400109767914"
"2026-09-23T09:33:55.119278","61","2026-09-23T09:34:12.779950","1","0.9882580041885376","0.9929311275482178","-0.3783181607723236","-1.3299024105072021","-1.4666461944580078","CLOSED","0.990594565868378"
"2026-09-23T09:33:55.119278","62","2026-09-23T09:34:12.953460","1","0.9918690919876099","0.9929311275482178","-0.8658418655395508","-1.2766749858856201","-1.7065576314926147","CLOSED","0.992400109767914"
"2026-09-23T09:33:55.119278","63","2026-09-23T09:34:13.512731","1","0.9903543591499329","0.9946150779724121","-0.4979388415813446","-1.912819504737854","-1.8126306533813477","CLOSED","0.992484718561172"
"2026-09-23T09:34:30.116743","1","2026-09-23T09:34:32.186129","1","0.001824796199798584","0.019214868545532227","4.755080223083496","0.12373751401901245","-0.07974474877119064","BLINK","0.0105198323726654"
"2026-09-23T09:34:30.116743","2","2026-09-23T09:34:32.448977","1","0.9913694858551025","0.997727632522583","3.2239127159118652","-0.04135539382696152","-0.03386124223470688","BLINK","0.994548559188843"
"2026-09-23T09:34:30.116743","3","2026-09-23T09:34:32.656197","1","0.9961413145065308","0.9958990216255188","-1.7696691751480103","-0.9152759313583374","-2.046361207962036","BLINK","0.996020168066025"
"2026-09-23T09:34:30.116743","4","2026-09-23T09:34:32.824698","1","0.9928528666496277","0.9952638149261475","-2.2685248851776123","-1.3585729598999023","-2.367616891860962","BLINK","0.994058340787888"
"2026-09-23T09:34:30.116743","5","2026-09-23T09:34:32.981113","1","0.9923635125160217","0.9932752251625061","-2.0286266803741455","-0.8986059427261353","-1.0974764823913574","BLINK","0.992819368839264"
"2026-09-23T09:34:30.116743","6","2026-09-23T09:34:33.124872","1","0.9938164353370667","0.9952638149261475","-2.2175395488739014","-1.1602749824523926","-0.41234931349754333","BLINK","0.994540125131607"
"2026-09-23T09:34:30.116743","7","2026-09-23T09:34:33.316653","1","0.9893174171447754","0.9952638149261475","-1.5444746017456055","-1.4111007452011108","0.2908715009689331","BLINK","0.992290616035461"
"2026-09-23T09:34:30.116743","8","2026-09-23T09:34:33.555071","1","0.9933371543884277","0.9962117075920105","-0.9466155171394348","-1.3828166723251343","1.3644657135009766","BLINK","0.994774430990219"
"2026-09-23T09:34:30.116743","9","2026-09-23T09:34:33.751816","1","0.9938164353370667","0.9958990216255188","-1.3552570343017578","-1.3531521558761597","0.8473758697509766","BLINK","0.994857728481293"
"2026-09-23T09:34:30.116743","10","2026-09-23T09:34:33.941309","1","0.9942908883094788","0.99802166223526","-1.1873013973236084","-1.2741814851760864","1.1681300401687622","BLINK","0.996156275272369"
"2026-09-23T09:34:30.116743","11","2026-09-23T09:34:34.066549","1","0.9918690919876099","0.9952638149261475","-1.588387131690979","-1.3349597454071045","1.1343597173690796","BLINK","0.993566453456879"
"2026-09-23T09:34:30.116743","12","2026-09-23T09:34:34.257122","1","0.9913694858551025","0.9952638149261475","-0.627104640007019","-1.2006560564041138","0.8928595185279846","BLINK","0.993316650390625"
"2026-09-23T09:34:30.116743","13","2026-09-23T09:34:34.395524","1","0.001824796199798584","0.004566192626953125","0.6660380959510803","-1.0756443738937378","1.1854504346847534","BLINK","0.00319549441337585"
"2026-09-23T09:34:30.116743","14","2026-09-23T09:34:34.562042","1","0.1118159294128418","0.019214868545532227","0.002407635562121868","-0.6257659792900085","1.0133956670761108","BLINK","0.065515398979187"
"2026-09-23T09:34:30.116743","15","2026-09-23T09:34:34.729287","1","0.9842807650566101","0.9907847046852112","-0.8070906400680542","-1.0679643154144287","1.1940224170684814","BLINK","0.987532734870911"
"2026-09-23T09:34:30.116743","16","2026-09-23T09:34:34.862926","1","0.9938164353370667","0.9952638149261475","-0.3553463816642761","-0.9532912373542786","0.8899840116500854","BLINK","0.994540125131607"
"2026-09-23T09:34:30.116743","17","2026-09-23T09:34:35.038381","1","0.9938164353370667","0.9958990216255188","-1.1943954229354858","-1.157656192779541","0.9483481049537659","BLINK","0.994857728481293"
"2026-09-23T09:34:30.116743","18","2026-09-23T09:34:35.189869","1","0.9947605133056641","0.9965211153030396","-1.1976147890090942","-1.289027214050293","0.8917866945266724","BLINK","0.995640814304352"
"2026-09-23T09:34:30.116743","19","2026-09-23T09:34:35.350805","1","0.9947605133056641","0.9968274235725403","-1.6044989824295044","-0.8323179483413696","0.9378304481506348","BLINK","0.995793968439102"
"2026-09-23T09:34:30.116743","20","2026-09-23T09:34:35.508126","1","0.9928528666496277","0.9968274235725403","-1.4502663612365723","-1.2171030044555664","1.078587532043457","BLINK","0.994840145111084"
"2026-09-23T09:34:30.116743","21","2026-09-23T09:34:35.693793","1","0.9918690919876099","0.9952638149261475","-1.1989929676055908","-1.093982458114624","1.0277234315872192","BLINK","0.993566453456879"
"2026-09-23T09:34:30.116743","22","2026-09-23T09:34:35.843932","1","0.9928528666496277","0.9962117075920105","-1.2342368364334106","-0.7220358848571777","0.9048119187355042","BLINK","0.994532287120819"
"2026-09-23T09:34:30.116743","23","2026-09-23T09:34:35.996081","1","0.9952254295349121","0.99802166223526","-0.8460258841514587","-0.7447837591171265","1.1000773906707764","BLINK","0.996623545885086"
"2026-09-23T09:34:30.116743","24","2026-09-23T09:34:36.153664","1","0.9938164353370667","0.9968274235725403","-0.7575910687446594","-0.6359125375747681","1.0760502815246582","BLINK","0.995321929454803"
"2026-09-23T09:34:30.116743","25","2026-09-23T09:34:36.317657","1","0.9928528666496277","0.9974306225776672","-1.1195895671844482","-0.4343011975288391","1.0582096576690674","BLINK","0.995141744613647"
"2026-09-23T09:34:30.116743","26","2026-09-23T09:34:36.475446","1","0.9942908883094788","0.9962117075920105","-0.9642189145088196","-0.2934611141681671","0.9734139442443848","BLINK","0.995251297950745"
"2026-09-23T09:34:30.116743","27","2026-09-23T09:34:36.656642","1","0.9938164353370667","0.9962117075920105","-1.5411561727523804","-0.1800653487443924","0.8725801706314087","BLINK","0.995014071464539"
"2026-09-23T09:34:30.116743","28","2026-09-23T09:34:36.839723","1","0.9903543591499329","0.9952638149261475","-0.6131681799888611","-0.4061315059661865","1.0960406064987183","BLINK","0.99280908703804"
"2026-09-23T09:34:30.116743","29","2026-09-23T09:34:37.008543","1","0.9918690919876099","0.9965211153030396","-0.6612284779548645","-0.295411616563797","1.053252100944519","BLINK","0.994195103645325"
"2026-09-23T09:34:30.116743","30","2026-09-23T09:34:37.178828","1","0.9928528666496277","0.9968274235725403","-0.7896280884742737","-0.20745140314102173","0.8884204030036926","BLINK","0.994840145111084"
"2026-09-23T09:34:30.116743","31","2026-09-23T09:34:37.332025","1","0.018253028392791748","0.012393414974212646","0.7125494480133057","-0.28121060132980347","0.8469306230545044","BLINK","0.0153232216835022"
"2026-09-23T09:34:30.116743","32","2026-09-23T09:34:37.491348","1","0.9903543591499329","0.9880889058113098","-1.0173368453979492","0.18700473010540009","0.6578758358955383","BLINK","0.989221632480621"
"2026-09-23T09:34:30.116743","33","2026-09-23T09:34:37.670246","1","0.9918690919876099","0.9949411749839783","-0.4424178898334503","-0.24731753766536713","0.9106432199478149","BLINK","0.993405133485794"
"2026-09-23T09:34:30.116743","34","2026-09-23T09:34:37.854760","1","0.9933371543884277","0.9958990216255188","-1.3831485509872437","-0.28929418325424194","0.6173652410507202","BLINK","0.994618088006973"
"2026-09-23T09:34:30.116743","35","2026-09-23T09:34:38.022676","1","0.9933371543884277","0.9955831170082092","-1.5473767518997192","-0.03734224662184715","0.8361881971359253","BLINK","0.994460135698318"
"2026-09-23T09:34:30.116743","36","2026-09-23T09:34:38.177292","1","0.9923635125160217","0.9968274235725403","-1.0840747356414795","-0.24881935119628906","0.8180801868438721","BLINK","0.994595468044281"
"2026-09-23T09:34:30.116743","37","2026-09-23T09:34:38.370642","1","0.9938164353370667","0.9955831170082092","-0.7767027616500854","-0.3640427589416504","0.9372380971908569","BLINK","0.994699776172638"
"2026-09-23T09:34:30.116743","38","2026-09-23T09:34:38.536301","1","0.9938164353370667","0.9965211153030396","-0.8931815028190613","-0.5609948039054871","0.8085903525352478","BLINK","0.995168775320053"
"2026-09-23T09:34:30.116743","39","2026-09-23T09:34:38.689083","1","0.990864634513855","0.9958990216255188","-0.8801429867744446","-0.2403661608695984","0.8674399256706238","BLINK","0.993381828069687"
"2026-09-23T09:34:30.116743","40","2026-09-23T09:34:38.855615","1","0.9918690919876099","0.9965211153030396","-1.69278883934021","-0.3105063736438751","0.7620692849159241","BLINK","0.994195103645325"
"2026-09-23T09:34:30.116743","41","2026-09-23T09:34:39.007397","1","0.9903543591499329","0.9965211153030396","-0.7140569090843201","-0.45226120948791504","0.7592744827270508","BLINK","0.993437737226486"
"2026-09-23T09:34:30.116743","42","2026-09-23T09:34:39.155610","1","0.990864634513855","0.9952638149261475","-1.1474990844726562","-0.48913171887397766","0.9599615335464478","BLINK","0.993064224720001"
"2026-09-23T09:34:30.116743","43","2026-09-23T09:34:39.296802","1","0.9942908883094788","0.9965211153030396","-0.7401437163352966","-0.16196107864379883","0.8314216136932373","BLINK","0.995406001806259"
"2026-09-23T09:34:30.116743","44","2026-09-23T09:34:39.459083","1","0.9903543591499329","0.9962117075920105","-0.6913367509841919","-0.6242846846580505","0.8882500529289246","BLINK","0.993283033370972"
"2026-09-23T09:34:30.116743","45","2026-09-23T09:34:39.654041","1","0.9928528666496277","0.9958990216255188","-0.8211684226989746","-0.13303208351135254","0.9704982042312622","BLINK","0.994375944137573"
"2026-09-23T09:34:30.116743","46","2026-09-23T09:34:39.827938","1","0.9918690919876099","0.9968274235725403","-0.7433726191520691","-0.1192423403263092","0.8433487415313721","BLINK","0.994348257780075"
"2026-09-23T09:34:30.116743","47","2026-09-23T09:34:39.987410","1","0.9947605133056641","0.9958990216255188","-0.21637870371341705","-0.4319372773170471","0.8966047167778015","BLINK","0.995329767465591"
"2026-09-23T09:34:30.116743","48","2026-09-23T09:34:40.164738","1","0.990864634513855","0.9971305727958679","-1.0265653133392334","-0.3186599910259247","0.8024441003799438","BLINK","0.993997603654861"
"2026-09-23T09:34:30.116743","49","2026-09-23T09:34:40.322401","1","0.9863588809967041","0.9488520622253418","0.19609247148036957","-0.5163629651069641","1.0057029724121094","BLINK","0.967605471611023"
"2026-09-23T09:34:30.116743","50","2026-09-23T09:34:40.503964","1","0.3822312355041504","0.0888165831565857","-0.245843306183815","-0.43269678950309753","1.0310786962509155","BLINK","0.235523909330368"
"2026-09-23T09:34:30.116743","51","2026-09-23T09:34:40.710774","1","0.9947605133056641","0.9965211153030396","-0.4197562634944916","-0.1576082855463028","0.9161894917488098","BLINK","0.995640814304352"
"2026-09-23T09:34:30.116743","52","2026-09-23T09:34:40.893420","1","0.9942908883094788","0.9958990216255188","-0.6879116892814636","-0.05804905295372009","0.709488570690155","BLINK","0.995094954967499"
"2026-09-23T09:34:30.116743","53","2026-09-23T09:34:41.064598","1","0.9938164353370667","0.9968274235725403","-1.1337000131607056","-0.5893059372901917","0.7845588326454163","BLINK","0.995321929454803"
"2026-09-23T09:34:30.116743","54","2026-09-23T09:34:41.230223","1","0.9938164353370667","0.9958990216255188","-1.1539456844329834","-0.24610476195812225","0.7709627151489258","BLINK","0.994857728481293"
"2026-09-23T09:34:30.116743","55","2026-09-23T09:34:41.392969","1","0.9933371543884277","0.9962117075920105","-0.4609459638595581","-0.19375649094581604","0.8564786911010742","BLINK","0.994774430990219"
"2026-09-23T09:34:30.116743","56","2026-09-23T09:34:41.573258","1","0.9918690919876099","0.9965211153030396","-0.38077110052108765","-0.9551925659179688","0.721873939037323","BLINK","0.994195103645325"
"2026-09-23T09:34:30.116743","57","2026-09-23T09:34:41.760924","1","0.9928528666496277","0.9968274235725403","-1.4761433601379395","-0.6180338859558105","0.582654595375061","BLINK","0.994840145111084"
"2026-09-23T09:34:30.116743","58","2026-09-23T09:34:41.916597","1","0.9918690919876099","0.9965211153030396","-1.6444607973098755","-0.1446963995695114","0.6526807546615601","BLINK","0.994195103645325"
"2026-09-23T09:34:30.116743","59","2026-09-23T09:34:42.081342","1","0.990864634513855","0.9958990216255188","-0.6234858632087708","-0.021681975573301315","0.4797501564025879","BLINK","0.993381828069687"
"2026-09-23T09:34:30.116743","60","2026-09-23T09:34:42.237976","1","0.9923635125160217","0.9958990216255188","-0.9004625678062439","-0.04701659455895424","0.09840957075357437","BLINK","0.99413126707077"
"2026-09-23T09:34:30.116743","61","2026-09-23T09:34:42.404410","1","0.9928528666496277","0.9958990216255188","-1.613706111907959","-0.020240191370248795","0.08623186498880386","BLINK","0.994375944137573"
"2026-09-23T09:34:30.116743","62","2026-09-23T09:34:42.581528","1","0.9928528666496277","0.9958990216255188","-0.31989580392837524","0.10349664092063904","0.18170197308063507","BLINK","0.994375944137573"
"2026-09-23T09:34:30.116743","63","2026-09-23T09:34:42.725642","1","0.03877866268157959","0.022711515426635742","0.10554631799459457","0.008405771106481552","0.2600032687187195","BLINK","0.0307450890541077"
"2026-09-23T09:34:30.116743","64","2026-09-23T09:34:42.894348","1","0.9062259197235107","0.7337781190872192","0.8077076077461243","-0.09542131423950195","0.2229205220937729","BLINK","0.820002019405365"
"2026-09-23T09:34:30.116743","65","2026-09-23T09:34:43.049256","1","0.990864634513855","0.9936156272888184","0.4891560673713684","-0.15579301118850708","0.40180447697639465","BLINK","0.992240130901337"
"2026-09-23T09:34:30.116743","66","2026-09-23T09:34:43.200625","1","0.9942908883094788","0.9974306225776672","-0.7246821522712708","-0.31729647517204285","0.42425692081451416","BLINK","0.995860755443573"
"2026-09-23T09:34:30.116743","67","2026-09-23T09:34:43.354304","1","0.9938164353370667","0.9971305727958679","-0.8500953912734985","0.0009004355524666607","0.28411874175071716","BLINK","0.995473504066467"
"2026-09-23T09:34:30.116743","68","2026-09-23T09:34:43.523133","1","0.9933371543884277","0.9974306225776672","-0.3765065670013428","-0.12824182212352753","0.27514058351516724","BLINK","0.995383888483047"
"2026-09-23T09:34:30.116743","69","2026-09-23T09:34:43.676811","1","0.9952254295349121","0.9971305727958679","-0.8942554593086243","-0.0694458857178688","0.09882257133722305","BLINK","0.99617800116539"
"2026-09-23T09:34:30.116743","70","2026-09-23T09:34:43.856530","1","0.9933371543884277","0.9952638149261475","-2.0053212642669678","-0.26822927594184875","-0.11785822361707687","BLINK","0.994300484657288"
"2026-09-23T09:34:30.116743","71","2026-09-23T09:34:44.012569","1","0.9928528666496277","0.9962117075920105","-1.6369720697402954","-0.49317666888237","-0.20999279618263245","BLINK","0.994532287120819"
"2026-09-23T09:34:30.116743","72","2026-09-23T09:34:44.173895","1","0.9923635125160217","0.9971305727958679","-1.286422610282898","-0.5062501430511475","-0.06391796469688416","BLINK","0.994747042655945"
"2026-09-23T09:34:30.116743","73","2026-09-23T09:34:44.345388","1","0.9942908883094788","0.9965211153030396","-2.0025007724761963","0.41415688395500183","-0.31833013892173767","BLINK","0.995406001806259"
"2026-09-23T09:34:30.116743","74","2026-09-23T09:34:44.519738","1","0.9933371543884277","0.9962117075920105","-1.9778857231140137","0.038538046181201935","-0.4286208748817444","BLINK","0.994774430990219"
"2026-09-23T09:34:30.116743","75","2026-09-23T09:34:44.699633","1","0.9918690919876099","0.997727632522583","-1.76215398311615","0.09500036388635635","-0.2502586543560028","BLINK","0.994798362255096"
"2026-09-23T09:34:30.116743","76","2026-09-23T09:34:44.849964","1","0.001824796199798584","0.008479773998260498","0.19842301309108734","-0.4951636791229248","0.04519932344555855","BLINK","0.00515228509902954"
"2026-09-23T09:34:30.116743","77","2026-09-23T09:34:45.050520","1","0.0","0.012393414974212646","1.0145726203918457","-0.26312878727912903","0.48415544629096985","BLINK","0.00619670748710632"
"2026-09-23T09:34:30.116743","78","2026-09-23T09:34:45.204585","1","0.015514969825744629","0.023173749446868896","-0.25864410400390625","-0.17276014387607574","0.060124967247247696","BLINK","0.0193443596363068"
"2026-09-23T09:34:30.116743","79","2026-09-23T09:34:45.352827","1","0.9882580041885376","0.9929311275482178","-1.0495078563690186","-0.09177946299314499","0.009908913634717464","BLINK","0.990594565868378"
"2026-09-23T09:34:30.116743","80","2026-09-23T09:34:45.498486","1","0.9947605133056641","0.9974306225776672","-1.9026905298233032","-0.2004380226135254","-0.09351418912410736","BLINK","0.996095567941666"
"2026-09-23T09:34:30.116743","81","2026-09-23T09:34:45.687319","1","0.9952254295349121","0.9952638149261475","-2.17059326171875","-0.16099773347377777","-0.0461699515581131","BLINK","0.99524462223053"
"2026-09-23T09:34:30.116743","82","2026-09-23T09:34:45.852280","1","0.9928528666496277","0.997727632522583","-1.400273084640503","-0.5788165330886841","-0.12552183866500854","BLINK","0.995290249586105"
"2026-09-23T09:34:30.116743","83","2026-09-23T09:34:46.030428","1","0.9947605133056641","0.997727632522583","-2.4563887119293213","-0.26068350672721863","-0.36076924204826355","BLINK","0.996244072914124"
"2026-09-23T09:34:30.116743","84","2026-09-23T09:34:46.229414","1","0.9913694858551025","0.997727632522583","-1.5053249597549438","-0.3346177935600281","-0.4659717082977295","BLINK","0.994548559188843"
"2026-09-23T09:34:30.116743","85","2026-09-23T09:34:46.564666","1","0.9923635125160217","0.9965211153030396","-1.537245512008667","0.1101345345377922","-0.2099168449640274","BLINK","0.994442313909531"
"2026-09-23T09:34:52.770048","1","2026-09-23T09:34:54.815724","1","0.9903543591499329","0.9958990216255188","6.703463077545166","-3.1677420139312744","1.6555180549621582","BLINK","0.993126690387726"
"2026-09-23T09:34:52.770048","2","2026-09-23T09:34:55.060961","1","0.9903543591499329","0.9965211153030396","6.137507915496826","-3.8491592407226562","2.996598720550537","BLINK","0.993437737226486"
"2026-09-23T09:34:52.770048","3","2026-09-23T09:34:55.277254","1","0.9893174171447754","0.9958990216255188","6.870698928833008","-3.2718091011047363","3.0660738945007324","BLINK","0.992608219385147"
"2026-09-23T09:34:52.770048","4","2026-09-23T09:34:55.451802","1","0.9923635125160217","0.997727632522583","6.17484188079834","-2.967195510864258","3.4109911918640137","BLINK","0.995045572519302"
"2026-09-23T09:34:52.770048","5","2026-09-23T09:34:55.591330","1","0.9928528666496277","0.9955831170082092","6.119790077209473","-2.925659656524658","2.827284812927246","BLINK","0.994217991828918"
"2026-09-23T09:34:52.770048","6","2026-09-23T09:34:55.764558","1","0.9903543591499329","0.9958990216255188","5.782011985778809","-3.079148530960083","2.7087221145629883","BLINK","0.993126690387726"
"2026-09-23T09:34:52.770048","7","2026-09-23T09:34:55.918922","1","0.0","0.006523013114929199","6.500516891479492","-3.6525323390960693","3.3591508865356445","BLINK","0.0032615065574646"
"2026-09-23T09:34:52.770048","8","2026-09-23T09:34:56.114890","1","0.001824796199798584","0.0026093721389770508","6.221603870391846","-3.230525016784668","3.054868459701538","BLINK","0.00221708416938782"
"2026-09-23T09:34:52.770048","9","2026-09-23T09:34:56.316217","1","0.9882580041885376","0.9962117075920105","5.810701847076416","-3.3425097465515137","2.7960267066955566","BLINK","0.992234855890274"
"2026-09-23T09:34:52.770048","10","2026-09-23T09:34:56.507799","1","0.9938164353370667","0.9974306225776672","4.414791584014893","-2.926190137863159","2.6213808059692383","BLINK","0.995623528957367"
"2026-09-23T09:34:52.770048","11","2026-09-23T09:34:56.679962","1","0.9942908883094788","0.997727632522583","4.910370826721191","-3.3323705196380615","2.6890485286712646","BLINK","0.996009260416031"
"2026-09-23T09:34:52.770048","12","2026-09-23T09:34:56.832647","1","0.9928528666496277","0.9955831170082092","4.806959629058838","-3.094780206680298","2.2411067485809326","BLINK","0.994217991828918"
"2026-09-23T09:34:52.770048","13","2026-09-23T09:34:56.990258","1","0.9903543591499329","0.9974306225776672","5.271460056304932","-3.0518476963043213","2.575854778289795","BLINK","0.9938924908638"
"2026-09-23T09:34:52.770048","14","2026-09-23T09:34:57.148787","1","0.9918690919876099","0.9968274235725403","4.859318733215332","-3.3387484550476074","2.7751638889312744","BLINK","0.994348257780075"
"2026-09-23T09:34:52.770048","15","2026-09-23T09:34:57.274619","1","0.990864634513855","0.9965211153030396","5.575606346130371","-2.6918861865997314","2.5296878814697266","BLINK","0.993692874908447"
"2026-09-23T09:34:52.770048","16","2026-09-23T09:34:57.408698","1","0.012776970863342285","0.008479773998260498","8.66224193572998","-3.5337460041046143","2.6817681789398193","BLINK","0.0106283724308014"
"2026-09-23T09:34:52.770048","17","2026-09-23T09:34:57.587410","1","0.004562854766845703","0.000652611255645752","8.847097396850586","-2.680022954940796","2.55550217628479","BLINK","0.00260773301124573"
"2026-09-23T09:34:52.770048","18","2026-09-23T09:34:57.714977","1","0.9856016635894775","0.9892709851264954","7.098372936248779","-2.9554760456085205","2.11723256111145","BLINK","0.987436324357986"
"2026-09-23T09:34:52.770048","19","2026-09-23T09:34:57.874829","1","0.9918690919876099","0.9965211153030396","5.868754863739014","-2.530383586883545","1.968153953552246","BLINK","0.994195103645325"
"2026-09-23T09:34:52.770048","20","2026-09-23T09:34:58.035904","1","0.9918690919876099","0.9962117075920105","6.553171157836914","-2.5359365940093994","1.8138248920440674","BLINK","0.99404039978981"
"2026-09-23T09:34:52.770048","21","2026-09-23T09:34:58.201344","1","0.9918690919876099","0.9965211153030396","4.4632182121276855","-2.788973331451416","1.6932951211929321","BLINK","0.994195103645325"
"2026-09-23T09:34:52.770048","22","2026-09-23T09:34:58.378012","1","0.990864634513855","0.9958990216255188","5.94024133682251","-2.568760395050049","1.6914838552474976","BLINK","0.993381828069687"
"2026-09-23T09:34:52.770048","23","2026-09-23T09:34:58.533027","1","0.9938164353370667","0.9958990216255188","5.247964859008789","-2.3862240314483643","1.8826638460159302","BLINK","0.994857728481293"
"2026-09-23T09:34:52.770048","24","2026-09-23T09:34:58.692241","1","0.9933371543884277","0.9968274235725403","5.656391143798828","-2.7566442489624023","1.510650634765625","BLINK","0.995082288980484"
"2026-09-23T09:34:52.770048","25","2026-09-23T09:34:58.856426","1","0.9918690919876099","0.9965211153030396","5.006209850311279","-2.496079683303833","1.7476959228515625","BLINK","0.994195103645325"
"2026-09-23T09:34:52.770048","26","2026-09-23T09:34:59.007232","1","0.9913694858551025","0.9955831170082092","6.5405449867248535","-1.9039007425308228","1.3108848333358765","BLINK","0.993476301431656"
"2026-09-23T09:34:52.770048","27","2026-09-23T09:34:59.173394","1","0.9861093163490295","0.6911184787750244","6.374632358551025","-2.550384998321533","1.7506150007247925","BLINK","0.838613897562027"
"2026-09-23T09:34:52.770048","28","2026-09-23T09:34:59.342100","1","0.004562854766845703","0.0026093721389770508","6.903674125671387","-2.481834650039673","1.4859864711761475","BLINK","0.00358611345291138"
"2026-09-23T09:34:52.770048","29","2026-09-23T09:34:59.520238","1","0.9903543591499329","0.9968274235725403","6.369629859924316","-2.0580337047576904","1.2088395357131958","BLINK","0.993590891361237"
"2026-09-23T09:34:52.770048","30","2026-09-23T09:34:59.689580","1","0.9923635125160217","0.9968274235725403","6.357149124145508","-2.3478620052337646","1.1603926420211792","BLINK","0.994595468044281"
"2026-09-23T09:34:52.770048","31","2026-09-23T09:34:59.877144","1","0.9918690919876099","0.997727632522583","5.5209245681762695","-2.3111629486083984","0.920651912689209","BLINK","0.994798362255096"
"2026-09-23T09:34:52.770048","32","2026-09-23T09:35:00.009213","1","0.990864634513855","0.9965211153030396","5.3235392570495605","-1.865757942199707","1.0114350318908691","BLINK","0.993692874908447"
"2026-09-23T09:34:52.770048","33","2026-09-23T09:35:00.162794","1","0.9903543591499329","0.9968274235725403","6.557901859283447","-1.6986956596374512","1.0817166566848755","BLINK","0.993590891361237"
"2026-09-23T09:34:52.770048","34","2026-09-23T09:35:00.346069","1","0.9923635125160217","0.9971305727958679","6.344726085662842","-2.289079189300537","0.9070094227790833","BLINK","0.994747042655945"
"2026-09-23T09:34:52.770048","35","2026-09-23T09:35:00.511783","1","0.9898386597633362","0.9971305727958679","7.693315505981445","-2.244769334793091","0.8940178751945496","BLINK","0.993484616279602"
"2026-09-23T09:34:52.770048","36","2026-09-23T09:35:00.727370","1","0.9918690919876099","0.997727632522583","5.7333855628967285","-1.893835425376892","0.9257293343544006","BLINK","0.994798362255096"
"2026-09-23T09:34:52.770048","37","2026-09-23T09:35:00.891028","1","0.9903543591499329","0.9965211153030396","5.857812881469727","-1.927472710609436","0.9369525909423828","BLINK","0.993437737226486"
"2026-09-23T09:34:52.770048","38","2026-09-23T09:35:01.069720","1","0.05671572685241699","0.08343684673309326","7.927090644836426","-2.678196668624878","1.2557827234268188","BLINK","0.0700762867927551"
"2026-09-23T09:34:52.770048","39","2026-09-23T09:35:01.233048","1","0.001824796199798584","0.004566192626953125","6.952086448669434","-2.8169076442718506","1.175715684890747","BLINK","0.00319549441337585"
"2026-09-23T09:34:52.770048","40","2026-09-23T09:35:01.413850","1","0.990864634513855","0.9965211153030396","6.323901176452637","-1.8867899179458618","0.8141092658042908","BLINK","0.993692874908447"
"2026-09-23T09:34:52.770048","41","2026-09-23T09:35:01.573241","1","0.9918690919876099","0.9974306225776672","5.469715595245361","-1.9298115968704224","0.8721567988395691","BLINK","0.994649857282639"
"2026-09-23T09:34:52.770048","42","2026-09-23T09:35:01.754912","1","0.990864634513855","0.9968274235725403","7.570385456085205","-2.364220142364502","0.7743722796440125","BLINK","0.993846029043198"
"2026-09-23T09:34:52.770048","43","2026-09-23T09:35:01.921937","1","0.9942908883094788","0.997727632522583","5.8910956382751465","-2.1075892448425293","0.8606393337249756","BLINK","0.996009260416031"
"2026-09-23T09:34:52.770048","44","2026-09-23T09:35:02.074316","1","0.9938164353370667","0.998312771320343","5.7151570320129395","-1.77305269241333","0.6315106153488159","BLINK","0.996064603328705"
"2026-09-23T09:34:52.770048","45","2026-09-23T09:35:02.239396","1","0.9913694858551025","0.997727632522583","6.982318878173828","-2.0553293228149414","0.7572230696678162","BLINK","0.994548559188843"
"2026-09-23T09:34:52.770048","46","2026-09-23T09:35:02.397535","1","0.9903543591499329","0.9971305727958679","6.894688129425049","-1.9742038249969482","0.6929483413696289","BLINK","0.9937424659729"
"2026-09-23T09:34:52.770048","47","2026-09-23T09:35:02.585565","1","0.9923635125160217","0.9971305727958679","6.272244930267334","-2.4113571643829346","0.4318314492702484","BLINK","0.994747042655945"
"2026-09-23T09:34:52.770048","48","2026-09-23T09:35:02.754264","1","0.9903543591499329","0.9958990216255188","7.368117809295654","-2.179849624633789","0.7161080837249756","BLINK","0.993126690387726"
"2026-09-23T09:34:52.770048","49","2026-09-23T09:35:02.919294","1","0.0","0.004566192626953125","6.566913604736328","-2.3915276527404785","0.7407143712043762","BLINK","0.00228309631347656"
"2026-09-23T09:34:52.770048","50","2026-09-23T09:35:03.077968","1","0.9882580041885376","0.9880889058113098","7.963097095489502","-2.0514724254608154","0.7707748413085938","BLINK","0.988173454999924"
"2026-09-23T09:34:52.770048","51","2026-09-23T09:35:03.234330","1","0.9903543591499329","0.9971305727958679","6.810145378112793","-1.9394007921218872","0.23926977813243866","BLINK","0.9937424659729"
"2026-09-23T09:34:52.770048","52","2026-09-23T09:35:03.437664","1","0.9938164353370667","0.9968274235725403","6.945927143096924","-1.8427835702896118","-0.4998514652252197","BLINK","0.995321929454803"
"2026-09-23T09:34:52.770048","53","2026-09-23T09:35:03.621451","1","0.9913694858551025","0.998312771320343","6.313898086547852","-1.884245753288269","0.13066795468330383","BLINK","0.994841128587723"
"2026-09-23T09:34:52.770048","54","2026-09-23T09:35:03.801499","1","0.990864634513855","0.99802166223526","6.890929698944092","-2.0066733360290527","-0.45026466250419617","BLINK","0.994443148374557"
"2026-09-23T09:34:52.770048","55","2026-09-23T09:35:04.139417","1","0.9928528666496277","0.998312771320343","6.911109924316406","-1.719631552696228","-0.23423045873641968","BLINK","0.995582818984985"
"2026-09-23T09:35:08.882551","1","2026-09-23T09:35:10.929492","1","0.9850823879241943","0.9925832152366638","8.336151123046875","-2.445247173309326","2.030153751373291","BLINK","0.988832801580429"
"2026-09-23T09:35:08.882551","2","2026-09-23T09:35:11.156608","1","0.9903543591499329","0.9968274235725403","9.541339874267578","-2.9999732971191406","2.205061197280884","BLINK","0.993590891361237"
"2026-09-23T09:35:08.882551","3","2026-09-23T09:35:11.345211","1","0.9928528666496277","0.997727632522583","7.91721773147583","-1.9839198589324951","1.6824140548706055","BLINK","0.995290249586105"
"2026-09-23T09:35:08.882551","4","2026-09-23T09:35:11.480469","1","0.9928528666496277","0.9965211153030396","7.6700263023376465","-2.4332315921783447","1.3294397592544556","BLINK","0.994686990976334"
"2026-09-23T09:35:08.882551","5","2026-09-23T09:35:11.653531","1","0.9938164353370667","0.9965211153030396","8.386934280395508","-1.9680662155151367","1.3532776832580566","BLINK","0.995168775320053"
"2026-09-23T09:35:08.882551","6","2026-09-23T09:35:11.810098","1","0.9913694858551025","0.9952638149261475","9.489781379699707","-2.0308847427368164","1.687544584274292","BLINK","0.993316650390625"
"2026-09-23T09:35:08.882551","7","2026-09-23T09:35:11.997107","1","0.9918690919876099","0.9968274235725403","8.157315254211426","-1.9277262687683105","1.6526141166687012","BLINK","0.994348257780075"
"2026-09-23T09:35:08.882551","8","2026-09-23T09:35:12.192017","1","0.9903543591499329","0.9952638149261475","9.579066276550293","-2.0273380279541016","1.5919321775436401","BLINK","0.99280908703804"
"2026-09-23T09:35:08.882551","9","2026-09-23T09:35:12.420599","1","0.990864634513855","0.9958990216255188","9.771485328674316","-2.050189733505249","1.618375539779663","BLINK","0.993381828069687"
"2026-09-23T09:35:08.882551","10","2026-09-23T09:35:12.571512","1","0.9928528666496277","0.9958990216255188","10.193313598632812","-2.202463388442993","1.4221324920654297","BLINK","0.994375944137573"
"2026-09-23T09:35:08.882551","11","2026-09-23T09:35:12.716880","1","0.9933371543884277","0.9974306225776672","8.576590538024902","-2.2096333503723145","1.2874188423156738","BLINK","0.995383888483047"
"2026-09-23T09:35:08.882551","12","2026-09-23T09:35:12.880657","1","0.0","0.000652611255645752","9.495361328125","-2.482825994491577","1.4090380668640137","BLINK","0.000326305627822876"
"2026-09-23T09:35:08.882551","13","2026-09-23T09:35:13.036641","1","0.9501656293869019","0.9383997917175293","8.128310203552246","-2.243518352508545","1.3013463020324707","BLINK","0.944282710552216"
"2026-09-23T09:35:08.882551","14","2026-09-23T09:35:13.190750","1","0.9913694858551025","0.9949411749839783","8.752713203430176","-2.037574291229248","1.3707146644592285","BLINK","0.99315533041954"
"2026-09-23T09:35:08.882551","15","2026-09-23T09:35:13.323365","1","0.9923635125160217","0.9968274235725403","7.958775997161865","-2.304684638977051","1.3788906335830688","BLINK","0.994595468044281"
"2026-09-23T09:35:08.882551","16","2026-09-23T09:35:13.509069","1","0.9903543591499329","0.9968274235725403","8.164639472961426","-2.443376064300537","1.27045476436615","BLINK","0.993590891361237"
"2026-09-23T09:35:08.882551","17","2026-09-23T09:35:13.650375","1","0.9928528666496277","0.9955831170082092","8.294915199279785","-1.9514602422714233","1.1892367601394653","BLINK","0.994217991828918"
"2026-09-23T09:35:08.882551","18","2026-09-23T09:35:13.803321","1","0.9903543591499329","0.9965211153030396","8.176414489746094","-2.365879774093628","1.0705187320709229","BLINK","0.993437737226486"
"2026-09-23T09:35:08.882551","19","2026-09-23T09:35:13.963181","1","0.9923635125160217","0.9955831170082092","8.334662437438965","-1.961733102798462","1.127506971359253","BLINK","0.993973314762115"
"2026-09-23T09:35:08.882551","20","2026-09-23T09:35:14.138963","1","0.9918690919876099","0.9965211153030396","8.852663040161133","-2.0398056507110596","1.1601613759994507","BLINK","0.994195103645325"
"2026-09-23T09:35:08.882551","21","2026-09-23T09:35:14.282332","1","0.9938164353370667","0.9962117075920105","9.67241382598877","-2.0868539810180664","1.2076436281204224","BLINK","0.995014071464539"
"2026-09-23T09:35:08.882551","22","2026-09-23T09:35:14.450568","1","0.9918690919876099","0.9965211153030396","8.197896957397461","-1.8459936380386353","0.8541155457496643","BLINK","0.994195103645325"
"2026-09-23T09:35:08.882551","23","2026-09-23T09:35:14.641894","1","0.9928528666496277","0.9958990216255188","8.405774116516113","-1.9992269277572632","0.9527748823165894","BLINK","0.994375944137573"
"2026-09-23T09:35:08.882551","24","2026-09-23T09:35:14.767878","1","0.9898386597633362","0.9974306225776672","9.400686264038086","-1.8433897495269775","1.0425277948379517","BLINK","0.993634641170502"
"2026-09-23T09:35:08.882551","25","2026-09-23T09:35:14.937370","1","0.986605703830719","0.9925832152366638","8.632698059082031","-2.069267988204956","1.1419740915298462","BLINK","0.989594459533691"
"2026-09-23T09:35:08.882551","26","2026-09-23T09:35:15.094672","1","0.001824796199798584","0.0026093721389770508","9.107258796691895","-2.6214816570281982","1.3207412958145142","BLINK","0.00221708416938782"
"2026-09-23T09:35:08.882551","27","2026-09-23T09:35:15.284985","1","0.9868497848510742","0.9915161728858948","8.766119003295898","-1.8238238096237183","1.3244140148162842","BLINK","0.989182978868484"
"2026-09-23T09:35:08.882551","28","2026-09-23T09:35:15.446060","1","0.9918690919876099","0.9974306225776672","8.422576904296875","-2.134474992752075","0.9120852947235107","BLINK","0.994649857282639"
"2026-09-23T09:35:08.882551","29","2026-09-23T09:35:15.613624","1","0.990864634513855","0.9965211153030396","8.328394889831543","-2.4172189235687256","0.7780796885490417","BLINK","0.993692874908447"
"2026-09-23T09:35:08.882551","30","2026-09-23T09:35:15.798981","1","0.9938164353370667","0.9974306225776672","9.39572811126709","-2.453348159790039","0.9076749682426453","BLINK","0.995623528957367"
"2026-09-23T09:35:08.882551","31","2026-09-23T09:35:15.946570","1","0.9903543591499329","0.9971305727958679","9.450257301330566","-1.3199405670166016","0.4706396758556366","BLINK","0.9937424659729"
"2026-09-23T09:35:08.882551","32","2026-09-23T09:35:16.116857","1","0.9938164353370667","0.9974306225776672","8.622498512268066","-1.7031313180923462","0.9133254885673523","BLINK","0.995623528957367"
"2026-09-23T09:35:08.882551","33","2026-09-23T09:35:16.280728","1","0.9913694858551025","0.9965211153030396","8.680864334106445","-1.5107618570327759","0.7319889068603516","BLINK","0.993945300579071"
"2026-09-23T09:35:08.882551","34","2026-09-23T09:35:16.421769","1","0.9918690919876099","0.9968274235725403","9.564661026000977","-1.898801326751709","0.8579217195510864","BLINK","0.994348257780075"
"2026-09-23T09:35:08.882551","35","2026-09-23T09:35:16.638017","1","0.9928528666496277","0.9968274235725403","8.936867713928223","-2.0044326782226562","0.7160468697547913","BLINK","0.994840145111084"
"2026-09-23T09:35:08.882551","36","2026-09-23T09:35:16.787776","1","0.9903543591499329","0.9971305727958679","8.582447052001953","-1.8146723508834839","0.5999311208724976","BLINK","0.9937424659729"
"2026-09-23T09:35:08.882551","37","2026-09-23T09:35:16.954760","1","0.9918690919876099","0.9965211153030396","9.108019828796387","-1.9288872480392456","0.7824645042419434","BLINK","0.994195103645325"
"2026-09-23T09:35:08.882551","38","2026-09-23T09:35:17.123795","1","0.9861093163490295","0.9867727756500244","9.022737503051758","-2.065006732940674","0.8784233927726746","BLINK","0.986441045999527"
"2026-09-23T09:35:08.882551","39","2026-09-23T09:35:17.274752","1","0.7856113910675049","0.41945070028305054","10.094542503356934","-2.4173049926757812","0.9713290333747864","BLINK","0.602531045675278"
"2026-09-23T09:35:08.882551","40","2026-09-23T09:35:17.432442","1","0.9898386597633362","0.9962117075920105","8.966958045959473","-1.7773709297180176","0.5789515376091003","BLINK","0.993025183677673"
"2026-09-23T09:35:08.882551","41","2026-09-23T09:35:17.613046","1","0.9923635125160217","0.9965211153030396","8.783390045166016","-2.071305274963379","0.5220119953155518","BLINK","0.994442313909531"
"2026-09-23T09:35:08.882551","42","2026-09-23T09:35:17.754161","1","0.9923635125160217","0.9958990216255188","8.056852340698242","-1.9216991662979126","0.7950396537780762","BLINK","0.99413126707077"
"2026-09-23T09:35:08.882551","43","2026-09-23T09:35:17.929940","1","0.990864634513855","0.9968274235725403","7.831010818481445","-2.1635749340057373","0.74427330493927","BLINK","0.993846029043198"
"2026-09-23T09:35:08.882551","44","2026-09-23T09:35:18.081442","1","0.9882580041885376","0.9949411749839783","9.210137367248535","-2.4963815212249756","0.9899147152900696","BLINK","0.991599589586258"
"2026-09-23T09:35:08.882551","45","2026-09-23T09:35:18.250043","1","0.9938164353370667","0.9962117075920105","7.784806728363037","-1.532342791557312","0.9315114617347717","BLINK","0.995014071464539"
"2026-09-23T09:35:08.882551","46","2026-09-23T09:35:18.413159","1","0.9942908883094788","0.9971305727958679","8.068052291870117","-1.9315764904022217","0.8742492198944092","BLINK","0.995710730552673"
"2026-09-23T09:35:08.882551","47","2026-09-23T09:35:18.585236","1","0.9928528666496277","0.9962117075920105","8.201699256896973","-1.9910155534744263","0.7538925409317017","BLINK","0.994532287120819"
"2026-09-23T09:35:08.882551","48","2026-09-23T09:35:18.768035","1","0.9923635125160217","0.9958990216255188","7.788400173187256","-2.60504150390625","0.8745201230049133","BLINK","0.99413126707077"
"2026-09-23T09:35:08.882551","49","2026-09-23T09:35:18.941171","1","0.9928528666496277","0.9958990216255188","8.353014945983887","-2.0122199058532715","0.7504018545150757","BLINK","0.994375944137573"
"2026-09-23T09:35:08.882551","50","2026-09-23T09:35:19.079871","1","0.9923635125160217","0.9965211153030396","8.132161140441895","-1.9525189399719238","0.7440365552902222","BLINK","0.994442313909531"
"2026-09-23T09:35:08.882551","51","2026-09-23T09:35:19.235095","1","0.9928528666496277","0.9962117075920105","8.539152145385742","-1.9137427806854248","0.8867813944816589","BLINK","0.994532287120819"
"2026-09-23T09:35:08.882551","52","2026-09-23T09:35:19.422993","1","0.6711785793304443","0.047746360301971436","9.82054615020752","-1.786408543586731","1.224821925163269","BLINK","0.359462469816208"
"2026-09-23T09:35:08.882551","53","2026-09-23T09:35:19.591748","1","0.012776970863342285","0.004566192626953125","9.725339889526367","-1.988418459892273","0.8736280202865601","BLINK","0.00867158174514771"
"2026-09-23T09:35:08.882551","54","2026-09-23T09:35:19.772518","1","0.9868497848510742","0.9939523935317993","10.198748588562012","-1.8472137451171875","0.9131542444229126","BLINK","0.990401089191437"
"2026-09-23T09:35:08.882551","55","2026-09-23T09:35:19.933242","1","0.990864634513855","0.9962117075920105","7.311394214630127","-1.7153723239898682","0.8755200505256653","BLINK","0.993538171052933"
"2026-09-23T09:35:08.882551","56","2026-09-23T09:35:20.093276","1","0.9913694858551025","0.9962117075920105","9.016427040100098","-1.8209240436553955","0.751553475856781","BLINK","0.993790596723557"
"2026-09-23T09:35:08.882551","57","2026-09-23T09:35:20.279189","1","0.9928528666496277","0.9968274235725403","8.567245483398438","-1.4399783611297607","0.5520018339157104","BLINK","0.994840145111084"
"2026-09-23T09:35:08.882551","58","2026-09-23T09:35:20.426273","1","0.9938164353370667","0.9968274235725403","9.254776954650879","-1.877410650253296","0.8159836530685425","BLINK","0.995321929454803"
"2026-09-23T09:35:08.882551","59","2026-09-23T09:35:20.603904","1","0.9918690919876099","0.9958990216255188","8.412936210632324","-1.6870088577270508","0.7045785188674927","BLINK","0.993884056806564"
"2026-09-23T09:35:08.882551","60","2026-09-23T09:35:20.777224","1","0.9887905716896057","0.9962117075920105","8.484119415283203","-2.101301431655884","0.5237054228782654","BLINK","0.992501139640808"
"2026-09-23T09:35:08.882551","61","2026-09-23T09:35:20.939857","1","0.9871754050254822","0.9369730353355408","8.58993148803711","-2.245248794555664","0.8804450035095215","BLINK","0.962074220180511"
"2026-09-23T09:35:08.882551","62","2026-09-23T09:35:21.140388","1","0.4151104688644409","0.023173749446868896","9.092248916625977","-2.5544426441192627","0.9934632778167725","BLINK","0.219142109155655"
"2026-09-23T09:35:08.882551","63","2026-09-23T09:35:21.290728","1","0.990864634513855","0.9971305727958679","9.604691505432129","-1.6501026153564453","0.6456746459007263","BLINK","0.993997603654861"
"2026-09-23T09:35:08.882551","64","2026-09-23T09:35:21.477926","1","0.9913694858551025","0.9952638149261475","8.014652252197266","-2.081267833709717","0.6699827909469604","BLINK","0.993316650390625"
"2026-09-23T09:35:08.882551","65","2026-09-23T09:35:21.650478","1","0.9918690919876099","0.9968274235725403","8.455609321594238","-1.439697027206421","0.9244760870933533","BLINK","0.994348257780075"
"2026-09-23T09:35:08.882551","66","2026-09-23T09:35:21.814605","1","0.9928528666496277","0.9968274235725403","7.886720657348633","-1.630936861038208","0.894308865070343","BLINK","0.994840145111084"
"2026-09-23T09:35:08.882551","67","2026-09-23T09:35:21.994552","1","0.9913694858551025","0.9968274235725403","9.557056427001953","-2.0478062629699707","0.9423019886016846","BLINK","0.994098454713821"
"2026-09-23T09:35:08.882551","68","2026-09-23T09:35:22.146490","1","0.9918690919876099","0.9962117075920105","8.673328399658203","-1.9334927797317505","0.78996741771698","BLINK","0.99404039978981"
"2026-09-23T09:35:08.882551","69","2026-09-23T09:35:22.300548","1","0.9898386597633362","0.9965211153030396","8.55615520477295","-1.6768443584442139","0.7111535668373108","BLINK","0.993179887533188"
"2026-09-23T09:35:08.882551","70","2026-09-23T09:35:22.452848","1","0.9918690919876099","0.9968274235725403","8.005335807800293","-1.6118505001068115","0.8463498950004578","BLINK","0.994348257780075"
"2026-09-23T09:35:08.882551","71","2026-09-23T09:35:22.619183","1","0.0","0.006523013114929199","9.480813026428223","-2.086127996444702","0.6791771650314331","BLINK","0.0032615065574646"
"2026-09-23T09:35:08.882551","72","2026-09-23T09:35:22.799400","1","0.9606643915176392","0.9369730353355408","10.345559120178223","-2.1835947036743164","1.0498509407043457","BLINK","0.94881871342659"
"2026-09-23T09:35:08.882551","73","2026-09-23T09:35:22.955183","1","0.9898386597633362","0.9971305727958679","9.462066650390625","-1.7401734590530396","0.35079941153526306","BLINK","0.993484616279602"
"2026-09-23T09:35:08.882551","74","2026-09-23T09:35:23.110865","1","0.9928528666496277","0.9958990216255188","8.129332542419434","-1.9321763515472412","0.5414225459098816","BLINK","0.994375944137573"
"2026-09-23T09:35:08.882551","75","2026-09-23T09:35:23.269694","1","0.990864634513855","0.9971305727958679","8.017606735229492","-1.793411374092102","0.6450867056846619","BLINK","0.993997603654861"
"2026-09-23T09:35:08.882551","76","2026-09-23T09:35:23.434305","1","0.9903543591499329","0.9965211153030396","8.32708740234375","-2.222592353820801","0.12380291521549225","BLINK","0.993437737226486"
"2026-09-23T09:35:08.882551","77","2026-09-23T09:35:23.576162","1","0.9918690919876099","0.9971305727958679","7.887617588043213","-1.891284704208374","0.40826624631881714","BLINK","0.994499832391739"
"2026-09-23T09:35:08.882551","78","2026-09-23T09:35:23.782191","1","0.9903543591499329","0.9968274235725403","9.444083213806152","-2.112370729446411","0.35695695877075195","BLINK","0.993590891361237"
"2026-09-23T09:35:08.882551","79","2026-09-23T09:35:23.983339","1","0.9938164353370667","0.9974306225776672","8.430273056030273","-2.026545524597168","0.22136400640010834","BLINK","0.995623528957367"
"2026-09-23T09:35:08.882551","80","2026-09-23T09:35:24.118250","1","0.9871754050254822","0.9383997917175293","8.104764938354492","-1.6270933151245117","0.5893219709396362","BLINK","0.962787598371506"
"2026-09-23T09:35:08.882551","81","2026-09-23T09:35:24.286232","1","0.0","0.004566192626953125","8.336627006530762","-2.882000207901001","0.26314207911491394","BLINK","0.00228309631347656"
"2026-09-23T09:35:08.882551","82","2026-09-23T09:35:24.433879","1","0.9842807650566101","0.9735729098320007","9.317414283752441","-2.634892225265503","0.5141677856445312","BLINK","0.978926837444305"
"2026-09-23T09:35:08.882551","83","2026-09-23T09:35:24.634214","1","0.9877196550369263","0.9918758273124695","8.416041374206543","-1.748844027519226","0.37234246730804443","BLINK","0.989797741174698"
"2026-09-23T09:35:08.882551","84","2026-09-23T09:35:24.786221","1","0.9913694858551025","0.9968274235725403","8.931411743164062","-1.992157220840454","0.23753026127815247","BLINK","0.994098454713821"
"2026-09-23T09:35:08.882551","85","2026-09-23T09:35:24.973825","1","0.9918690919876099","0.9965211153030396","9.252382278442383","-1.8701053857803345","0.5207989811897278","BLINK","0.994195103645325"
"2026-09-23T09:35:08.882551","86","2026-09-23T09:35:25.127248","1","0.9933371543884277","0.9968274235725403","8.386970520019531","-2.1463029384613037","0.40406298637390137","BLINK","0.995082288980484"
"2026-09-23T09:35:08.882551","87","2026-09-23T09:35:25.287861","1","0.9918690919876099","0.9965211153030396","7.997089862823486","-1.9345664978027344","0.20316122472286224","BLINK","0.994195103645325"
"2026-09-23T09:35:08.882551","88","2026-09-23T09:35:25.442741","1","0.9928528666496277","0.9955831170082092","8.461357116699219","-1.7833229303359985","0.41968533396720886","BLINK","0.994217991828918"
"2026-09-23T09:35:08.882551","89","2026-09-23T09:35:25.617605","1","0.9893174171447754","0.9946150779724121","8.657854080200195","-2.0703670978546143","0.4597179889678955","BLINK","0.991966247558594"
"2026-09-23T09:35:08.882551","90","2026-09-23T09:35:25.836380","1","0.9898386597633362","0.9946150779724121","8.32530689239502","-1.9000200033187866","0.3159336447715759","BLINK","0.992226868867874"
"2026-09-23T09:35:08.882551","91","2026-09-23T09:35:25.983594","1","0.0","0.006523013114929199","8.813929557800293","-1.823555827140808","0.4425361752510071","BLINK","0.0032615065574646"
"2026-09-23T09:35:08.882551","92","2026-09-23T09:35:26.153939","1","0.9850823879241943","0.9872773885726929","8.052915573120117","-2.065143346786499","0.22540006041526794","BLINK","0.986179888248444"
"2026-09-23T09:35:08.882551","93","2026-09-23T09:35:26.315499","1","0.9938164353370667","0.9958990216255188","7.815279960632324","-1.6624473333358765","-0.14683395624160767","BLINK","0.994857728481293"
"2026-09-23T09:35:08.882551","94","2026-09-23T09:35:26.463602","1","0.9947605133056641","0.99802166223526","7.007700443267822","-1.818560242652893","0.21191485226154327","BLINK","0.996391087770462"
"2026-09-23T09:35:08.882551","95","2026-09-23T09:35:26.616782","1","0.9938164353370667","0.9958990216255188","9.028627395629883","-1.812164545059204","-0.294124960899353","BLINK","0.994857728481293"
"2026-09-23T09:35:08.882551","96","2026-09-23T09:35:26.814985","1","0.9903543591499329","0.9952638149261475","7.769902229309082","-1.804972529411316","-0.06671971082687378","BLINK","0.99280908703804"
"2026-09-23T09:35:08.882551","97","2026-09-23T09:35:26.985297","1","0.9893174171447754","0.9958990216255188","9.068840026855469","-1.9915145635604858","0.05813584849238396","BLINK","0.992608219385147"
"2026-09-23T09:35:08.882551","98","2026-09-23T09:35:27.138752","1","0.9877196550369263","0.9900364875793457","9.382598876953125","-2.5111749172210693","0.5112836956977844","BLINK","0.988878071308136"
"2026-09-23T09:35:08.882551","99","2026-09-23T09:35:27.296475","1","0.004562854766845703","0.019214868545532227","8.602685928344727","-1.8577905893325806","0.24523764848709106","BLINK","0.011888861656189"
"2026-09-23T09:35:08.882551","100","2026-09-23T09:35:27.441588","1","0.6233029365539551","0.029933273792266846","9.138216018676758","-2.6979386806488037","0.2647605836391449","BLINK","0.326618105173111"
"2026-09-23T09:35:08.882551","101","2026-09-23T09:35:27.704970","1","0.9923635125160217","0.994285523891449","9.22298526763916","-1.5691553354263306","0.0008261929033324122","BLINK","0.993324518203735"
"2026-09-23T09:35:08.882551","102","2026-09-23T09:35:28.005625","1","0.9928528666496277","0.9932752251625061","8.797719955444336","-1.7056764364242554","0.1770143061876297","BLINK","0.993064045906067"
"2026-09-23T09:35:08.882551","103","2026-09-23T09:35:28.204588","1","0.9868497848510742","0.9929311275482178","8.538843154907227","-1.760719895362854","0.31713515520095825","BLINK","0.989890456199646"
"2026-09-23T09:35:08.882551","104","2026-09-23T09:35:28.388098","1","0.8049881458282471","0.9376009702682495","9.037357330322266","-2.3139171600341797","-0.017469901591539383","BLINK","0.871294558048248"
"2026-09-23T09:35:08.882551","105","2026-09-23T09:35:28.586001","1","0.0","0.008479773998260498","9.299768447875977","-2.7131617069244385","0.394541472196579","BLINK","0.00423988699913025"
"2026-09-23T09:35:08.882551","106","2026-09-23T09:35:28.840180","1","0.0","0.019214868545532227","8.392135620117188","-2.1095049381256104","0.548554003238678","BLINK","0.00960743427276611"
