"session_id","frame","timestamp","face_count","left_eye_probability","right_eye_probability","head_euler_angle_x","head_euler_angle_y","head_euler_angle_z","laplacian_variance","edge_density","intensity_mean","intensity_std","kondisi","jarak"
"2026-10-06T10:03:56.941183","1","2026-10-06T10:04:01.993423","1","0.2012934684753418","0.0595439076423645","10.094300270080566","2.6655290126800537","-4.673849582672119","24.069943289224952","0.0","158.04521276595744","25.738983978225114","REAL","DEKAT"
"2026-10-06T10:03:56.941183","2","2026-10-06T10:04:02.226746","1","0.1492120623588562","0.10733461380004883","9.78602123260498","2.7756104469299316","-3.998660087585449","6.225400067257863","0.0","183.82748538011697","15.695334754407208","REAL","DEKAT"
"2026-10-06T10:03:56.941183","3","2026-10-06T10:04:02.345022","1","0.9877196550369263","0.7058058977127075","6.502373695373535","-1.7650632858276367","1.6968413591384888","174.25256331408653","0.08890290037831021","122.3338405356056","70.0866101373976","REAL","DEKAT"
"2026-10-06T10:03:56.941183","4","2026-10-06T10:04:02.490162","1","0.9918690919876099","0.9946150779724121","3.610635995864868","-1.8948018550872803","1.6819020509719849","343.6288856574873","0.08140192198982477","105.02822580645162","69.37502888944535","REAL","DEKAT"
"2026-10-06T10:03:56.941183","5","2026-10-06T10:04:02.622748","1","0.9938164353370667","0.9962117075920105","0.006969058886170387","-3.1727359294891357","2.7351009845733643","474.38024864675606","0.08449704142011834","91.58005427408412","71.01906529047302","REAL","DEKAT"
"2026-10-06T10:03:56.941183","6","2026-10-06T10:04:02.741203","1","0.9942908883094788","0.9932752251625061","-0.0273759625852108","-3.5733180046081543","4.118899822235107","515.4099558946356","0.10402532790592492","90.26557093425606","70.88903721060368","REAL","DEKAT"
"2026-10-06T10:03:56.941183","7","2026-10-06T10:04:02.876792","1","0.9903543591499329","0.9946150779724121","-0.8764827847480774","-3.423872470855713","3.8627405166625977","409.8402977096754","0.10877431026684758","87.65462802768167","69.51292391996728","REAL","DEKAT"
"2026-10-06T10:03:56.941183","8","2026-10-06T10:04:03.077320","1","0.9903543591499329","0.8310790657997131","2.5355584621429443","-2.164705753326416","4.431920528411865","730.7404261007058","0.13566433566433567","96.74175579322637","73.0772789729238","REAL","DEKAT"
"2026-10-06T10:03:56.941183","9","2026-10-06T10:04:03.225967","1","0.9903543591499329","0.17585158348083496","2.111706495285034","-1.5864741802215576","4.791665554046631","898.2239240640819","0.1446280991735537","102.24100087796313","74.60028307348132","REAL","DEKAT"
"2026-10-06T10:03:56.941183","10","2026-10-06T10:04:03.329522","1","0.9863588809967041","0.16679900884628296","3.9139678478240967","-2.1647160053253174","4.630093097686768","825.6035353535353","0.1414141414141414","103.67537313432835","74.62768412084118","REAL","DEKAT"
"2026-10-06T10:03:56.941183","11","2026-10-06T10:04:03.467474","1","0.9537659883499146","0.2128179669380188","3.3866336345672607","-2.7178609371185303","3.7626287937164307","822.8331737527204","0.13544536271809","101.89837576821773","73.3819190708979","REAL","DEKAT"
"2026-10-06T10:03:56.941183","12","2026-10-06T10:04:03.606713","1","0.9510332942008972","0.2589155435562134","2.7473485469818115","-3.0915889739990234","3.9577040672302246","800.1880409824938","0.13751147842056932","101.12898195589219","72.89522950215515","REAL","DEKAT"
"2026-10-06T10:03:56.941183","13","2026-10-06T10:04:03.720923","1","0.9501656293869019","0.03290921449661255","3.4525792598724365","-2.4868521690368652","4.356097221374512","729.8562072747679","0.14118457300275483","104.81848112379281","72.28126593796405","REAL","DEKAT"
"2026-10-06T10:03:56.941183","14","2026-10-06T10:04:03.830599","1","0.9506080746650696","0.02363598346710205","1.8492153882980347","-2.1815271377563477","4.7766265869140625","665.4060009663455","0.13297150610583447","107.73696733722691","71.45826030698187","REAL","DEKAT"
"2026-10-06T10:03:56.941183","15","2026-10-06T10:04:03.970809","1","0.9498605728149414","0.02363598346710205","2.748569965362549","-1.2517285346984863","5.6610260009765625","595.6858687783587","0.14256198347107438","109.31496927129061","69.79336272830896","REAL","DEKAT"
"2026-10-06T10:03:56.941183","16","2026-10-06T10:04:04.119717","1","0.972050666809082","0.02363598346710205","2.8633079528808594","-1.024095892906189","4.7315239906311035","692.7256383435322","0.1384297520661157","107.5377524143986","67.4606679973066","REAL","DEKAT"
"2026-10-06T10:03:56.941183","17","2026-10-06T10:04:04.224404","1","0.9825901985168457","0.021324872970581055","2.795928955078125","-1.205162763595581","4.56063985824585","702.7591940673115","0.13659320477502296","108.2928007023705","66.4835252650189","REAL","DEKAT"
"2026-10-06T10:03:56.941183","18","2026-10-06T10:04:04.385561","1","0.9928528666496277","0.8628342747688293","3.2137837409973145","-0.764604926109314","4.560775279998779","679.1946488741661","0.14646464646464646","111.86040386303775","66.17456232606852","REAL","DEKAT"
"2026-10-06T10:03:56.941183","19","2026-10-06T10:04:04.511592","1","0.9923635125160217","0.9971305727958679","2.817365884780884","-1.0041581392288208","4.477163791656494","699.7141391537441","0.15038444142921756","115.61479367866549","65.057853909693","REAL","DEKAT"
"2026-10-06T10:03:56.941183","20","2026-10-06T10:04:04.628128","1","0.9933371543884277","0.9968274235725403","2.834975004196167","-1.7091732025146484","4.503072261810303","590.6594018268264","0.1327689908665627","108.91794543904518","66.84445402170577","REAL","DEKAT"
"2026-10-06T10:03:56.941183","21","2026-10-06T10:04:04.751345","1","0.990864634513855","0.9968274235725403","1.6888067722320557","-3.2847511768341064","4.548330783843994","713.4421374072035","0.12754409769335143","102.57300454250486","67.67048572228747","REAL","DEKAT"
"2026-10-06T10:03:56.941183","22","2026-10-06T10:04:04.869359","1","0.9508934020996094","0.010436594486236572","0.8584651350975037","-4.556388854980469","4.6187520027160645","807.9504730060482","0.12754409769335143","98.00383631713555","67.77020360594781","REAL","DEKAT"
"2026-10-06T10:03:56.941183","23","2026-10-06T10:04:04.979891","1","0.9913694858551025","0.9971305727958679","0.26619017124176025","-4.778898239135742","4.249964237213135","894.8894360765339","0.1341055914457563","98.67611846250787","68.06966447495286","REAL","DEKAT"
"2026-10-06T10:03:56.941183","24","2026-10-06T10:04:05.108767","1","0.9842807650566101","0.021324872970581055","0.5683595538139343","-5.127388954162598","4.575539588928223","979.4837575605795","0.13337924701561066","100.02414398595259","68.13105067999946","REAL","DEKAT"
"2026-10-06T10:03:56.941183","25","2026-10-06T10:04:05.233525","1","0.9501656293869019","0.02363598346710205","0.8207674622535706","-4.839900493621826","4.748459339141846","931.7358651604806","0.1365967365967366","102.69948763644464","68.53846989380942","REAL","DEKAT"
"2026-10-06T10:03:56.941183","26","2026-10-06T10:04:05.354153","1","0.0","0.004566192626953125","0.32241225242614746","-4.878370761871338","4.648744106292725","1004.7169210680981","0.13452708907254363","104.37247585601405","68.6673677862996","REAL","DEKAT"
"2026-10-06T10:03:56.941183","27","2026-10-06T10:04:05.495745","1","0.08553206920623779","0.0208626389503479","0.9859887361526489","-5.116368770599365","4.440168380737305","956.4846763611811","0.14078859434172422","105.64407502131287","69.08343980293292","REAL","DEKAT"
"2026-10-06T10:03:56.941183","28","2026-10-06T10:04:05.638899","1","0.9868497848510742","0.9872773885726929","0.7653737664222717","-4.7464680671691895","4.773266792297363","1064.9783275509078","0.15955004591368227","104.19381035996489","69.2431869173531","REAL","DEKAT"
"2026-10-06T10:03:56.941183","29","2026-10-06T10:04:05.758123","1","0.9918690919876099","0.9958990216255188","0.2196149080991745","-4.778294086456299","4.38338041305542","962.1921761077213","0.15571396747605257","105.54433077578858","70.06177364907292","REAL","DEKAT"
"2026-10-06T10:03:56.941183","30","2026-10-06T10:04:05.876361","1","0.9933371543884277","0.9965211153030396","-0.963821530342102","-6.289449214935303","3.897317886352539","1073.149891164864","0.14613499665849855","103.47016197783461","70.75665649188547","REAL","DEKAT"
"2026-10-06T10:03:56.941183","31","2026-10-06T10:04:05.997191","1","0.9903543591499329","0.9965211153030396","-0.3759323060512543","-7.264676094055176","3.6209869384765625","961.5217106780312","0.14591222989529962","101.36072664359861","70.46956984551896","REAL","DEKAT"
"2026-10-06T10:03:56.941183","32","2026-10-06T10:04:06.120032","1","0.9868497848510742","0.9354024529457092","-0.46264952421188354","-11.662580490112305","2.4324095249176025","838.5173536889793","0.128125","93.18044077134986","70.22685295149904","REAL","DEKAT"
"2026-10-06T10:03:56.941183","33","2026-10-06T10:04:06.238927","1","0.08553206920623779","0.012393414974212646","-1.1236282587051392","-18.02449607849121","2.0175423622131348","810.0544394161834","0.1254724111866969","84.591552734375","69.57532252757136","REAL","DEKAT"
"2026-10-06T10:03:56.941183","34","2026-10-06T10:04:06.364698","1","0.16252541542053223","0.006523013114929199","-0.31283557415008545","-22.89352798461914","0.38250917196273804","553.6160736083984","0.11181640625","79.65609467455621","68.72467203046646","REAL","DEKAT"
"2026-10-06T10:03:56.941183","35","2026-10-06T10:04:06.639639","1","0.8264715671539307","0.0888165831565857","0.65925532579422","-25.152767181396484","-1.288622260093689","665.3877388511278","0.11186696900982615","82.772216796875","71.77135611211307","REAL","DEKAT"
"2026-10-06T10:03:56.941183","36","2026-10-06T10:04:06.760451","1","0.8049881458282471","0.5513277649879456","-2.1839346885681152","-24.18678092956543","-1.6897251605987549","750.4623600604356","0.11690602166792644","84.34033203125","72.46027935541483","REAL","DEKAT"
"2026-10-06T10:03:56.941183","37","2026-10-06T10:04:06.884552","1","0.9022865295410156","0.990412712097168","-1.077938437461853","-22.813098907470703","-2.1730761528015137","705.464452428975","0.11489040060468632","85.728759765625","72.59998771242755","REAL","DEKAT"
"2026-10-06T10:03:56.941183","38","2026-10-06T10:04:06.992337","1","0.5554949641227722","0.022711515426635742","-0.7798388004302979","-22.972768783569336","-1.1391187906265259","695.185054718502","0.11780753968253968","88.10408653846154","73.33258001047358","REAL","DEKAT"
"2026-10-06T10:03:56.941183","39","2026-10-06T10:04:07.122678","1","0.044218361377716064","0.006523013114929199","0.6432938575744629","-18.882152557373047","-0.400990754365921","553.2536408901215","0.11865234375","95.1905325443787","74.6926794275813","REAL","DEKAT"
"2026-10-06T10:03:56.941183","40","2026-10-06T10:04:07.247088","1","0.27598196268081665","0.000652611255645752","0.9544175863265991","-13.650936126708984","-0.007666835095733404","677.4748978018761","0.123779296875","100.88402366863906","74.40105485604184","REAL","DEKAT"
"2026-10-06T10:03:56.941183","41","2026-10-06T10:04:07.371015","1","0.4603421688079834","0.006523013114929199","0.5626072883605957","-7.749382972717285","1.6062361001968384","694.4259004183247","0.12649219467401285","108.1258632212074","71.79809424426593","REAL","DEKAT"
"2026-10-06T10:03:56.941183","42","2026-10-06T10:04:07.524696","1","0.08367270231246948","0.006523013114929199","0.9371502995491028","-3.4763784408569336","2.585235595703125","798.7890388345445","0.13992214532871972","113.10786749482402","70.92728729501827","REAL","DEKAT"
"2026-10-06T10:03:56.941183","43","2026-10-06T10:04:07.645428","1","0.08147144317626953","0.004566192626953125","0.2934724986553192","-3.5853259563446045","2.430966854095459","759.1766650139427","0.14049586776859505","110.62620719929762","69.75433882940091","REAL","DEKAT"
"2026-10-06T10:03:56.941183","44","2026-10-06T10:04:07.767631","1","0.059361934661865234","0.006523013114929199","1.2285888195037842","-4.313382148742676","2.458040475845337","653.045945440349","0.1390773405698779","114.22188581314879","70.33053195564095","REAL","DEKAT"
"2026-10-06T10:03:56.941183","45","2026-10-06T10:04:07.889653","1","0.044218361377716064","0.004566192626953125","1.266128659248352","-3.182124376296997","3.54123592376709","794.0970272787985","0.1414141414141414","115.94490781387182","70.6839954351811","REAL","DEKAT"
"2026-10-06T10:03:56.941183","46","2026-10-06T10:04:08.018725","1","0.08553206920623779","0.004566192626953125","1.6206127405166626","-2.7978835105895996","3.058732748031616","786.9072979460689","0.14095500459136823","118.96532045654082","70.76696432533109","REAL","DEKAT"
"2026-10-06T10:03:56.941183","47","2026-10-06T10:04:08.130642","1","0.03877866268157959","0.006523013114929199","0.8403862714767456","-3.629122734069824","2.7516019344329834","799.0974788265828","0.1446280991735537","119.48156277436348","71.41876137050022","REAL","DEKAT"
"2026-10-06T10:03:56.941183","48","2026-10-06T10:04:08.250542","1","0.03194314241409302","0.006523013114929199","1.7269922494888306","-3.7665016651153564","2.6651597023010254","738.154118191684","0.13705234159779614","122.31079894644425","71.8708997512634","REAL","DEKAT"
"2026-10-06T10:03:56.941183","49","2026-10-06T10:04:08.370608","1","0.004562854766845703","0.000652611255645752","0.712337076663971","1.1599711179733276","4.493197917938232","493.0007337651496","0.1322314049586777","134.56123792800702","69.14815295900716","REAL","DEKAT"
"2026-10-06T10:03:56.941183","50","2026-10-06T10:04:08.473594","1","0.004562854766845703","0.0026093721389770508","1.2018003463745117","5.251952648162842","5.231666564941406","479.21262124542864","0.12213039485766758","140.5342405618964","66.8419762824481","REAL","DEKAT"
"2026-10-06T10:03:56.941183","51","2026-10-06T10:04:08.851956","1","0.947841465473175","0.3679760694503784","-0.0176729466766119","30.89505958557129","7.640998363494873","660.0584044711991","0.1356902356902357","136.55487012987012","67.35704613916442","REAL","DEKAT"
"2026-10-06T10:03:56.941183","52","2026-10-06T10:04:08.955528","1","0.001824796199798584","0.023173749446868896","-0.9009934663772583","34.33119201660156","7.448324203491211","712.0935065935778","0.14346742613029548","138.0996632996633","67.23076120654807","REAL","DEKAT"
"2026-10-06T10:03:56.941183","53","2026-10-06T10:04:09.069692","1","0.0","0.17585158348083496","4.206345081329346","37.71784591674805","7.502288341522217","581.0472766497128","0.11591220850480109","134.48","68.12127988781276","REAL","DEKAT"
"2026-10-06T10:03:56.941183","54","2026-10-06T10:04:09.177649","1","0.9842807650566101","0.27962368726730347","2.4971954822540283","46.115089416503906","5.338346481323242","671.8766645611857","0.1159334126040428","132.2798046538351","70.44573371823178","REAL","DEKAT"
"2026-10-06T10:03:56.941183","55","2026-10-06T10:04:09.300146","1","0.9850823879241943","0.25589215755462646","0.8131638765335083","46.21303939819336","4.200865268707275","690.2705259311741","0.12496152662357649","131.6753864447087","69.56292440975194","REAL","DEKAT"
"2026-10-06T10:03:56.941183","56","2026-10-06T10:04:09.417211","1","0.9863588809967041","0.7252373695373535","1.5052446126937866","45.498897552490234","2.5293054580688477","729.6347124460503","0.12371445856019359","130.9050263004091","69.74197274654392","REAL","DEKAT"
"2026-10-06T10:03:56.941183","57","2026-10-06T10:04:09.540576","1","0.9848182797431946","0.8723113536834717","1.233832836151123","40.646854400634766","1.8296796083450317","747.495237448348","0.1283471837488458","130.25683709869205","69.97437974483101","REAL","DEKAT"
"2026-10-06T10:03:56.941183","58","2026-10-06T10:04:09.661229","1","0.0","0.010436594486236572","-0.7818642854690552","31.044160842895508","0.00892458762973547","480.2761373351071","0.10497091485986251","130.81822836661547","70.14902384112587","REAL","DEKAT"
"2026-10-06T10:03:56.941183","59","2026-10-06T10:04:09.779756","1","0.092304527759552","0.021324872970581055","0.8016759157180786","20.003372192382812","-1.057601809501648","466.9639057534603","0.11392729134664618","135.156498015873","69.41241885504019","REAL","DEKAT"
"2026-10-06T10:03:56.941183","60","2026-10-06T10:04:09.900007","1","0.9918690919876099","0.9713870286941528","0.9591874480247498","8.500880241394043","-0.8468964099884033","632.1857147999033","0.15192743764172337","126.58251953125","67.15771161668228","REAL","DEKAT"
"2026-10-06T10:03:56.941183","61","2026-10-06T10:04:10.023449","1","0.9961413145065308","0.9936156272888184","0.9038342833518982","4.186324596405029","-0.5820556282997131","762.0781053162005","0.15747039556563366","116.9775390625","68.52663632582068","REAL","DEKAT"
"2026-10-06T10:03:56.941183","62","2026-10-06T10:04:10.143630","1","0.9952254295349121","0.9939523935317993","0.9694026112556458","2.3972766399383545","-0.4275886118412018","598.0672816254685","0.15128968253968253","111.91264204545455","68.82634322697136","REAL","DEKAT"
"2026-10-06T10:03:56.941183","63","2026-10-06T10:04:10.261410","1","0.9947605133056641","0.9929311275482178","1.055521845817566","2.4343390464782715","0.7027007937431335","680.3370628356934","0.1416015625","106.10224852071006","68.16524966004559","REAL","DEKAT"
"2026-10-06T10:03:56.941183","64","2026-10-06T10:04:10.389208","1","0.015514969825744629","0.006523013114929199","1.2543703317642212","2.1284098625183105","1.5772510766983032","628.2946974857616","0.1345427059712774","106.76318359375","67.02603470403109","REAL","DEKAT"
"2026-10-06T10:03:56.941183","65","2026-10-06T10:04:10.506958","1","0.9850823879241943","0.3970256447792053","1.4807953834533691","1.7364091873168945","2.55153226852417","646.4233802570507","0.13764880952380953","109.31466346153846","68.2778386192867","REAL","DEKAT"
"2026-10-06T10:03:56.941183","66","2026-10-06T10:04:10.622810","1","0.9903543591499329","0.9351650476455688","2.799818277359009","1.131318211555481","3.621893882751465","664.0542209324412","0.13913690476190477","109.4360576923077","68.52064713980896","REAL","DEKAT"
"2026-10-06T10:03:56.941183","67","2026-10-06T10:04:10.819093","1","0.9938164353370667","0.9971305727958679","3.3299403190612793","1.635587453842163","3.588012456893921","741.3091235741045","0.14816568047337278","107.3321854912764","68.85918132002998","REAL","DEKAT"
"2026-10-06T10:03:56.941183","68","2026-10-06T10:04:10.949340","1","0.9923635125160217","0.9457477331161499","2.2686092853546143","1.3456556797027588","3.152775764465332","700.2898427365989","0.138698224852071","112.04247015610652","69.00758722312688","REAL","DEKAT"
"2026-10-06T10:03:56.941183","69","2026-10-06T10:04:11.098864","1","0.679590106010437","0.022249281406402588","1.1698474884033203","1.2131493091583252","3.19262957572937","691.7532775463044","0.13562130177514792","110.84733700642792","69.00675609900088","REAL","DEKAT"
"2026-10-06T10:03:56.941183","70","2026-10-06T10:04:11.233347","1","0.9952254295349121","0.9965211153030396","1.5584359169006348","1.857842206954956","3.0946784019470215","727.542914676621","0.14195804195804196","122.76604278074866","68.84082292058396","REAL","DEKAT"
"2026-10-06T10:03:56.941183","71","2026-10-06T10:04:11.351887","1","0.0","0.0026093721389770508","1.8771615028381348","1.9103593826293945","2.9839866161346436","550.1544485092163","0.13232421875","131.58556213017752","66.53275621478551","REAL","DEKAT"
"2026-10-06T10:03:56.941183","72","2026-10-06T10:04:11.453799","1","0.03194314241409302","0.010436594486236572","1.4821895360946655","1.6064532995224","3.739784002304077","712.7236305606292","0.15268329554043839","135.65817307692308","65.08945752791105","REAL","DEKAT"
"2026-10-06T10:03:56.941183","73","2026-10-06T10:04:11.562150","1","0.9501656293869019","0.047746360301971436","1.8768421411514282","1.2400990724563599","4.923333644866943","813.9041202129","0.16468253968253968","136.41875","64.17342888891461","REAL","DEKAT"
"2026-10-06T10:03:56.941183","74","2026-10-06T10:04:11.674618","1","0.4151104688644409","0.021787047386169434","2.36669659614563","1.4951894283294678","4.939639568328857","793.386188702188","0.1535218253968254","140.7694674556213","64.17517347268284","REAL","DEKAT"
"2026-10-06T10:03:56.941183","75","2026-10-06T10:04:11.829138","1","0.1407354474067688","0.021324872970581055","2.473308563232422","1.549962043762207","4.376829624176025","861.309589225797","0.15621063240110858","142.519287109375","63.94049448540934","REAL","DEKAT"
"2026-10-06T10:03:56.941183","76","2026-10-06T10:04:11.956216","1","0.05539274215698242","0.012393414974212646","2.5147526264190674","1.5537446737289429","3.787670850753784","871.6000226732765","0.15873015873015872","141.65528846153848","64.20468261824128","REAL","DEKAT"
"2026-10-06T10:03:56.941183","77","2026-10-06T10:04:12.074687","1","0.05671572685241699","0.0208626389503479","3.3457953929901123","1.423987865447998","3.2675580978393555","851.8701119589907","0.14856150793650794","141.00865384615383","64.1994108087284","REAL","DEKAT"
"2026-10-06T10:03:56.941183","78","2026-10-06T10:04:12.193662","1","0.0","0.0026093721389770508","2.8775649070739746","1.8582144975662231","2.820578098297119","748.6161501637691","0.14756944444444445","140.57836538461538","64.22118564609012","REAL","DEKAT"
"2026-10-06T10:03:56.941183","79","2026-10-06T10:04:12.319679","1","0.775982677936554","0.021324872970581055","3.812920093536377","0.895453929901123","2.656667947769165","788.9165598205428","0.1470734126984127","140.75479289940827","64.28846964346813","REAL","DEKAT"
"2026-10-06T10:03:56.941183","80","2026-10-06T10:04:12.444002","1","0.9938164353370667","0.9918758273124695","2.949173927307129","0.7466357946395874","3.320554494857788","840.4813456017534","0.15625","139.7622596153846","64.68975864648357","REAL","DEKAT"
"2026-10-06T10:03:56.941183","81","2026-10-06T10:04:12.565508","1","0.9898386597633362","0.994285523891449","2.3750243186950684","1.8473875522613525","3.833425998687744","847.9253087773014","0.1527777777777778","139.46634615384616","64.74930072473151","REAL","DEKAT"
"2026-10-06T10:03:56.941183","82","2026-10-06T10:04:12.681572","1","0.9933371543884277","0.9949411749839783","2.3592169284820557","0.768482506275177","3.6056246757507324","869.6255342640317","0.1617943548387097","140.07259615384615","64.83210579132","REAL","DEKAT"
"2026-10-06T10:03:56.941183","83","2026-10-06T10:04:12.799214","1","0.9956856369972229","0.9952638149261475","2.4653332233428955","0.4477916657924652","3.0346791744232178","902.4853582125377","0.15286935286935288","138.74289044289046","64.95863738307874","REAL","DEKAT"
"2026-10-06T10:03:56.941183","84","2026-10-06T10:04:12.919860","1","0.9903543591499329","0.990412712097168","1.8503222465515137","-0.503132164478302","2.9725210666656494","755.9061043398841","0.14781746031746032","139.85940828402366","64.53073665792428","REAL","DEKAT"
"2026-10-06T10:03:56.941183","85","2026-10-06T10:04:13.052158","1","0.7550646662712097","0.14226526021957397","3.114861488342285","-0.13817308843135834","3.352074384689331","814.5180497980442","0.14856150793650794","140.99739644970415","65.20451026502688","REAL","DEKAT"
"2026-10-06T10:03:56.941183","86","2026-10-06T10:04:13.156386","1","0.7550646662712097","0.026871562004089355","3.4430460929870605","-0.43116381764411926","3.529604196548462","680.0485042649873","0.1440972222222222","141.73041420118344","65.78464046515883","REAL","DEKAT"
"2026-10-06T10:03:56.941183","87","2026-10-06T10:04:13.279627","1","0.6402992010116577","0.024098217487335205","3.481888771057129","-0.7526420950889587","4.068504810333252","643.8465328518238","0.1400856638951877","139.02197265625","68.01649907271491","REAL","DEKAT"
"2026-10-06T10:03:56.941183","88","2026-10-06T10:04:13.406110","1","0.9903543591499329","0.9892709851264954","3.831300973892212","-1.287878394126892","4.65029239654541","752.8264843669707","0.145376669186193","131.555419921875","72.31374144704283","REAL","DEKAT"
"2026-10-06T10:03:56.941183","89","2026-10-06T10:04:13.524624","1","0.9933371543884277","0.9918758273124695","5.421933650970459","-2.31508469581604","4.550258636474609","605.4686729688469","0.11186696900982615","123.738037109375","76.18693907744824","REAL","DEKAT"
"2026-10-06T10:03:56.941183","90","2026-10-06T10:04:13.644868","1","0.9887905716896057","0.9968274235725403","4.916065216064453","-4.147780895233154","5.334405422210693","611.0146499632366","0.11100591715976331","120.20330167345092","76.83707915228106","REAL","DEKAT"
"2026-10-06T10:03:56.941183","91","2026-10-06T10:04:13.772859","1","0.9903543591499329","0.9971305727958679","3.398526668548584","-4.557880401611328","5.529067039489746","581.4920945243158","0.10745192307692308","121.47520661157024","76.47814334881097","REAL","DEKAT"
"2026-10-06T10:03:56.941183","92","2026-10-06T10:04:13.892149","1","0.9903543591499329","0.9376009702682495","2.9063334465026855","-4.430757999420166","5.704973220825195","604.7786773645525","0.10504807692307692","121.98756218905473","76.60426882224733","REAL","DEKAT"
"2026-10-06T10:03:56.941183","93","2026-10-06T10:04:14.009039","1","0.9503150582313538","0.02456045150756836","3.8742523193359375","-4.155022621154785","6.190896034240723","584.2006007303994","0.10673076923076923","121.18340117593849","76.2534727010529","REAL","DEKAT"
"2026-10-06T10:03:56.941183","94","2026-10-06T10:04:14.149453","1","0.9488933086395264","0.02456045150756836","2.431378126144409","-3.781613826751709","6.720548629760742","629.1086417691383","0.10793269230769231","125.7894617819991","74.42635891374528","REAL","DEKAT"
"2026-10-06T10:03:56.941183","95","2026-10-06T10:04:14.249563","1","0.9508934020996094","0.47919273376464844","2.084278106689453","-3.1868982315063477","6.887821674346924","631.4238206820633","0.10590277777777778","127.98245192307692","73.57075303189698","REAL","DEKAT"
"2026-10-06T10:03:56.941183","96","2026-10-06T10:04:14.376166","1","0.9485522508621216","0.019214868545532227","2.620006799697876","-0.978782594203949","7.389520645141602","619.7787855883093","0.10884353741496598","133.2294921875","71.3343016173995","REAL","DEKAT"
"2026-10-06T10:03:56.941183","97","2026-10-06T10:04:14.492420","1","0.21113640069961548","0.012393414974212646","2.907322406768799","3.022582530975342","10.240121841430664","623.035550725221","0.1115995115995116","139.60792540792542","69.31702201420303","REAL","DEKAT"
"2026-10-06T10:03:56.941183","98","2026-10-06T10:04:14.611120","1","0.1118159294128418","0.022249281406402588","0.7944713234901428","4.529788494110107","9.6356840133667","649.4712629581983","0.110718789407314","137.84559884559886","69.00870778031643","REAL","DEKAT"
"2026-10-06T10:03:56.941183","99","2026-10-06T10:04:14.734566","1","0.2554110884666443","0.1860300898551941","0.0480714850127697","4.298831462860107","7.098804950714111","609.4899912118024","0.12046936114732724","134.9923000496771","70.49510304432069","REAL","DEKAT"
"2026-10-06T10:03:56.941183","100","2026-10-06T10:04:14.855748","1","0.9893174171447754","0.9876855611801147","-1.4912217855453491","3.6418747901916504","4.4679388999938965","789.2845646695241","0.12775107513281053","133.83627450980393","71.5729619356246","REAL","DEKAT"
"2026-10-06T10:03:56.941183","101","2026-10-06T10:04:14.972802","1","0.9942908883094788","0.990412712097168","-1.7057145833969116","4.380298614501953","3.2290003299713135","903.9654878063718","0.13657577990665684","135.52620641884093","71.60899721408475","REAL","DEKAT"
"2026-10-06T10:03:56.941183","102","2026-10-06T10:04:15.093275","1","0.9887905716896057","0.9488520622253418","-0.353680819272995","3.772371292114258","2.3134186267852783","807.2871365444828","0.13564908722109534","139.73176123802506","71.6258755510734","REAL","DEKAT"
"2026-10-06T10:03:56.941183","103","2026-10-06T10:04:15.221472","1","0.9837305545806885","0.434387743473053","-0.4035927355289459","4.35377836227417","2.2565929889678955","777.5980168615722","0.135375752814873","141.21211365902292","72.13455787277373","REAL","DEKAT"
"2026-10-06T10:03:56.941183","104","2026-10-06T10:04:15.334276","1","0.9498605728149414","0.5513277649879456","-1.2464728355407715","3.4868853092193604","2.157909393310547","713.6547829861943","0.12564499484004127","141.6430852370425","72.6116626320894","REAL","DEKAT"
"2026-10-06T10:03:56.941183","105","2026-10-06T10:04:15.455108","1","0.9848182797431946","0.8650642037391663","-1.4963449239730835","2.75901460647583","1.7394236326217651","701.983961292717","0.12743628185907047","139.1931248507997","73.39434711928146","REAL","DEKAT"
"2026-10-06T10:03:56.941183","106","2026-10-06T10:04:15.576646","1","0.990864634513855","0.9962117075920105","0.2857820391654968","-0.16556330025196075","1.8388135433197021","555.0036472697889","0.1242094611687326","141.79362745098038","73.54559449208732","REAL","DEKAT"
"2026-10-06T10:03:56.941183","107","2026-10-06T10:04:15.703265","1","0.9928528666496277","0.9974306225776672","4.010237216949463","-0.8139480352401733","4.9143781661987305","654.2131574256322","0.12277323062108811","143.4476650563607","74.19727440293578","REAL","DEKAT"
"2026-10-06T10:03:56.941183","108","2026-10-06T10:04:15.825099","1","0.9918690919876099","0.99802166223526","5.079355716705322","-1.8837236166000366","5.584073543548584","712.5474350280645","0.1247086247086247","139.98774509803923","76.5277732109969","REAL","DEKAT"
"2026-10-06T10:03:56.941183","109","2026-10-06T10:04:15.944855","1","0.9903543591499329","0.9974306225776672","5.709432125091553","-3.0259504318237305","5.0681681632995605","750.6144966912923","0.1297041420118343","138.79941203075532","77.70207322965183","REAL","DEKAT"
"2026-10-06T10:03:56.941183","110","2026-10-06T10:04:16.063776","1","0.9903543591499329","0.9952638149261475","5.568268299102783","-2.961125135421753","4.768609046936035","741.7388525009155","0.124267578125","138.23939393939395","77.68211048632354","REAL","DEKAT"
"2026-10-06T10:03:56.941183","111","2026-10-06T10:04:16.180451","1","0.7024589776992798","0.02456045150756836","6.002197742462158","-2.9659903049468994","5.080205917358398","687.8005863803855","0.12524801587301587","136.66322115384617","76.79340599953085","REAL","DEKAT"
"2026-10-06T10:03:56.941183","112","2026-10-06T10:04:16.300808","1","0.27911096811294556","0.023173749446868896","5.966224670410156","-3.9475979804992676","4.470498085021973","615.7139272689819","0.115478515625","131.4974358974359","77.04226199486563","REAL","DEKAT"
"2026-10-06T10:03:56.941183","113","2026-10-06T10:04:16.423392","1","0.679590106010437","0.0264093279838562","5.056685447692871","-2.987030267715454","4.961307525634766","572.6365532544379","0.1125","130.8477961432507","76.13499333734906","REAL","DEKAT"
"2026-10-06T10:03:56.941183","114","2026-10-06T10:04:16.547296","1","0.9497048854827881","0.12644684314727783","4.4716901779174805","-3.529451608657837","6.169525623321533","613.8440765738487","0.10400390625","130.44638694638695","74.9939642777206","REAL","DEKAT"
"2026-10-06T10:03:56.941183","115","2026-10-06T10:04:16.663047","1","0.9498605728149414","0.3436095714569092","4.821313381195068","-2.9487218856811523","6.019710540771484","633.7890033125877","0.105224609375","130.17296037296038","74.542442132754","REAL","DEKAT"
"2026-10-06T10:03:56.941183","116","2026-10-06T10:04:16.792589","1","0.986605703830719","0.9872773885726929","4.742724418640137","-3.615978717803955","5.5124287605285645","686.7878785770722","0.10376492194674013","130.2897278314311","74.44200322103569","REAL","DEKAT"
"2026-10-06T10:03:56.941183","117","2026-10-06T10:04:16.910036","1","0.9882580041885376","0.9918758273124695","3.9334490299224854","-3.2249011993408203","5.392753601074219","658.5113896709814","0.10330578512396695","130.80904302019314","74.32586384207619","REAL","DEKAT"
"2026-10-06T10:03:56.941183","118","2026-10-06T10:04:17.035433","1","0.9825901985168457","0.16679900884628296","5.645394802093506","-2.2513115406036377","5.2639312744140625","634.7508546059312","0.10627218934911242","130.0033921302578","74.20044324482903","REAL","DEKAT"
"2026-10-06T10:03:56.941183","119","2026-10-06T10:04:17.189920","1","0.8049881458282471","0.022711515426635742","6.437298774719238","-2.7448084354400635","4.58615255355835","676.5392779760921","0.11507936507936507","130.98581730769232","74.49831916537863","REAL","DEKAT"
"2026-10-06T10:03:56.941183","120","2026-10-06T10:04:17.305328","1","0.8114630579948425","0.024098217487335205","6.445713996887207","-3.025845527648926","4.063464164733887","623.9870572903723","0.10682791635172588","128.119384765625","74.50735108979758","REAL","DEKAT"
"2026-10-06T10:03:56.941183","121","2026-10-06T10:04:17.434735","1","0.001824796199798584","0.000652611255645752","5.632045745849609","-3.24900484085083","3.7163898944854736","595.3934250202232","0.10229276895943562","128.260498046875","74.20906030264734","REAL","DEKAT"
"2026-10-06T10:03:56.941183","122","2026-10-06T10:04:17.553579","1","0.9868497848510742","0.5363578200340271","5.883965015411377","-3.269420623779297","4.3643670082092285","564.9849815368652","0.104248046875","125.40615384615384","74.2416381680107","REAL","DEKAT"
"2026-10-06T10:03:56.941183","123","2026-10-06T10:04:17.679207","1","0.990864634513855","0.9929311275482178","3.553978443145752","-3.062026023864746","5.328815460205078","659.6181419978292","0.10627218934911242","125.00271370420624","74.00140568456536","REAL","DEKAT"
"2026-10-06T10:03:56.941183","124","2026-10-06T10:04:17.794863","1","0.9871754050254822","0.9965211153030396","2.40946102142334","-4.8807477951049805","4.645857810974121","515.2083716552304","0.09871031746031746","121.99668639053255","74.84735069579789","REAL","DEKAT"
"2026-10-06T10:03:56.941183","125","2026-10-06T10:04:17.918924","1","0.9918690919876099","0.998600959777832","2.7866039276123047","-10.289531707763672","2.749803304672241","468.9241292478284","0.09045099521289998","110.99462890625","76.97816674060965","REAL","DEKAT"
"2026-10-06T10:03:56.941183","126","2026-10-06T10:04:18.036485","1","0.9840072393417358","0.997727632522583","2.2803916931152344","-17.549654006958008","0.7800942063331604","396.68898081364694","0.06659729448491156","100.98160745779794","78.36748528984243","REAL","DEKAT"
"2026-10-06T10:03:56.941183","127","2026-10-06T10:04:18.159861","1","0.9840072393417358","0.9958990216255188","3.5950803756713867","-21.401283264160156","-2.326948404312134","462.5211340619217","0.060353798126951096","97.75107079868985","78.87208159555061","REAL","DEKAT"
"2026-10-06T10:03:56.941183","128","2026-10-06T10:04:18.271982","1","0.9863588809967041","0.9911525249481201","2.996736526489258","-21.407535552978516","-2.813051462173462","410.68010269592025","0.06141035649232371","99.65625","79.36522337381528","REAL","DEKAT"
"2026-10-06T10:03:56.941183","129","2026-10-06T10:04:18.380988","1","0.9837305545806885","0.8639492392539978","3.1299819946289062","-21.739988327026367","-2.233759641647339","459.70135074643593","0.060109289617486336","99.40020161290323","79.81054696728633","REAL","DEKAT"
"2026-10-06T10:03:56.941183","130","2026-10-06T10:04:18.489358","1","0.9856016635894775","0.8723113536834717","1.9922047853469849","-20.838382720947266","-1.5412288904190063","421.59544737830964","0.060215053763440864","99.5847414234511","80.42541848954751","REAL","DEKAT"
"2026-10-06T10:03:56.941183","131","2026-10-06T10:04:18.597560","1","0.9828804135322571","0.8745412826538086","3.070235013961792","-17.931255340576172","-0.4061727225780487","458.47646714333854","0.059068436117616446","100.71673387096774","79.6075169583117","REAL","DEKAT"
"2026-10-06T10:03:56.941183","132","2026-10-06T10:04:18.721940","1","0.9856016635894775","0.25589215755462646","2.2163145542144775","-10.710993766784668","3.6675477027893066","413.5410196940104","0.07213541666666666","107.6955334987593","78.24829003372362","REAL","DEKAT"
"2026-10-06T10:03:56.941183","133","2026-10-06T10:04:18.845932","1","0.9506080746650696","0.021324872970581055","0.6151403784751892","-3.8100810050964355","7.360192775726318","520.4530177626607","0.09285714285714286","121.51869877049181","75.76270086908815","REAL","DEKAT"
"2026-10-06T10:03:56.941183","134","2026-10-06T10:04:18.956283","1","0.9493870735168457","0.022249281406402588","2.3517699241638184","2.468341112136841","10.39937686920166","526.6589633204135","0.09401483050847458","132.50693568726356","72.85000060025669","REAL","DEKAT"
"2026-10-06T10:03:56.941183","135","2026-10-06T10:04:19.075280","1","0.9458995461463928","0.042649805545806885","2.1805763244628906","3.873189687728882","10.692455291748047","609.0659464513739","0.09735182849936948","130.34824434824435","72.34739913874827","REAL","DEKAT"
"2026-10-06T10:03:56.941183","136","2026-10-06T10:04:19.207475","1","0.9022865295410156","0.02456045150756836","2.5949151515960693","2.6511378288269043","10.153265953063965","641.849329322814","0.10230769230769231","131.23278767453058","73.66833816329527","REAL","DEKAT"
"2026-10-06T10:03:56.941183","137","2026-10-06T10:04:19.322806","1","0.9488933086395264","0.023173749446868896","2.892996072769165","1.581242561340332","9.496177673339844","585.4324770493394","0.09634300126103405","126.76972281449893","74.59229494043825","REAL","DEKAT"
"2026-10-06T10:03:56.941183","138","2026-10-06T10:04:19.440013","1","0.9606643915176392","0.23023617267608643","2.7983808517456055","1.6188405752182007","9.51857852935791","614.0893313341409","0.09475806451612903","122.82884615384616","75.06657323935474","REAL","DEKAT"
"2026-10-06T10:03:56.941183","139","2026-10-06T10:04:19.565867","1","0.947841465473175","0.012393414974212646","1.056842565536499","0.06604219973087311","8.740978240966797","655.3822711955152","0.09846230158730158","117.72980769230769","76.03479767616487","REAL","DEKAT"
"2026-10-06T10:03:56.941183","140","2026-10-06T10:04:19.683117","1","0.9488933086395264","0.025947093963623047","0.7518413066864014","-0.6798191070556641","8.17995548248291","614.6865785521385","0.10069444444444445","117.19038461538462","76.16766237820198","REAL","DEKAT"
"2026-10-06T10:03:56.941183","141","2026-10-06T10:04:19.811623","1","0.986605703830719","0.9955831170082092","1.2377431392669678","-1.8264819383621216","7.465544700622559","664.5825565887104","0.10964590964590964","116.46969696969697","76.84714961334645","REAL","DEKAT"
"2026-10-06T10:03:56.941183","142","2026-10-06T10:04:19.928380","1","0.9882580041885376","0.994285523891449","1.001279354095459","-3.409942388534546","6.685038089752197","585.5274594388242","0.1022332506203474","115.60132575757575","77.61047025330627","REAL","DEKAT"
"2026-10-06T10:03:56.941183","143","2026-10-06T10:04:20.045961","1","0.9871754050254822","0.9955831170082092","1.1191391944885254","-4.862720012664795","6.29715633392334","567.9529439547022","0.10158730158730159","110.2092803030303","78.17980047144381","REAL","DEKAT"
"2026-10-06T10:03:56.941183","144","2026-10-06T10:04:20.168222","1","0.9903543591499329","0.9965211153030396","0.15266837179660797","-5.4874958992004395","6.0989885330200195","576.9233210636874","0.09426129426129426","108.31652462121212","78.32981305544223","REAL","DEKAT"
"2026-10-06T10:03:56.941183","145","2026-10-06T10:04:20.284162","1","0.0","0.0026093721389770508","2.4640612602233887","-5.279573917388916","6.423238277435303","567.2200548171485","0.08043032786885246","110.35189255189255","78.4805209383062","REAL","DEKAT"
"2026-10-06T10:03:56.941183","146","2026-10-06T10:04:20.414050","1","0.9947605133056641","0.9971305727958679","3.902442455291748","-3.7710065841674805","5.8365960121154785","539.4136083573313","0.08922558922558922","108.36787683823529","78.09763054287436","REAL","DEKAT"
"2026-10-06T10:03:56.941183","147","2026-10-06T10:04:20.526991","1","0.9918690919876099","0.9974306225776672","1.7279709577560425","-3.9113147258758545","6.079945087432861","524.9106239679833","0.08321308321308321","108.29296875","77.91200887560345","REAL","DEKAT"
"2026-10-06T10:03:56.941183","148","2026-10-06T10:04:20.654136","1","0.9918690919876099","0.9968274235725403","0.1999538540840149","-3.9910452365875244","5.993560314178467","541.0149587350184","0.09164222873900293","110.80767463235294","77.78431899279923","REAL","DEKAT"
"2026-10-06T10:03:56.941183","149","2026-10-06T10:04:20.771158","1","0.9515752792358398","0.042649805545806885","0.18804892897605896","-4.070163249969482","5.78349494934082","583.9787558571261","0.09007444168734491","111.64165464165464","77.59643578115822","REAL","DEKAT"
"2026-10-06T10:03:56.941183","150","2026-10-06T10:04:20.898015","1","0.9942908883094788","0.9932752251625061","0.0356285460293293","-3.6314868927001953","5.603748321533203","582.4995788064571","0.0962000962000962","113.94751131221719","76.97496187884651","REAL","DEKAT"
"2026-10-06T10:03:56.941183","151","2026-10-06T10:04:21.019983","1","0.0","0.000652611255645752","1.4313734769821167","-1.1816537380218506","4.705959320068359","597.5541095945821","0.09350961538461539","118.09207807118256","76.29389376985331","REAL","DEKAT"
"2026-10-06T10:03:56.941183","152","2026-10-06T10:04:21.136486","1","0.9938164353370667","0.9952638149261475","1.6934032440185547","0.3867691159248352","3.949911594390869","667.299081971668","0.10759634662508354","118.46227621483376","76.78690623454557","REAL","DEKAT"
"2026-10-06T10:03:56.941183","153","2026-10-06T10:04:21.292477","1","0.9938164353370667","0.9962117075920105","5.062316417694092","-0.5137203931808472","3.8385379314422607","699.1404545464774","0.1117141564902759","116.97426470588235","76.74308341170212","REAL","DEKAT"
"2026-10-06T10:03:56.941183","154","2026-10-06T10:04:21.421607","1","0.9965924024581909","0.9968274235725403","4.2106404304504395","-0.004477742128074169","3.769152879714966","851.1181062915329","0.11841491841491841","112.41791044776119","76.30860594652121","REAL","DEKAT"
"2026-10-06T10:03:56.941183","155","2026-10-06T10:04:21.529492","1","0.9923635125160217","0.9952638149261475","3.6056299209594727","0.3747459650039673","3.730616807937622","727.0425861279367","0.11621301775147928","111.37878787878788","75.98858273506559","REAL","DEKAT"
"2026-10-06T10:03:56.941183","156","2026-10-06T10:04:21.655422","1","0.9923635125160217","0.9962117075920105","4.179738521575928","-0.018184665590524673","3.4129483699798584","787.2086015847598","0.10973370064279155","113.24100087796313","75.8990731895083","REAL","DEKAT"
"2026-10-06T10:03:56.941183","157","2026-10-06T10:04:21.778868","1","0.9956856369972229","0.9952638149261475","3.9353418350219727","-0.0974169448018074","3.3070085048675537","862.6129196211215","0.12213039485766758","114.20961369622476","76.54021193322608","REAL","DEKAT"
"2026-10-06T10:03:56.941183","158","2026-10-06T10:04:21.903580","1","0.9965924024581909","0.9958990216255188","3.1666746139526367","0.15733307600021362","3.497741222381592","854.5270369645895","0.11888111888111888","116.17197594118957","76.42673286667991","REAL","DEKAT"
"2026-10-06T10:03:56.941183","159","2026-10-06T10:04:22.023800","1","0.9928528666496277","0.9952638149261475","4.16764497756958","0.26221293210983276","3.614093780517578","812.0041832466075","0.1182277318640955","116.23924495171202","77.03234845943162","REAL","DEKAT"
"2026-10-06T10:03:56.941183","160","2026-10-06T10:04:22.141645","1","0.9952254295349121","0.9968274235725403","3.925236463546753","0.13427738845348358","3.781827449798584","841.0620302132281","0.11872455902306649","117.75064878892734","77.39827498744634","REAL","DEKAT"
"2026-10-06T10:03:56.941183","161","2026-10-06T10:04:22.260267","1","0.9515752792358398","0.1860300898551941","3.8589603900909424","-0.021802449598908424","3.656205654144287","672.3132414691363","0.10201183431952662","117.78245137946631","76.84528783750092","REAL","DEKAT"
"2026-10-06T10:03:56.941183","162","2026-10-06T10:04:22.385088","1","0.03877866268157959","0.004566192626953125","3.5106256008148193","-0.08523255586624146","3.4892709255218506","651.974038541317","0.107177734375","118.94941724941725","76.90808249034073","REAL","DEKAT"
"2026-10-06T10:03:56.941183","163","2026-10-06T10:04:22.505568","1","0.0","0.0026093721389770508","3.396752119064331","-0.06587274372577667","3.8074142932891846","650.9105834960938","0.104248046875","120.7972027972028","77.11831125984018","REAL","DEKAT"
"2026-10-06T10:03:56.941183","164","2026-10-06T10:04:22.671088","1","0.015514969825744629","0.000652611255645752","3.178149700164795","-0.688061535358429","3.8582088947296143","656.4144897460938","0.103515625","119.34032634032634","76.74278949682271","REAL","DEKAT"
"2026-10-06T10:03:56.941183","165","2026-10-06T10:04:22.780484","1","0.1492120623588562","0.008479773998260498","3.433504104614258","-0.6860040426254272","3.690857172012329","637.4868400406148","0.10011834319526627","122.53663500678427","77.08838778171757","REAL","DEKAT"
"2026-10-06T10:03:56.941183","166","2026-10-06T10:04:22.905363","1","0.001824796199798584","0.0026093721389770508","3.582160472869873","-0.5026118159294128","3.797936201095581","638.9331769347191","0.103759765625","121.78368298368298","76.94951764126603","REAL","DEKAT"
"2026-10-06T10:03:56.941183","167","2026-10-06T10:04:23.032168","1","0.9938164353370667","0.9968274235725403","3.571837902069092","-0.6140037775039673","4.280611991882324","723.6083613879066","0.11621301775147928","121.63071008593397","76.88513690075851","REAL","DEKAT"
"2026-10-06T10:03:56.941183","168","2026-10-06T10:04:23.147814","1","0.9938164353370667","0.9958990216255188","2.843057632446289","-0.24039946496486664","4.165278434753418","768.2807898783423","0.11561771561771562","122.27623078636667","76.85286007392725","REAL","DEKAT"
"2026-10-06T10:03:56.941183","169","2026-10-06T10:04:23.274896","1","0.9947605133056641","0.9962117075920105","2.98565936088562","-0.018680483102798462","3.898425817489624","787.5354670426699","0.12051282051282051","122.6872354644687","76.8349697829911","REAL","DEKAT"
"2026-10-06T10:03:56.941183","170","2026-10-06T10:04:23.389991","1","0.9928528666496277","0.9958990216255188","3.524268627166748","-0.885956883430481","4.183540344238281","792.7716400902758","0.1216712580348944","123.16132572431958","77.17082010272806","REAL","DEKAT"
"2026-10-06T10:03:56.941183","171","2026-10-06T10:04:23.512255","1","0.972050666809082","0.023173749446868896","4.356009006500244","-0.3112131953239441","4.1118550300598145","656.8200368285179","0.10986328125","123.9091124260355","76.45421896427341","REAL","DEKAT"
"2026-10-06T10:03:56.941183","172","2026-10-06T10:04:23.628892","1","0.9492247700691223","0.021787047386169434","4.623970031738281","-0.4196477234363556","4.0079665184021","683.494704246521","0.1123046875","123.59431952662722","76.70694970739414","REAL","DEKAT"
"2026-10-06T10:03:56.941183","173","2026-10-06T10:04:23.754672","1","0.6711785793304443","0.019214868545532227","4.218204021453857","-0.4952940344810486","3.834639310836792","684.7306298613548","0.11083984375","124.17183431952662","76.79212738293046","REAL","DEKAT"
"2026-10-06T10:03:56.941183","174","2026-10-06T10:04:23.873247","1","0.007300853729248047","0.0026093721389770508","3.711263656616211","-0.5113003849983215","3.8354570865631104","674.4873139858246","0.10986328125","124.34674556213018","76.81703000556641","REAL","DEKAT"
"2026-10-06T10:03:56.941183","175","2026-10-06T10:04:23.997787","1","0.001824796199798584","0.000652611255645752","3.6655359268188477","-0.4063018560409546","3.917532205581665","703.5179897836539","0.11057692307692307","124.0993006993007","76.79809404489299","REAL","DEKAT"
"2026-10-06T10:03:56.941183","176","2026-10-06T10:04:24.115500","1","0.9845510721206665","0.623405933380127","4.749882221221924","-0.8938465714454651","3.9453189373016357","705.2232153753698","0.1125","125.50466200466201","77.26686478163926","REAL","DEKAT"
"2026-10-06T10:03:56.941183","177","2026-10-06T10:04:24.237050","1","0.9893174171447754","0.77680504322052","4.508956432342529","-0.6732913255691528","4.0152812004089355","700.4490511741865","0.11201923076923077","125.72354312354312","77.40470962907206","REAL","DEKAT"
"2026-10-06T10:03:56.941183","178","2026-10-06T10:04:24.352152","1","0.9871754050254822","0.6963686943054199","4.1613545417785645","-0.6273026466369629","4.017745018005371","667.1460227966309","0.11376953125","125.40710059171597","77.65841116917885","REAL","DEKAT"
"2026-10-06T10:03:56.941183","179","2026-10-06T10:04:24.478947","1","0.9863588809967041","0.26849472522735596","4.5065741539001465","-0.9096664190292358","3.988675832748413","662.4632887244225","0.114501953125","125.12662721893491","77.80421073535145","REAL","DEKAT"
"2026-10-06T10:03:56.941183","180","2026-10-06T10:04:24.604419","1","0.9858568906784058","0.26193898916244507","4.16551399230957","-0.6584886312484741","3.9258944988250732","664.9526962637901","0.111572265625","124.41680473372782","77.68526854153336","REAL","DEKAT"
"2026-10-06T10:03:56.941183","181","2026-10-06T10:04:24.756168","1","0.018253028392791748","0.0026093721389770508","3.1312129497528076","-0.9815725088119507","3.951472520828247","651.4755472540855","0.109130859375","124.53088757396449","77.6170941630309","REAL","DEKAT"
"2026-10-06T10:03:56.941183","182","2026-10-06T10:04:24.877030","1","0.5857317447662354","0.021787047386169434","4.150803565979004","-0.6619324088096619","3.6782515048980713","666.8960775732994","0.10986328125","125.08520710059172","77.51984411022941","REAL","DEKAT"
"2026-10-06T10:03:56.941183","183","2026-10-06T10:04:25.002137","1","0.9510332942008972","0.02456045150756836","4.24059534072876","-0.7281148433685303","3.7134275436401367","670.29616522789","0.10986328125","125.05562130177515","77.57778906346152","REAL","DEKAT"
"2026-10-06T10:03:56.941183","184","2026-10-06T10:04:25.125770","1","0.9893174171447754","0.8734263181686401","4.835657119750977","-0.6923843026161194","3.768444538116455","669.6588644385338","0.109130859375","124.96165680473372","77.71188753794763","REAL","DEKAT"
"2026-10-06T10:03:56.941183","185","2026-10-06T10:04:25.245755","1","0.9877196550369263","0.9713870286941528","5.089457988739014","-0.6139019727706909","3.834873914718628","665.5429266249075","0.11177884615384616","124.339072543618","78.17797176034506","REAL","DEKAT"
"2026-10-06T10:03:56.941183","186","2026-10-06T10:04:25.366974","1","0.9903543591499329","0.9668617844581604","5.077667713165283","-0.9571659564971924","3.9298276901245117","670.018832169742","0.11124260355029586","123.35753052917232","78.33615439587558","REAL","DEKAT"
"2026-10-06T10:03:56.941183","187","2026-10-06T10:04:25.488096","1","0.9877196550369263","0.9488520622253418","4.622856616973877","-0.4731028974056244","3.8117518424987793","687.9009912014008","0.1064453125","123.52890442890443","78.01374111801478","REAL","DEKAT"
"2026-10-06T10:03:56.941183","188","2026-10-06T10:04:25.608358","1","0.9868497848510742","0.8684090375900269","4.407149791717529","-0.8780918717384338","3.754188299179077","687.3164281249046","0.111328125","123.21748251748252","77.94718205852652","REAL","DEKAT"
"2026-10-06T10:03:56.941183","189","2026-10-06T10:04:25.727530","1","0.9903543591499329","0.8717538714408875","4.221157550811768","-0.7589051723480225","3.4351565837860107","628.3607069220266","0.10579881656804734","123.18159203980099","78.00225440269223","REAL","DEKAT"
"2026-10-06T10:03:56.941183","190","2026-10-06T10:04:25.843141","1","0.9893174171447754","0.9867727756500244","3.765760660171509","-1.3497477769851685","3.338454484939575","676.8427292899408","0.10552884615384615","124.20293847566575","78.09963763142942","REAL","DEKAT"
"2026-10-06T10:03:56.941183","191","2026-10-06T10:04:25.964228","1","0.9918690919876099","0.9949411749839783","3.842014789581299","-1.920023798942566","2.862532377243042","676.9670500034673","0.11013116236996834","123.36332179930795","78.7495092797601","REAL","DEKAT"
"2026-10-06T10:03:56.941183","192","2026-10-06T10:04:26.090553","1","0.9877196550369263","0.9965211153030396","3.723771333694458","-3.5365421772003174","2.745373249053955","566.5455629627038","0.09859791949344188","117.5","79.45369535699616","REAL","DEKAT"
"2026-10-06T10:03:56.941183","193","2026-10-06T10:04:26.208701","1","0.9887905716896057","0.9974306225776672","2.6185286045074463","-9.929027557373047","1.0665044784545898","488.33083837562975","0.0785639958376691","104.42126480221718","80.95253601798204","REAL","DEKAT"
"2026-10-06T10:03:56.941183","194","2026-10-06T10:04:26.324379","1","0.9877196550369263","0.998312771320343","6.51644229888916","-20.89533042907715","-1.562821388244629","373.51799796647833","0.05853277835587929","92.98034769463341","81.47551861025076","REAL","DEKAT"
"2026-10-06T10:03:56.941183","195","2026-10-06T10:04:26.448340","1","0.9871754050254822","0.9958990216255188","5.965693950653076","-25.486848831176758","-2.0045597553253174","332.9873972264643","0.04383975812547241","88.884033203125","80.22735016072386","REAL","DEKAT"
"2026-10-06T10:03:56.941183","196","2026-10-06T10:04:26.814555","1","0.8114630579948425","0.9351650476455688","4.689748287200928","-25.813880920410156","-0.5782490372657776","374.05341395817584","0.047619047619047616","91.019775390625","80.32678526618348","REAL","DEKAT"
"2026-10-06T10:03:56.941183","197","2026-10-06T10:04:26.930524","1","0.9501656293869019","0.8745412826538086","6.13482141494751","-22.5750675201416","-0.3137102723121643","421.9146009696899","0.05325140809011777","92.89905753968254","80.84233491303385","REAL","DEKAT"
"2026-10-06T10:03:56.941183","198","2026-10-06T10:04:27.048127","1","0.9514423608779907","0.8639492392539978","5.081282615661621","-18.38397216796875","1.044593095779419","423.8675468491632","0.06374807987711213","97.67807539682539","81.44583563527142","REAL","DEKAT"
"2026-10-06T10:03:56.941183","199","2026-10-06T10:04:27.177508","1","0.9848182797431946","0.36242806911468506","3.979220390319824","-12.107479095458984","4.535140514373779","421.47596075238135","0.07518210197710717","103.84731670445956","82.21318739648996","REAL","DEKAT"
"2026-10-06T10:03:56.941183","200","2026-10-06T10:04:27.298514","1","0.9856016635894775","0.15379184484481812","3.2208921909332275","-5.510740280151367","10.02363109588623","497.18726286408213","0.09027055150884496","112.27185689090452","81.94927987027043","REAL","DEKAT"
"2026-10-06T10:03:56.941183","201","2026-10-06T10:04:27.408528","1","0.9498605728149414","0.6702355742454529","1.9931694269180298","-0.18548065423965454","14.054064750671387","620.3153156638145","0.09375","118.07360946745563","80.04065846606838","REAL","DEKAT"
"2026-10-06T10:03:56.941183","202","2026-10-06T10:04:27.540122","1","0.9825901985168457","0.8723113536834717","0.40927982330322266","2.297358274459839","14.786710739135742","665.5892538253513","0.09879807692307692","119.98624708624709","78.57522369184404","REAL","DEKAT"
"2026-10-06T10:03:56.941183","203","2026-10-06T10:04:27.661091","1","0.9861093163490295","0.9021314382553101","0.7953137159347534","2.532931327819824","14.439173698425293","709.0739904064983","0.09751479289940829","120.72388059701493","78.0064938589864","REAL","DEKAT"
"2026-10-06T10:03:56.941183","204","2026-10-06T10:04:27.784345","1","0.9850823879241943","0.9209686517715454","1.8072501420974731","1.9033713340759277","14.346435546875","653.4645288890446","0.09538461538461539","118.69063772048847","77.75126001151962","REAL","DEKAT"
"2026-10-06T10:03:56.941183","205","2026-10-06T10:04:27.891676","1","0.9893174171447754","0.936539888381958","1.475624680519104","1.4256144762039185","14.003802299499512","691.2868860368898","0.0985576923076923","116.81375291375291","77.24160350499507","REAL","DEKAT"
"2026-10-06T10:03:56.941183","206","2026-10-06T10:04:27.993396","1","0.9863588809967041","0.8717538714408875","1.3403609991073608","0.9219415187835693","12.84737491607666","561.3028028990582","0.09159763313609467","115.49841700587969","77.13834143791098","REAL","DEKAT"
"2026-10-06T10:03:56.941183","207","2026-10-06T10:04:28.098830","1","0.9871754050254822","0.936539888381958","1.1968929767608643","-0.218559131026268","8.210359573364258","454.42102666188975","0.08004807692307692","112.61171067738232","76.81512301285478","REAL","DEKAT"
"2026-10-06T10:03:56.941183","208","2026-10-06T10:04:28.215980","1","0.9840072393417358","0.6780469417572021","1.045780897140503","-1.7596150636672974","1.9756584167480469","381.3452552570508","0.07837301587301587","111.19223484848484","75.26999052606114","REAL","DEKAT"
"2026-10-06T10:03:56.941183","209","2026-10-06T10:04:28.342908","1","0.9831671714782715","0.26849472522735596","1.2936880588531494","-2.1740798950195312","-4.182888507843018","379.26185358176144","0.0786372950819672","110.64420024420025","73.79444870233144","REAL","DEKAT"
"2026-10-06T10:03:56.941183","210","2026-10-06T10:04:28.457457","1","0.9845510721206665","0.7058058977127075","-0.8793627619743347","-2.7194042205810547","-8.14459228515625","457.3592417292145","0.08982630272952853","106.9247159090909","72.25763115641114","REAL","DEKAT"
"2026-10-06T10:03:56.941183","211","2026-10-06T10:04:28.588590","1","0.9848182797431946","0.36242806911468506","-1.123503565788269","-3.693593978881836","-10.287185668945312","445.8930651596303","0.08299180327868852","107.75457875457876","72.78898927797725","REAL","DEKAT"
"2026-10-06T10:03:56.941183","212","2026-10-06T10:04:28.707266","1","0.9515752792358398","0.8734263181686401","-2.080007553100586","-9.08520793914795","-17.01764488220215","348.62596099999604","0.061755952380952384","95.66003787878788","72.58278615629663","REAL","DEKAT"
"2026-10-06T10:03:56.941183","213","2026-10-06T10:04:28.829663","1","0.9506080746650696","0.8723113536834717","-2.096513032913208","-13.178250312805176","-22.341407775878906","401.9026752191088","0.07132867132867132","91.29521510096576","69.95776653911712","REAL","DEKAT"
"2026-10-06T10:03:56.941183","214","2026-10-06T10:04:28.947372","1","0.9503150582313538","0.9382040500640869","-1.7390986680984497","-10.574309349060059","-21.813629150390625","577.784693021748","0.08617424242424243","94.9572192513369","70.5412165488811","REAL","DEKAT"
"2026-10-06T10:03:56.941183","215","2026-10-06T10:04:29.067180","1","0.9537659883499146","0.9896559715270996","-1.484459400177002","-11.126838684082031","-20.539323806762695","565.532525355529","0.08131868131868132","96.67026406429392","72.09215702344514","REAL","DEKAT"
"2026-10-06T10:03:56.941183","216","2026-10-06T10:04:29.189646","1","0.0","0.006523013114929199","-1.0484615564346313","-10.644281387329102","-18.919593811035156","456.4888921859253","0.07539682539682539","98.29420118343195","71.10799738297735","REAL","DEKAT"
"2026-10-06T10:03:56.941183","217","2026-10-06T10:04:29.306371","1","0.9506080746650696","0.042649805545806885","0.3068576455116272","-7.618099212646484","-13.526910781860352","396.65611125878326","0.08365384615384615","103.36037296037296","70.2405305788007","REAL","DEKAT"
"2026-10-06T10:03:56.941183","218","2026-10-06T10:04:29.426921","1","0.9840072393417358","0.23023617267608643","2.137134552001953","-3.1633121967315674","-7.0001220703125","488.09728090340553","0.0946969696969697","108.47898966704936","71.15064277497085","REAL","DEKAT"
"2026-10-06T10:03:56.941183","219","2026-10-06T10:04:29.552316","1","0.9837305545806885","0.10733461380004883","1.721224069595337","-0.3820890784263611","-3.3051350116729736","528.063004032258","0.10080645161290322","112.9579326923077","71.30577041027719","REAL","DEKAT"
"2026-10-06T10:03:56.941183","220","2026-10-06T10:04:29.668998","1","0.9472037553787231","0.11680018901824951","-1.180126428604126","1.5301727056503296","-2.8030569553375244","488.228958062066","0.08411458333333334","113.92555831265508","71.77952123937092","REAL","DEKAT"
"2026-10-06T10:03:56.941183","221","2026-10-06T10:04:29.802550","1","0.0","0.0026093721389770508","-4.16180419921875","2.695733070373535","-1.9408373832702637","520.761794773654","0.07142857142857142","113.05172413793103","74.16658365226242","REAL","DEKAT"
"2026-10-06T10:03:56.941183","222","2026-10-06T10:04:29.910581","1","0.004562854766845703","0.0","-6.76691198348999","6.972262859344482","-2.1582045555114746","558.7593157900001","0.06329884357881924","112.57113997113997","76.53354660437031","REAL","DEKAT"
"2026-10-06T10:03:56.941183","223","2026-10-06T10:04:30.037500","1","0.010038912296295166","0.0","-9.141746520996094","7.399703025817871","-3.6959426403045654","636.8291668016903","0.06072106261859583","111.67385444743935","76.73459982478907","REAL","DEKAT"
"2026-10-06T10:03:56.941183","224","2026-10-06T10:04:30.159449","1","0.007300853729248047","0.000652611255645752","-10.31574535369873","7.634018421173096","-4.396310806274414","647.2229916415853","0.05913476501711796","113.23197115384616","76.62473514171275","REAL","DEKAT"
"2026-10-06T10:03:56.941183","225","2026-10-06T10:04:30.272771","1","0.007300853729248047","0.000652611255645752","-9.642338752746582","7.207688331604004","-4.448882579803467","638.511959100018","0.0635673624288425","119.47557997557998","76.47739625997438","REAL","DEKAT"
"2026-10-06T10:03:56.941183","226","2026-10-06T10:04:30.397414","1","0.9952254295349121","0.9929311275482178","-8.644052505493164","4.979239463806152","-4.767293453216553","584.4106124709288","0.07996406109613657","125.14351851851852","76.11441500105852","REAL","DEKAT"
"2026-10-06T10:03:56.941183","227","2026-10-06T10:04:30.513927","1","0.9952254295349121","0.9958990216255188","-4.712366104125977","5.2006120681762695","-4.140167713165283","530.2255668156608","0.09494415049970606","135.54573863636364","76.26826650815502","REAL","DEKAT"
"2026-10-06T10:03:56.941183","228","2026-10-06T10:04:30.643069","1","0.9933371543884277","0.9962117075920105","1.6930441856384277","5.419522285461426","-2.17006778717041","498.9768631197335","0.11825396825396825","143.02484631147541","73.72311713068082","REAL","DEKAT"
"2026-10-06T10:03:56.941183","229","2026-10-06T10:04:30.761615","1","0.9933371543884277","0.9974306225776672","8.00633716583252","4.798679351806641","-0.23286256194114685","459.6833609495615","0.13241415192507805","150.25371630133534","71.61027947087513","REAL","DEKAT"
"2026-10-06T10:03:56.941183","230","2026-10-06T10:04:30.881362","1","0.9938164353370667","0.9988862872123718","11.845730781555176","4.838719367980957","1.5651098489761353","589.7081654320988","0.1413888888888889","144.6530502553077","72.00367105193702","REAL","DEKAT"
"2026-10-06T10:03:56.941183","231","2026-10-06T10:04:30.999808","1","0.9928528666496277","0.9952638149261475","13.601598739624023","4.94882869720459","2.588069438934326","665.4601117175779","0.1497175141242938","135.43196721311475","74.01934848926247","REAL","DEKAT"
"2026-10-06T10:03:56.941183","232","2026-10-06T10:04:31.118079","1","0.9877196550369263","0.9946150779724121","14.644270896911621","2.6463940143585205","2.5478410720825195","655.2561480709877","0.14722222222222223","123.82235958075786","74.58546837982598","REAL","DEKAT"
"2026-10-06T10:03:56.941183","233","2026-10-06T10:04:31.239254","1","0.9858568906784058","0.9952638149261475","14.961610794067383","1.689350962638855","2.2964651584625244","724.964861573407","0.14708417121516806","118.30388888888889","72.91771531732714","REAL","DEKAT"
"2026-10-06T10:03:56.941183","234","2026-10-06T10:04:31.367897","1","0.9871754050254822","0.9952638149261475","14.638415336608887","1.5389583110809326","2.069723129272461","676.6086432098765","0.1338888888888889","115.44074173609245","72.11673697994422","REAL","DEKAT"
"2026-10-06T10:03:56.941183","235","2026-10-06T10:04:31.483927","1","0.9850823879241943","0.9369730353355408","14.027093887329102","1.9551550149917603","2.0665764808654785","664.5158333333334","0.13583333333333333","117.64848159097016","71.9294127807487","REAL","DEKAT"
"2026-10-06T10:03:56.941183","236","2026-10-06T10:04:31.615325","1","0.9488933086395264","0.6911184787750244","13.613567352294922","1.7479286193847656","2.1912107467651367","637.4978222222222","0.13111111111111112","122.45767266863746","71.38538017648641","REAL","DEKAT"
"2026-10-06T10:03:56.941183","237","2026-10-06T10:04:31.726412","1","0.05539274215698242","0.004566192626953125","13.107308387756348","1.5693995952606201","2.3744544982910156","469.5641650025942","0.11404768744613616","126.06694444444445","70.1290296255348","REAL","DEKAT"
"2026-10-06T10:03:56.941183","238","2026-10-06T10:04:31.846975","1","0.05539274215698242","0.0026093721389770508","9.470059394836426","1.0277483463287354","3.118384599685669","525.9353896662881","0.10587929240374609","126.41672965482489","72.86184708185155","REAL","DEKAT"
"2026-10-06T10:03:56.941183","239","2026-10-06T10:04:31.966648","1","0.601551353931427","0.042649805545806885","6.82310152053833","0.5697529911994934","3.538210391998291","527.3504172482271","0.10249739854318418","127.07256235827664","73.81330098210441","REAL","DEKAT"
"2026-10-06T10:03:56.941183","240","2026-10-06T10:04:32.090785","1","0.8114630579948425","0.2589155435562134","4.27668571472168","-0.21656014025211334","3.5596394538879395","565.9812432527252","0.09599375650364204","124.1002771478962","74.14950218748837","REAL","DEKAT"
"2026-10-06T10:03:56.941183","241","2026-10-06T10:04:32.262379","1","0.9472037553787231","0.24035435914993286","2.6561942100524902","0.15826524794101715","3.5236377716064453","529.565812723113","0.09191077667293739","124.31971904266389","73.92601496200427","REAL","DEKAT"
"2026-10-06T10:03:56.941183","242","2026-10-06T10:04:32.395431","1","0.8997346758842468","0.17585158348083496","2.5151498317718506","-0.1605968475341797","3.6397604942321777","552.8543088028905","0.09453551912568306","125.82700312174818","74.05628950932291","REAL","DEKAT"
"2026-10-06T10:03:56.941183","243","2026-10-06T10:04:32.537743","1","0.980856716632843","0.06604921817779541","2.9587502479553223","-0.13764280080795288","3.156930685043335","582.8263174210891","0.1","130.02654176424667","74.24756447718448","REAL","DEKAT"
"2026-10-06T10:03:56.941183","244","2026-10-06T10:04:32.652072","1","0.9606643915176392","0.02733379602432251","3.1839311122894287","0.2481139898300171","3.007469654083252","580.5913143137935","0.10510752688172043","133.3335935467083","74.36477166236588","REAL","DEKAT"
"2026-10-06T10:03:56.941183","245","2026-10-06T10:04:32.774841","1","0.770969033241272","0.02363598346710205","4.286253452301025","-0.22843129932880402","2.17244291305542","572.1401310131686","0.1040983606557377","135.6971904266389","74.98953366036847","REAL","DEKAT"
"2026-10-06T10:03:56.941183","246","2026-10-06T10:04:32.894654","1","0.9445556402206421","0.025947093963623047","5.055759429931641","-0.7105399966239929","1.296053409576416","566.9509256024367","0.10136612021857923","135.4875130072841","76.52300056288182","REAL","DEKAT"
"2026-10-06T10:03:56.941183","247","2026-10-06T10:04:33.015959","1","0.8997346758842468","0.047746360301971436","6.102316379547119","-1.5626627206802368","0.8022854328155518","587.2885866593442","0.1083042192958882","134.22918834547346","76.86779176135695","REAL","DEKAT"
"2026-10-06T10:03:56.941183","248","2026-10-06T10:04:33.143239","1","0.8114630579948425","0.11680018901824951","6.2216925621032715","-1.8059778213500977","1.0824047327041626","605.121240631252","0.10218579234972677","135.7814776274714","77.2740141816366","REAL","DEKAT"
"2026-10-06T10:03:56.941183","249","2026-10-06T10:04:33.259136","1","0.9022865295410156","0.022249281406402588","6.464534759521484","-2.083439588546753","1.2727147340774536","570.6041789094927","0.10109289617486339","134.5171696149844","77.578270815396","REAL","DEKAT"
"2026-10-06T10:03:56.941183","250","2026-10-06T10:04:33.383372","1","0.8972601294517517","0.02502262592315674","6.646280765533447","-2.3692586421966553","1.3044124841690063","574.3523344232434","0.09699453551912568","134.89582231623478","77.08845618985174","REAL","DEKAT"
"2026-10-06T10:03:56.941183","251","2026-10-06T10:04:33.492638","1","0.679590106010437","0.029933273792266846","5.835296630859375","-2.283275604248047","1.051161527633667","572.374494535519","0.09672131147540984","135.1758328926494","75.8208980802943","REAL","DEKAT"
"2026-10-06T10:03:56.941183","252","2026-10-06T10:04:33.601692","1","0.6711785793304443","0.08612668514251709","6.6070876121521","-2.271238327026367","0.9209195971488953","603.1237827346292","0.10573770491803279","136.48915917503967","75.39736625761134","REAL","DEKAT"
"2026-10-06T10:03:56.941183","253","2026-10-06T10:04:33.710571","1","0.5735950469970703","0.15379184484481812","7.272988319396973","-1.6675817966461182","0.8492987751960754","560.8019130379599","0.11197554876354543","138.1287634408602","74.77393766085635","REAL","DEKAT"
"2026-10-06T10:03:56.941183","254","2026-10-06T10:04:33.834510","1","0.007300853729248047","0.0026093721389770508","7.519523620605469","-1.631495714187622","1.1007803678512573","560.844639528645","0.11701526286037309","138.2225806451613","73.85318497515648","REAL","DEKAT"
"2026-10-06T10:03:56.941183","255","2026-10-06T10:04:33.970699","1","0.9868497848510742","0.9968274235725403","7.214545249938965","-1.8384456634521484","0.8501015901565552","711.3394275312627","0.1297208538587849","135.6484375","73.25791586676436","REAL","DEKAT"
"2026-10-06T10:03:56.941183","256","2026-10-06T10:04:34.101219","1","0.9918690919876099","0.9968274235725403","6.518409729003906","-1.960518717765808","0.2142373025417328","648.3589303392479","0.12705149971703453","136.55394135055153","72.82485398741784","REAL","DEKAT"
"2026-10-06T10:03:56.941183","257","2026-10-06T10:04:34.221712","1","0.990864634513855","0.997727632522583","6.229848384857178","-1.1618059873580933","0.5378745198249817","595.2862294418018","0.108085579327591","137.1390798519302","72.5255017130545","REAL","DEKAT"
"2026-10-06T10:03:56.941183","258","2026-10-06T10:04:34.400478","1","0.9882580041885376","0.9968274235725403","7.117955684661865","-1.1413298845291138","1.9632041454315186","564.7047497431028","0.10718002081165452","131.2454018644495","74.151861803091","REAL","DEKAT"
"2026-10-06T10:08:37.132778","1","2026-10-06T10:08:39.152632","1","0.9514423608779907","0.8227906227111816","7.438875675201416","-1.1622047424316406","1.974998950958252","166.14284727710807","0.06578947368421052","163.866875","69.70642296613975","REAL","SEDANG"
"2026-10-06T10:08:37.132778","2","2026-10-06T10:08:39.529547","1","0.007300853729248047","0.000652611255645752","8.65531063079834","0.30671465396881104","4.043572425842285","395.19240876317457","0.07304601899196493","140.4016620498615","77.27521702468819","REAL","SEDANG"
"2026-10-06T10:08:37.132778","3","2026-10-06T10:08:39.659137","1","0.9933371543884277","0.9971305727958679","6.714774131774902","0.7970221042633057","2.858548879623413","626.4685008385086","0.07450693937180423","143.0913872452334","79.63550386678239","REAL","SEDANG"
"2026-10-06T10:08:37.132778","4","2026-10-06T10:08:39.781280","1","0.9928528666496277","0.998312771320343","4.6871466636657715","0.5131633877754211","2.248805522918701","708.5303140978816","0.07012417823228634","157.75410913872452","79.22458708276017","REAL","SEDANG"
"2026-10-06T10:08:37.132778","5","2026-10-06T10:08:39.898944","1","0.9918690919876099","0.998312771320343","3.6773624420166016","0.059187885373830795","2.239145517349243","667.9819503233714","0.06574141709276844","167.8545706371191","79.90422530437019","REAL","SEDANG"
"2026-10-06T10:08:37.132778","6","2026-10-06T10:08:40.033708","1","0.9956856369972229","0.99802166223526","3.877556562423706","0.5768629908561707","2.0153234004974365","719.9483854375371","0.0577063550036523","175.4930966469428","78.63683358324653","REAL","SEDANG"
"2026-10-06T10:08:37.132778","7","2026-10-06T10:08:40.140882","1","0.9918690919876099","0.9974306225776672","3.752150297164917","1.4196282625198364","1.8705847263336182","781.2655581950147","0.06685633001422475","177.65047233468286","80.20892483124253","REAL","SEDANG"
"2026-10-06T10:08:37.132778","8","2026-10-06T10:08:40.257445","1","0.9918690919876099","0.997727632522583","4.101072311401367","1.1477797031402588","1.726188063621521","771.2512681881552","0.06401137980085349","178.42914979757086","81.58084281326074","REAL","SEDANG"
"2026-10-06T10:08:37.132778","9","2026-10-06T10:08:40.381785","1","0.990864634513855","0.99802166223526","3.7268242835998535","1.1819888353347778","1.6961137056350708","739.6251517345629","0.0591672753834916","179.6207827260459","82.14568901621521","REAL","SEDANG"
"2026-10-06T10:08:37.132778","10","2026-10-06T10:08:40.499313","1","0.004562854766845703","0.000652611255645752","5.429054260253906","1.2743839025497437","1.984001874923706","978.3085091530102","0.08179231863442389","175.4023668639053","85.59214692773942","REAL","SEDANG"
"2026-10-06T10:08:37.132778","11","2026-10-06T10:08:40.620007","1","0.9903543591499329","0.99802166223526","3.762202262878418","0.39960208535194397","2.3256373405456543","852.907721375058","0.07450693937180423","173.63839579224194","86.32994486540575","REAL","SEDANG"
"2026-10-06T10:08:37.132778","12","2026-10-06T10:08:40.743898","1","0.9898386597633362","0.9974306225776672","4.010607719421387","0.6610497832298279","2.2930402755737305","923.5887131582783","0.08033240997229917","171.59807692307692","87.15538361878558","REAL","SEDANG"
"2026-10-06T10:08:37.132778","13","2026-10-06T10:08:40.877681","1","0.9903543591499329","0.998312771320343","3.837092161178589","0.9340648651123047","2.1488518714904785","983.4487664113996","0.0796398891966759","173.16375","86.47147324949137","REAL","SEDANG"
"2026-10-06T10:08:37.132778","14","2026-10-06T10:08:40.983559","1","0.9938164353370667","0.997727632522583","4.153502941131592","0.6305702328681946","2.371716260910034","775.2678675951532","0.06720233747260775","175.47797501643655","85.27802506863962","REAL","SEDANG"
"2026-10-06T10:08:37.132778","15","2026-10-06T10:08:41.103184","1","0.9928528666496277","0.9958990216255188","4.615307807922363","0.49139684438705444","2.521542549133301","824.382888129675","0.07377647918188458","173.47271531886918","86.10920362637658","REAL","SEDANG"
"2026-10-06T10:08:37.132778","16","2026-10-06T10:08:41.224416","1","0.9903543591499329","0.9958990216255188","4.388233661651611","0.9744776487350464","2.330199718475342","892.0365230094959","0.06866325785244703","177.03681788297172","84.67352291035454","REAL","SEDANG"
"2026-10-06T10:08:37.132778","17","2026-10-06T10:08:41.366440","1","0.9898386597633362","0.9952638149261475","4.248081684112549","0.736038327217102","2.409099817276001","900.4195026800403","0.07396870554765292","174.8326923076923","86.14783556328426","REAL","SEDANG"
"2026-10-06T10:08:37.132778","18","2026-10-06T10:08:41.506882","1","0.0","0.000652611255645752","5.26132345199585","1.2278372049331665","2.384036064147949","965.7864182967124","0.07965860597439545","173.40959894806048","87.04704049126283","REAL","SEDANG"
"2026-10-06T10:08:37.132778","19","2026-10-06T10:08:41.627073","1","0.9928528666496277","0.9974306225776672","4.53927755355835","0.8028655052185059","2.597404718399048","920.7173716665751","0.07888970051132213","172.22024983563446","87.37203930324955","REAL","SEDANG"
"2026-10-06T10:08:37.132778","20","2026-10-06T10:08:41.747244","1","0.9942908883094788","0.9968274235725403","4.23943567276001","0.6966119408607483","2.4122250080108643","888.5037603492976","0.07888970051132213","172.43655489809336","87.36485619699683","REAL","SEDANG"
"2026-10-06T10:08:37.132778","21","2026-10-06T10:08:41.886751","1","0.9938164353370667","0.9974306225776672","3.666130304336548","0.9329885244369507","2.5808613300323486","913.9040082468902","0.08108108108108109","170.48920377867745","88.33505075836794","REAL","SEDANG"
"2026-10-06T10:08:37.132778","22","2026-10-06T10:08:42.024509","1","0.9942908883094788","0.997727632522583","4.367060661315918","0.6026265025138855","2.3672995567321777","1015.2700638798565","0.08819345661450925","170.2741617357002","88.70099391329974","REAL","SEDANG"
"2026-10-06T10:08:37.132778","23","2026-10-06T10:08:42.148711","1","0.9871754050254822","0.9955831170082092","4.6064629554748535","0.7516974210739136","2.2634732723236084","1032.4818244912578","0.08961593172119488","171.02301117685732","88.73766712324156","REAL","SEDANG"
"2026-10-06T10:08:37.132778","24","2026-10-06T10:08:42.271204","1","0.9871754050254822","0.9952638149261475","4.935488224029541","0.463586688041687","2.3431453704833984","902.3881890677635","0.07894736842105263","170.7363576594346","89.05565368872428","REAL","SEDANG"
"2026-10-06T10:08:37.132778","25","2026-10-06T10:08:42.390728","1","0.9898386597633362","0.9971305727958679","3.968350410461426","0.18187247216701508","2.3669097423553467","966.6295013850416","0.0886426592797784","168.18474687705458","90.39125666136194","REAL","SEDANG"
"2026-10-06T10:08:37.132778","26","2026-10-06T10:08:42.512487","1","0.9877196550369263","0.9929311275482178","4.725090026855469","0.3923283815383911","2.290222406387329","1160.0309212444656","0.07756232686980609","170.71663379355687","89.66975302888389","REAL","SEDANG"
"2026-10-06T10:08:37.132778","27","2026-10-06T10:08:42.634999","1","0.010038912296295166","0.010436594486236572","3.624741315841675","1.2305325269699097","2.1910560131073","938.0625743356787","0.07756232686980609","169.55384615384617","90.6289684433434","REAL","SEDANG"
"2026-10-06T10:08:37.132778","28","2026-10-06T10:08:42.755085","1","0.9887905716896057","0.9965211153030396","2.6633219718933105","0.6852602362632751","2.1990761756896973","964.9404432132965","0.07548476454293629","169.881875","89.70935247500326","REAL","SEDANG"
"2026-10-06T10:08:37.132778","29","2026-10-06T10:08:42.873984","1","0.9923635125160217","0.9958990216255188","2.9973905086517334","0.8669299483299255","2.8346145153045654","1064.1681094182825","0.08448753462603878","163.22625","91.9316053429804","REAL","SEDANG"
"2026-10-06T10:08:37.132778","30","2026-10-06T10:08:42.995300","1","0.9923635125160217","0.9965211153030396","3.711087226867676","2.185054063796997","4.0521769523620605","1091.9787179349453","0.0907202216066482","162.918125","91.3843335669981","REAL","SEDANG"
"2026-10-06T10:08:37.132778","31","2026-10-06T10:08:43.118697","1","0.9913694858551025","0.9949411749839783","4.423318386077881","4.733848571777344","4.946457862854004","1112.4509480386319","0.09244264507422402","165.373125","89.51458067116428","REAL","SEDANG"
"2026-10-06T10:08:37.132778","32","2026-10-06T10:08:43.236874","1","0.9928528666496277","0.9955831170082092","5.371370792388916","7.711039066314697","5.38263463973999","1047.068846795747","0.1012491781722551","172.428125","86.14508740482171","REAL","SEDANG"
"2026-10-06T10:08:37.132778","33","2026-10-06T10:08:43.387888","1","0.9933371543884277","0.9958990216255188","5.869996070861816","8.13764762878418","4.633475303649902","1217.3994113573408","0.11703601108033242","173.05","85.48853724330527","REAL","SEDANG"
"2026-10-06T10:08:37.132778","34","2026-10-06T10:08:43.517655","1","0.9903543591499329","0.9918758273124695","7.836277961730957","5.400136470794678","2.5585763454437256","973.084323169077","0.09379217273954116","165.64","89.717120161093","REAL","SEDANG"
"2026-10-06T10:08:37.132778","35","2026-10-06T10:08:43.638432","1","0.9837305545806885","0.5413478016853333","7.435512065887451","2.018355131149292","2.220454216003418","851.7054951819495","0.0796221322537112","163.599375","91.45350662828284","REAL","SEDANG"
"2026-10-06T10:08:37.132778","36","2026-10-06T10:08:43.759991","1","0.9856016635894775","0.6832545399665833","6.613842010498047","0.627265453338623","1.2393105030059814","797.2655468628766","0.07889546351084813","158.0025","93.14329682671752","REAL","SEDANG"
"2026-10-06T10:08:37.132778","37","2026-10-06T10:08:43.882008","1","0.004562854766845703","0.008479773998260498","6.581171035766602","-1.4007021188735962","-1.041861653327942","698.9660783199564","0.08097165991902834","153.759375","93.27885062868951","REAL","SEDANG"
"2026-10-06T10:08:37.132778","38","2026-10-06T10:08:44.022579","1","0.08553206920623779","0.006523013114929199","6.8012261390686035","-2.1762208938598633","-2.311739444732666","689.3062213386899","0.08218277449046679","154.28780487804877","91.93598036364946","REAL","SEDANG"
"2026-10-06T10:08:37.132778","39","2026-10-06T10:08:44.132152","1","0.0","0.0026093721389770508","7.072511196136475","-1.2731502056121826","-2.7544875144958496","717.45636132497","0.08678500986193294","148.473125","92.4724109004106","REAL","SEDANG"
"2026-10-06T10:08:37.132778","40","2026-10-06T10:08:44.247491","1","0.9898386597633362","0.9735729098320007","6.065414905548096","-1.9613195657730103","-3.6553735733032227","767.7659068869165","0.08333333333333333","151.1397977394408","92.00815390608578","REAL","SEDANG"
"2026-10-06T10:08:37.132778","41","2026-10-06T10:08:44.367755","1","0.990864634513855","0.9965211153030396","5.050447463989258","-2.2224419116973877","-3.3793492317199707","789.9352399737015","0.08717948717948718","150.9589530041642","92.05788652903946","REAL","SEDANG"
"2026-10-06T10:08:37.132778","42","2026-10-06T10:08:44.494225","1","0.9903543591499329","0.9962117075920105","4.776695728302002","-1.3523778915405273","-2.680821180343628","869.7898437499999","0.088125","151.9546485260771","92.34329857286002","REAL","SEDANG"
"2026-10-06T10:08:37.132778","43","2026-10-06T10:08:44.605772","1","0.990864634513855","0.9965211153030396","3.65498685836792","-1.0572227239608765","-1.6786415576934814","900.6959359374999","0.099375","147.47038327526133","93.5410590425323","REAL","SEDANG"
"2026-10-06T10:08:37.132778","44","2026-10-06T10:08:44.744176","1","0.9923635125160217","0.9974306225776672","4.009228706359863","-1.619709849357605","-0.767906129360199","906.896562109375","0.093125","136.85722784057108","94.4469727262737","REAL","SEDANG"
"2026-10-06T10:08:37.132778","45","2026-10-06T10:08:44.847742","1","0.9913694858551025","0.9907847046852112","4.81273889541626","-2.1209146976470947","0.6459659337997437","890.6148220742932","0.09935897435897435","132.6162998215348","94.82489423750187","REAL","SEDANG"
"2026-10-06T10:08:37.132778","46","2026-10-06T10:08:44.970842","1","0.9898386597633362","0.9209686517715454","5.534368991851807","-2.926387310028076","0.49685314297676086","949.739475","0.095","130.36295005807202","94.8013270592932","REAL","SEDANG"
"2026-10-06T10:08:37.132778","47","2026-10-06T10:08:45.094758","1","0.9918690919876099","0.990412712097168","5.675210952758789","-4.227576732635498","0.31310558319091797","951.9321734375","0.095625","128.9883855981417","94.91286353986986","REAL","SEDANG"
"2026-10-06T10:08:37.132778","48","2026-10-06T10:08:45.215035","1","0.9893174171447754","0.9668617844581604","6.1742072105407715","-6.454644203186035","0.5471508502960205","729.3346484375","0.083125","125.69163763066202","95.99657991990823","REAL","SEDANG"
"2026-10-06T10:08:37.132778","49","2026-10-06T10:08:45.331250","1","0.9871754050254822","0.8639492392539978","6.065120697021484","-6.878286361694336","0.9851084351539612","764.7639937499999","0.083125","124.29818594104309","95.57250561175394","REAL","SEDANG"
"2026-10-06T10:08:37.132778","50","2026-10-06T10:08:45.451694","1","0.9856016635894775","0.77680504322052","6.897008419036865","-9.637701034545898","1.3464711904525757","794.021546484375","0.085","125.66780045351474","96.72528521500413","REAL","SEDANG"
"2026-10-06T10:08:37.132778","51","2026-10-06T10:08:45.572392","1","0.7805240750312805","0.004566192626953125","11.538918495178223","-17.755475997924805","-0.19049865007400513","850.3000221568282","0.07756232686980609","113.01538461538462","97.16350095153922","REAL","SEDANG"
"2026-10-06T10:08:37.132778","52","2026-10-06T10:08:45.700486","1","0.004562854766845703","0.008479773998260498","7.893219947814941","-28.882266998291016","-1.9642422199249268","947.4455851813749","0.07098765432098765","99.98435277382646","91.99141703330747","REAL","SEDANG"
"2026-10-06T10:08:37.132778","53","2026-10-06T10:08:45.823550","1","0.16528689861297607","0.9351650476455688","6.589451313018799","-36.953792572021484","-1.8189728260040283","1078.2214411690602","0.0865079365079365","93.7808619430241","87.11836846006186","REAL","SEDANG"
"2026-10-06T10:08:37.132778","54","2026-10-06T10:08:45.988949","1","0.19043755531311035","0.8706389665603638","8.763653755187988","-39.87953567504883","-1.089896559715271","1077.6647942148682","0.09722222222222222","97.76662049861496","87.24259467858633","REAL","SEDANG"
"2026-10-06T10:08:37.132778","55","2026-10-06T10:08:46.092296","1","0.770969033241272","0.9713870286941528","8.234749794006348","-43.545902252197266","-1.7152235507965088","1109.102023319616","0.11033950617283951","94.52418207681366","85.48075356655085","REAL","SEDANG"
"2026-10-06T10:08:37.132778","56","2026-10-06T10:08:46.214652","1","0.48699647188186646","0.9383997917175293","8.390089988708496","-44.183433532714844","-1.5895209312438965","1053.3136139450921","0.11342592592592593","96.74182076813656","85.75143244095018","REAL","SEDANG"
"2026-10-06T10:08:37.132778","57","2026-10-06T10:08:46.335737","1","0.46944624185562134","0.9457477331161499","9.622224807739258","-42.15231704711914","-1.1390308141708374","933.79325214811","0.11419753086419752","97.10737764791818","85.49921812843651","REAL","SEDANG"
"2026-10-06T10:08:37.132778","58","2026-10-06T10:08:46.462280","1","0.7024589776992798","0.9884875416755676","8.401959419250488","-44.05089569091797","-1.5030134916305542","882.9169232729386","0.10725308641975309","96.19795471146823","85.95237675360276","REAL","SEDANG"
"2026-10-06T10:08:37.132778","59","2026-10-06T10:08:46.579460","1","0.48699647188186646","0.000652611255645752","9.292585372924805","-37.77095413208008","-1.5815004110336304","1043.4699074074074","0.08796296296296297","96.02775748721695","88.3280828255836","REAL","SEDANG"
"2026-10-06T10:08:37.132778","60","2026-10-06T10:08:46.705505","1","0.7659553289413452","0.886478841304779","10.356036186218262","-25.347496032714844","-0.5864750146865845","904.5039413770767","0.06867283950617284","106.1379800853485","92.66079113235621","REAL","SEDANG"
"2026-10-06T10:08:37.132778","61","2026-10-06T10:08:46.825580","1","0.9893174171447754","0.9383997917175293","10.490178108215332","-12.941750526428223","0.4877648949623108","654.2834435803636","0.06969099276791585","119.266875","94.91267382565078","REAL","SEDANG"
"2026-10-06T10:08:37.132778","62","2026-10-06T10:08:46.962948","1","0.9893174171447754","0.9382040500640869","7.943532466888428","-6.373326778411865","0.10083778202533722","735.6079","0.078125","127.07709750566893","92.85530985595965","REAL","SEDANG"
"2026-10-06T10:08:37.132778","63","2026-10-06T10:08:47.093276","1","0.9903543591499329","0.9457477331161499","7.728594779968262","-3.7000176906585693","-0.015264004468917847","723.5751234375","0.09125","130.7250566893424","91.81985855095024","REAL","SEDANG"
"2026-10-06T10:08:37.132778","64","2026-10-06T10:08:47.229842","1","0.9903543591499329","0.9962117075920105","6.40413236618042","-0.980228841304779","-1.3570464849472046","771.8373437500001","0.1","129.09407665505228","88.68896949374097","REAL","SEDANG"
"2026-10-06T10:08:37.132778","65","2026-10-06T10:08:47.345792","1","0.9913694858551025","0.99802166223526","6.2831645011901855","-1.4360343217849731","-1.3144397735595703","772.5833984374999","0.105","128.3664343786295","88.56442427596309","REAL","SEDANG"
"2026-10-06T10:08:37.132778","66","2026-10-06T10:08:47.465461","1","0.9903543591499329","0.997727632522583","6.092662811279297","-0.8645403385162354","-1.2746927738189697","943.2565433521713","0.11097560975609756","131.3310657596372","89.11069403998708","REAL","SEDANG"
"2026-10-06T10:08:37.132778","67","2026-10-06T10:08:47.591300","1","0.9918690919876099","0.9971305727958679","6.6894025802612305","-1.4830960035324097","-1.2661446332931519","966.0922186979012","0.1058893515764426","133.07823129251702","89.37665592104597","REAL","SEDANG"
"2026-10-06T10:08:37.132778","68","2026-10-06T10:08:47.712151","1","0.9882580041885376","0.9900364875793457","6.163392543792725","-1.7784079313278198","-0.9669339656829834","811.3649609375","0.11125","135.87755102040816","90.30960714288275","REAL","SEDANG"
"2026-10-06T10:08:37.132778","69","2026-10-06T10:08:47.834270","1","0.9918690919876099","0.9847822189331055","6.97616720199585","-1.123618483543396","-0.9334193468093872","851.8511089843751","0.12","136.20905923344947","90.37730544518949","REAL","SEDANG"
"2026-10-06T10:08:37.132778","70","2026-10-06T10:08:47.954927","1","0.9918690919876099","0.9834141135215759","6.31896448135376","-1.3389157056808472","-0.9197452664375305","945.435952734375","0.113125","135.28106852497098","90.21374786372726","REAL","SEDANG"
"2026-10-06T10:08:37.132778","71","2026-10-06T10:08:48.095429","1","0.9903543591499329","0.7058058977127075","6.969080448150635","-0.9722726941108704","-1.1380417346954346","908.873427734375","0.110625","135.5549886621315","90.35184960372385","REAL","SEDANG"
"2026-10-06T10:08:37.132778","72","2026-10-06T10:08:48.232535","1","0.9898386597633362","0.9382040500640869","7.137154579162598","-1.6390995979309082","-1.1506812572479248","999.284999609375","0.111875","133.82034503271862","90.52518373394979","REAL","SEDANG"
"2026-10-06T10:08:37.132778","73","2026-10-06T10:08:48.357287","1","0.9913694858551025","0.9965211153030396","6.18583869934082","-1.5261775255203247","-1.197063684463501","1061.432480859375","0.10875","133.83105294467578","90.80014472125977","REAL","SEDANG"
"2026-10-06T10:08:37.132778","74","2026-10-06T10:08:48.475100","1","0.9898386597633362","0.997727632522583","6.631222724914551","-0.8220700621604919","-0.910830020904541","869.9614234375","0.125625","134.4227642276423","90.87975050613349","REAL","SEDANG"
"2026-10-06T10:08:37.132778","75","2026-10-06T10:08:48.600512","1","0.9923635125160217","0.9968274235725403","6.467783451080322","1.2544183731079102","0.12738022208213806","978.6144234375","0.128125","136.75113378684807","90.54460993125663","REAL","SEDANG"
"2026-10-06T10:08:37.132778","76","2026-10-06T10:08:48.714887","1","0.9903543591499329","0.9962117075920105","6.31309700012207","7.15667200088501","1.033109188079834","903.1331109375001","0.13375","141.75056689342404","87.74788098633758","REAL","SEDANG"
"2026-10-06T10:08:37.132778","77","2026-10-06T10:08:48.837368","1","0.2012934684753418","0.47919273376464844","7.838943958282471","17.07367706298828","0.3425138294696808","732.3748079160005","0.14661406969099278","151.79125","80.19356379060294","REAL","SEDANG"
"2026-10-06T10:08:37.132778","78","2026-10-06T10:08:48.955731","1","0.0","0.02363598346710205","8.88156509399414","32.19181823730469","-1.1698967218399048","673.3533750316526","0.17382271468144045","165.07884615384614","68.44883594524005","REAL","SEDANG"
"2026-10-06T10:08:37.132778","79","2026-10-06T10:08:49.075153","1","0.2554110884666443","0.5043434500694275","7.6128435134887695","46.889949798583984","-2.160552978515625","1001.240823255228","0.18888888888888888","167.25127830533236","67.04591909139624","REAL","SEDANG"
"2026-10-06T10:08:37.132778","80","2026-10-06T10:08:49.198375","1","0.5394124984741211","0.9369730353355408","6.7891364097595215","51.56256103515625","-3.9352564811706543","1434.4630284706475","0.18015873015873016","160.49525200876553","72.91266887214096","REAL","SEDANG"
"2026-10-06T10:08:37.132778","81","2026-10-06T10:08:49.316047","1","0.6711785793304443","0.3679760694503784","6.467684268951416","51.251487731933594","-4.6100311279296875","1235.2859224965705","0.1574074074074074","163.52154857560262","73.63894116195836","REAL","SEDANG"
"2026-10-06T10:08:37.132778","82","2026-10-06T10:08:49.435508","1","0.15179461240768433","0.6528555154800415","3.3864452838897705","78.34565734863281","-2.1324214935302734","1085.6288484987044","0.14969135802469136","160.34002770083103","75.07311323837031","REAL","SEDANG"
"2026-10-06T10:08:37.132778","83","2026-10-06T10:08:49.564836","1","0.1118159294128418","0.6911184787750244","5.378666400909424","80.1666030883789","-2.249412775039673","1192.2563062033225","0.14351851851851852","165.0810810810811","73.51104636685106","REAL","SEDANG"
"2026-10-06T10:08:37.132778","84","2026-10-06T10:08:49.685531","1","0.08553206920623779","0.29507261514663696","3.1927473545074463","80.20795440673828","-1.8263589143753052","1133.3823135764364","0.15354938271604937","166.54916897506925","73.78319248832508","REAL","SEDANG"
"2026-10-06T10:08:37.132778","85","2026-10-06T10:08:49.796489","1","0.0","0.632347822189331","4.774622440338135","48.44268035888672","-3.1415908336639404","765.3847797260569","0.14792387543252594","173.22067901234567","69.22844678297635","REAL","SEDANG"
"2026-10-06T10:08:37.132778","86","2026-10-06T10:08:49.926184","1","0.0","0.675443172454834","10.644197463989258","45.351051330566406","-0.1267416626214981","938.6595611828405","0.1853061224489796","179.34645061728395","62.64206966346872","REAL","SEDANG"
"2026-10-06T10:08:37.132778","87","2026-10-06T10:08:50.039712","1","0.05803883075714111","0.17585158348083496","10.582639694213867","22.616336822509766","-2.611297607421875","833.6495189047259","0.15631848064280496","177.73438527284682","68.83735651021959","REAL","SEDANG"
"2026-10-06T10:08:37.132778","88","2026-10-06T10:08:50.166186","1","0.9501656293869019","0.9911525249481201","8.112223625183105","8.790639877319336","-0.765662431716919","541.8836472715319","0.12371794871794872","170.96609161213564","83.8207595446948","REAL","SEDANG"
"2026-10-06T10:08:37.132778","89","2026-10-06T10:08:50.275260","1","0.9877196550369263","0.9936156272888184","7.833134174346924","5.382117748260498","1.1349093914031982","477.5576775147929","0.08653846153846154","171.1743010113028","87.25355343840508","REAL","SEDANG"
"2026-10-06T10:08:37.132778","90","2026-10-06T10:08:50.403371","1","0.9918690919876099","0.9968274235725403","6.687896728515625","-0.5296844244003296","2.489250659942627","729.8521734375","0.075","156.59001161440185","93.15908286479063","REAL","SEDANG"
"2026-10-06T10:08:37.132778","91","2026-10-06T10:08:50.529501","1","0.9928528666496277","0.9880889058113098","6.620630741119385","-1.7365477085113525","3.441405773162842","527.0650609375001","0.078125","136.07142857142858","95.70922457597406","REAL","SEDANG"
"2026-10-06T10:08:37.132778","92","2026-10-06T10:08:50.643412","1","0.9938164353370667","0.9958990216255188","4.801340579986572","-1.7611044645309448","2.648649215698242","519.0569193786982","0.08653846153846154","116.7674003569304","91.7417036386379","REAL","SEDANG"
"2026-10-06T10:08:37.132778","93","2026-10-06T10:08:50.770947","1","0.9942908883094788","0.9968274235725403","4.23190450668335","-1.5449084043502808","2.027534246444702","702.6151128846353","0.10945865556216537","112.41496598639456","88.59213865944922","REAL","SEDANG"
"2026-10-06T10:08:37.132778","94","2026-10-06T10:08:50.890850","1","0.9938164353370667","0.9952638149261475","4.365538120269775","-1.0778708457946777","1.9563255310058594","902.2531826293873","0.13170731707317074","103.09580498866214","85.18288584779687","REAL","SEDANG"
"2026-10-06T10:08:37.132778","95","2026-10-06T10:08:51.008292","1","0.9938164353370667","0.9971305727958679","4.294013023376465","-0.7587234973907471","1.661930799484253","631.1082238994646","0.12012195121951219","105.01587301587301","85.64480502555868","REAL","SEDANG"
"2026-10-06T10:08:37.132778","96","2026-10-06T10:08:51.124774","1","0.9938164353370667","0.9929311275482178","4.5250563621521","-0.7338258028030396","1.0353515148162842","953.6612877026754","0.12790005948839978","114.96013289036544","88.6306592520375","REAL","SEDANG"
"2026-10-06T10:08:37.132778","97","2026-10-06T10:08:51.257628","1","0.9923635125160217","0.8650642037391663","5.812988758087158","-0.9870647192001343","0.9607351422309875","871.1109937499999","0.123125","104.72902494331066","85.77334101165097","REAL","SEDANG"
"2026-10-06T10:08:37.132778","98","2026-10-06T10:08:51.367815","1","0.9923635125160217","0.6780469417572021","5.236471176147461","-1.2811633348464966","-0.12787723541259766","790.2006348024479","0.11481261154074955","102.20408163265306","84.56022197110684","REAL","SEDANG"
"2026-10-06T10:08:37.132778","99","2026-10-06T10:08:51.493676","1","0.9848182797431946","0.7588732242584229","2.9789164066314697","-0.003637909423559904","-0.43313995003700256","878.808932531803","0.1124330755502677","103.20804988662131","85.71243597769855","REAL","SEDANG"
"2026-10-06T10:08:37.132778","100","2026-10-06T10:08:51.611612","1","0.0","0.004566192626953125","-0.7494841814041138","0.4257082939147949","0.7582834362983704","716.9899414706339","0.11005353955978585","96.70957274202271","83.64479432334399","REAL","SEDANG"
"2026-10-06T10:08:37.132778","101","2026-10-06T10:08:51.736017","1","0.0","0.0026093721389770508","-3.592789888381958","1.14639151096344","1.6936429738998413","739.2276633064412","0.10090702947845805","95.15251487290428","83.43923212398117","REAL","SEDANG"
"2026-10-06T10:08:37.132778","102","2026-10-06T10:08:51.860239","1","0.004562854766845703","0.006523013114929199","-6.8966264724731445","1.0984975099563599","1.041844367980957","746.9869674045327","0.1023200475907198","106.49319727891157","87.24848177917256","REAL","SEDANG"
"2026-10-06T10:08:37.132778","103","2026-10-06T10:08:51.971919","1","0.001824796199798584","0.004566192626953125","-8.806225776672363","0.3691190779209137","1.23419189453125","744.2815275029307","0.09523809523809523","113.0813953488372","88.16462200352994","REAL","SEDANG"
"2026-10-06T10:08:37.132778","104","2026-10-06T10:08:52.096143","1","0.001824796199798584","0.004566192626953125","-9.57861614227295","0.2010563313961029","1.331006407737732","878.9243463973067","0.09994051160023795","120.26587301587301","89.35223650632528","REAL","SEDANG"
"2026-10-06T10:08:37.132778","105","2026-10-06T10:08:52.212119","1","0.0","0.0026093721389770508","-9.752574920654297","0.15962713956832886","0.6118879318237305","744.4619237083391","0.10826888756692445","126.54931972789116","89.83539592618955","REAL","SEDANG"
"2026-10-06T10:08:37.132778","106","2026-10-06T10:08:52.340622","1","0.0","0.006523013114929199","-9.224268913269043","0.44068676233291626","0.38829222321510315","835.797897274398","0.1041046995835812","127.421768707483","89.59912043801674","REAL","SEDANG"
"2026-10-06T10:08:37.132778","107","2026-10-06T10:08:52.454598","1","0.004562854766845703","0.000652611255645752","-6.990354537963867","0.09883121401071548","0.10500533878803253","641.7850056689342","0.1054421768707483","123.83288263926447","87.56116107308667","REAL","SEDANG"
"2026-10-06T10:08:37.132778","108","2026-10-06T10:08:52.580120","1","0.9970390796661377","0.9962117075920105","-0.8876547813415527","0.8931576609611511","0.05930877476930618","669.2876743285125","0.10950413223140495","118.70074074074074","85.82397330881989","REAL","SEDANG"
"2026-10-06T10:08:37.132778","109","2026-10-06T10:08:52.702010","1","0.9947605133056641","0.99802166223526","1.1748037338256836","0.26721814274787903","0.6778612732887268","817.8131909875904","0.13067552602436322","108.38378099173553","82.89778833795228","REAL","SEDANG"
"2026-10-06T10:08:37.132778","110","2026-10-06T10:08:52.822104","1","0.9933371543884277","0.9939523935317993","4.818460464477539","0.21944157779216766","0.2780046761035919","1126.6269271117922","0.1472107438016529","102.05679012345679","81.26780745146442","REAL","SEDANG"
"2026-10-06T10:08:37.132778","111","2026-10-06T10:08:52.949829","1","0.9938164353370667","0.9936156272888184","6.493701934814453","-0.12450331449508667","0.2487378865480423","1246.9101430589262","0.14981070849107625","97.60898760330579","80.40676869692524","REAL","SEDANG"
"2026-10-06T10:08:37.132778","112","2026-10-06T10:08:53.071667","1","0.9928528666496277","0.9884875416755676","7.090779781341553","-0.4929712414741516","0.5058870911598206","1269.9155007430031","0.15192743764172337","98.90237603305785","81.50893118010481","REAL","SEDANG"
"2026-10-06T10:08:37.132778","113","2026-10-06T10:08:53.184508","1","0.08147144317626953","0.008479773998260498","7.958229064941406","-1.1287202835083008","0.6843931078910828","1166.7714325450736","0.14812611540749554","96.17955651703623","81.76485691616215","REAL","SEDANG"
"2026-10-06T10:08:37.132778","114","2026-10-06T10:08:53.309323","1","0.8463578224182129","0.023173749446868896","7.946214199066162","-0.9060975909233093","0.642281174659729","1180.3714228510755","0.1354875283446712","93.54597107438016","81.12267489751609","REAL","SEDANG"
"2026-10-06T10:08:37.132778","115","2026-10-06T10:08:53.418899","1","0.9923635125160217","0.9958990216255188","7.945681571960449","-1.725114345550537","0.5338842272758484","1122.6810073991805","0.13435374149659865","92.24431818181819","80.46667678666022","REAL","SEDANG"
"2026-10-06T10:08:37.132778","116","2026-10-06T10:08:53.547676","1","0.9928528666496277","0.9955831170082092","8.438482284545898","-2.110933303833008","-0.3393332064151764","1067.4199957193762","0.14342403628117914","97.75051652892562","81.54166816068589","REAL","SEDANG"
"2026-10-06T10:08:37.132778","117","2026-10-06T10:08:53.671360","1","0.990864634513855","0.9958990216255188","9.363499641418457","-2.8923516273498535","-1.1564781665802002","717.117349973898","0.1295005807200929","119.49889258028793","67.54764324016607","REAL","SEDANG"
"2026-10-06T10:08:37.132778","118","2026-10-06T10:08:53.782574","1","0.990864634513855","0.9952638149261475","9.960694313049316","-4.017670631408691","-2.055572509765625","1218.9583810522029","0.17886178861788618","86.44672796106003","74.1661306018459","REAL","SEDANG"
"2026-10-06T10:08:37.132778","119","2026-10-06T10:08:53.912285","1","0.9913694858551025","0.994285523891449","11.42636775970459","-4.876283168792725","-3.8432652950286865","1177.22024375","0.20625","86.1938775510204","71.45174899308586","REAL","SEDANG"
"2026-10-06T10:08:37.132778","120","2026-10-06T10:08:54.023859","1","0.9918690919876099","0.9918758273124695","12.220686912536621","-5.066084861755371","-4.290904521942139","1171.1118359375","0.200625","84.68820861678005","71.38590199626552","REAL","SEDANG"
"2026-10-06T10:08:37.132778","121","2026-10-06T10:08:54.145755","1","0.9913694858551025","0.9907847046852112","14.905696868896484","-3.8186256885528564","-3.883260726928711","836.784013942867","0.17094017094017094","71.780625","65.34384056366272","REAL","SEDANG"
"2026-10-06T10:08:37.132778","122","2026-10-06T10:08:54.270626","1","0.9898386597633362","0.9834141135215759","18.510927200317383","-2.3798511028289795","-3.5330660343170166","962.904667981591","0.17751479289940827","71.03625","64.20118718479823","REAL","SEDANG"
"2026-10-06T10:08:37.132778","123","2026-10-06T10:08:54.392428","1","0.9515752792358398","0.5043434500694275","23.732826232910156","-1.62037992477417","-2.1393184661865234","983.4616897907918","0.18261504747991233","78.67313019390582","67.06701550592695","REAL","SEDANG"
"2026-10-06T10:08:37.132778","124","2026-10-06T10:08:54.516354","1","0.7856113910675049","0.2128179669380188","26.15311622619629","-0.8589708209037781","-0.7387334108352661","919.9180663913656","0.15432098765432098","98.09764542936288","70.80395680444093","REAL","SEDANG"
"2026-10-06T10:08:37.132778","125","2026-10-06T10:08:54.634058","1","0.015514969825744629","0.012393414974212646","27.433347702026367","0.2801624536514282","0.39852312207221985","1109.044558071585","0.15485756026296568","92.53643724696356","69.89587654230527","REAL","SEDANG"
"2026-10-06T10:08:37.132778","126","2026-10-06T10:08:54.749550","1","0.9840072393417358","0.9962117075920105","25.17768096923828","0.6052318215370178","1.2163233757019043","1611.0924488129947","0.12408163265306123","61.76651651651652","59.61412696762059","REAL","SEDANG"
"2026-10-06T10:08:37.132778","127","2026-10-06T10:08:54.878573","1","0.9868497848510742","0.9955831170082092","26.03816795349121","1.4598021507263184","0.9252371788024902","1515.6313704038505","0.11764705882352941","58.013888888888886","57.1872179207777","REAL","SEDANG"
"2026-10-06T10:08:37.132778","128","2026-10-06T10:08:54.999385","1","0.9863588809967041","0.994285523891449","27.28483772277832","0.003130225231871009","-0.024152150377631187","1156.5044023359394","0.10640138408304499","54.27755102040816","53.102055247923495","REAL","SEDANG"
"2026-10-06T10:08:37.132778","129","2026-10-06T10:08:55.114538","1","0.9882580041885376","0.9968274235725403","24.744426727294922","0.6483694911003113","-0.40586569905281067","981.5833549890546","0.09915966386554621","56.06635802469136","53.9230582765528","REAL","SEDANG"
"2026-10-06T10:08:37.132778","130","2026-10-06T10:08:55.239964","1","0.9898386597633362","0.9911525249481201","24.33714485168457","1.1553703546524048","-0.5476198792457581","986.8227905039566","0.1126530612244898","56.460648148148145","52.8550749243525","REAL","SEDANG"
"2026-10-06T10:08:37.132778","131","2026-10-06T10:08:55.362004","1","0.2554110884666443","0.026871562004089355","25.527629852294922","0.42479386925697327","-0.40147799253463745","927.1301904381859","0.11936936936936937","67.93490304709141","60.96468189277296","REAL","SEDANG"
"2026-10-06T10:08:37.132778","132","2026-10-06T10:08:55.479815","1","0.0873914361000061","0.023173749446868896","19.216588973999023","-0.1674797683954239","1.103247046470642","795.4274963359704","0.12049861495844875","79.521875","66.87385155263884","REAL","SEDANG"
"2026-10-06T10:08:37.132778","133","2026-10-06T10:08:55.594952","1","0.1492120623588562","0.019214868545532227","12.711928367614746","-1.2802592515945435","2.1330273151397705","726.3765774983564","0.11025641025641025","83.48899464604402","69.27814274864288","REAL","SEDANG"
"2026-10-06T10:08:37.132778","134","2026-10-06T10:08:55.722807","1","0.7734758257865906","0.15379184484481812","9.991559028625488","-2.67034912109375","2.0149827003479004","652.2766716647303","0.11183819155264724","88.88870431893687","73.38223715280454","REAL","SEDANG"
"2026-10-06T10:08:37.132778","135","2026-10-06T10:08:55.843053","1","0.9848182797431946","0.8717538714408875","8.841079711914062","-2.676621913909912","1.362403392791748","706.8165835681078","0.12254610350981558","95.01135749053543","76.56001425228979","REAL","SEDANG"
"2026-10-06T10:08:37.132778","136","2026-10-06T10:08:55.964941","1","0.9871754050254822","0.9867727756500244","7.878108501434326","-2.3551554679870605","0.9390442371368408","701.6138441998456","0.1255205234979179","94.99783666846945","76.28309685678039","REAL","SEDANG"
"2026-10-06T10:08:37.132778","137","2026-10-06T10:08:56.077553","1","0.9868497848510742","0.9735729098320007","7.417961120605469","-2.0495073795318604","0.9551880359649658","779.8957337092055","0.12868480725623582","94.11046511627907","76.56336731066999","REAL","SEDANG"
"2026-10-06T10:08:37.132778","138","2026-10-06T10:08:56.204151","1","0.9903543591499329","0.9965211153030396","6.962467670440674","-1.829039216041565","0.38883498311042786","822.4605956798742","0.13356562137049943","94.3916490486258","77.07661679307051","REAL","SEDANG"
"2026-10-06T10:08:37.132778","139","2026-10-06T10:08:56.322016","1","0.990864634513855","0.9974306225776672","7.199147701263428","-1.0225328207015991","0.9375079870223999","1126.8810129633166","0.14656571119524067","94.39949494949495","77.32610010417363","REAL","SEDANG"
"2026-10-06T10:08:37.132778","140","2026-10-06T10:08:56.445076","1","0.9928528666496277","0.9952638149261475","7.847682952880859","-0.7276737093925476","3.038372278213501","1245.0438893635517","0.14818820984315847","97.0754132231405","78.36926191863887","REAL","SEDANG"
"2026-10-06T10:08:37.132778","141","2026-10-06T10:08:56.570435","1","0.9035996794700623","0.042649805545806885","8.407519340515137","-0.25480663776397705","6.220723628997803","1004.5721458651487","0.13662131519274376","103.05840995132505","81.23819943169512","REAL","SEDANG"
"2026-10-06T10:08:37.132778","142","2026-10-06T10:08:56.680224","1","0.9485522508621216","0.26193898916244507","7.850984573364258","0.22770565748214722","10.490155220031738","1075.4827288043912","0.13066202090592335","103.71594684385381","81.65574524368579","REAL","SEDANG"
"2026-10-06T10:08:37.132778","143","2026-10-06T10:08:56.801452","1","0.9062259197235107","0.8639492392539978","5.9846954345703125","1.4674421548843384","21.465700149536133","1222.3524168342728","0.13995354239256677","103.84748512709572","83.07796709058093","REAL","SEDANG"
"2026-10-06T10:08:37.132778","144","2026-10-06T10:08:56.931921","1","0.9831671714782715","0.8650642037391663","6.045523166656494","1.8114845752716064","25.644235610961914","1355.8860793772199","0.13704994192799072","103.5040562466198","83.59132157405845","REAL","SEDANG"
"2026-10-06T10:08:37.132778","145","2026-10-06T10:08:57.050270","1","0.972050666809082","0.9354024529457092","5.798501014709473","1.3727226257324219","25.99327850341797","1388.806240234375","0.138125","110.42450638792103","85.03474962920059","REAL","SEDANG"
"2026-10-06T10:08:37.132778","146","2026-10-06T10:08:57.165821","1","0.9868497848510742","0.937804639339447","5.59361457824707","1.3737435340881348","24.573841094970703","1333.0290169621564","0.14277215942891136","115.34496124031008","85.67705107831911","REAL","SEDANG"
"2026-10-06T10:08:37.132778","147","2026-10-06T10:08:57.294953","1","0.972050666809082","0.8734263181686401","5.448944568634033","1.4975121021270752","24.259906768798828","1270.2159617763425","0.13646922183507548","112.30343300110742","84.9612240351056","REAL","SEDANG"
"2026-10-06T10:08:37.132778","148","2026-10-06T10:08:57.413567","1","0.9868497848510742","0.9841023683547974","6.142948150634766","0.8125587105751038","23.123754501342773","1282.0124983288856","0.14002267573696145","110.30286641427799","84.36998534202377","REAL","SEDANG"
"2026-10-06T10:08:37.132778","149","2026-10-06T10:08:57.528555","1","0.9850823879241943","0.9488520622253418","7.0090250968933105","1.0468884706497192","20.11931037902832","1379.4979122438167","0.1403926234384295","112.59977324263039","84.64209510041165","REAL","SEDANG"
"2026-10-06T10:08:37.132778","150","2026-10-06T10:08:57.655250","1","0.990864634513855","0.9209686517715454","8.115959167480469","0.25387123227119446","15.116082191467285","1357.2044969512194","0.14268292682926828","112.67573696145125","84.85375080582727","REAL","SEDANG"
"2026-10-06T10:08:37.132778","151","2026-10-06T10:08:57.783448","1","0.9893174171447754","0.6832545399665833","9.179633140563965","-1.4678512811660767","9.454390525817871","1250.6656692444972","0.13658536585365855","108.09353741496598","83.5146448192057","REAL","SEDANG"
"2026-10-06T10:08:37.132778","152","2026-10-06T10:08:57.886479","1","0.9913694858551025","0.5413478016853333","9.099029541015625","-2.5156145095825195","4.062099456787109","1113.9310578637046","0.13979773944080903","107.36157253599114","83.85248111877902","REAL","SEDANG"
"2026-10-06T10:08:37.132778","153","2026-10-06T10:08:58.018167","1","0.9856016635894775","0.7588732242584229","8.902286529541016","-1.74680495262146","0.6160444021224976","1183.0220005424694","0.14058956916099774","105.8085451595457","83.07021740348746","REAL","SEDANG"
"2026-10-06T10:08:37.132778","154","2026-10-06T10:08:58.154952","1","0.9928528666496277","0.9861172437667847","9.020002365112305","-0.3029918968677521","-0.6548252105712891","1182.5370928397697","0.14455681142177276","107.71760797342192","83.52574015918555","REAL","SEDANG"
"2026-10-06T10:08:37.132778","155","2026-10-06T10:08:58.301185","1","0.9923635125160217","0.9929311275482178","9.121152877807617","-0.09245865046977997","-0.6213400959968567","1210.7388459250446","0.14693634741225461","106.34496124031008","83.33974977229131","REAL","SEDANG"
"2026-10-06T10:08:37.132778","156","2026-10-06T10:08:58.418932","1","0.004562854766845703","0.0026093721389770508","9.759712219238281","-0.2869497537612915","-1.6717209815979004","1188.4753622121616","0.15585960737656157","108.32115171650055","84.03693135565253","REAL","SEDANG"
"2026-10-06T10:08:37.132778","157","2026-10-06T10:08:58.538167","1","0.8264715671539307","0.17585158348083496","9.87777328491211","-2.025886297225952","-5.882526874542236","1113.5243500000001","0.1525","110.42857142857143","84.01401594545668","REAL","SEDANG"
"2026-10-06T10:08:37.132778","158","2026-10-06T10:08:58.662883","1","0.9903543591499329","0.9713870286941528","9.545318603515625","-3.2930796146392822","-12.674773216247559","963.7073022099179","0.17251635930993456","110.41140642303434","83.21815293139606","REAL","SEDANG"
"2026-10-06T10:08:37.132778","159","2026-10-06T10:08:58.825808","1","0.990864634513855","0.9939523935317993","8.34276008605957","-4.612961292266846","-20.858551025390625","1226.7017418639052","0.19423076923076923","108.92682926829268","81.22128467999266","REAL","SEDANG"
"2026-10-06T10:08:37.132778","160","2026-10-06T10:08:58.933087","1","0.9882580041885376","0.9962117075920105","8.289281845092773","-6.422445297241211","-28.244169235229492","1096.7582359374999","0.1925","100.55978584176086","77.26586840833443","REAL","SEDANG"
"2026-10-06T10:08:37.132778","161","2026-10-06T10:08:59.064203","1","0.9887905716896057","0.9974306225776672","8.831475257873535","-7.079629421234131","-29.819133758544922","1062.1511768573307","0.20576923076923076","101.78048780487805","77.35498599657892","REAL","SEDANG"
"2026-10-06T10:08:37.132778","162","2026-10-06T10:08:59.176111","1","0.9882580041885376","0.997727632522583","8.836264610290527","-6.646076679229736","-29.147844314575195","1167.0090484374998","0.201875","102.12528344671202","78.23460746493056","REAL","SEDANG"
"2026-10-06T10:08:37.132778","163","2026-10-06T10:08:59.308675","1","0.9828804135322571","0.44997191429138184","8.751229286193848","-6.801686763763428","-28.211164474487305","1259.454043392505","0.20256410256410257","98.33313503866746","77.61389299416633","REAL","SEDANG"
"2026-10-06T10:08:37.132778","164","2026-10-06T10:08:59.426767","1","0.5735950469970703","0.010436594486236572","8.932672500610352","-7.217468738555908","-27.993751525878906","1055.786840234375","0.190625","101.25104104699584","77.47009578562563","REAL","SEDANG"
"2026-10-06T10:08:37.132778","165","2026-10-06T10:08:59.547393","1","0.9861093163490295","0.9841023683547974","9.482745170593262","-7.337873458862305","-26.694564819335938","1209.9313572485207","0.183974358974359","98.49494348602023","78.64069076069482","REAL","SEDANG"
"2026-10-06T10:08:37.132778","166","2026-10-06T10:08:59.665059","1","0.9882580041885376","0.9952638149261475","9.780526161193848","-7.202638626098633","-20.628036499023438","1076.585326360171","0.17685733070348456","91.361875","77.44488957629403","REAL","SEDANG"
"2026-10-06T10:08:37.132778","167","2026-10-06T10:08:59.790175","1","0.986605703830719","0.9994485974311829","9.864336013793945","-5.913250923156738","-13.583605766296387","964.9562484375","0.153125","88.82331945270673","78.38802236245888","REAL","SEDANG"
"2026-10-06T10:08:37.132778","168","2026-10-06T10:08:59.903627","1","0.9913694858551025","0.9988862872123718","9.938214302062988","-4.5074286460876465","-8.375387191772461","894.0927162629819","0.15645449137418205","87.61960132890366","75.93144627051053","REAL","SEDANG"
"2026-10-06T10:08:37.132778","169","2026-10-06T10:09:00.026120","1","0.9928528666496277","0.9936156272888184","9.421822547912598","-2.5235676765441895","-5.52264404296875","960.0437305207341","0.16656751933372993","99.3899405083829","80.24847787086915","REAL","SEDANG"
"2026-10-06T10:08:37.132778","170","2026-10-06T10:09:00.149793","1","0.9918690919876099","0.9939523935317993","8.534202575683594","-1.5751526355743408","-4.558109760284424","975.821436420136","0.15942891136228435","100.26643990929705","79.65469259785411","REAL","SEDANG"
"2026-10-06T10:08:37.132778","171","2026-10-06T10:09:00.265243","1","0.9918690919876099","0.9911525249481201","8.581219673156738","-1.7055785655975342","-3.9008169174194336","1018.1775436776146","0.15110053539559787","99.84410430839003","80.5792596128389","REAL","SEDANG"
"2026-10-06T10:08:37.132778","172","2026-10-06T10:09:00.390573","1","0.9928528666496277","0.990412712097168","8.600518226623535","-1.742366909980774","-3.706254243850708","1066.8515773273111","0.15645449137418205","100.90531561461793","80.80739034876642","REAL","SEDANG"
"2026-10-06T10:08:37.132778","173","2026-10-06T10:09:00.512292","1","0.9903543591499329","0.9915161728858948","8.32327938079834","-2.075913667678833","-3.684886932373047","1106.8732714901844","0.15609756097560976","101.80287929125139","81.0235115687146","REAL","SEDANG"
"2026-10-06T10:08:37.132778","174","2026-10-06T10:09:00.634578","1","0.015514969825744629","0.0026093721389770508","9.387822151184082","-2.161881685256958","-3.5118017196655273","1058.7528916989086","0.14753123140987506","102.37873754152824","80.98994011987561","REAL","SEDANG"
"2026-10-06T10:08:37.132778","175","2026-10-06T10:09:00.753215","1","0.9918690919876099","0.9946150779724121","7.961203575134277","-2.248272180557251","-4.02665376663208","1099.2307551841789","0.1505056513979774","103.90088593576965","81.55300900136957","REAL","SEDANG"
"2026-10-06T10:08:37.132778","176","2026-10-06T10:09:00.878186","1","0.9923635125160217","0.9968274235725403","8.032273292541504","-2.284406900405884","-4.3025031089782715","1093.0769728933196","0.15110053539559787","104.40586932447397","81.88736253377677","REAL","SEDANG"
"2026-10-06T10:08:37.132778","177","2026-10-06T10:09:00.987685","1","0.9913694858551025","0.9922314882278442","7.800411701202393","-1.3797404766082764","-3.988201141357422","1147.814389115003","0.15288518738845924","106.51827242524917","82.98641931153243","REAL","SEDANG"
"2026-10-06T10:08:37.132778","178","2026-10-06T10:09:01.115675","1","0.9938164353370667","0.9911525249481201","8.37960433959961","-1.9268760681152344","-4.159582614898682","1091.79628142649","0.16240333135038668","103.48504983388705","81.81750177737365","REAL","SEDANG"
"2026-10-06T10:08:37.132778","179","2026-10-06T10:09:01.231388","1","0.9923635125160217","0.9922314882278442","8.237897872924805","-1.925538182258606","-3.935472249984741","1179.5036218562009","0.15407495538370017","107.90265008112493","83.40680888915638","REAL","SEDANG"
"2026-10-06T10:08:37.132778","180","2026-10-06T10:09:01.359488","1","0.9938164353370667","0.9915161728858948","8.114119529724121","-1.911902666091919","-3.995389223098755","1134.4114863217378","0.16002379535990482","108.16888150609081","83.96264096698582","REAL","SEDANG"
"2026-10-06T10:08:37.132778","181","2026-10-06T10:09:01.478138","1","0.9933371543884277","0.9918758273124695","8.011905670166016","-2.4791934490203857","-3.888946533203125","1113.6485399862197","0.16418798334324808","108.20265780730897","83.98010307002161","REAL","SEDANG"
"2026-10-06T10:08:37.132778","182","2026-10-06T10:09:01.601594","1","0.9923635125160217","0.9872773885726929","8.28084945678711","-2.1025912761688232","-4.272032260894775","1110.4693262938727","0.16219512195121952","104.9501133786848","82.89968670352563","REAL","SEDANG"
"2026-10-06T10:08:37.132778","183","2026-10-06T10:09:01.719263","1","0.1492120623588562","0.010436594486236572","8.976283073425293","-2.73152494430542","-4.2941999435424805","1014.0359888893647","0.15823914336704342","105.3015873015873","83.03763713614413","REAL","SEDANG"
"2026-10-06T10:08:37.132778","184","2026-10-06T10:09:01.843163","1","0.9933371543884277","0.9955831170082092","7.7394609451293945","-1.9273560047149658","-4.503018856048584","1023.0495841651151","0.15348007138607972","105.5498866213152","83.4201949003999","REAL","SEDANG"
"2026-10-06T10:08:37.132778","185","2026-10-06T10:09:01.962876","1","0.9923635125160217","0.9965211153030396","7.530911922454834","-2.242748975753784","-4.708013534545898","1063.167371196644","0.1505056513979774","109.55094130675526","84.86401999689326","REAL","SEDANG"
"2026-10-06T10:08:37.132778","186","2026-10-06T10:09:02.117673","1","0.9903543591499329","0.99802166223526","7.453517913818359","-2.2224135398864746","-4.644906520843506","1107.5912945220775","0.1522903033908388","111.15060908084163","85.1747439492908","REAL","SEDANG"
"2026-10-06T10:08:37.132778","187","2026-10-06T10:09:02.235287","1","0.9893174171447754","0.998312771320343","7.681972026824951","-2.2482192516326904","-4.732875347137451","1117.285381096718","0.15098722415795587","109.82855597620335","85.07470916592719","REAL","SEDANG"
"2026-10-06T10:08:37.132778","188","2026-10-06T10:09:02.365856","1","0.9887905716896057","0.998312771320343","7.818823337554932","-2.0450241565704346","-4.7872724533081055","1134.8406860860543","0.1480836236933798","109.83017847485127","85.05692006959725","REAL","SEDANG"
"2026-10-06T10:08:37.132778","189","2026-10-06T10:09:02.484043","1","0.9928528666496277","0.9991688132286072","7.5230631828308105","-2.446460485458374","-4.946786403656006","1077.959002902227","0.1451516954193932","110.61849390919159","85.15937811024524","REAL","SEDANG"
"2026-10-06T10:08:37.132778","190","2026-10-06T10:09:02.601370","1","0.9918690919876099","0.998312771320343","7.6343913078308105","-2.0193395614624023","-4.906573295593262","1085.7031164348296","0.1552647233789411","110.55481727574751","84.84158279491263","REAL","SEDANG"
"2026-10-06T10:08:37.132778","191","2026-10-06T10:09:02.726371","1","0.0","0.000652611255645752","8.71811580657959","-2.231987953186035","-4.362452507019043","1087.476502082094","0.16597263533610945","109.6638981173865","84.6657782830152","REAL","SEDANG"
"2026-10-06T10:08:37.132778","192","2026-10-06T10:09:02.848192","1","0.9537659883499146","0.3970256447792053","8.518533706665039","-2.6248159408569336","-4.376366138458252","1080.4656381059829","0.16597263533610945","109.30897009966777","84.55005527170051","REAL","SEDANG"
"2026-10-06T10:08:37.132778","193","2026-10-06T10:09:02.961560","1","0.9887905716896057","0.675443172454834","8.564319610595703","-2.0321743488311768","-4.628343105316162","1093.1034146341462","0.1548780487804878","107.58390022675736","83.94820298184591","REAL","SEDANG"
"2026-10-06T10:08:37.132778","194","2026-10-06T10:09:03.089738","1","0.9903543591499329","0.9735729098320007","8.39089584350586","-2.2907767295837402","-4.761319160461426","1038.566808020919","0.16478286734086853","106.03875968992249","83.17332796273935","REAL","SEDANG"
"2026-10-06T10:08:37.132778","195","2026-10-06T10:09:03.216775","1","0.9928528666496277","0.9892709851264954","7.908152103424072","-1.9730851650238037","-4.724001407623291","1027.3724338328684","0.15466983938132065","105.65614617940199","83.00251989789564","REAL","SEDANG"
"2026-10-06T10:08:37.132778","196","2026-10-06T10:09:03.322788","1","0.9923635125160217","0.9876855611801147","8.316357612609863","-1.9502111673355103","-4.6958746910095215","1064.906610290113","0.15585960737656157","104.63510520487264","82.69421762854478","REAL","SEDANG"
"2026-10-06T10:08:37.132778","197","2026-10-06T10:09:03.453137","1","0.9928528666496277","0.9488520622253418","8.326037406921387","-2.235318183898926","-4.702010154724121","1009.3264448054878","0.15942891136228435","102.38648947951273","82.02268623847864","REAL","SEDANG"
"2026-10-06T10:08:37.132778","198","2026-10-06T10:09:03.573594","1","0.9938164353370667","0.9834141135215759","8.487324714660645","-1.60811448097229","-4.658359527587891","1082.5587379824408","0.16121356335514575","101.96622369878183","82.04515860637414","REAL","SEDANG"
"2026-10-06T10:08:37.132778","199","2026-10-06T10:09:03.695064","1","0.9928528666496277","0.9841023683547974","8.490792274475098","-1.9839255809783936","-4.404551029205322","1059.6586746012845","0.15585960737656157","102.56408869659275","82.34274770274021","REAL","SEDANG"
"2026-10-06T10:08:37.132778","200","2026-10-06T10:09:03.813523","1","0.9913694858551025","0.9457477331161499","8.379293441772461","-2.0351767539978027","-4.674192428588867","1077.0362242242002","0.14812611540749554","102.26987560843699","82.36344659382682","REAL","SEDANG"
"2026-10-06T10:08:37.132778","201","2026-10-06T10:09:03.934057","1","0.9882580041885376","0.9841023683547974","7.9652018547058105","-2.4452695846557617","-4.533340930938721","1095.4758869639468","0.15737514518002324","101.54029204975663","82.13240128180182","REAL","SEDANG"
"2026-10-06T10:08:37.132778","202","2026-10-06T10:09:04.055588","1","0.9933371543884277","0.9936156272888184","8.021732330322266","-1.8181742429733276","-4.613551139831543","813.7568502713399","0.15795586527293845","97.22148394241418","79.9713660218547","REAL","SEDANG"
"2026-10-06T10:08:37.132778","203","2026-10-06T10:09:04.174041","1","0.9918690919876099","0.9955831170082092","7.911434650421143","-1.8358064889907837","-4.5222368240356445","999.278182380284","0.13945578231292516","106.36830719307734","84.78712625246341","REAL","SEDANG"
"2026-10-06T10:08:37.132778","204","2026-10-06T10:09:04.588086","1","0.9933371543884277","0.9952638149261475","7.426721096038818","-2.1254618167877197","-4.4205780029296875","1022.8911978047684","0.14336704342653184","110.95847176079734","86.0578171220282","REAL","SEDANG"
"2026-10-06T10:10:33.619972","1","2026-10-06T10:10:35.524335","1","0.9828804135322571","0.767783522605896","8.129181861877441","-3.0289642810821533","2.5703654289245605","2747.3039157811886","0.12121212121212122","32.342155009451794","36.65274304430194","REAL","JAUH"
"2026-10-06T10:10:33.619972","2","2026-10-06T10:10:35.856636","1","0.9458995461463928","0.6728394031524658","8.081826210021973","-3.223466396331787","2.406759738922119","1382.6138414313843","0.11153119092627599","24.2592","28.745559924273522","REAL","JAUH"
"2026-10-06T10:10:33.619972","3","2026-10-06T10:10:35.958584","1","0.9893174171447754","0.9900364875793457","7.075054168701172","-3.1608169078826904","2.635866403579712","1527.707004123264","0.11805555555555555","22.5504","23.129225232160287","REAL","JAUH"
"2026-10-06T10:10:33.619972","4","2026-10-06T10:10:36.097082","1","0.9918690919876099","0.9968274235725403","4.735755920410156","-2.964182138442993","2.1366610527038574","2221.926408210377","0.14933837429111532","31.141666666666666","34.430097258390404","REAL","JAUH"
"2026-10-06T10:10:33.619972","5","2026-10-06T10:10:36.218018","1","0.990864634513855","0.997727632522583","5.305421352386475","-2.673532247543335","1.6266021728515625","2559.9670813068847","0.1285444234404537","34.75694444444444","37.52314036545719","REAL","JAUH"
"2026-10-06T10:10:33.619972","6","2026-10-06T10:10:36.339622","1","0.9903543591499329","0.997727632522583","5.338935852050781","-2.509931802749634","1.3800451755523682","2858.862003780718","0.1285444234404537","39.817708333333336","41.02856938597024","REAL","JAUH"
"2026-10-06T10:10:33.619972","7","2026-10-06T10:10:36.458269","1","0.9903543591499329","0.9965211153030396","6.020842552185059","-2.4143030643463135","0.9903373122215271","2546.2426163428518","0.1285444234404537","43.85666666666667","44.179136730160565","REAL","JAUH"
"2026-10-06T10:10:33.619972","8","2026-10-06T10:10:36.579413","1","0.9898386597633362","0.99802166223526","6.114587306976318","-1.8967043161392212","0.6481932997703552","2613.168549283343","0.12476370510396975","45.425","44.74860565797926","REAL","JAUH"
"2026-10-06T10:10:33.619972","9","2026-10-06T10:10:36.700285","1","0.9868497848510742","0.9952638149261475","6.363521575927734","-1.6203211545944214","0.6263467669487","2307.289382184884","0.12287334593572778","45.718333333333334","44.85241350498568","REAL","JAUH"
"2026-10-06T10:10:33.619972","10","2026-10-06T10:10:36.821787","1","0.9882580041885376","0.9958990216255188","6.2162933349609375","-1.9064381122589111","0.730829656124115","2087.3451853016536","0.11909262759924386","45.29","44.88079656155848","REAL","JAUH"
"2026-10-06T10:10:33.619972","11","2026-10-06T10:10:36.954034","1","0.060685038566589355","0.029933273792266846","6.065972328186035","-1.671220064163208","0.861873984336853","2342.5000390570076","0.11462450592885376","43.546875","44.30530000225628","REAL","JAUH"
"2026-10-06T10:10:33.619972","12","2026-10-06T10:10:37.064548","1","0.11876147985458374","0.6384210586547852","5.929779529571533","-2.195981502532959","0.8057177662849426","1966.102115129663","0.11342155009451796","42.314236111111114","42.356008593820626","REAL","JAUH"
"2026-10-06T10:10:33.619972","13","2026-10-06T10:10:37.183257","1","0.9913694858551025","0.9962117075920105","5.750246047973633","-2.5931310653686523","0.7733029723167419","1767.7498984517804","0.11264822134387352","44.015625","43.69069113633345","REAL","JAUH"
"2026-10-06T10:10:33.619972","14","2026-10-06T10:10:37.315257","1","0.9913694858551025","0.9965211153030396","6.09000301361084","-2.7762322425842285","0.5204566121101379","2453.1761978784234","0.10869565217391304","44.854166666666664","42.707372956681745","REAL","JAUH"
"2026-10-06T10:10:33.619972","15","2026-10-06T10:10:37.424993","1","0.9882580041885376","0.9949411749839783","5.868504047393799","-2.1715595722198486","0.942402720451355","2779.1087081592764","0.13799621928166353","46.11631944444444","42.72345680599255","REAL","JAUH"
"2026-10-06T10:10:33.619972","16","2026-10-06T10:10:37.545155","1","0.9882580041885376","0.9952638149261475","6.245622634887695","-2.425349712371826","0.62982177734375","2021.6796609503253","0.14555765595463138","46.932291666666664","41.986447039801334","REAL","JAUH"
"2026-10-06T10:10:33.619972","17","2026-10-06T10:10:37.666906","1","0.9887905716896057","0.9929311275482178","6.591432094573975","-2.57517671585083","0.0981854572892189","2079.9017370578295","0.14555765595463138","45.942708333333336","41.000616301579846","REAL","JAUH"
"2026-10-06T10:10:33.619972","18","2026-10-06T10:10:37.786600","1","0.9898386597633362","0.9922314882278442","6.365513324737549","-2.372898817062378","-0.022862911224365234","2121.026175578275","0.14744801512287334","44.770833333333336","40.66337397018217","REAL","JAUH"
"2026-10-06T10:10:33.619972","19","2026-10-06T10:10:37.908549","1","0.9537659883499146","0.9668617844581604","6.250086784362793","-2.779515504837036","0.47550299763679504","2439.3627810077865","0.14177693761814744","44.064236111111114","40.38251614044301","REAL","JAUH"
"2026-10-06T10:10:33.619972","20","2026-10-06T10:10:38.027492","1","0.012776970863342285","0.004566192626953125","6.715071201324463","-2.612046957015991","1.1889548301696777","2536.517779739209","0.13988657844990549","43.44444444444444","39.68916164986527","REAL","JAUH"
"2026-10-06T10:10:33.619972","21","2026-10-06T10:10:38.150067","1","0.9868497848510742","0.9929311275482178","6.8229851722717285","-3.217648506164551","1.1373175382614136","2687.2489234958425","0.166351606805293","43.23784722222222","40.115770289514614","REAL","JAUH"
"2026-10-06T10:10:33.619972","22","2026-10-06T10:10:38.289554","1","0.9947605133056641","0.9955831170082092","5.7906365394592285","-3.1184206008911133","0.7746906876564026","2604.2431666553507","0.16068052930056712","42.923611111111114","39.14233816419091","REAL","JAUH"
"2026-10-06T10:10:33.619972","23","2026-10-06T10:10:38.390154","1","0.9933371543884277","0.9952638149261475","5.994326591491699","-3.1569535732269287","0.5668676495552063","2755.2861732197925","0.15879017013232513","44.876666666666665","41.263883993417565","REAL","JAUH"
"2026-10-06T10:10:33.619972","24","2026-10-06T10:10:38.511686","1","0.9933371543884277","0.9968274235725403","5.988926410675049","-3.314882516860962","0.3551603853702545","2551.819154448419","0.16446124763705103","42.890625","40.062280277066904","REAL","JAUH"
"2026-10-06T10:10:33.619972","25","2026-10-06T10:10:38.632780","1","0.9918690919876099","0.9946150779724121","6.355791091918945","-2.9737226963043213","0.45125481486320496","2189.924871623529","0.15122873345935728","42.657986111111114","40.04701280786296","REAL","JAUH"
"2026-10-06T10:10:33.619972","26","2026-10-06T10:10:38.754456","1","0.9877196550369263","0.9939523935317993","6.286001205444336","-2.6472010612487793","0.7236695885658264","1937.4800106235061","0.12648221343873517","43.369791666666664","42.35760939391774","REAL","JAUH"
"2026-10-06T10:10:33.619972","27","2026-10-06T10:10:38.873736","1","0.986605703830719","0.9939523935317993","6.938709735870361","-2.9735350608825684","0.7657273411750793","1993.2033307816087","0.13043478260869565","43.71006944444444","42.618800086681354","REAL","JAUH"
"2026-10-06T10:10:33.619972","28","2026-10-06T10:10:38.995592","1","0.9877196550369263","0.9929311275482178","6.683824062347412","-3.301729202270508","0.6601546406745911","1925.5270040150604","0.13438735177865613","42.045138888888886","38.9613596504799","REAL","JAUH"
"2026-10-06T10:10:33.619972","29","2026-10-06T10:10:39.114584","1","0.9928528666496277","0.9918758273124695","7.2033514976501465","-7.118452548980713","0.8171281814575195","2095.8678892656903","0.1266540642722117","42.73833333333334","40.76783696194287","REAL","JAUH"
"2026-10-06T10:10:33.619972","30","2026-10-06T10:10:39.236750","1","0.9903543591499329","0.9382040500640869","11.020387649536133","-13.6195707321167","0.8701220750808716","3393.3607084022715","0.11153119092627599","38.25833333333333","34.42443314307764","REAL","JAUH"
"2026-10-06T10:10:33.619972","31","2026-10-06T10:10:39.357434","1","0.9868497848510742","0.9354024529457092","13.762333869934082","-18.907695770263672","0.8357674479484558","3839.1246670309406","0.08677685950413223","35.08159722222222","26.133443775361723","REAL","JAUH"
"2026-10-06T10:10:33.619972","32","2026-10-06T10:10:39.479785","1","0.8186739683151245","0.8661791086196899","15.36737060546875","-26.175233840942383","0.49748170375823975","1418.3885487528346","0.09047619047619047","34.04338842975206","21.04315169233552","REAL","JAUH"
"2026-10-06T10:10:33.619972","33","2026-10-06T10:10:39.617878","1","0.015514969825744629","0.012393414974212646","12.91238021850586","-34.580047607421875","0.2540322542190552","1932.6916973894622","0.09070294784580499","32.312252964426875","19.528162699097226","REAL","JAUH"
"2026-10-06T10:10:33.619972","34","2026-10-06T10:10:39.719227","1","0.3822312355041504","0.8745412826538086","11.846404075622559","-39.48391342163086","0.26249557733535767","1232.0776528298393","0.07482993197278912","31.301652892561982","17.54227236084299","REAL","JAUH"
"2026-10-06T10:10:33.619972","35","2026-10-06T10:10:39.839099","1","0.9831671714782715","0.937804639339447","12.291038513183594","-35.79692077636719","0.4897454082965851","1750.867596371882","0.09523809523809523","31.49407114624506","18.825938827953085","REAL","JAUH"
"2026-10-06T10:10:33.619972","36","2026-10-06T10:10:39.961015","1","0.9511713981628418","0.9834141135215759","13.741044998168945","-34.02262878417969","0.40303364396095276","1943.040975","0.105","31.020661157024794","18.45464584547424","REAL","JAUH"
"2026-10-06T10:10:33.619972","37","2026-10-06T10:10:40.080779","1","0.9492247700691223","0.9668617844581604","10.601634979248047","-41.642215728759766","0.3587825894355774","1707.79274375","0.115","31.3008658008658","17.79836436704687","REAL","JAUH"
"2026-10-06T10:10:33.619972","38","2026-10-06T10:10:40.204050","1","0.14356094598770142","0.008479773998260498","13.868285179138184","-33.31266784667969","0.5355128645896912","2078.3916620498617","0.09736842105263158","32.17006802721088","20.621095515696577","REAL","JAUH"
"2026-10-06T10:10:33.619972","39","2026-10-06T10:10:40.323764","1","0.13616210222244263","0.012393414974212646","17.533784866333008","-29.322786331176758","1.1826239824295044","2214.9660937500003","0.1025","31.732426303854876","20.823653604539427","REAL","JAUH"
"2026-10-06T10:10:33.619972","40","2026-10-06T10:10:40.442583","1","0.9898386597633362","0.6384210586547852","16.171401977539062","-18.911588668823242","3.157111167907715","2249.76657874034","0.10204081632653061","31.533081285444233","21.50683151137794","REAL","JAUH"
"2026-10-06T10:10:33.619972","41","2026-10-06T10:10:40.564581","1","0.9918690919876099","0.8706389665603638","12.351861953735352","-13.177387237548828","2.9315834045410156","2526.0814664298887","0.1384297520661157","33.322916666666664","25.58292404327869","REAL","JAUH"
"2026-10-06T10:10:33.619972","42","2026-10-06T10:10:40.693141","1","0.9898386597633362","0.77680504322052","9.733355522155762","-8.990630149841309","2.955258846282959","2461.798549890831","0.16068052930056712","32.920138888888886","25.715130327464564","REAL","JAUH"
"2026-10-06T10:10:33.619972","43","2026-10-06T10:10:40.807437","1","0.9537659883499146","0.7058058977127075","8.930739402770996","-5.3164448738098145","2.415512800216675","2920.784717035745","0.18714555765595464","38.178333333333335","39.050521087716895","REAL","JAUH"
"2026-10-06T10:10:33.619972","44","2026-10-06T10:10:40.933670","1","0.7856113910675049","0.434387743473053","8.043739318847656","-3.0844788551330566","0.7859829068183899","2729.197251296272","0.15500945179584122","39.39333333333333","40.27334050653802","REAL","JAUH"
"2026-10-06T10:10:33.619972","45","2026-10-06T10:10:41.046752","1","0.9898386597633362","0.9939523935317993","6.963331699371338","-0.2719649374485016","-1.2331126928329468","2070.4861474908967","0.1890359168241966","42.166666666666664","44.832304820916306","REAL","JAUH"
"2026-10-06T10:10:33.619972","46","2026-10-06T10:10:41.176305","1","0.9893174171447754","0.994285523891449","6.767914295196533","-1.3460853099822998","-1.4671894311904907","2193.6446482109486","0.17580340264650285","42.66833333333334","45.913088154565344","REAL","JAUH"
"2026-10-06T10:10:33.619972","47","2026-10-06T10:10:41.298350","1","0.990864634513855","0.994285523891449","6.778451442718506","-1.5757428407669067","-1.1618168354034424","1984.8369895762237","0.14744801512287334","41.30034722222222","41.709374777427215","REAL","JAUH"
"2026-10-06T10:10:33.619972","48","2026-10-06T10:10:41.410019","1","0.9923635125160217","0.994285523891449","7.0463361740112305","-1.7442153692245483","-0.6571718454360962","2321.063846970244","0.14744801512287334","41.166666666666664","40.984075498227895","REAL","JAUH"
"2026-10-06T10:10:33.619972","49","2026-10-06T10:10:41.529006","1","0.9918690919876099","0.9925832152366638","7.172556400299072","-2.3457260131835938","-0.4596490263938904","2471.929295564267","0.15311909262759923","41.75347222222222","40.949770066500115","REAL","JAUH"
"2026-10-06T10:10:33.619972","50","2026-10-06T10:10:41.656876","1","0.9928528666496277","0.6963686943054199","6.985004901885986","-1.7615493535995483","-0.4850372076034546","2159.2275399244572","0.15689981096408318","43.078125","41.46211214719526","REAL","JAUH"
"2026-10-06T10:10:33.619972","51","2026-10-06T10:10:41.780477","1","0.9918690919876099","0.9834141135215759","7.239808559417725","-1.7519673109054565","-0.8002258539199829","2592.0101772077714","0.16257088846880907","47.11333333333334","48.16316527065978","REAL","JAUH"
"2026-10-06T10:10:33.619972","52","2026-10-06T10:10:41.899226","1","0.9287917613983154","0.8745412826538086","6.471639633178711","0.07238875329494476","-0.8836781978607178","2276.14892027973","0.17580340264650285","47.1824","46.542526040600755","REAL","JAUH"
"2026-10-06T10:10:33.619972","53","2026-10-06T10:10:42.018239","1","0.092304527759552","0.27962368726730347","7.966670513153076","5.752138137817383","-0.7157833576202393","2459.56253015105","0.22684310018903592","49.038333333333334","48.7679559809057","REAL","JAUH"
"2026-10-06T10:10:33.619972","54","2026-10-06T10:10:42.141319","1","0.007300853729248047","0.012393414974212646","8.545639991760254","13.254380226135254","-1.1418142318725586","2596.0740856157367","0.22933884297520662","52.891304347826086","52.170454293567616","REAL","JAUH"
"2026-10-06T10:10:33.619972","55","2026-10-06T10:10:42.265630","1","0.9035996794700623","0.021787047386169434","10.472546577453613","25.839750289916992","-2.1013343334198","1574.2653635339116","0.2066115702479339","64.27256944444444","64.64505392962884","REAL","JAUH"
"2026-10-06T10:10:33.619972","56","2026-10-06T10:10:42.402528","1","0.40602678060531616","0.675443172454834","6.764492988586426","40.60939025878906","-1.9329999685287476","1135.778991263928","0.19954648526077098","63.300567107750474","59.687960013447075","REAL","JAUH"
"2026-10-06T10:10:33.619972","57","2026-10-06T10:10:42.541507","1","0.6402992010116577","0.6937435865402222","7.848819255828857","46.931358337402344","-3.5707955360412598","1595.5404318881078","0.1947069943289225","67.18402777777777","60.245310056277475","REAL","JAUH"
"2026-10-06T10:10:33.619972","58","2026-10-06T10:10:42.664971","1","0.7684621810913086","0.8227906227111816","7.004584312438965","49.26932907104492","-3.997119903564453","1749.3180984916435","0.21172022684310018","69.92534722222223","60.665318636731016","REAL","JAUH"
"2026-10-06T10:10:33.619972","59","2026-10-06T10:10:42.784149","1","0.7338244915008545","0.6780469417572021","6.511110782623291","44.51103591918945","-4.354300022125244","1418.0364216925072","0.21694214876033058","76.63541666666667","64.2614753789698","REAL","JAUH"
"2026-10-06T10:10:33.619972","60","2026-10-06T10:10:42.946622","1","0.9493870735168457","0.6728394031524658","7.233855247497559","41.285743713378906","-3.6389007568359375","1805.6403826024466","0.22134387351778656","75.16319444444444","61.77440840866038","REAL","JAUH"
"2026-10-06T10:10:33.619972","61","2026-10-06T10:10:43.067425","1","0.9506080746650696","0.6832545399665833","9.469736099243164","44.65987777709961","-3.310589075088501","1795.9593054627449","0.22306238185255198","70.32291666666667","62.00461924856664","REAL","JAUH"
"2026-10-06T10:10:33.619972","62","2026-10-06T10:10:43.188249","1","0.9472037553787231","0.6884933710098267","9.093807220458984","43.51295852661133","-2.635366678237915","1341.3219725428592","0.19008264462809918","72.23958333333333","65.03560640008202","REAL","JAUH"
"2026-10-06T10:10:33.619972","63","2026-10-06T10:10:43.305063","1","0.9493870735168457","0.4685542583465576","8.37585735321045","43.7861213684082","-2.5221445560455322","1660.6860998224165","0.19834710743801653","68.4981884057971","63.896457203001","REAL","JAUH"
"2026-10-06T10:10:33.619972","64","2026-10-06T10:10:43.420636","1","0.9445556402206421","0.44997191429138184","8.483993530273438","42.527034759521484","-2.5992324352264404","1671.1426815108257","0.1962809917355372","67.08506616257088","61.99678587959347","REAL","JAUH"
"2026-10-06T10:10:33.619972","65","2026-10-06T10:10:43.577934","1","0.018253028392791748","0.3436095714569092","8.202539443969727","40.88593292236328","-1.5589653253555298","1616.9075333837238","0.19501133786848074","67.3194706994329","62.81471251708893","REAL","JAUH"
"2026-10-06T10:10:33.619972","66","2026-10-06T10:10:43.711423","1","0.9918690919876099","0.9003492593765259","8.434370994567871","33.226112365722656","-1.2118669748306274","1809.6258793798238","0.2334710743801653","66.08876811594203","64.31377805538891","REAL","JAUH"
"2026-10-06T10:10:33.619972","67","2026-10-06T10:10:43.822349","1","0.9898386597633362","0.9962117075920105","8.224702835083008","18.310836791992188","-1.004852056503296","1713.1185874198509","0.2222222222222222","55.03780718336484","54.62979452307961","REAL","JAUH"
"2026-10-06T10:10:33.619972","68","2026-10-06T10:10:43.954600","1","0.9492247700691223","0.9884875416755676","8.246655464172363","6.420867919921875","-1.6768535375595093","2610.443972722586","0.22727272727272727","45.70659722222222","45.35349993635176","REAL","JAUH"
"2026-10-06T10:10:33.619972","69","2026-10-06T10:10:44.071358","1","0.9898386597633362","0.9929311275482178","7.071863174438477","-0.4273780584335327","-1.2318456172943115","2512.7743468612534","0.1776937618147448","42.052083333333336","41.09065260823723","REAL","JAUH"
"2026-10-06T10:10:33.619972","70","2026-10-06T10:10:44.185409","1","0.9938164353370667","0.9946150779724121","7.909753322601318","-2.0165505409240723","-0.7345944046974182","1761.7666773422488","0.17193675889328064","40.154513888888886","38.96787423866438","REAL","JAUH"
"2026-10-06T10:10:33.619972","71","2026-10-06T10:10:44.289313","1","0.9928528666496277","0.9892709851264954","7.6821980476379395","-2.2747907638549805","-0.8840072751045227","2335.1844583174015","0.16446124763705103","40.06666666666667","40.19766438765096","REAL","JAUH"
"2026-10-06T10:10:33.619972","72","2026-10-06T10:10:44.391152","1","0.9918690919876099","0.9892709851264954","8.16892147064209","-2.906498908996582","-1.096357822418213","1928.2797731568999","0.16446124763705103","39.4592","39.6861529423047","REAL","JAUH"
"2026-10-06T10:10:33.619972","73","2026-10-06T10:10:44.514879","1","0.9918690919876099","0.9884875416755676","7.672728061676025","-3.008748769760132","-1.021408200263977","1673.9296957915387","0.15879017013232513","36.475","36.98940445136508","REAL","JAUH"
"2026-10-06T10:10:33.619972","74","2026-10-06T10:10:44.635634","1","0.990864634513855","0.8628342747688293","6.737192630767822","-2.553942918777466","-0.5895728468894958","1983.3087431791623","0.1833648393194707","37.6544","38.87097324019557","REAL","JAUH"
"2026-10-06T10:10:33.619972","75","2026-10-06T10:10:44.751902","1","0.990864634513855","0.8650642037391663","7.6355366706848145","-2.463608503341675","-0.8485133051872253","1592.2267144557088","0.1833648393194707","36.348333333333336","37.34466044682812","REAL","JAUH"
"2026-10-06T10:10:33.619972","76","2026-10-06T10:10:44.871817","1","0.9845510721206665","0.9354024529457092","8.591257095336914","-1.728390097618103","-0.966323733329773","2004.1193736766616","0.1590909090909091","34.619565217391305","32.25891935685127","REAL","JAUH"
"2026-10-06T10:10:33.619972","77","2026-10-06T10:10:44.992342","1","0.990864634513855","0.9896559715270996","9.5885591506958","-1.3987946510314941","-1.0583521127700806","2106.05957157981","0.19834710743801653","34.869791666666664","31.474450462256556","REAL","JAUH"
"2026-10-06T10:10:33.619972","78","2026-10-06T10:10:45.120260","1","0.9498605728149414","0.9880889058113098","12.963809967041016","0.02017195150256157","-0.28829503059387207","2108.534334232634","0.1756198347107438","33.73090277777778","32.83220413483778","REAL","JAUH"
"2026-10-06T10:10:33.619972","79","2026-10-06T10:10:45.231428","1","0.9858568906784058","0.5363578200340271","19.852148056030273","1.3354355096817017","0.1528477668762207","2409.029048638334","0.15311909262759923","31.352430555555557","33.839579077582435","REAL","JAUH"
"2026-10-06T10:10:33.619972","80","2026-10-06T10:10:45.363234","1","0.08553206920623779","0.025947093963623047","25.7442626953125","-0.6982976198196411","-1.684641718864441","2895.7184746602006","0.21074380165289255","39.14933837429111","44.15510559633933","REAL","JAUH"
"2026-10-06T10:10:33.619972","81","2026-10-06T10:10:45.474680","1","0.9488933086395264","0.9382040500640869","24.50560760498047","0.018651502206921577","-1.3946830034255981","3527.4050112864493","0.2222222222222222","44.28544423440454","47.33278992136714","REAL","JAUH"
"2026-10-06T10:10:33.619972","82","2026-10-06T10:10:45.596391","1","0.9510332942008972","0.9892709851264954","22.952383041381836","-1.8255141973495483","-2.215827226638794","2157.489142898278","0.21315192743764172","44.97933884297521","43.91205037524338","REAL","JAUH"
"2026-10-06T10:10:33.619972","83","2026-10-06T10:10:45.725356","1","0.9987824559211731","0.3679760694503784","23.484716415405273","-1.403923511505127","-2.1833443641662598","3043.2114396779116","0.24489795918367346","37.69421487603306","38.49999312551331","REAL","JAUH"
"2026-10-06T10:10:33.619972","84","2026-10-06T10:10:45.842959","1","0.9868497848510742","0.27962368726730347","23.9146728515625","-1.9857960939407349","-2.945077419281006","2403.6956","0.1575","24.865702479338843","18.657873986513184","REAL","JAUH"
"2026-10-06T10:10:33.619972","85","2026-10-06T10:10:45.969428","1","0.9485522508621216","0.6963686943054199","23.13884925842285","-2.0483803749084473","-2.730632781982422","2294.747198955168","0.1473922902494331","24.33677685950413","18.190458479488914","REAL","JAUH"
"2026-10-06T10:10:33.619972","86","2026-10-06T10:10:46.079084","1","0.062496304512023926","0.06604921817779541","26.320756912231445","-2.3824524879455566","-4.289053916931152","1688.6525161841003","0.13378684807256236","23.149338374291116","15.821021780721685","REAL","JAUH"
"2026-10-06T10:10:33.619972","87","2026-10-06T10:10:46.197574","1","0.1603792905807495","0.025484859943389893","25.086328506469727","-3.1899631023406982","-3.7761597633361816","2051.37729649683","0.1383219954648526","22.731404958677686","17.946378041347245","REAL","JAUH"
"2026-10-06T10:10:33.619972","88","2026-10-06T10:10:46.327632","1","0.7634485363960266","0.14226526021957397","18.655208587646484","-3.0919840335845947","-2.647672414779663","2119.403063315347","0.1115702479338843","24.42534722222222","18.69421283791957","REAL","JAUH"
"2026-10-06T10:10:33.619972","89","2026-10-06T10:10:46.465642","1","0.9837305545806885","0.3970256447792053","13.990232467651367","-2.7588002681732178","-1.0945205688476562","2344.244588891549","0.15311909262759923","26.397569444444443","23.395006166634026","REAL","JAUH"
"2026-10-06T10:10:33.619972","90","2026-10-06T10:10:46.608266","1","0.9903543591499329","0.7588732242584229","9.757271766662598","-2.9496006965637207","-1.0130548477172852","2232.225968223219","0.1422924901185771","30.03472222222222","30.907941984231456","REAL","JAUH"
"2026-10-06T10:10:33.619972","91","2026-10-06T10:10:46.723229","1","0.9913694858551025","0.9065451622009277","7.804807662963867","-2.31485915184021","-0.8786322474479675","1915.2689420063537","0.12098298676748583","36.3328","39.89002436900735","REAL","JAUH"
"2026-10-06T10:10:33.619972","92","2026-10-06T10:10:46.851727","1","0.9877196550369263","0.9668617844581604","7.58257532119751","-2.246504783630371","-1.048557996749878","2089.925947805083","0.125","36.8336","39.500090013062","REAL","JAUH"
"2026-10-06T10:10:33.619972","93","2026-10-06T10:10:47.013633","1","0.9898386597633362","0.9880889058113098","7.90535306930542","-2.601560354232788","-1.3802753686904907","1691.6832344081104","0.15500945179584122","35.41166666666667","37.853386425640814","REAL","JAUH"
"2026-10-06T10:10:33.619972","94","2026-10-06T10:10:47.124116","1","0.9903543591499329","0.9884875416755676","7.208024501800537","-2.1686811447143555","-1.446967363357544","2267.003076747153","0.13988657844990549","38.61833333333333","38.21386306768207","REAL","JAUH"
"2026-10-06T10:10:33.619972","95","2026-10-06T10:10:47.247580","1","0.9845510721206665","0.8734263181686401","7.045252799987793","-2.238271474838257","-1.1049818992614746","2275.7733713072785","0.14366729678638943","41.071666666666665","42.43076553503235","REAL","JAUH"
"2026-10-06T10:10:33.619972","96","2026-10-06T10:10:47.377859","1","0.001824796199798584","0.006523013114929199","6.779162406921387","-2.115492343902588","-1.0874193906784058","2165.5115369084588","0.15879017013232513","42.07118055555556","41.13452020837189","REAL","JAUH"
"2026-10-06T10:10:33.619972","97","2026-10-06T10:10:47.487811","1","0.020991027355194092","0.006523013114929199","1.7965869903564453","-0.639319121837616","-1.556958794593811","2427.601323608764","0.14933837429111532","53.05","53.84233928796185","REAL","JAUH"
"2026-10-06T10:10:33.619972","98","2026-10-06T10:10:47.616467","1","0.026467084884643555","0.004566192626953125","-3.191084861755371","0.3760550618171692","-0.9851531386375427","2204.5847047405477","0.1388888888888889","66.13692307692308","65.78775679698083","REAL","JAUH"
"2026-10-06T10:10:33.619972","99","2026-10-06T10:10:47.737363","1","0.004562854766845703","0.010436594486236572","-5.385931491851807","-0.27792438864707947","-0.8196358680725098","1810.3219899871713","0.14933837429111532","75.4896","74.52170886285418","REAL","JAUH"
"2026-10-06T10:10:33.619972","100","2026-10-06T10:10:47.859582","1","0.004562854766845703","0.012393414974212646","-6.70300817489624","-0.8804014921188354","-0.7589077353477478","2223.8003200954863","0.13194444444444445","82.40976331360947","77.63700902887678","REAL","JAUH"
"2026-10-06T10:10:33.619972","101","2026-10-06T10:10:47.973495","1","0.001824796199798584","0.006523013114929199","-6.429948806762695","-0.48206108808517456","-0.8616506457328796","2133.8744906201778","0.13541666666666666","86.72485207100591","77.78538619465414","REAL","JAUH"
"2026-10-06T10:10:33.619972","102","2026-10-06T10:10:48.123202","1","0.9923635125160217","0.9915161728858948","-8.63880729675293","-0.8184069395065308","-1.2149420976638794","2245.8901638454863","0.1579861111111111","89.58615384615385","76.34383432244711","REAL","JAUH"
"2026-10-06T10:10:33.619972","103","2026-10-06T10:10:48.223476","1","0.9923635125160217","0.9946150779724121","-8.262749671936035","-0.9102113842964172","-1.3180748224258423","2124.386388888889","0.19833333333333333","93.75","76.06434863414064","REAL","JAUH"
"2026-10-06T10:10:33.619972","104","2026-10-06T10:10:48.379246","1","0.9923635125160217","0.9955831170082092","-9.101218223571777","-0.836114764213562","-1.3838934898376465","2252.126622222222","0.19666666666666666","98.53550295857988","75.99824962879423","REAL","JAUH"
"2026-10-06T10:10:33.619972","105","2026-10-06T10:10:48.498873","1","0.9923635125160217","0.9958990216255188","-8.633050918579102","-0.38709282875061035","-2.019434928894043","1878.172663888889","0.19833333333333333","98.81213017751479","73.78177422567431","REAL","JAUH"
"2026-10-06T10:10:33.619972","106","2026-10-06T10:10:48.627692","1","0.9913694858551025","0.9968274235725403","-4.3598527908325195","-0.25157344341278076","-1.7825140953063965","2447.314224054784","0.234375","97.1923076923077","73.91611629760258","REAL","JAUH"
"2026-10-06T10:10:33.619972","107","2026-10-06T10:10:48.727709","1","0.9947605133056641","0.9965211153030396","-2.046781539916992","0.3951604962348938","-1.9271022081375122","2075.8927921248073","0.24305555555555555","92.72928994082841","69.827423149907","REAL","JAUH"
"2026-10-06T10:10:33.619972","108","2026-10-06T10:10:48.874927","1","0.9956856369972229","0.997727632522583","1.6607238054275513","0.10516341030597687","-1.6389836072921753","2499.1091555555554","0.22666666666666666","79.24852071005917","61.196238916905784","REAL","JAUH"
"2026-10-06T10:10:33.619972","109","2026-10-06T10:10:48.983797","1","0.9923635125160217","0.9946150779724121","5.183625221252441","-0.5667595863342285","-1.5193917751312256","2608.410288869599","0.234375","73.01076923076923","58.00489269304238","REAL","JAUH"
"2026-10-06T10:10:33.619972","110","2026-10-06T10:10:49.114690","1","0.9918690919876099","0.9896559715270996","6.2404961585998535","-0.7712318897247314","-1.5120328664779663","2650.3846848088638","0.25","63.6624","50.69882470274829","REAL","JAUH"
"2026-10-06T10:10:33.619972","111","2026-10-06T10:10:49.227386","1","0.9942908883094788","0.9896559715270996","7.234862327575684","-1.6800090074539185","-1.4935640096664429","3314.781758212699","0.22495274102079396","57.913333333333334","46.39453080793995","REAL","JAUH"
"2026-10-06T10:10:33.619972","112","2026-10-06T10:10:49.354550","1","0.9898386597633362","0.9371852278709412","9.347495079040527","-2.1958205699920654","-1.2046587467193604","2390.308367966095","0.19281663516068054","49.4832","43.28018620292662","REAL","JAUH"
"2026-10-06T10:10:33.619972","113","2026-10-06T10:10:49.474032","1","0.9861093163490295","0.8661791086196899","9.950867652893066","-2.1632394790649414","-1.3360264301300049","2331.731726230252","0.18714555765595464","44.6","40.956236806295244","REAL","JAUH"
"2026-10-06T10:10:33.619972","114","2026-10-06T10:10:49.598464","1","0.9035996794700623","0.7209669351577759","10.538434028625488","-2.0701889991760254","-1.210450530052185","2682.000214407467","0.1890359168241966","43.18333333333333","41.21896475599012","REAL","JAUH"
"2026-10-06T10:10:33.619972","115","2026-10-06T10:10:49.717757","1","0.9445556402206421","0.5363578200340271","10.284812927246094","-2.1065337657928467","-0.9777207374572754","2724.367526441594","0.17588932806324112","39.197916666666664","34.36122040734212","REAL","JAUH"
"2026-10-06T10:10:33.619972","116","2026-10-06T10:10:49.829589","1","0.9035996794700623","0.7058058977127075","9.510783195495605","-2.0744497776031494","-0.9855642914772034","2581.1696570552567","0.17580340264650285","37.38715277777778","32.69117556694591","REAL","JAUH"
"2026-10-06T10:10:33.619972","117","2026-10-06T10:10:49.961302","1","0.026467084884643555","0.012393414974212646","9.515607833862305","-1.1871371269226074","-1.0074255466461182","2586.5821251698976","0.16600790513833993","37.47743055555556","33.558244003823816","REAL","JAUH"
"2026-10-06T10:10:33.619972","118","2026-10-06T10:10:50.081339","1","0.9492247700691223","0.6858682632446289","9.805380821228027","-2.4909865856170654","-0.9901329874992371","2638.275992438563","0.1776937618147448","36.22569444444444","32.25879132226288","REAL","JAUH"
"2026-10-06T10:10:33.619972","119","2026-10-06T10:10:50.234482","1","0.9903543591499329","0.9363188147544861","9.71769905090332","-1.9488308429718018","-0.9806551933288574","2521.7410458081554","0.166351606805293","38.74","39.09001236462667","REAL","JAUH"
"2026-10-06T10:10:33.619972","120","2026-10-06T10:10:50.358004","1","0.9842807650566101","0.6806507110595703","10.143545150756836","-1.891868233680725","6.4574198722839355","2714.3371482480707","0.17355371900826447","35.50905797101449","34.14323926516608","REAL","JAUH"
"2026-10-06T10:10:33.619972","121","2026-10-06T10:10:50.483093","1","0.29744672775268555","0.02733379602432251","9.938311576843262","-1.9995211362838745","18.265029907226562","2938.040308603814","0.14744801512287334","39.028333333333336","39.142485833454955","REAL","JAUH"
"2026-10-06T10:10:33.619972","122","2026-10-06T10:10:50.601372","1","0.504286527633667","0.5513277649879456","8.839704513549805","-3.1076433658599854","27.56532096862793","2534.698842292193","0.11983471074380166","34.81285444234405","28.15459860600064","REAL","JAUH"
"2026-10-06T10:10:33.619972","123","2026-10-06T10:10:50.720444","1","0.9492247700691223","0.9376009702682495","9.364435195922852","-3.61978816986084","32.148223876953125","2111.2370867768595","0.14049586776859505","34.80340264650284","25.80974281082144","REAL","JAUH"
"2026-10-06T10:10:33.619972","124","2026-10-06T10:10:50.844528","1","0.9858568906784058","0.9892709851264954","9.183255195617676","-3.593855381011963","31.79910659790039","2364.5159611706854","0.13016528925619836","35.20037807183365","26.39043619818376","REAL","JAUH"
"2026-10-06T10:10:33.619972","125","2026-10-06T10:10:50.967100","1","0.9903543591499329","0.9880889058113098","8.951523780822754","-3.3288726806640625","30.46112632751465","2091.995207173779","0.1277056277056277","35.9054820415879","27.935764628385435","REAL","JAUH"
"2026-10-06T10:10:33.619972","126","2026-10-06T10:10:51.078587","1","0.9893174171447754","0.9861172437667847","9.108199119567871","-3.2329297065734863","30.145687103271484","2288.8111214182645","0.12987012987012986","37.003780718336486","28.204357961357797","REAL","JAUH"
"2026-10-06T10:10:33.619972","127","2026-10-06T10:10:51.206097","1","0.9893174171447754","0.9900364875793457","8.759621620178223","-2.9600141048431396","29.963912963867188","2368.244879218905","0.1277056277056277","38.67028985507246","29.980972007669795","REAL","JAUH"
"2026-10-06T10:10:33.619972","128","2026-10-06T10:10:51.306850","1","0.9861093163490295","0.994285523891449","9.009748458862305","-3.1447958946228027","29.880802154541016","2268.713034800697","0.1341991341991342","38.71455576559546","28.555120243127018","REAL","JAUH"
"2026-10-06T10:10:33.619972","129","2026-10-06T10:10:51.410758","1","0.990864634513855","0.9929311275482178","9.627730369567871","-2.9514505863189697","27.947429656982422","2386.606494604194","0.14256198347107438","42.13194444444444","35.530404923064324","REAL","JAUH"
"2026-10-06T10:10:33.619972","130","2026-10-06T10:10:51.552971","1","0.05671572685241699","0.006523013114929199","9.945589065551758","-1.6569850444793701","21.79512596130371","2883.2294267101674","0.18147448015122875","46.781666666666666","45.239260204924754","REAL","JAUH"
"2026-10-06T10:10:33.619972","131","2026-10-06T10:10:51.692843","1","0.9868497848510742","0.9922314882278442","10.024330139160156","-2.3025825023651123","9.034969329833984","2749.1668729936478","0.19834710743801653","45.9375","44.999339308421455","REAL","JAUH"
"2026-10-06T10:10:33.619972","132","2026-10-06T10:10:51.810449","1","0.9923635125160217","0.9932752251625061","10.068863868713379","-2.184185266494751","2.860684394836426","2466.2260712333077","0.19848771266540643","42.335","41.44791239214186","REAL","JAUH"
"2026-10-06T10:10:33.619972","133","2026-10-06T10:10:51.932591","1","0.9923635125160217","0.9936156272888184","8.852193832397461","-2.33528733253479","0.1890212744474411","3372.1587687293854","0.1890359168241966","46.3504","45.672298166831936","REAL","JAUH"
"2026-10-06T10:10:33.619972","134","2026-10-06T10:10:52.055186","1","0.9947605133056641","0.9946150779724121","9.017680168151855","-1.9617438316345215","0.3574065864086151","3145.354769315433","0.20226843100189035","42.48784722222222","41.906557655481734","REAL","JAUH"
"2026-10-06T10:10:33.619972","135","2026-10-06T10:10:52.174209","1","0.9942908883094788","0.6528555154800415","9.104623794555664","-1.9494222402572632","0.3856978118419647","3167.9390082225264","0.20226843100189035","42.88368055555556","42.29048041434068","REAL","JAUH"
"2026-10-06T10:10:33.619972","136","2026-10-06T10:10:52.287004","1","0.1492120623588562","0.010436594486236572","8.608053207397461","-1.6232326030731201","-1.607151746749878","3652.306688440936","0.22684310018903592","48.05","49.78866169453978","REAL","JAUH"
"2026-10-06T10:10:33.619972","137","2026-10-06T10:10:52.390854","1","0.060685038566589355","0.006523013114929199","7.6163740158081055","-1.7902791500091553","-5.633557319641113","3179.1400187963877","0.20415879017013233","49.8944","51.195922187611785","REAL","JAUH"
"2026-10-06T10:10:33.619972","138","2026-10-06T10:10:52.536770","1","0.9837305545806885","0.990412712097168","7.454663276672363","-3.5040807723999023","-16.830339431762695","2027.2005317305184","0.21928166351606806","49.6032","51.42350580969757","REAL","JAUH"
"2026-10-06T10:10:33.619972","139","2026-10-06T10:10:52.655397","1","0.9871754050254822","0.9939523935317993","5.743302822113037","-3.2867929935455322","-25.729469299316406","2283.6118314766586","0.25","50.08615384615385","51.44549281871976","REAL","JAUH"
"2026-10-06T10:10:33.619972","140","2026-10-06T10:10:52.777328","1","0.9887905716896057","0.9952638149261475","5.558197498321533","-3.5037472248077393","-30.457256317138672","1642.2932942708333","0.2517361111111111","45.6064","45.32914602151688","REAL","JAUH"
"2026-10-06T10:10:33.619972","141","2026-10-06T10:10:52.898540","1","0.9903543591499329","0.9974306225776672","4.716121673583984","-2.269911050796509","-30.488462448120117","1555.1085249947491","0.2554347826086957","48.2144","48.302898801624735","REAL","JAUH"
"2026-10-06T10:10:33.619972","142","2026-10-06T10:10:53.018018","1","0.9913694858551025","0.9974306225776672","5.5845561027526855","-2.7898361682891846","-29.366451263427734","1231.7906821046","0.26811594202898553","48.5408","48.14197685346957","REAL","JAUH"
"2026-10-06T10:10:33.619972","143","2026-10-06T10:10:53.140721","1","0.9887905716896057","0.997727632522583","5.941267013549805","-3.3668711185455322","-28.80677032470703","1504.903069957583","0.2665406427221172","48.7712","48.13913637114817","REAL","JAUH"
"2026-10-06T10:10:33.619972","144","2026-10-06T10:10:53.263142","1","0.9913694858551025","0.9971305727958679","5.387786388397217","-3.7118043899536133","-28.648670196533203","1611.6957965763495","0.24456521739130435","48.5936","48.27989684164621","REAL","JAUH"
"2026-10-06T10:10:33.619972","145","2026-10-06T10:10:53.419882","1","0.03877866268157959","0.008479773998260498","6.560455322265625","-4.203581809997559","-26.53904151916504","1877.5729166666667","0.23958333333333334","47.2112","46.97625138897314","REAL","JAUH"
"2026-10-06T10:10:33.619972","146","2026-10-06T10:10:53.533947","1","0.9863588809967041","0.4685542583465576","7.617677211761475","-4.3785905838012695","-19.20061492919922","1411.0562712397395","0.21172022684310018","45.4624","43.563716396101924","REAL","JAUH"
"2026-10-06T10:10:33.619972","147","2026-10-06T10:10:53.662788","1","0.9893174171447754","0.8628342747688293","9.054131507873535","-4.011910915374756","-13.862215995788574","2499.9704830970295","0.22916666666666666","45.41384615384615","45.64605763387231","REAL","JAUH"
"2026-10-06T10:10:33.619972","148","2026-10-06T10:10:53.782936","1","0.986605703830719","0.9834141135215759","10.476622581481934","-3.326132297515869","-10.200153350830078","2315.100782229909","0.19281663516068054","42.9536","39.586819107374616","REAL","JAUH"
"2026-10-06T10:10:33.619972","149","2026-10-06T10:10:53.906767","1","0.9928528666496277","0.9488520622253418","10.240310668945312","-2.640108346939087","-7.9393229484558105","2628.994091933611","0.17768595041322313","37.80902777777778","34.481249762238825","REAL","JAUH"
"2026-10-06T10:10:33.619972","150","2026-10-06T10:10:54.020711","1","0.9918690919876099","0.9457477331161499","11.202006340026855","-3.045828104019165","-7.0056538581848145","2275.2894056075406","0.1756198347107438","36.236111111111114","31.69702187883988","REAL","JAUH"
"2026-10-06T10:10:33.619972","151","2026-10-06T10:10:54.144527","1","0.9918690919876099","0.9861172437667847","9.73543643951416","-2.9997315406799316","-6.052272319793701","2802.0716617975595","0.17984189723320157","35.52256944444444","30.354780267111508","REAL","JAUH"
"2026-10-06T10:10:33.619972","152","2026-10-06T10:10:54.267936","1","0.9933371543884277","0.9867727756500244","9.548175811767578","-3.2086710929870605","-5.679389953613281","2109.0345374694916","0.166351606805293","34.60590277777778","28.20773448190512","REAL","JAUH"
"2026-10-06T10:10:33.619972","153","2026-10-06T10:10:54.384661","1","0.9923635125160217","0.9876855611801147","9.832682609558105","-3.6950230598449707","-5.610739231109619","2500.151057207486","0.1776937618147448","39.4432","38.90715581689312","REAL","JAUH"
"2026-10-06T10:10:33.619972","154","2026-10-06T10:10:54.505305","1","0.060685038566589355","0.012393414974212646","9.750923156738281","-3.3744394779205322","-5.375979900360107","2225.389054664188","0.17193675889328064","38.12166666666667","37.72665102049507","REAL","JAUH"
"2026-10-06T10:10:33.619972","155","2026-10-06T10:10:54.611275","1","0.3822312355041504","0.021787047386169434","9.883331298828125","-3.444011688232422","-5.455452919006348","2281.961056257714","0.16996047430830039","38.025","37.60887805204156","REAL","JAUH"
"2026-10-06T10:10:33.619972","156","2026-10-06T10:10:54.754111","1","0.9928528666496277","0.9915161728858948","9.46489429473877","-3.3782386779785156","-5.862462997436523","2140.95895883734","0.1833648393194707","35.11333333333334","28.608282406013508","REAL","JAUH"
"2026-10-06T10:10:33.619972","157","2026-10-06T10:10:54.870575","1","0.9933371543884277","0.9939523935317993","9.386948585510254","-3.5529212951660156","-5.913060188293457","2320.0858558967416","0.17580340264650285","33.77256944444444","27.85600394704803","REAL","JAUH"
"2026-10-06T10:10:33.619972","158","2026-10-06T10:10:54.992608","1","0.9933371543884277","0.9939523935317993","9.769740104675293","-3.7455830574035645","-6.07418966293335","2410.0587905274783","0.17391304347826086","33.58506944444444","27.87390479902623","REAL","JAUH"
"2026-10-06T10:10:33.619972","159","2026-10-06T10:10:55.106858","1","0.9913694858551025","0.990412712097168","9.843315124511719","-3.6007490158081055","-6.112957000732422","2432.3282006568015","0.166351606805293","33.25694444444444","27.73166224126459","REAL","JAUH"
"2026-10-06T10:10:33.619972","160","2026-10-06T10:10:55.234836","1","0.9928528666496277","0.9922314882278442","9.245433807373047","-3.4292991161346436","-6.274343013763428","1822.0910445574452","0.18714555765595464","33.682291666666664","27.880662708795093","REAL","JAUH"
"2026-10-06T10:10:33.619972","161","2026-10-06T10:10:55.344487","1","0.990864634513855","0.9892709851264954","9.180397033691406","-3.5878548622131348","-6.344592571258545","1759.580476056046","0.17958412098298676","32.89930555555556","27.238279835676767","REAL","JAUH"
"2026-10-06T10:10:33.619972","162","2026-10-06T10:10:55.473797","1","0.9918690919876099","0.9003492593765259","9.512105941772461","-3.873427391052246","-6.2317352294921875","2368.3044228687004","0.16824196597353497","31.475694444444443","26.504115892441483","REAL","JAUH"
"2026-10-06T10:10:33.619972","163","2026-10-06T10:10:55.586057","1","0.007300853729248047","0.008479773998260498","9.336655616760254","-2.930604934692383","-5.938694000244141","2379.731933490804","0.17013232514177692","34.468333333333334","34.7431863423927","REAL","JAUH"
"2026-10-06T10:10:33.619972","164","2026-10-06T10:10:55.712393","1","0.990864634513855","0.9884875416755676","9.256226539611816","-3.749882221221924","-6.326665878295898","2306.485890201936","0.17391304347826086","31.42361111111111","26.449921198452014","REAL","JAUH"
"2026-10-06T10:10:33.619972","165","2026-10-06T10:10:55.833546","1","0.9918690919876099","0.9892709851264954","9.442343711853027","-3.73954701423645","-6.154350280761719","2236.791092084434","0.17391304347826086","31.90451388888889","26.7191458958288","REAL","JAUH"
"2026-10-06T10:10:33.619972","166","2026-10-06T10:10:55.958001","1","0.9933371543884277","0.9872773885726929","9.845383644104004","-4.12247371673584","-6.040561199188232","2162.0702398862213","0.1720226843100189","32.095486111111114","26.776782680821047","REAL","JAUH"
"2026-10-06T10:10:33.619972","167","2026-10-06T10:10:56.082756","1","0.9947605133056641","0.9457477331161499","9.516670227050781","-4.1052985191345215","-6.068058490753174","2121.639237995862","0.16068052930056712","32.232638888888886","26.83575385009581","REAL","JAUH"
"2026-10-06T10:10:33.619972","168","2026-10-06T10:10:56.196037","1","0.9947605133056641","0.9876855611801147","9.48217487335205","-3.6830925941467285","-5.852327823638916","2302.42022434168","0.18147448015122875","33.495","28.09537283966882","REAL","JAUH"
"2026-10-06T10:10:33.619972","169","2026-10-06T10:10:56.319616","1","0.9938164353370667","0.9880889058113098","10.415129661560059","-3.2463347911834717","-5.594997406005859","2125.8636011163485","0.15311909262759923","35.1712","33.092903930601196","REAL","JAUH"
"2026-10-06T10:10:33.619972","170","2026-10-06T10:10:56.440615","1","0.9903543591499329","0.9668617844581604","11.619136810302734","-3.308023691177368","-5.324869632720947","2095.1010466657854","0.15122873345935728","31.75173611111111","26.467206460434234","REAL","JAUH"
"2026-10-06T10:10:33.619972","171","2026-10-06T10:10:56.562096","1","0.986605703830719","0.6911184787750244","13.47962474822998","-3.088712215423584","-4.420469760894775","2110.280001366027","0.15702479338842976","32.494791666666664","27.86961159849634","REAL","JAUH"
"2026-10-06T10:10:33.619972","172","2026-10-06T10:10:56.673135","1","0.9918690919876099","0.9351650476455688","14.016592979431152","-2.642986297607422","-4.296149730682373","2131.796543098149","0.15495867768595042","29.368620037807183","23.928576737327152","REAL","JAUH"
"2026-10-06T10:10:33.619972","173","2026-10-06T10:10:56.802965","1","0.9871754050254822","0.7337781190872192","14.602962493896484","-2.7723214626312256","-4.309818744659424","2381.7482697745627","0.12845849802371542","29.62326388888889","22.321329495756753","REAL","JAUH"
"2026-10-06T10:10:33.619972","174","2026-10-06T10:10:56.924397","1","0.9370447397232056","0.6806507110595703","14.753981590270996","-1.3679978847503662","-4.505430698394775","3068.551136363636","0.128099173553719","27.490942028985508","22.363756373037635","REAL","JAUH"
"2026-10-06T10:10:33.619972","175","2026-10-06T10:10:57.054087","1","0.9035996794700623","0.9358671307563782","15.117819786071777","0.2284567952156067","-3.5927791595458984","1998.4007347029205","0.11909262759924386","26.183333333333334","19.912133375295465","REAL","JAUH"
"2026-10-06T10:10:33.619972","176","2026-10-06T10:10:57.162532","1","0.9501656293869019","0.4685542583465576","15.779828071594238","1.2340726852416992","-3.7945773601531982","2073.8271232592792","0.10586011342155009","25.708333333333332","20.637343107957374","REAL","JAUH"
"2026-10-06T10:10:33.619972","177","2026-10-06T10:10:57.281179","1","0.947841465473175","0.5513277649879456","15.713476181030273","2.4500985145568848","-4.725198745727539","2156.2387032214506","0.10243055555555555","26.1664","23.047453461065935","REAL","JAUH"
"2026-10-06T10:10:33.619972","178","2026-10-06T10:10:57.407953","1","0.7659553289413452","0.3513319492340088","17.45448112487793","4.202635288238525","-4.417162895202637","1777.8450249565972","0.10069444444444445","27.109467455621303","26.455105977122358","REAL","JAUH"
"2026-10-06T10:10:33.619972","179","2026-10-06T10:10:57.521471","1","0.947841465473175","0.26849472522735596","18.52191734313965","5.06485652923584","-4.143711090087891","2120.32009216","0.1168","28.79585798816568","32.594465089051106","REAL","JAUH"
"2026-10-06T10:10:33.619972","180","2026-10-06T10:10:57.662376","1","0.9370447397232056","0.47919273376464844","17.974576950073242","5.741268157958984","-3.7171943187713623","1732.4176061762544","0.13313609467455623","37.304232804232804","46.16140916793033","REAL","JAUH"
"2026-10-06T10:10:33.619972","181","2026-10-06T10:10:57.829309","1","0.8114630579948425","0.32518619298934937","17.97161102294922","5.642548561096191","-3.0750176906585693","1641.7843278421624","0.1257396449704142","41.391581632653065","52.02154165802884","REAL","JAUH"
"2026-10-06T10:10:33.619972","182","2026-10-06T10:10:57.962836","1","0.9062259197235107","0.6171776056289673","17.736486434936523","5.89185094833374","-2.904171943664551","1416.5359315521384","0.12345679012345678","46.22473246135553","57.20485462844563","REAL","JAUH"
"2026-10-06T10:10:33.619972","183","2026-10-06T10:10:58.086755","1","0.8947855234146118","0.8227906227111816","17.81859588623047","5.967298984527588","-2.68550443649292","1386.1073930601049","0.12698412698412698","50.4423305588585","60.70947416431879","REAL","JAUH"
"2026-10-06T10:10:33.619972","184","2026-10-06T10:10:58.215314","1","0.8186739683151245","0.7252373695373535","16.020666122436523","5.362170696258545","-2.4696669578552246","1236.8158786148203","0.11507936507936507","49.200951248513675","59.215090301611994","REAL","JAUH"
"2026-10-06T10:10:33.619972","185","2026-10-06T10:10:58.329473","1","0.8049881458282471","0.8227906227111816","16.43026351928711","6.4659810066223145","-1.8226587772369385","1252.0306903373594","0.12627551020408162","49.06183115338882","59.196470320708045","REAL","JAUH"
"2026-10-06T10:10:33.619972","186","2026-10-06T10:10:58.448707","1","0.601551353931427","0.6806507110595703","16.587413787841797","5.549485206604004","-1.5045757293701172","1318.7184506455644","0.12755102040816327","49.13912009512485","59.65864772564727","REAL","JAUH"
"2026-10-06T10:10:33.619972","187","2026-10-06T10:10:58.574863","1","0.651045560836792","0.0595439076423645","15.45936393737793","4.414350986480713","-1.5624665021896362","1371.4336327962308","0.12755102040816327","48.5","59.04336512697461","REAL","JAUH"
"2026-10-06T10:10:33.619972","188","2026-10-06T10:10:58.688407","1","0.679590106010437","0.3679760694503784","15.391850471496582","5.063391208648682","-1.4839668273925781","1381.0736607142858","0.12372448979591837","50.14666666666667","59.68486351943291","REAL","JAUH"
"2026-10-06T10:10:33.619972","189","2026-10-06T10:10:58.900147","1","0.7466771602630615","0.16679900884628296","15.273037910461426","4.246248722076416","-1.4476020336151123","1348.1935188684527","0.1388888888888889","48.59690844233056","58.39021988988804","REAL","JAUH"
"2026-10-06T10:11:17.816002","1","2026-10-06T10:11:26.412808","1","0.7659553289413452","0.9668617844581604","0.8239744901657104","1.5751534700393677","-7.4722981452941895","162.91601269841271","0.12380952380952381","138.29166666666666","77.01728025796118","REPLAY","DEKAT"
"2026-10-06T10:11:17.816002","2","2026-10-06T10:11:26.513936","1","0.43315184116363525","0.9354024529457092","-0.5069833397865295","0.24832120537757874","-4.4481658935546875","144.6619419532519","0.17983193277310924","157.81934566145094","61.38331929344321","REPLAY","DEKAT"
"2026-10-06T10:11:17.816002","3","2026-10-06T10:11:26.663386","1","0.9842807650566101","0.9958990216255188","0.4595932960510254","2.340285539627075","7.7567291259765625","689.7921237035248","0.15293040293040294","142.04552845528454","67.31094844687823","REPLAY","DEKAT"
"2026-10-06T10:11:17.816002","4","2026-10-06T10:11:26.799515","1","0.9850823879241943","0.9965211153030396","0.21737949550151825","0.15858909487724304","4.194190502166748","651.975859957921","0.16549486208761494","121.21283950617284","77.29072666070408","REPLAY","DEKAT"
"2026-10-06T10:11:17.816002","5","2026-10-06T10:11:26.924002","1","0.972050666809082","0.9958990216255188","2.2985727787017822","1.0537604093551636","7.181316375732422","104.8144206485378","0.144602048857368","107.50426716141001","73.20913114810948","REPLAY","DEKAT"
"2026-10-06T10:11:17.816002","6","2026-10-06T10:11:27.047684","1","0.9918690919876099","0.9932752251625061","1.8863208293914795","1.8904845714569092","3.6468613147735596","93.33266788902789","0.16504018369690013","111.67350287120591","72.00612984424178","REPLAY","DEKAT"
"2026-10-06T10:11:17.816002","7","2026-10-06T10:11:27.165803","1","0.5211077928543091","0.5513277649879456","10.164314270019531","47.37308120727539","2.3058085441589355","99.93501612586351","0.1075050709939148","134.57666666666665","58.437559907447486","REPLAY","DEKAT"
"2026-10-06T10:11:17.816002","8","2026-10-06T10:11:27.279036","1","0.9606643915176392","0.47919273376464844","9.019675254821777","47.28190231323242","1.774605631828308","78.40500290474317","0.09653679653679653","133.22560228664761","60.70469811731498","REPLAY","DEKAT"
"2026-10-06T10:11:17.816002","9","2026-10-06T10:11:27.387356","1","0.9493870735168457","0.7209669351577759","9.826566696166992","37.40750503540039","0.49646952748298645","62.508178554146035","0.10057471264367816","137.75168776371308","60.13678279415004","REPLAY","DEKAT"
"2026-10-06T10:11:17.816002","10","2026-10-06T10:11:27.530871","1","0.15394079685211182","0.9936156272888184","4.822272777557373","15.132553100585938","-3.6720123291015625","36.23368311562361","0.1027681660899654","139.16568144499178","61.95241013138522","REPLAY","DEKAT"
"2026-10-06T10:11:17.816002","11","2026-10-06T10:11:27.642833","1","0.9928528666496277","0.994285523891449","3.5965118408203125","8.546163558959961","-4.282837867736816","62.64614199785371","0.10780780780780781","116.19238095238096","77.80894644626875","REPLAY","DEKAT"
"2026-10-06T10:11:17.816002","12","2026-10-06T10:11:27.770283","1","0.9947605133056641","0.9946150779724121","1.4581279754638672","4.807716369628906","-4.7839155197143555","113.00276292896224","0.08851674641148326","102.43418803418804","81.06459261544255","REPLAY","DEKAT"
"2026-10-06T10:11:17.816002","13","2026-10-06T10:11:27.890749","1","0.9952254295349121","0.9958990216255188","2.3265113830566406","2.5320687294006348","-5.446353435516357","131.98904672672165","0.08488063660477453","93.38147295742232","82.71158515939308","REPLAY","DEKAT"
"2026-10-06T10:11:17.816002","14","2026-10-06T10:11:27.994077","1","0.9938164353370667","0.9962117075920105","1.1688178777694702","1.2659159898757935","-5.3299407958984375","122.6866328798186","0.08619047619047619","93.6546360616128","82.22561167938163","REPLAY","DEKAT"
"2026-10-06T10:11:17.816002","15","2026-10-06T10:11:28.135625","1","0.9938164353370667","0.9952638149261475","2.120417594909668","0.1739906370639801","-5.132831573486328","113.08824177374655","0.08761904761904762","93.83147085472667","81.33266690791375","REPLAY","DEKAT"
"2026-10-06T10:11:17.816002","16","2026-10-06T10:11:28.252430","1","0.9928528666496277","0.9932752251625061","1.053425908088684","0.06961808353662491","-4.693985462188721","97.06677758678495","0.09367167919799499","97.5816653934301","80.01724470349161","REPLAY","DEKAT"
"2026-10-06T10:11:17.816002","17","2026-10-06T10:11:28.376071","1","0.9928528666496277","0.9932752251625061","1.2713724374771118","0.34572526812553406","-4.926097869873047","105.83242057210697","0.09038220551378447","100.08109332527937","78.74191166018502","REPLAY","DEKAT"
"2026-10-06T10:11:17.816002","18","2026-10-06T10:11:28.493567","1","0.9938164353370667","0.9936156272888184","1.6699775457382202","0.6141549944877625","-5.0715765953063965","76.73646763882799","0.09302325581395349","99.80838061981667","78.13514896665498","REPLAY","DEKAT"
"2026-10-06T10:11:17.816002","19","2026-10-06T10:11:28.617781","1","0.9938164353370667","0.9922314882278442","1.793969750404358","1.02422034740448","-5.4756903648376465","75.04042064148307","0.08911777877295118","105.47655350978135","77.11730765243391","REPLAY","DEKAT"
"2026-10-06T10:11:17.816002","20","2026-10-06T10:11:28.733236","1","0.9947605133056641","0.9936156272888184","1.54978346824646","0.6466513872146606","-5.5038909912109375","69.47697943524811","0.08575851393188855","107.43931930138827","76.90119254234226","REPLAY","DEKAT"
"2026-10-06T10:11:17.816002","21","2026-10-06T10:11:28.851337","1","0.9933371543884277","0.9936156272888184","1.426918625831604","0.5058514475822449","-5.551583766937256","85.48626768769765","0.08717719062546649","107.10558112773303","76.62676353239384","REPLAY","DEKAT"
"2026-10-06T10:11:17.816002","22","2026-10-06T10:11:28.977836","1","0.770969033241272","0.9382040500640869","0.7630040049552917","0.24779154360294342","-5.7878098487854","59.403466764338944","0.07254814151365875","106.25402761795166","76.52569138760765","REPLAY","DEKAT"
"2026-10-06T10:11:17.816002","23","2026-10-06T10:11:29.099061","1","0.015514969825744629","0.02456045150756836","1.1212620735168457","-5.321567058563232","-5.756669044494629","53.276453528507595","0.05952380952380952","97.27340488968396","76.36351348598957","REPLAY","DEKAT"
"2026-10-06T10:11:17.816002","24","2026-10-06T10:11:29.220643","1","0.010038912296295166","0.012393414974212646","1.3198256492614746","-15.999509811401367","-4.484107971191406","32.93082519178059","0.036870203536870205","84.53156626506023","76.6332485720359","REPLAY","DEKAT"
"2026-10-06T10:11:17.816002","25","2026-10-06T10:11:29.332898","1","0.1407354474067688","0.026871562004089355","2.9347827434539795","-27.27531623840332","-3.469783067703247","21.201311299827307","0.023966244725738398","68.42386363636363","74.07659064222793","REPLAY","DEKAT"
"2026-10-06T10:11:17.816002","26","2026-10-06T10:11:29.460843","1","0.9848182797431946","0.32518619298934937","4.888243675231934","-37.289161682128906","-2.2712178230285645","32.980164346638574","0.021151586368977675","55.9207619047619","69.90182372026857","REPLAY","DEKAT"
"2026-10-06T10:11:17.816002","27","2026-10-06T10:11:29.580428","1","0.9840072393417358","0.44997191429138184","7.009706497192383","-47.84849548339844","-1.4274386167526245","38.97169983957922","0.029743589743589743","53.3127990430622","68.50964759693301","REPLAY","DEKAT"
"2026-10-06T10:11:17.816002","28","2026-10-06T10:11:29.718229","1","0.9445556402206421","0.02733379602432251","7.284597396850586","-49.487491607666016","-1.3433789014816284","48.47794637965668","0.03209459459459459","55.886842105263156","70.90414888350398","REPLAY","DEKAT"
"2026-10-06T10:11:17.816002","29","2026-10-06T10:11:29.863867","1","0.9497048854827881","0.02502262592315674","4.106683731079102","-50.74769973754883","-1.6020612716674805","67.44953636095765","0.043420469649977846","62.560776942355886","74.72475435007846","REPLAY","DEKAT"
"2026-10-06T10:11:17.816002","30","2026-10-06T10:11:29.986188","1","0.9370447397232056","0.022711515426635742","7.147213459014893","-47.82755661010742","-1.008151650428772","53.2978283343653","0.03758445945945946","64.55402711323764","75.36120537550066","REPLAY","DEKAT"
"2026-10-06T10:11:17.816002","31","2026-10-06T10:11:30.098730","1","0.947841465473175","0.17585158348083496","6.583528518676758","-48.65480041503906","-1.2590872049331665","51.797870788695036","0.037575757575757575","61.425663888350456","72.90954234538047","REPLAY","DEKAT"
"2026-10-06T10:11:17.816002","32","2026-10-06T10:11:30.227860","1","0.8898150324821472","0.12001985311508179","3.7654061317443848","-49.01534652709961","-1.8129674196243286","43.46066651287966","0.03862745098039216","60.77135774218154","71.78544986250898","REPLAY","DEKAT"
"2026-10-06T10:11:17.816002","33","2026-10-06T10:11:30.348746","1","0.9498605728149414","0.024098217487335205","8.858020782470703","-48.59529495239258","-2.8652734756469727","37.74750333748679","0.037066881547139406","58.15904761904762","68.82588964050706","REPLAY","DEKAT"
"2026-10-06T10:11:17.816002","34","2026-10-06T10:11:30.458972","1","0.770969033241272","0.16679900884628296","9.658885955810547","-45.007972717285156","-2.9428157806396484","36.561957378019294","0.0319634703196347","56.38996138996139","67.08842818641384","REPLAY","DEKAT"
"2026-10-06T10:11:17.816002","35","2026-10-06T10:11:30.591409","1","0.026467084884643555","0.000652611255645752","4.439571380615234","-24.690366744995117","-1.96537184715271","17.48857288888889","0.023166666666666665","77.85049097244219","78.33277662311716","REPLAY","DEKAT"
"2026-10-06T10:11:17.816002","36","2026-10-06T10:11:30.703477","1","0.9871754050254822","0.9369730353355408","1.5104129314422607","-14.58071231842041","-2.47871994972229","25.37442891195694","0.04470588235294118","93.22610405323654","78.33483958190706","REPLAY","DEKAT"
"2026-10-06T10:11:17.816002","37","2026-10-06T10:11:30.830948","1","0.9893174171447754","0.9958990216255188","0.8074528574943542","-8.476133346557617","-3.537954330444336","39.96354985316003","0.05529667598633116","97.89638157894737","72.91132820875917","REPLAY","DEKAT"
"2026-10-06T10:11:17.816002","38","2026-10-06T10:11:30.950148","1","0.9938164353370667","0.9946150779724121","0.7440587878227234","-4.479943752288818","-4.662178039550781","36.62262972446104","0.05448318804483188","97.02267267267267","67.73481410253866","REPLAY","DEKAT"
"2026-10-06T10:11:17.816002","39","2026-10-06T10:11:31.051690","1","0.9938164353370667","0.9936156272888184","-0.1786402314901352","-3.054123640060425","-6.0103278160095215","39.5385393517687","0.05747126436781609","95.05036855036855","62.701064152134755","REPLAY","DEKAT"
"2026-10-06T10:11:17.816002","40","2026-10-06T10:11:31.153006","1","0.9933371543884277","0.994285523891449","0.4198184907436371","-1.882872462272644","-6.679211616516113","41.92354472658243","0.05381944444444445","93.6800061566877","60.38807815703394","REPLAY","DEKAT"
"2026-10-06T10:11:17.816002","41","2026-10-06T10:11:31.288890","1","0.9923635125160217","0.9939523935317993","-0.27798447012901306","-1.960213541984558","-6.809006214141846","44.39016115495973","0.05591467356173239","94.29891304347827","60.68542959622311","REPLAY","DEKAT"
"2026-10-06T10:11:17.816002","42","2026-10-06T10:11:31.389464","1","0.9942908883094788","0.9929311275482178","-0.4930947422981262","-1.739025592803955","-6.696585655212402","43.96183546110492","0.05697319852351147","95.37156953438175","61.35078883260338","REPLAY","DEKAT"
"2026-10-06T10:11:17.816002","43","2026-10-06T10:11:31.515193","1","0.9918690919876099","0.9929311275482178","-0.35209691524505615","-1.952392339706421","-6.378629207611084","44.42824049903163","0.056293485135989876","100.11185410334346","63.418089327959976","REPLAY","DEKAT"
"2026-10-06T10:11:17.816002","44","2026-10-06T10:11:31.634232","1","0.9933371543884277","0.9932752251625061","-0.03591148555278778","-1.7644658088684082","-6.355896472930908","34.215694175750244","0.059654631083202514","105.0770861729517","67.76662807854275","REPLAY","DEKAT"
"2026-10-06T10:11:17.816002","45","2026-10-06T10:11:31.755837","1","0.9942908883094788","0.9932752251625061","-0.09253193438053131","-1.6502313613891602","-6.266993999481201","51.612526443655845","0.06541471048513302","108.35766972753274","71.660178059249","REPLAY","DEKAT"
"2026-10-06T10:11:17.816002","46","2026-10-06T10:11:31.871395","1","0.9903543591499329","0.994285523891449","0.4240472614765167","-1.6295225620269775","-6.3085036277771","43.535399730139986","0.05438311688311688","110.04553990610329","73.29644158246812","REPLAY","DEKAT"
"2026-10-06T10:11:17.816002","47","2026-10-06T10:11:31.997239","1","0.0","0.006523013114929199","-1.5320078134536743","-1.1304134130477905","-5.882680892944336","42.39731758308751","0.050974512743628186","110.23847631241998","73.3524138100641","REPLAY","DEKAT"
"2026-10-06T10:11:17.816002","48","2026-10-06T10:11:32.114795","1","0.007300853729248047","0.006523013114929199","-4.488117218017578","-1.811703085899353","-6.705940246582031","57.52138530426509","0.046638165565487756","104.41515495086924","72.13256632634678","REPLAY","DEKAT"
"2026-10-06T10:11:17.816002","49","2026-10-06T10:11:32.238682","1","0.007300853729248047","0.010436594486236572","-8.39531421661377","-2.176731824874878","-6.5149688720703125","55.887866709183676","0.044642857142857144","98.15875053487377","68.76927155438305","REPLAY","DEKAT"
"2026-10-06T10:11:17.816002","50","2026-10-06T10:11:32.390132","1","0.004562854766845703","0.006523013114929199","-10.525971412658691","-1.925018072128296","-6.333761692047119","44.693561390532544","0.03870192307692308","93.66552354823959","69.32786867272812","REPLAY","DEKAT"
"2026-10-06T10:11:17.816002","51","2026-10-06T10:11:32.513252","1","0.007300853729248047","0.004566192626953125","-14.8967866897583","-2.259807586669922","-6.351676940917969","56.64830338159872","0.06543151969981238","100.77244828370084","72.66710792953343","REPLAY","DEKAT"
"2026-10-06T10:11:17.816002","52","2026-10-06T10:11:32.636018","1","0.0","0.000652611255645752","-16.692625045776367","-2.911088705062866","-5.900026798248291","88.71306087176906","0.08348968105065666","110.88140161725067","78.73465192219689","REPLAY","DEKAT"
"2026-10-06T10:11:17.816002","53","2026-10-06T10:11:32.762904","1","0.0","0.0","-15.648056983947754","-2.216583251953125","-6.272393226623535","96.72836515347633","0.10024038461538462","115.8704868390403","84.45574787898055","REPLAY","DEKAT"
"2026-10-06T10:11:17.816002","54","2026-10-06T10:11:32.882188","1","0.004562854766845703","0.000652611255645752","-15.464165687561035","-3.606905698776245","-5.016425609588623","137.2248022337351","0.11509610876699485","112.23545454545454","87.59666617396685","REPLAY","DEKAT"
"2026-10-06T10:11:17.816002","55","2026-10-06T10:11:33.004061","1","0.001824796199798584","0.000652611255645752","-14.73802375793457","-3.0439565181732178","-5.124300956726074","180.63223694457542","0.1115491651205937","108.50349192492361","88.15547830584075","REPLAY","DEKAT"
"2026-10-06T10:11:17.816002","56","2026-10-06T10:11:33.141295","1","0.004562854766845703","0.000652611255645752","-14.830906867980957","-3.281263589859009","-5.176799774169922","147.96089304887127","0.10792804796802132","104.11012931034483","87.09910962459416","REPLAY","DEKAT"
"2026-10-06T10:11:17.816002","57","2026-10-06T10:11:33.241420","1","0.007300853729248047","0.004566192626953125","-16.36474609375","-3.0427963733673096","-4.732212543487549","160.48367670052323","0.10502923976608187","98.13345275414241","85.05232769607218","REPLAY","DEKAT"
"2026-10-06T10:11:17.816002","58","2026-10-06T10:11:33.366625","1","0.001824796199798584","0.000652611255645752","-15.161052703857422","-3.341256856918335","-4.814263343811035","165.5663533359757","0.0967816091954023","92.54199134199135","83.49626434041896","REPLAY","DEKAT"
"2026-10-06T10:11:17.816002","59","2026-10-06T10:11:33.476937","1","0.004562854766845703","0.004566192626953125","-14.61735725402832","-3.463359832763672","-4.885983943939209","110.77000949356261","0.09210526315789473","95.01901709401709","82.81523470889036","REPLAY","DEKAT"
"2026-10-06T10:11:17.816002","60","2026-10-06T10:11:33.607884","1","0.004562854766845703","0.004566192626953125","-11.029236793518066","-2.6144535541534424","-5.226901531219482","102.13147490847031","0.07637845955803475","103.16045081967214","82.90905219493428","REPLAY","DEKAT"
"2026-10-06T10:11:17.816002","61","2026-10-06T10:11:33.720641","1","0.9928528666496277","0.9955831170082092","-5.493783950805664","-0.7820969223976135","-5.400026798248291","76.05988038559026","0.0639481000926784","114.59061833688699","83.69919061986673","REPLAY","DEKAT"
"2026-10-06T10:11:17.816002","62","2026-10-06T10:11:33.852148","1","0.9947605133056641","0.9974306225776672","-2.599148750305176","-0.5267986059188843","-5.26136589050293","102.51373231788817","0.07257462686567165","115.3653156384505","84.01764056506161","REPLAY","DEKAT"
"2026-10-06T10:11:17.816002","63","2026-10-06T10:11:33.968486","1","0.9928528666496277","0.9952638149261475","-1.009200930595398","0.4359780550003052","-5.213518142700195","121.42065412648444","0.08415927664753955","110.7904953145917","82.50523461156196","REPLAY","DEKAT"
"2026-10-06T10:11:17.816002","64","2026-10-06T10:11:34.095179","1","0.9942908883094788","0.9929311275482178","-0.07851731032133102","0.9790957570075989","-5.788740158081055","81.02922516087486","0.08224656581464093","108.59036144578313","79.05220345413336","REPLAY","DEKAT"
"2026-10-06T10:11:17.816002","65","2026-10-06T10:11:34.207853","1","0.9938164353370667","0.9922314882278442","0.9276815056800842","0.6405936479568481","-6.250302314758301","102.95366680718111","0.08820422535211267","108.37516937669376","75.75104084877785","REPLAY","DEKAT"
"2026-10-06T10:11:17.816002","66","2026-10-06T10:11:34.364486","1","0.9938164353370667","0.9911525249481201","0.9731375575065613","0.6471574902534485","-6.19814395904541","105.19390826976523","0.09359957211624176","108.10590277777777","73.62498985958423","REPLAY","DEKAT"
"2026-10-06T10:11:17.816002","67","2026-10-06T10:11:34.484089","1","0.9938164353370667","0.9925832152366638","0.8894888758659363","0.4519016444683075","-6.289330959320068","84.4035877952847","0.08548890111906073","108.94375","72.02972015728994","REPLAY","DEKAT"
"2026-10-06T10:11:17.816002","68","2026-10-06T10:11:34.615027","1","0.9947605133056641","0.9939523935317993","0.6938866972923279","0.43515917658805847","-6.298902988433838","82.59924621945584","0.083793902656445","106.45907534246575","72.86492031728052","REPLAY","DEKAT"
"2026-10-06T10:11:17.816002","69","2026-10-06T10:11:34.733440","1","0.9938164353370667","0.9946150779724121","0.9942631125450134","1.0349433422088623","-6.068262577056885","86.52958103654532","0.08698630136986302","101.94913580246913","75.58988466628468","REPLAY","DEKAT"
"2026-10-06T10:11:17.816002","70","2026-10-06T10:11:34.857681","1","0.9918690919876099","0.994285523891449","2.9298388957977295","0.46677136421203613","-5.700348377227783","75.44123517572714","0.07944078947368421","102.73154893886601","77.65878313053655","REPLAY","DEKAT"
"2026-10-06T10:11:17.816002","71","2026-10-06T10:11:34.971985","1","0.9837305545806885","0.9929311275482178","5.67823600769043","-0.8516581654548645","-5.611632823944092","39.549302369508084","0.0519311911716975","111.7001582278481","77.26689197134613","REPLAY","DEKAT"
"2026-10-06T10:11:17.816002","72","2026-10-06T10:11:35.101172","1","0.9961413145065308","0.9939523935317993","9.851485252380371","0.48608317971229553","-5.310755252838135","48.0825277872978","0.07370613683704534","114.02921875","78.83959737983604","REPLAY","DEKAT"
"2026-10-06T10:11:17.816002","73","2026-10-06T10:11:35.213768","1","0.9961413145065308","0.9488520622253418","14.317046165466309","3.919747829437256","-4.21216344833374","49.538557485360684","0.07492507492507493","115.64589008171767","78.18760529052693","REPLAY","DEKAT"
"2026-10-06T10:11:17.816002","74","2026-10-06T10:11:35.335206","1","0.9928528666496277","0.9939523935317993","15.360894203186035","3.862003803253174","-3.7002930641174316","47.84944046295916","0.061906501095690285","107.04764444444444","76.93768587489939","REPLAY","DEKAT"
"2026-10-06T10:11:17.816002","75","2026-10-06T10:11:35.460850","1","0.9965924024581909","0.9958990216255188","16.544979095458984","3.7036890983581543","-3.2250161170959473","58.81898331639738","0.06458752515090543","96.06506849315069","76.77272511541292","REPLAY","DEKAT"
"2026-10-06T10:11:17.816002","76","2026-10-06T10:11:35.580953","1","0.9956856369972229","0.9971305727958679","16.834402084350586","3.5400896072387695","-2.921178102493286","57.48326300459595","0.06049149338374291","89.36262646300337","75.79151223249161","REPLAY","DEKAT"
"2026-10-06T10:11:17.816002","77","2026-10-06T10:11:35.698273","1","0.9965924024581909","0.9962117075920105","16.222688674926758","3.9558212757110596","-2.829716205596924","53.63334734922887","0.06532241125813905","93.9216425312438","73.22580053014826","REPLAY","DEKAT"
"2026-10-06T10:11:17.816002","78","2026-10-06T10:11:35.823577","1","0.9938164353370667","0.9968274235725403","16.757644653320312","4.172616004943848","-2.978952169418335","52.76267640585901","0.06942041522491349","94.55051759834369","71.38274517876081","REPLAY","DEKAT"
"2026-10-06T10:11:17.816002","79","2026-10-06T10:11:35.939913","1","0.9956856369972229","0.998312771320343","18.293067932128906","4.923901081085205","-2.3840219974517822","51.52158582468414","0.06763285024154589","91.54731204126165","71.39420221498617","REPLAY","DEKAT"
"2026-10-06T10:11:17.816002","80","2026-10-06T10:11:36.061220","1","0.9898386597633362","0.9974306225776672","17.397872924804688","4.20747184753418","-2.1033127307891846","48.109079550187424","0.06428571428571428","90.87442129629629","71.5672076437767","REPLAY","DEKAT"
"2026-10-06T10:11:17.816002","81","2026-10-06T10:11:36.177066","1","0.9923635125160217","0.9958990216255188","15.356287002563477","3.772059917449951","-2.0559537410736084","38.253676132687005","0.06212618174802238","101.23491299518697","68.1061426528542","REPLAY","DEKAT"
"2026-10-06T10:11:17.816002","82","2026-10-06T10:11:36.306402","1","0.9842807650566101","0.6937435865402222","16.022077560424805","3.7776036262512207","-1.3213731050491333","43.820094106167666","0.07331661200077175","103.54387263976305","67.07092029459625","REPLAY","DEKAT"
"2026-10-06T10:11:17.816002","83","2026-10-06T10:11:36.426612","1","0.17988473176956177","0.3513319492340088","16.725313186645508","3.5680599212646484","-1.9099555015563965","47.43447971471033","0.07686453576864535","103.91928915216586","67.61266847132893","REPLAY","DEKAT"
"2026-10-06T10:11:17.816002","84","2026-10-06T10:11:36.537484","1","0.1492120623588562","0.1860300898551941","14.381348609924316","2.528277635574341","-2.705564498901367","40.314972879676354","0.06561859193438141","104.03271412132172","68.7434679872017","REPLAY","DEKAT"
"2026-10-06T10:11:17.816002","85","2026-10-06T10:11:36.663515","1","0.9472037553787231","0.8684090375900269","11.367751121520996","1.3578495979309082","-4.09130334854126","41.441655555555556","0.065","103.30527497194164","68.74767535120175","REPLAY","DEKAT"
"2026-10-06T10:11:17.816002","86","2026-10-06T10:11:36.788627","1","0.9913694858551025","0.9936156272888184","9.03835678100586","1.7449678182601929","-4.981777667999268","49.31169532276225","0.06506849315068493","105.99324324324324","68.32429110213964","REPLAY","DEKAT"
"2026-10-06T10:11:17.816002","87","2026-10-06T10:11:36.900705","1","0.9918690919876099","0.9962117075920105","5.884632110595703","1.8222607374191284","-5.581470966339111","49.52564830243728","0.06615436017373873","105.87403474903475","68.60062498215423","REPLAY","DEKAT"
"2026-10-06T10:11:17.816002","88","2026-10-06T10:11:37.070646","1","0.9913694858551025","0.994285523891449","3.262026309967041","1.7672146558761597","-6.191154479980469","62.48600147730352","0.06321175111404523","105.49","69.9826876210586","REPLAY","DEKAT"
"2026-10-06T10:11:17.816002","89","2026-10-06T10:11:37.198792","1","0.9928528666496277","0.994285523891449","0.5026150345802307","1.0941119194030762","-7.043558120727539","76.40606557879298","0.07289628180039139","106.90023529411765","71.73170333046423","REPLAY","DEKAT"
"2026-10-06T10:11:17.816002","90","2026-10-06T10:11:37.309808","1","0.9923635125160217","0.9939523935317993","1.9021015167236328","0.4941426217556","-7.228397846221924","74.50973648204138","0.06861772486772487","109.87350722815839","73.53998896485771","REPLAY","DEKAT"
"2026-10-06T10:11:17.816002","91","2026-10-06T10:11:37.424420","1","0.9928528666496277","0.9932752251625061","2.0988829135894775","1.198428750038147","-7.355416774749756","65.90357694003528","0.06663359788359788","113.17708988057825","75.00422303185525","REPLAY","DEKAT"
"2026-10-06T10:11:17.816002","92","2026-10-06T10:11:37.524797","1","0.9928528666496277","0.994285523891449","1.9500468969345093","1.1472501754760742","-7.281578063964844","57.461607770681","0.07662957074721781","113.92785843920146","75.42724304932739","REPLAY","DEKAT"
"2026-10-06T10:11:17.816002","93","2026-10-06T10:11:37.632115","1","0.9938164353370667","0.9932752251625061","0.9648779034614563","0.45558783411979675","-10.010334014892578","64.93867089443783","0.07601532567049808","111.51525119617224","76.08788205824334","REPLAY","DEKAT"
"2026-10-06T10:11:17.816002","94","2026-10-06T10:11:37.751123","1","0.990864634513855","0.9946150779724121","1.363891363143921","-1.9631574153900146","-14.59695816040039","40.524367485797335","0.06641123882503193","105.43611793611794","75.95005898366672","REPLAY","DEKAT"
"2026-10-06T10:11:17.816002","95","2026-10-06T10:11:37.873282","1","0.9903543591499329","0.9952638149261475","0.9879515171051025","-3.193106174468994","-17.75462532043457","48.90828023889109","0.06739096205321997","99.58983415233415","75.38288368994846","REPLAY","DEKAT"
"2026-10-06T10:11:17.816002","96","2026-10-06T10:11:37.993727","1","0.9918690919876099","0.9955831170082092","1.1944477558135986","-4.113340377807617","-19.772674560546875","47.633813524943214","0.0676056338028169","97.51867816091954","74.53344434182421","REPLAY","DEKAT"
"2026-10-06T10:11:17.816002","97","2026-10-06T10:11:38.098848","1","0.9928528666496277","0.9955831170082092","1.6138944625854492","-4.462924957275391","-20.077884674072266","63.993161240458","0.07274233637116818","98.08109833971903","74.09493582569134","REPLAY","DEKAT"
"2026-10-06T10:11:17.816002","98","2026-10-06T10:11:38.239739","1","0.9903543591499329","0.9958990216255188","2.0081357955932617","-4.263443946838379","-20.405961990356445","72.11957332156261","0.08502581755593804","104.27280348759221","73.11611763537068","REPLAY","DEKAT"
"2026-10-06T10:11:17.816002","99","2026-10-06T10:11:38.356560","1","0.9893174171447754","0.9968274235725403","2.279024839401245","-3.418678045272827","-20.155553817749023","61.64876845543896","0.08660729876025842","104.22534013605443","72.91285734382357","REPLAY","DEKAT"
"2026-10-06T10:11:17.816002","100","2026-10-06T10:11:38.470649","1","0.9850823879241943","0.9949411749839783","2.1668741703033447","-2.940288782119751","-20.223337173461914","62.12900223093363","0.08002157885272433","105.28221288515407","72.96365681509822","REPLAY","DEKAT"
"2026-10-06T10:11:17.816002","101","2026-10-06T10:11:38.600135","1","0.9850823879241943","0.9968274235725403","2.26847767829895","-2.8595383167266846","-20.259044647216797","57.480203267240306","0.07295173961840629","105.29854712969525","72.71339224015964","REPLAY","DEKAT"
"2026-10-06T10:11:17.816002","102","2026-10-06T10:11:38.721173","1","0.9868497848510742","0.9968274235725403","2.3096771240234375","-2.5117523670196533","-18.857337951660156","40.59959085657067","0.07535493265380415","105.46463585434174","72.60080509634659","REPLAY","DEKAT"
"2026-10-06T10:11:17.816002","103","2026-10-06T10:11:38.838593","1","0.9848182797431946","0.9946150779724121","1.6029212474822998","-0.9082534909248352","-14.811553955078125","38.90059748639285","0.06797338608164","106.48406862745098","72.73737166262916","REPLAY","DEKAT"
"2026-10-06T10:11:17.816002","104","2026-10-06T10:11:38.963487","1","0.9845510721206665","0.9946150779724121","1.8008544445037842","-0.3944050967693329","-10.450912475585938","54.926052138028986","0.06060061140082719","109.58928571428571","72.35283342241478","REPLAY","DEKAT"
"2026-10-06T10:11:17.816002","105","2026-10-06T10:11:39.070916","1","0.9848182797431946","0.9949411749839783","2.07898211479187","0.47189533710479736","-7.904146194458008","45.7533194343914","0.06197478991596639","108.88488372093023","72.34406213584762","REPLAY","DEKAT"
"2026-10-06T10:11:17.816002","106","2026-10-06T10:11:39.196314","1","0.9858568906784058","0.9958990216255188","3.6173322200775146","0.9213457703590393","-5.041270732879639","67.44274234693877","0.06802721088435375","105.99757751937985","72.63530206817268","REPLAY","DEKAT"
"2026-10-06T10:11:17.816002","107","2026-10-06T10:11:39.321936","1","0.9848182797431946","0.9958990216255188","3.8932125568389893","0.6608286499977112","-5.025108814239502","49.01843137254902","0.06258169934640523","102.97996272134203","72.32055211154295","REPLAY","DEKAT"
"2026-10-06T10:11:17.816002","108","2026-10-06T10:11:39.437814","1","0.9863588809967041","0.9936156272888184","3.8119759559631348","0.9889942407608032","-5.317465305328369","57.38753898073391","0.06928104575163399","103.8082191780822","71.4631444353659","REPLAY","DEKAT"
"2026-10-06T10:11:17.816002","109","2026-10-06T10:11:39.558999","1","0.9856016635894775","0.9907847046852112","3.335841178894043","0.5901992917060852","-5.4546380043029785","46.97975160703922","0.0629822075263738","102.01858108108108","71.66167948825634","REPLAY","DEKAT"
"2026-10-06T10:11:17.816002","110","2026-10-06T10:11:39.689923","1","0.9923635125160217","0.9939523935317993","2.9124770164489746","0.7003355622291565","-5.14431619644165","61.74364856999445","0.06290849673202614","101.0919540229885","71.14052613248013","REPLAY","DEKAT"
"2026-10-06T10:11:17.816002","111","2026-10-06T10:11:39.802406","1","0.9903543591499329","0.9946150779724121","2.773216962814331","0.45393455028533936","-3.6372244358062744","44.38681903464669","0.061692506459948324","99.88033380569989","71.40289665272904","REPLAY","DEKAT"
"2026-10-06T10:11:17.816002","112","2026-10-06T10:11:39.925080","1","0.9942908883094788","0.994285523891449","2.242079257965088","0.2603038549423218","-0.7257089018821716","47.4835021062581","0.05898922949461475","99.96871008939975","71.82770807104808","REPLAY","DEKAT"
"2026-10-06T10:11:17.816002","113","2026-10-06T10:11:40.045925","1","0.9938164353370667","0.994285523891449","3.005296468734741","0.5036237835884094","3.164196252822876","49.99648148597528","0.05812807881773399","99.24684343434343","72.25520534627282","REPLAY","DEKAT"
"2026-10-06T10:11:17.816002","114","2026-10-06T10:11:40.152740","1","0.9918690919876099","0.9929311275482178","3.064318895339966","0.47190970182418823","6.613432884216309","53.97964438728325","0.05927750410509031","100.07042253521126","72.22315792948089","REPLAY","DEKAT"
"2026-10-06T10:11:17.816002","115","2026-10-06T10:11:40.283818","1","0.9928528666496277","0.9955831170082092","3.027564287185669","0.8084864616394043","13.085662841796875","57.77013374593172","0.07427149964463398","105.32634271099744","71.19543528291551","REPLAY","DEKAT"
"2026-10-06T10:11:17.816002","116","2026-10-06T10:11:40.411503","1","0.9938164353370667","0.9955831170082092","3.2410223484039307","0.9963029623031616","14.631988525390625","73.86986356947125","0.07792207792207792","108.39473222124671","71.85417463855525","REPLAY","DEKAT"
"2026-10-06T10:11:17.816002","117","2026-10-06T10:11:40.532355","1","0.9913694858551025","0.9939523935317993","3.5969552993774414","1.4480116367340088","15.083595275878906","77.12040928247639","0.07828282828282829","109.43898156277436","72.41480907591938","REPLAY","DEKAT"
"2026-10-06T10:11:17.816002","118","2026-10-06T10:11:40.647272","1","0.990864634513855","0.9952638149261475","4.351253032684326","2.3366787433624268","14.936406135559082","80.63160729503059","0.07835820895522388","109.92549019607843","73.49553684939085","REPLAY","DEKAT"
"2026-10-06T10:11:17.816002","119","2026-10-06T10:11:40.773474","1","0.9923635125160217","0.9946150779724121","3.56400728225708","2.0738067626953125","14.637748718261719","74.78404257276041","0.08141657539247901","113.28238795518207","73.77720918127618","REPLAY","DEKAT"
"2026-10-06T10:11:17.816002","120","2026-10-06T10:11:40.894816","1","0.9938164353370667","0.994285523891449","4.256550312042236","2.555666923522949","13.74267578125","59.967090379157476","0.08387445887445888","116.81863936133287","72.99489965936836","REPLAY","DEKAT"
"2026-10-06T10:11:17.816002","121","2026-10-06T10:11:41.014499","1","0.9942908883094788","0.9922314882278442","4.0948333740234375","2.844295024871826","11.466217994689941","65.64389349489795","0.08872767857142858","122.71105169340464","70.85253523705293","REPLAY","DEKAT"
"2026-10-06T10:11:17.816002","122","2026-10-06T10:11:41.135652","1","0.9918690919876099","0.9936156272888184","5.379823684692383","2.5854344367980957","6.251111030578613","52.919928379880595","0.08686755952380952","127.5807486631016","68.9317442774842","REPLAY","DEKAT"
"2026-10-06T10:11:17.816002","123","2026-10-06T10:11:41.291572","1","0.990864634513855","0.9952638149261475","5.5127177238464355","1.0708695650100708","1.0289204120635986","74.84724705373966","0.0839572192513369","128.38188368502315","69.29599656033001","REPLAY","DEKAT"
"2026-10-06T10:11:17.816002","124","2026-10-06T10:11:41.408412","1","0.990864634513855","0.9939523935317993","5.106909275054932","1.0721708536148071","-6.255350589752197","47.31238965620523","0.09036144578313253","127.9729921819474","67.49723453074539","REPLAY","DEKAT"
"2026-10-06T10:11:17.816002","125","2026-10-06T10:11:41.532882","1","0.9923635125160217","0.9949411749839783","4.040132522583008","1.0484764575958252","-8.923320770263672","69.33968395407469","0.10199004975124377","122.98567576676778","67.2840060933931","REPLAY","DEKAT"
"2026-10-06T10:11:17.816002","126","2026-10-06T10:11:41.656870","1","0.9923635125160217","0.9955831170082092","3.3859987258911133","1.0063501596450806","-9.755322456359863","69.72783515168982","0.09494695198705269","120.04623878536923","66.73817025676613","REPLAY","DEKAT"
"2026-10-06T10:11:17.816002","127","2026-10-06T10:11:41.779221","1","0.9918690919876099","0.9958990216255188","3.701307773590088","1.1324450969696045","-9.890580177307129","60.49526658513706","0.09701492537313433","117.5628581058308","66.7434762113291","REPLAY","DEKAT"
"2026-10-06T10:11:17.816002","128","2026-10-06T10:11:41.899921","1","0.9918690919876099","0.9952638149261475","3.761617660522461","1.79972505569458","-9.840900421142578","67.0248908080389","0.0898109243697479","117.89002557544757","67.0358559201136","REPLAY","DEKAT"
"2026-10-06T10:11:17.816002","129","2026-10-06T10:11:42.017533","1","0.9923635125160217","0.9952638149261475","3.3000946044921875","1.6622529029846191","-9.46356201171875","70.30253348203647","0.09162210338680928","116.60598377281947","67.19037688392332","REPLAY","DEKAT"
"2026-10-06T10:11:17.816002","130","2026-10-06T10:11:42.141794","1","0.001824796199798584","0.0026093721389770508","3.7113454341888428","1.2183717489242554","-9.124313354492188","62.81059641213488","0.0826007326007326","118.0822631030892","67.24144950576566","REPLAY","DEKAT"
"2026-10-06T10:11:17.816002","131","2026-10-06T10:11:42.259137","1","0.059361934661865234","0.23023617267608643","3.0295422077178955","1.770512342453003","-9.024266242980957","57.26757319465203","0.07927601809954751","116.70732544175674","66.60855852022826","REPLAY","DEKAT"
"2026-10-06T10:11:17.816002","132","2026-10-06T10:11:42.365052","1","0.9858568906784058","0.9892709851264954","3.2378623485565186","1.4777873754501343","-8.934553146362305","52.011146698713155","0.07389162561576355","115.69371448863636","66.71670232845189","REPLAY","DEKAT"
"2026-10-06T10:11:17.816002","133","2026-10-06T10:11:42.496286","1","0.990864634513855","0.9962117075920105","2.967785358428955","1.0915569067001343","-9.216073989868164","48.3423295815445","0.07956131605184447","117.0147509578544","66.43316271320928","REPLAY","DEKAT"
"2026-10-06T10:11:17.816002","134","2026-10-06T10:11:42.614663","1","0.9928528666496277","0.9952638149261475","3.0703489780426025","1.1659389734268188","-9.307164192199707","63.06410614375024","0.08878127522195318","119.56451301832209","66.24714061316544","REPLAY","DEKAT"
"2026-10-06T10:11:17.816002","135","2026-10-06T10:11:42.747886","1","0.9933371543884277","0.9952638149261475","3.511112928390503","1.3492522239685059","-9.073051452636719","64.46846860647341","0.08975812547241119","119.11355377906976","66.67487174858624","REPLAY","DEKAT"
"2026-10-06T10:11:17.816002","136","2026-10-06T10:11:42.865934","1","0.9938164353370667","0.9958990216255188","3.0168826580047607","1.0371795892715454","-9.081184387207031","74.94143168131511","0.09449404761904762","121.5778175313059","67.41935837434917","REPLAY","DEKAT"
"2026-10-06T10:11:17.816002","137","2026-10-06T10:11:42.986735","1","0.990864634513855","0.9939523935317993","4.20708703994751","1.2997788190841675","-5.897588729858398","98.01214491390478","0.10392482034273079","118.66017009213324","67.15717229994661","REPLAY","DEKAT"
"2026-10-06T10:11:17.816002","138","2026-10-06T10:11:43.106562","1","0.9938164353370667","0.994285523891449","4.373650550842285","0.30711671710014343","-6.018125534057617","113.1484553224976","0.10945273631840796","121.46474131821404","68.84321846396107","REPLAY","DEKAT"
"2026-10-06T10:11:17.816002","139","2026-10-06T10:11:43.228896","1","0.9923635125160217","0.9936156272888184","4.267398357391357","1.092943787574768","-5.906012535095215","101.6544804996576","0.1111111111111111","122.38022678951098","69.32653918204194","REPLAY","DEKAT"
"2026-10-06T10:11:17.816002","140","2026-10-06T10:11:43.330260","1","0.9918690919876099","0.9949411749839783","3.75443696975708","1.2719590663909912","-6.006997585296631","91.6228344956262","0.11167227833894501","122.8626146376551","68.92852608239377","REPLAY","DEKAT"
"2026-10-06T10:11:17.816002","141","2026-10-06T10:11:43.440143","1","0.9923635125160217","0.9952638149261475","4.45413875579834","1.248852252960205","-5.9459028244018555","88.43432597440787","0.10568649457538347","123.44029057406095","68.55633521523575","REPLAY","DEKAT"
"2026-10-06T10:11:17.816002","142","2026-10-06T10:11:43.544586","1","0.9918690919876099","0.9915161728858948","4.081600666046143","0.2665737569332123","-5.791981220245361","97.5105460363538","0.10724533715925394","121.66352365985682","70.90756495331276","REPLAY","DEKAT"
"2026-10-06T10:11:17.816002","143","2026-10-06T10:11:43.666536","1","0.990864634513855","0.9932752251625061","4.857997417449951","0.7079423666000366","-5.9075469970703125","106.34146922915355","0.11141304347826086","122.28397212543554","70.47710370956246","REPLAY","DEKAT"
"2026-10-06T10:11:17.816002","144","2026-10-06T10:11:43.792828","1","0.9918690919876099","0.9932752251625061","3.8275535106658936","0.5438399314880371","-6.2918219566345215","55.18395435516254","0.10893246187363835","120.19414802065404","67.24600583962265","REPLAY","DEKAT"
"2026-10-06T10:11:17.816002","145","2026-10-06T10:11:43.910525","1","0.7466771602630615","0.9949411749839783","-0.4855847656726837","-1.537858486175537","-6.1954474449157715","23.007084539986636","0.022947761194029852","130.82483449633207","53.05175183095745","REPLAY","DEKAT"
"2026-10-06T10:11:51.488460","1","2026-10-06T10:11:59.878413","1","0.15394079685211182","0.7209669351577759","2.7785732746124268","0.04897960275411606","-11.579817771911621","2.5165972222222224","0.0","195.18685121107268","1.7937897816145691","REPLAY","SEDANG"
"2026-10-06T10:11:51.488460","2","2026-10-06T10:12:00.001677","1","0.8972601294517517","0.9962117075920105","0.744820237159729","2.3902432918548584","-11.218160629272461","1036.2110606913232","0.2179930795847751","163.65432098765433","64.52459775850573","REPLAY","SEDANG"
"2026-10-06T10:11:51.488460","3","2026-10-06T10:12:00.105947","1","0.9928528666496277","0.9965211153030396","-0.2826123833656311","0.7416813969612122","-5.064043045043945","927.6239593004965","0.26038781163434904","123.0952380952381","71.78198126596338","REPLAY","SEDANG"
"2026-10-06T10:11:51.488460","4","2026-10-06T10:12:00.205993","1","0.9952254295349121","0.9946150779724121","0.03282354772090912","1.5307950973510742","-5.409905433654785","1449.23069375","0.295","119.14256198347107","71.82242742374801","REPLAY","SEDANG"
"2026-10-06T10:11:51.488460","5","2026-10-06T10:12:00.329694","1","0.990864634513855","0.9936156272888184","1.4765129089355469","1.3471205234527588","-2.7220053672790527","1077.2116659210924","0.2925170068027211","113.75425330812854","69.29826568873877","REPLAY","SEDANG"
"2026-10-06T10:11:51.488460","6","2026-10-06T10:12:00.556248","1","0.2853690981864929","0.025947093963623047","1.2418731451034546","1.2417771816253662","-0.8098189830780029","1932.7932550877701","0.3159722222222222","101.14923076923077","64.55750596430568","REPLAY","SEDANG"
"2026-10-06T10:11:51.488460","7","2026-10-06T10:12:00.738725","1","0.9928528666496277","0.9952638149261475","0.694914698600769","1.6164631843566895","0.912490963935852","1311.394816","0.2304","92.88034188034187","63.33353518544024","REPLAY","SEDANG"
"2026-10-06T10:11:51.488460","8","2026-10-06T10:12:00.888402","1","0.9933371543884277","0.994285523891449","1.1968920230865479","1.0679800510406494","1.0180715322494507","1412.409912109375","0.2621527777777778","100.1936","62.03036126801132","REPLAY","SEDANG"
"2026-10-06T10:11:51.488460","9","2026-10-06T10:12:01.101623","1","0.9938164353370667","0.9949411749839783","1.0802927017211914","1.553705096244812","0.22048236429691315","1168.6530555555555","0.2816666666666667","111.30029585798816","61.8352224354395","REPLAY","SEDANG"
"2026-10-06T10:11:51.488460","10","2026-10-06T10:12:01.330915","1","0.9928528666496277","0.994285523891449","1.0215837955474854","1.9382743835449219","-0.06408032774925232","1890.1206978046987","0.3165680473372781","111.50342935528121","63.66344810586261","REPLAY","SEDANG"
"2026-10-06T10:11:51.488460","11","2026-10-06T10:12:01.445737","1","0.990864634513855","0.994285523891449","1.9567759037017822","2.45455002784729","-0.27071163058280945","1990.09271296","0.3392","118.47873799725652","65.25059765572493","REPLAY","SEDANG"
"2026-10-06T10:11:51.488460","12","2026-10-06T10:12:01.649228","1","0.9942908883094788","0.9946150779724121","1.8300861120224","2.3025715351104736","-0.4224395751953125","1978.52043776","0.32","120.64201183431953","64.94539543995349","REPLAY","SEDANG"
"2026-10-06T10:11:51.488460","13","2026-10-06T10:12:01.796940","1","0.9882580041885376","0.9929311275482178","2.00482177734375","1.743234634399414","-0.3482251763343811","1747.464733377683","0.3239644970414201","123.53909465020575","64.12454804737794","REPLAY","SEDANG"
"2026-10-06T10:11:51.488460","14","2026-10-06T10:12:01.934651","1","0.9928528666496277","0.9958990216255188","1.2994917631149292","1.5170294046401978","-0.5404888987541199","1736.5650800042015","0.3121301775147929","123.50132275132275","65.07733493359923","REPLAY","SEDANG"
"2026-10-06T10:11:51.488460","15","2026-10-06T10:12:02.126963","1","0.9942908883094788","0.9949411749839783","0.7515033483505249","1.2498048543930054","-0.6598094701766968","1563.107571597633","0.3353846153846154","123.65608465608466","64.57023760735346","REPLAY","SEDANG"
"2026-10-06T10:11:51.488460","16","2026-10-06T10:12:02.282461","1","0.9942908883094788","0.9929311275482178","1.3039276599884033","2.0560169219970703","-1.104100227355957","1878.0522806449355","0.32988165680473375","122.17969821673525","65.3491567670889","REPLAY","SEDANG"
"2026-10-06T10:11:51.488460","17","2026-10-06T10:12:02.478811","1","0.012776970863342285","0.006523013114929199","2.7897822856903076","1.0766786336898804","-0.5894343852996826","1776.11795456","0.32","123.84636488340192","65.80038809833536","REPLAY","SEDANG"
"2026-10-06T10:11:51.488460","18","2026-10-06T10:12:02.648400","1","0.7684621810913086","0.9382040500640869","2.62117075920105","10.820237159729004","-0.7872567772865295","1734.975744","0.344","120.38905325443787","65.24324852275443","REPLAY","SEDANG"
"2026-10-06T10:11:51.488460","19","2026-10-06T10:12:02.788992","1","0.775982677936554","0.6528555154800415","3.4969067573547363","21.59000587463379","-0.4964706301689148","2502.451096522955","0.4045138888888889","125.5232","62.7742866288419","REPLAY","SEDANG"
"2026-10-06T10:11:51.488460","20","2026-10-06T10:12:02.993713","1","0.651045560836792","0.8628342747688293","9.113675117492676","41.4622688293457","0.7608720660209656","3244.6753911564624","0.4261904761904762","134.49586776859505","59.886617935211966","REPLAY","SEDANG"
"2026-10-06T10:11:51.488460","21","2026-10-06T10:12:03.129823","1","0.245616614818573","0.36242806911468506","8.991133689880371","46.75929641723633","1.4680778980255127","3259.12632333857","0.4256198347107438","129.70888468809073","59.874556456431314","REPLAY","SEDANG"
"2026-10-06T10:11:51.488460","22","2026-10-06T10:12:03.255547","1","0.4151104688644409","0.6025388240814209","7.180627822875977","57.40863800048828","-0.04371798783540726","3360.3538539382694","0.42207792207792205","134.406427221172","61.53993613426301","REPLAY","SEDANG"
"2026-10-06T10:11:51.488460","23","2026-10-06T10:12:03.376110","1","0.5700273513793945","0.6963686943054199","7.543979644775391","48.5456428527832","-1.6179873943328857","3615.574579850701","0.39697542533081287","137.95833333333334","62.18282017567228","REPLAY","SEDANG"
"2026-10-06T10:11:51.488460","24","2026-10-06T10:12:03.498943","1","0.7684621810913086","0.6806507110595703","9.375167846679688","39.77629470825195","-2.191232204437256","3159.948106246047","0.3799621928166352","138.74305555555554","62.07771188507034","REPLAY","SEDANG"
"2026-10-06T10:11:51.488460","25","2026-10-06T10:12:03.623107","1","0.2554110884666443","0.434387743473053","9.743998527526855","41.25442123413086","-1.157135009765625","3228.6025061574137","0.3922902494331066","140.531190926276","63.23535620808322","REPLAY","SEDANG"
"2026-10-06T10:11:51.488460","26","2026-10-06T10:12:03.740792","1","0.5394124984741211","0.434387743473053","9.380036354064941","40.351009368896484","-0.889620840549469","3941.4174752289427","0.4013605442176871","140.52569169960475","63.83315960249624","REPLAY","SEDANG"
"2026-10-06T10:11:51.488460","27","2026-10-06T10:12:03.847343","1","0.679590106010437","0.5513277649879456","10.136682510375977","47.91337966918945","-0.30383408069610596","3662.8298497025417","0.4013605442176871","137.49604743083003","63.231279035053674","REPLAY","SEDANG"
"2026-10-06T10:11:51.488460","28","2026-10-06T10:12:03.986958","1","0.7659553289413452","0.6171776056289673","8.32978630065918","41.707515716552734","-1.6605629920959473","3823.0696000000003","0.4275","135.9546485260771","65.27025785167278","REPLAY","SEDANG"
"2026-10-06T10:11:51.488460","29","2026-10-06T10:12:04.202861","1","0.018253028392791748","0.10733461380004883","7.238083362579346","25.210660934448242","-3.6525018215179443","3755.29984375","0.4375","139.02892561983472","67.31905031422635","REPLAY","SEDANG"
"2026-10-06T10:11:51.488460","30","2026-10-06T10:12:04.464794","1","0.9933371543884277","0.9962117075920105","2.608790874481201","7.443131923675537","-4.88798713684082","2555.5391999999997","0.4032","129.551775147929","67.14685385076467","REPLAY","SEDANG"
"2026-10-06T10:11:51.488460","31","2026-10-06T10:12:04.574631","1","0.9942908883094788","0.9932752251625061","1.8780750036239624","2.9372947216033936","-3.935342788696289","2150.2862438399998","0.3664","118.28402366863905","67.68139627372923","REPLAY","SEDANG"
"2026-10-06T10:11:51.488460","32","2026-10-06T10:12:04.707272","1","0.9947605133056641","0.994285523891449","2.04038143157959","0.876390278339386","-3.772087812423706","2163.0450303819443","0.3506944444444444","116.90236686390533","67.18826279284089","REPLAY","SEDANG"
"2026-10-06T10:11:51.488460","33","2026-10-06T10:12:04.823442","1","0.9923635125160217","0.9952638149261475","1.0676041841506958","0.2714473009109497","-2.9913198947906494","2127.8833791473767","0.328125","118.01384615384616","67.1568413994104","REPLAY","SEDANG"
"2026-10-06T10:11:51.488460","34","2026-10-06T10:12:04.949254","1","0.9947605133056641","0.9952638149261475","1.504931092262268","0.4972708821296692","-2.371102809906006","1956.2989333333335","0.3233333333333333","118.72041420118343","66.52249873312232","REPLAY","SEDANG"
"2026-10-06T10:11:51.488460","35","2026-10-06T10:12:05.135628","1","0.9928528666496277","0.9949411749839783","1.987095832824707","0.8533625602722168","-2.0436339378356934","2109.824351369599","0.3611111111111111","121.11094674556213","65.8885184415106","REPLAY","SEDANG"
"2026-10-06T10:11:51.488460","36","2026-10-06T10:12:05.265893","1","0.9928528666496277","0.9946150779724121","2.320599317550659","0.5536279678344727","-1.9092077016830444","1919.65863424","0.3424","125.13165680473372","65.02001606406273","REPLAY","SEDANG"
"2026-10-06T10:11:51.488460","37","2026-10-06T10:12:05.383465","1","0.9923635125160217","0.9939523935317993","2.1106905937194824","1.081748604774475","-1.7158340215682983","1953.7279610339508","0.3454861111111111","128.84615384615384","64.94690594413238","REPLAY","SEDANG"
"2026-10-06T10:11:51.488460","38","2026-10-06T10:12:05.580117","1","0.9928528666496277","0.994285523891449","2.6842918395996094","0.9237089157104492","-1.7221087217330933","1964.0864000000001","0.3488","129.35650887573965","65.26172933368147","REPLAY","SEDANG"
"2026-10-06T10:11:51.488460","39","2026-10-06T10:12:05.709058","1","0.9510332942008972","0.9847822189331055","2.946472644805908","1.0211182832717896","-1.7946339845657349","1985.8051083333335","0.325","132.56952662721895","65.51184151789549","REPLAY","SEDANG"
"2026-10-06T10:11:51.488460","40","2026-10-06T10:12:05.829605","1","0.010038912296295166","0.008479773998260498","2.1796982288360596","-3.618222713470459","-1.1882952451705933","1792.9699555555555","0.32166666666666666","128.22189349112426","66.1590417903394","REPLAY","SEDANG"
"2026-10-06T10:11:51.488460","41","2026-10-06T10:12:05.948571","1","0.004562854766845703","0.008479773998260498","2.5423645973205566","-14.933000564575195","-0.22494059801101685","1477.3120654907902","0.2648221343873518","117.41145833333333","65.07623046462031","REPLAY","SEDANG"
"2026-10-06T10:11:51.488460","42","2026-10-06T10:12:06.049684","1","0.770969033241272","0.7058058977127075","3.2120776176452637","-24.062314987182617","0.4411146938800812","1605.1707320196708","0.24793388429752067","112.17580340264651","64.71768924415585","REPLAY","SEDANG"
"2026-10-06T10:11:51.488460","43","2026-10-06T10:12:06.194968","1","0.9898386597633362","0.675443172454834","5.378805160522461","-32.38072204589844","1.7008298635482788","1567.5456603310288","0.2880886426592798","107.2575","60.19706133815837","REPLAY","SEDANG"
"2026-10-06T10:11:51.488460","44","2026-10-06T10:12:06.312067","1","0.679590106010437","0.6171776056289673","6.18520450592041","-49.17095947265625","1.985485315322876","1488.7190879106463","0.24025974025974026","114.52930056710775","62.55172220291371","REPLAY","SEDANG"
"2026-10-06T10:11:51.488460","45","2026-10-06T10:12:06.434976","1","0.5776406526565552","0.02502262592315674","6.921526908874512","-51.927669525146484","1.5705422163009644","1659.9722440752566","0.23809523809523808","115.00395256916995","62.51962525231139","REPLAY","SEDANG"
"2026-10-06T10:11:51.488460","46","2026-10-06T10:12:06.561198","1","0.775982677936554","0.36242806911468506","2.829709529876709","-50.47957229614258","1.6686204671859741","1784.145938631241","0.25826446280991733","111.27777777777777","63.18295683133719","REPLAY","SEDANG"
"2026-10-06T10:11:51.488460","47","2026-10-06T10:12:06.718750","1","0.05671572685241699","0.042649805545806885","2.5547587871551514","-57.0844612121582","1.655410885810852","1492.479863909569","0.2231404958677686","111.26041666666667","62.13698656860008","REPLAY","SEDANG"
"2026-10-06T10:11:51.488460","48","2026-10-06T10:12:06.922522","1","0.8997346758842468","0.02502262592315674","9.354437828063965","-40.09818649291992","2.8957386016845703","1580.1776937500001","0.245","99.5103305785124","60.60989861923975","REPLAY","SEDANG"
"2026-10-06T10:11:51.488460","49","2026-10-06T10:12:07.133023","1","0.44215482473373413","0.047746360301971436","3.752190113067627","-49.99397659301758","2.394411087036133","1431.8153601188442","0.21694214876033058","99.47395833333333","61.626727063006236","REPLAY","SEDANG"
"2026-10-06T10:11:51.488460","50","2026-10-06T10:12:07.301220","1","0.16252541542053223","0.006523013114929199","6.67649507522583","-24.819286346435547","4.624527454376221","2361.3731","0.2525","103.22448979591837","65.06380568857568","REPLAY","SEDANG"
"2026-10-06T10:11:51.488460","51","2026-10-06T10:12:07.458487","1","0.9845510721206665","0.5043434500694275","4.261940002441406","-13.505270004272461","3.9719619750976562","1601.588932806324","0.25889328063241107","116.48263888888889","69.34347164443768","REPLAY","SEDANG"
"2026-10-06T10:11:51.488460","52","2026-10-06T10:12:07.613973","1","0.9887905716896057","0.9952638149261475","2.1934828758239746","-6.875082015991211","2.314653158187866","1873.4285326310298","0.28166351606805295","120.23090277777777","68.90938960384051","REPLAY","SEDANG"
"2026-10-06T10:11:51.488460","53","2026-10-06T10:12:07.743018","1","0.9903543591499329","0.9962117075920105","2.2782397270202637","-2.407315731048584","0.1623838245868683","1718.8199555555557","0.2916666666666667","122.29230769230769","66.67981428540497","REPLAY","SEDANG"
"2026-10-06T10:11:51.488460","54","2026-10-06T10:12:07.887461","1","0.9942908883094788","0.9958990216255188","1.526189923286438","-0.8105863332748413","-0.8454047441482544","2133.769721137153","0.34375","121.18047337278107","64.61719299493865","REPLAY","SEDANG"
"2026-10-06T10:11:51.488460","55","2026-10-06T10:12:08.067880","1","0.9938164353370667","0.9965211153030396","1.876376748085022","-0.5213110446929932","-1.28386390209198","2145.535744","0.3312","124.45414201183432","63.82814364144988","REPLAY","SEDANG"
"2026-10-06T10:11:51.488460","56","2026-10-06T10:12:08.218922","1","0.9918690919876099","0.9952638149261475","2.2529220581054688","-0.6136417388916016","-1.1409364938735962","2252.775997222222","0.325","130.19082840236686","65.08904214233037","REPLAY","SEDANG"
"2026-10-06T10:11:51.488460","57","2026-10-06T10:12:08.336838","1","0.9933371543884277","0.994285523891449","1.6902116537094116","-0.6690258383750916","-1.018186330795288","2090.5329861111113","0.328125","133.7559171597633","65.59428741826761","REPLAY","SEDANG"
"2026-10-06T10:11:51.488460","58","2026-10-06T10:12:08.463875","1","0.9938164353370667","0.994285523891449","3.266401767730713","-1.1336500644683838","-0.5712984204292297","2159.5144294399997","0.3424","135.61253561253562","65.98411931974674","REPLAY","SEDANG"
"2026-10-06T10:11:51.488460","59","2026-10-06T10:12:08.583615","1","0.9942908883094788","0.9936156272888184","1.9500786066055298","-0.5617167949676514","-0.7043411135673523","2301.3001271942517","0.3611111111111111","134.73224852071007","66.66356111213422","REPLAY","SEDANG"
"2026-10-06T10:11:51.488460","60","2026-10-06T10:12:08.685301","1","0.03877866268157959","0.08612668514251709","2.2400455474853516","-0.42137670516967773","-0.7665143609046936","2083.6316416666664","0.3433333333333333","135.051775147929","66.71981940609984","REPLAY","SEDANG"
"2026-10-06T10:11:51.488460","61","2026-10-06T10:12:08.829364","1","0.001824796199798584","0.0208626389503479","-0.20716571807861328","-1.0165951251983643","-0.6631466746330261","1997.399197048611","0.3159722222222222","135.17455621301775","68.2462843599933","REPLAY","SEDANG"
"2026-10-06T10:11:51.488460","62","2026-10-06T10:12:08.947171","1","0.020991027355194092","0.006523013114929199","-5.148088455200195","-1.6814439296722412","-0.7039665579795837","1978.897976345486","0.2795138888888889","138.45384615384614","68.77925800240178","REPLAY","SEDANG"
"2026-10-06T10:11:51.488460","63","2026-10-06T10:12:09.066508","1","0.018253028392791748","0.006523013114929199","-11.699708938598633","-0.5804315805435181","-1.5112853050231934","2055.2452226803625","0.2569444444444444","145.696","69.79593386437351","REPLAY","SEDANG"
"2026-10-06T10:11:51.488460","64","2026-10-06T10:12:09.192854","1","0.015514969825744629","0.000652611255645752","-13.223854064941406","-0.5191408395767212","-2.0379302501678467","1955.0802469135801","0.2482638888888889","158.2976","66.60871590295075","REPLAY","SEDANG"
"2026-10-06T10:11:51.488460","65","2026-10-06T10:12:09.396853","1","0.015514969825744629","0.000652611255645752","-14.496639251708984","-0.3655998706817627","-2.0891475677490234","2023.8260965229554","0.2465277777777778","165.3328402366864","66.44914092599599","REPLAY","SEDANG"
"2026-10-06T10:11:51.488460","66","2026-10-06T10:12:09.551264","1","0.007300853729248047","0.0026093721389770508","-14.996455192565918","-1.1690902709960938","-1.7098917961120605","1937.218891661844","0.24131944444444445","169.7408","66.53129200128309","REPLAY","SEDANG"
"2026-10-06T10:11:51.488460","67","2026-10-06T10:12:09.720392","1","0.004562854766845703","0.0026093721389770508","-14.090909957885742","-0.6600487232208252","-1.5835868120193481","2200.979926215278","0.2569444444444444","169.4923076923077","66.11016983954148","REPLAY","SEDANG"
"2026-10-06T10:11:51.488460","68","2026-10-06T10:12:09.875720","1","0.012776970863342285","0.0026093721389770508","-15.177306175231934","-0.4066108167171478","-1.8121932744979858","1906.2967996479554","0.2309027777777778","164.9541420118343","64.16414760497742","REPLAY","SEDANG"
"2026-10-06T10:11:51.488460","69","2026-10-06T10:12:10.035907","1","0.004562854766845703","0.006523013114929199","-13.420059204101562","-1.8013393878936768","-0.9658161401748657","1809.384738498264","0.2378472222222222","161.44970414201183","64.15137066268058","REPLAY","SEDANG"
"2026-10-06T10:11:51.488460","70","2026-10-06T10:12:10.250054","1","0.012776970863342285","0.0026093721389770508","-13.783731460571289","-2.1359217166900635","-1.2808188199996948","2045.3541395399307","0.2465277777777778","159.56656804733728","64.4848269438104","REPLAY","SEDANG"
"2026-10-06T10:11:51.488460","71","2026-10-06T10:12:10.397997","1","0.020991027355194092","0.02456045150756836","-10.808778762817383","-0.7238451242446899","-0.9822899103164673","2138.7661443786983","0.25846153846153846","155.71604938271605","64.923171036842","REPLAY","SEDANG"
"2026-10-06T10:11:51.488460","72","2026-10-06T10:12:10.595524","1","0.9938164353370667","0.9968274235725403","-3.324770450592041","-0.48699215054512024","-1.1147295236587524","2042.3408333333332","0.2916666666666667","149.96005917159763","65.938804353151","REPLAY","SEDANG"
"2026-10-06T10:11:51.488460","73","2026-10-06T10:12:10.778339","1","0.9903543591499329","0.9958990216255188","1.2016825675964355","-0.17636781930923462","-1.2559139728546143","2283.985529393326","0.3072916666666667","141.11076923076922","67.04953421068504","REPLAY","SEDANG"
"2026-10-06T10:11:51.488460","74","2026-10-06T10:12:10.888250","1","0.9918690919876099","0.9932752251625061","1.7116692066192627","0.9278881549835205","-1.5326460599899292","2592.728732638889","0.3368055555555556","138.6405325443787","66.54599389789298","REPLAY","SEDANG"
"2026-10-06T10:11:51.488460","75","2026-10-06T10:12:11.094808","1","0.9928528666496277","0.9952638149261475","3.0482680797576904","1.0842152833938599","-1.887835144996643","2478.3307020399307","0.3246527777777778","137.2896","67.35361706575227","REPLAY","SEDANG"
"2026-10-06T10:11:51.488460","76","2026-10-06T10:12:11.282698","1","0.9928528666496277","0.9939523935317993","2.083167552947998","1.129356026649475","-1.9267278909683228","1871.8412098298677","0.2892249527410208","138.352","65.30522257828999","REPLAY","SEDANG"
"2026-10-06T10:11:51.488460","77","2026-10-06T10:12:11.507595","1","0.9923635125160217","0.9955831170082092","2.1634087562561035","0.4661809802055359","-2.3284077644348145","2555.786265432099","0.3420138888888889","137.801775147929","67.68795263383353","REPLAY","SEDANG"
"2026-10-06T10:11:51.488460","78","2026-10-06T10:12:11.684122","1","0.9850823879241943","0.9965211153030396","4.590944766998291","-1.0833101272583008","-2.297039031982422","1823.7856997366362","0.31190926275992437","138.59895833333334","65.93123468621123","REPLAY","SEDANG"
"2026-10-06T10:11:51.488460","79","2026-10-06T10:12:11.832815","1","0.9947605133056641","0.9713870286941528","10.945779800415039","-1.0441381931304932","-2.403360366821289","2587.287527320538","0.3305785123966942","137.97164461247638","65.70301191286362","REPLAY","SEDANG"
"2026-10-06T10:11:51.488460","80","2026-10-06T10:12:12.039299","1","0.9942908883094788","0.990412712097168","14.41836166381836","2.6834053993225098","-0.128083735704422","2513.244975","0.3125","138.34504132231405","64.46802939639531","REPLAY","SEDANG"
"2026-10-06T10:11:51.488460","81","2026-10-06T10:12:12.182026","1","0.9887905716896057","0.9929311275482178","17.74309730529785","2.727112293243408","-0.2914348542690277","1966.4234774134636","0.2520775623268698","133.8","62.994960115869574","REPLAY","SEDANG"
"2026-10-06T10:11:51.488460","82","2026-10-06T10:12:12.361774","1","0.9497048854827881","0.9974306225776672","18.929256439208984","2.0535330772399902","0.5376767516136169","1807.8404492455418","0.2654320987654321","129.27","60.27472189898514","REPLAY","SEDANG"
"2026-10-06T10:11:51.488460","83","2026-10-06T10:12:12.566818","1","0.9850823879241943","0.9946150779724121","17.358949661254883","2.6937806606292725","0.750161349773407","1866.00699375","0.2675","125.13223140495867","58.18738498208948","REPLAY","SEDANG"
"2026-10-06T10:11:51.488460","84","2026-10-06T10:12:12.854133","1","0.9856016635894775","0.994285523891449","18.250890731811523","3.0371639728546143","1.0521405935287476","1933.5686848072564","0.25952380952380955","123.77066115702479","56.21379538978716","REPLAY","SEDANG"
"2026-10-06T10:11:51.488460","85","2026-10-06T10:12:13.019136","1","0.9153648614883423","0.9351650476455688","18.06604766845703","2.527888298034668","2.761829137802124","1793.8091535934102","0.29705215419501135","126.29249011857708","54.9659023205294","REPLAY","SEDANG"
"2026-10-06T10:11:51.488460","86","2026-10-06T10:12:13.133687","1","0.245616614818573","0.22126847505569458","17.66039276123047","2.426445722579956","2.618242025375366","1826.090823714227","0.32231404958677684","129.10243055555554","56.156696639187544","REPLAY","SEDANG"
"2026-10-06T10:11:51.488460","87","2026-10-06T10:12:13.256476","1","0.12273192405700684","0.042649805545806885","15.46521282196045","1.6513134241104126","2.4068922996520996","1860.361314117888","0.3285123966942149","129.86389413988658","56.78627394086613","REPLAY","SEDANG"
"2026-10-06T10:11:51.488460","88","2026-10-06T10:12:13.370703","1","0.2853690981864929","0.5413478016853333","12.099883079528809","0.42188113927841187","0.7561919689178467","2003.4858744279763","0.34710743801652894","132.390625","59.30642398592471","REPLAY","SEDANG"
"2026-10-06T10:11:51.488460","89","2026-10-06T10:12:13.501533","1","0.9845510721206665","0.9884875416755676","11.232841491699219","0.5803244113922119","-0.13774161040782928","1930.1364060305673","0.33081285444234404","132.80208333333334","59.80264761970315","REPLAY","SEDANG"
"2026-10-06T10:11:51.488460","90","2026-10-06T10:12:13.617242","1","0.9903543591499329","0.994285523891449","8.774925231933594","0.5968649387359619","-0.9515812993049622","1842.7476369598767","0.3072916666666667","134.3088","62.10913493649708","REPLAY","SEDANG"
"2026-10-06T10:11:51.488460","91","2026-10-06T10:12:13.738892","1","0.9928528666496277","0.9949411749839783","4.949770927429199","0.7204989194869995","-1.7274855375289917","1720.7037489149304","0.3107638888888889","137.6346153846154","64.10065990761497","REPLAY","SEDANG"
"2026-10-06T10:11:51.488460","92","2026-10-06T10:12:13.905499","1","0.9947605133056641","0.9958990216255188","3.113340139389038","0.5902349352836609","-2.4570553302764893","2068.0622076340665","0.3246527777777778","140.65976331360946","65.42783351724668","REPLAY","SEDANG"
"2026-10-06T10:11:51.488460","93","2026-10-06T10:12:14.024557","1","0.9942908883094788","0.9939523935317993","3.774615526199341","1.3241883516311646","-2.8096048831939697","1915.285129123264","0.3229166666666667","144.9215976331361","65.66184265522499","REPLAY","SEDANG"
"2026-10-06T10:11:51.488460","94","2026-10-06T10:12:14.170184","1","0.9928528666496277","0.9958990216255188","3.478273630142212","0.8828085660934448","-3.3567183017730713","2095.5781785599997","0.3104","145.05029585798817","66.31521340912856","REPLAY","SEDANG"
"2026-10-06T10:11:51.488460","95","2026-10-06T10:12:14.344638","1","0.9938164353370667","0.9952638149261475","2.6057205200195312","0.7847923040390015","-5.812799453735352","1950.356096","0.28","144.84171597633136","66.80221251616915","REPLAY","SEDANG"
"2026-10-06T10:11:51.488460","96","2026-10-06T10:12:14.470886","1","0.9887905716896057","0.9955831170082092","1.8132967948913574","-1.8774274587631226","-9.995318412780762","2078.3555380738812","0.3020833333333333","138.6352","67.88699817314063","REPLAY","SEDANG"
"2026-10-06T10:11:51.488460","97","2026-10-06T10:12:14.683547","1","0.9903543591499329","0.9968274235725403","1.0691921710968018","-2.8873136043548584","-13.37555980682373","2095.935736762153","0.3246527777777778","138.22189349112426","68.09311754332973","REPLAY","SEDANG"
"2026-10-06T10:11:51.488460","98","2026-10-06T10:12:14.798935","1","0.9898386597633362","0.9971305727958679","0.9390508532524109","-4.215105056762695","-15.649723052978516","2109.66038016","0.3104","138.27662721893492","68.44242679123859","REPLAY","SEDANG"
"2026-10-06T10:11:51.488460","99","2026-10-06T10:12:14.955969","1","0.9893174171447754","0.99802166223526","2.094874858856201","-4.158945560455322","-15.891284942626953","1629.6233222222222","0.3","140.8550295857988","67.10736995235474","REPLAY","SEDANG"
"2026-10-06T10:11:51.488460","100","2026-10-06T10:12:15.128610","1","0.986605703830719","0.997727632522583","2.500242233276367","-3.089564561843872","-15.293484687805176","1775.45127424","0.2736","142.40532544378698","66.75346478196502","REPLAY","SEDANG"
"2026-10-06T10:11:51.488460","101","2026-10-06T10:12:15.284776","1","0.9515752792358398","0.9932752251625061","2.956176996231079","-3.3464715480804443","-15.475789070129395","2061.9073433599997","0.2704","144.93047337278105","68.15610054710989","REPLAY","SEDANG"
"2026-10-06T10:11:51.488460","102","2026-10-06T10:12:15.502460","1","0.9856016635894775","0.9929311275482178","3.3443381786346436","-2.1965014934539795","-12.612373352050781","1488.49522176","0.2496","145.38313609467457","66.70508004473403","REPLAY","SEDANG"
"2026-10-06T10:11:51.488460","103","2026-10-06T10:12:15.629085","1","0.9861093163490295","0.9884875416755676","2.8581507205963135","-0.18854446709156036","-7.586082935333252","1528.04348416","0.2304","152.1054131054131","64.55614618751903","REPLAY","SEDANG"
"2026-10-06T10:11:51.488460","104","2026-10-06T10:12:15.757550","1","0.9850823879241943","0.9918758273124695","3.349212408065796","1.1516296863555908","-3.8644859790802","1879.69291264","0.256","150.85650887573965","65.20471950557118","REPLAY","SEDANG"
"2026-10-06T10:11:51.488460","105","2026-10-06T10:12:15.869961","1","0.9861093163490295","0.9918758273124695","4.186303615570068","0.6802447438240051","-1.0826681852340698","1902.8696831597224","0.265625","153.92455621301775","64.00262513531251","REPLAY","SEDANG"
"2026-10-06T10:11:51.488460","106","2026-10-06T10:12:15.984381","1","0.9845510721206665","0.994285523891449","4.428910255432129","-0.32524168491363525","-0.51429283618927","1922.1624228395062","0.2760416666666667","150.82100591715977","65.46943979382382","REPLAY","SEDANG"
"2026-10-06T10:11:51.488460","107","2026-10-06T10:12:16.113268","1","0.9868497848510742","0.9911525249481201","4.591220855712891","0.12659952044487","-0.8734885454177856","2017.7673490547838","0.2743055555555556","151.61384615384614","64.45862209301548","REPLAY","SEDANG"
"2026-10-06T10:11:51.488460","108","2026-10-06T10:12:16.229624","1","0.9856016635894775","0.9735729098320007","4.46441125869751","0.8300207853317261","-0.9070516228675842","1678.3349609375","0.2569444444444444","149.2224","65.1844654671648","REPLAY","SEDANG"
"2026-10-06T10:11:51.488460","109","2026-10-06T10:12:16.346906","1","0.9871754050254822","0.994285523891449","4.729062080383301","-0.006525023840367794","-0.6942014694213867","2145.0250106310373","0.31190926275992437","148.0176","66.79526697483888","REPLAY","SEDANG"
"2026-10-06T10:11:51.488460","110","2026-10-06T10:12:16.480304","1","0.9942908883094788","0.9929311275482178","4.611171245574951","0.40449002385139465","-0.22307875752449036","1789.5855999228395","0.2899305555555556","147.10059171597632","65.8933058142416","REPLAY","SEDANG"
"2026-10-06T10:11:51.488460","111","2026-10-06T10:12:16.723281","1","0.9933371543884277","0.9939523935317993","5.36298942565918","-0.1663202941417694","2.3366780281066895","1891.5455457899307","0.2899305555555556","148.6301775147929","65.8020334794272","REPLAY","SEDANG"
"2026-10-06T10:11:51.488460","112","2026-10-06T10:12:16.965418","1","0.9942908883094788","0.9925832152366638","5.049507141113281","0.025102809071540833","11.685272216796875","1658.50922496","0.2704","148.4319526627219","64.09928815783333","REPLAY","SEDANG"
"2026-10-06T10:11:51.488460","113","2026-10-06T10:12:17.115500","1","0.9933371543884277","0.9929311275482178","4.998075008392334","1.1321638822555542","18.378023147583008","1801.91437824","0.2592","151.9218106995885","62.76634379879187","REPLAY","SEDANG"
"2026-10-06T10:11:51.488460","114","2026-10-06T10:12:17.236625","1","0.9942908883094788","0.9932752251625061","5.283968448638916","1.9780834913253784","18.733177185058594","1738.94257664","0.2512","150.8559670781893","63.02469606037259","REPLAY","SEDANG"
"2026-10-06T10:11:51.488460","115","2026-10-06T10:12:17.467963","1","0.9933371543884277","0.9929311275482178","4.200108528137207","1.4791532754898071","18.394569396972656","1483.5767039999998","0.2352","150.01923076923077","62.58427158876149","REPLAY","SEDANG"
"2026-10-06T10:11:51.488460","116","2026-10-06T10:12:17.600392","1","0.9928528666496277","0.9929311275482178","4.910308837890625","2.0398077964782715","18.082124710083008","1554.6499305555556","0.22333333333333333","154.72633136094674","61.4675838379259","REPLAY","SEDANG"
"2026-10-06T10:11:51.488460","117","2026-10-06T10:12:17.788492","1","0.9913694858551025","0.9918758273124695","4.969067096710205","2.3666253089904785","14.252888679504395","1655.0112726658951","0.24131944444444445","156.16272189349112","61.432650626564204","REPLAY","SEDANG"
"2026-10-06T10:11:51.488460","118","2026-10-06T10:12:18.012334","1","0.9898386597633362","0.9939523935317993","6.601197242736816","0.7727010250091553","3.740206480026245","2046.618265372122","0.28166351606805295","151.5968","63.90263085163238","REPLAY","SEDANG"
"2026-10-06T10:11:51.488460","119","2026-10-06T10:12:18.115838","1","0.9913694858551025","0.994285523891449","5.810583114624023","0.05862748250365257","-0.3618396520614624","2054.258546817657","0.27032136105860116","151.43833333333333","64.36251132366488","REPLAY","SEDANG"
"2026-10-06T10:11:51.488460","120","2026-10-06T10:12:18.247398","1","0.9903543591499329","0.9955831170082092","5.341162204742432","1.0161499977111816","-3.9190304279327393","2074.915369799279","0.2551984877126654","150.74652777777777","65.65208426622289","REPLAY","SEDANG"
"2026-10-06T10:11:51.488460","121","2026-10-06T10:12:18.432064","1","0.9923635125160217","0.9958990216255188","5.339025974273682","1.6928608417510986","-6.6129150390625","2001.225815873766","0.286231884057971","148.7344","66.20351544019397","REPLAY","SEDANG"
"2026-10-06T10:11:51.488460","122","2026-10-06T10:12:18.604513","1","0.9913694858551025","0.9958990216255188","4.714946746826172","2.083550453186035","-6.1185526847839355","2025.724461684992","0.2725694444444444","150.50153846153847","64.68209237923747","REPLAY","SEDANG"
"2026-10-06T10:11:51.488460","123","2026-10-06T10:12:18.737311","1","0.9918690919876099","0.9946150779724121","5.3773040771484375","1.8880395889282227","-5.990290641784668","1974.8521291473764","0.2673611111111111","151.4526627218935","64.9522296605769","REPLAY","SEDANG"
"2026-10-06T10:11:51.488460","124","2026-10-06T10:12:18.911068","1","0.010038912296295166","0.022249281406402588","5.24739408493042","1.3064467906951904","-6.159718036651611","1966.8567678192514","0.2777777777777778","150.4","65.17216583787894","REPLAY","SEDANG"
"2026-10-06T10:11:51.488460","125","2026-10-06T10:12:19.052109","1","0.13616210222244263","0.5363578200340271","5.704546928405762","1.0831480026245117","-5.719686031341553","1955.9282377266588","0.265625","152.77366863905326","64.69027678260255","REPLAY","SEDANG"
"2026-10-06T10:11:51.488460","126","2026-10-06T10:12:19.192189","1","0.9903543591499329","0.9949411749839783","5.004271507263184","1.7690794467926025","-5.424584865570068","1855.101261091821","0.2604166666666667","149.7872","65.00565757039918","REPLAY","SEDANG"
"2026-10-06T10:11:51.488460","127","2026-10-06T10:12:19.332543","1","0.9938164353370667","0.9952638149261475","5.173623085021973","1.7447084188461304","-5.442899703979492","1618.3024691358025","0.2517361111111111","150.7630769230769","63.34976794136547","REPLAY","SEDANG"
"2026-10-06T10:11:51.488460","128","2026-10-06T10:12:19.459791","1","0.9923635125160217","0.9952638149261475","4.600632667541504","2.54526424407959","-5.353816509246826","1621.3949532214506","0.2534722222222222","150.70857988165682","62.90506125201178","REPLAY","SEDANG"
"2026-10-06T10:11:51.488460","129","2026-10-06T10:12:19.696453","1","0.9903543591499329","0.994285523891449","4.20936393737793","1.4659535884857178","-5.599122047424316","1634.773136091821","0.21875","150.96923076923076","63.854707490043786","REPLAY","SEDANG"
"2026-10-06T10:11:51.488460","130","2026-10-06T10:12:19.858722","1","0.9918690919876099","0.9952638149261475","5.911800384521484","1.7713617086410522","-2.8392174243927","2094.460862147955","0.2795138888888889","142.0512","64.71696360738815","REPLAY","SEDANG"
"2026-10-06T10:11:51.488460","131","2026-10-06T10:12:20.100844","1","0.9887905716896057","0.9949411749839783","5.925811767578125","2.0469205379486084","-2.413841962814331","2077.268988715278","0.2864583333333333","145.0224","65.24868962852815","REPLAY","SEDANG"
"2026-10-06T10:11:51.488460","132","2026-10-06T10:12:20.256260","1","0.9918690919876099","0.9958990216255188","6.011028289794922","1.9790829420089722","-2.5303778648376465","2088.253460165895","0.2916666666666667","148.9312","65.97628715349178","REPLAY","SEDANG"
"2026-10-06T10:11:51.488460","133","2026-10-06T10:12:20.420578","1","0.9928528666496277","0.9974306225776672","6.7654876708984375","1.542867660522461","-3.20052170753479","1661.2947018470293","0.2517361111111111","156.256","65.99591550997681","REPLAY","SEDANG"
"2026-10-06T10:11:51.488460","134","2026-10-06T10:12:20.574792","1","0.8186739683151245","0.8650642037391663","5.491588592529297","1.2950149774551392","-17.015085220336914","242.00162760416666","0.15625","187.34923076923076","45.44067518145776","REPLAY","SEDANG"
"2026-10-06T10:12:30.801346","1","2026-10-06T10:12:34.651101","1","0.5627611875534058","0.9383997917175293","1.2046828269958496","-2.0846304893493652","-15.498193740844727","6525.837524767566","0.6049382716049383","104.02479338842976","73.39584319640335","REPLAY","JAUH"
"2026-10-06T10:12:30.801346","2","2026-10-06T10:12:34.773544","1","0.9501656293869019","0.9876855611801147","1.6303527355194092","-1.9972493648529053","-11.308801651000977","8541.5356","0.66","107.21487603305785","78.80546260081489","REPLAY","JAUH"
"2026-10-06T10:12:30.801346","3","2026-10-06T10:12:34.892779","1","0.015514969825744629","0.021324872970581055","2.898366928100586","-1.9060698747634888","-6.358638286590576","10270.517899999999","0.7","133.0","78.35657002521042","REPLAY","JAUH"
"2026-10-06T10:12:30.801346","4","2026-10-06T10:12:35.134584","1","0.9497048854827881","0.8573482036590576","-0.005520215258002281","0.12463349848985672","-3.8059983253479004","5354.1611","0.25","164.25757575757575","60.974612353821534","REPLAY","JAUH"
"2026-10-06T10:12:30.801346","5","2026-10-06T10:12:35.255377","1","0.27911096811294556","0.9847822189331055","0.44216078519821167","0.7737342119216919","-4.860365867614746","3533.6363636363635","0.30578512396694213","167.55128205128204","51.11203065662257","REPLAY","JAUH"
"2026-10-06T10:12:30.801346","6","2026-10-06T10:12:35.377119","1","0.9863588809967041","0.8639492392539978","0.35519304871559143","0.21483853459358215","-6.239168167114258","3285.835393757257","0.2975206611570248","163.91666666666666","51.89720588463776","REPLAY","JAUH"
"2026-10-06T10:12:30.801346","7","2026-10-06T10:12:35.484195","1","0.9858568906784058","0.9892709851264954","0.3063606023788452","0.36980387568473816","-5.0502471923828125","3879.4559228650137","0.29545454545454547","166.46745562130178","51.72423870737487","REPLAY","JAUH"
"2026-10-06T10:12:30.801346","8","2026-10-06T10:12:35.618999","1","0.9837305545806885","0.9925832152366638","0.2768789231777191","0.000005612176209979225","-4.718358516693115","3677.6640939826516","0.3305785123966942","172.02564102564102","53.767179570329546","REPLAY","JAUH"
"2026-10-06T10:12:30.801346","9","2026-10-06T10:12:35.737958","1","0.8947855234146118","0.9965211153030396","1.5421139001846313","0.6039220094680786","-1.9009904861450195","4111.486111111111","0.2986111111111111","173.90532544378698","56.408720065698155","REPLAY","JAUH"
"2026-10-06T10:12:30.801346","10","2026-10-06T10:12:35.860664","1","0.9861093163490295","0.9911525249481201","1.5153244733810425","0.2578866183757782","-0.640836238861084","2678.461757330247","0.3333333333333333","172.6122448979592","55.95809887455351","REPLAY","JAUH"
"2026-10-06T10:12:30.801346","11","2026-10-06T10:12:35.980484","1","0.9445556402206421","0.9939523935317993","1.2258734703063965","0.4880163073539734","-0.46843141317367554","1437.8649691358025","0.3055555555555556","167.87573964497042","58.66515101812616","REPLAY","JAUH"
"2026-10-06T10:12:30.801346","12","2026-10-06T10:12:36.102157","1","0.001824796199798584","0.019214868545532227","1.6501100063323975","0.0051185814663767815","-1.5546752214431763","2459.407144320743","0.36363636363636365","168.67948717948718","60.608769271100776","REPLAY","JAUH"
"2026-10-06T10:12:30.801346","13","2026-10-06T10:12:36.223683","1","0.03194314241409302","0.025947093963623047","1.3804410696029663","0.12491271644830704","-1.6387683153152466","3905.4354210777956","0.35537190082644626","171.33333333333334","62.5009999920001","REPLAY","JAUH"
"2026-10-06T10:12:30.801346","14","2026-10-06T10:12:36.342111","1","0.5897773504257202","0.990412712097168","2.073255777359009","0.2798297107219696","-2.7194933891296387","3431.8994490358127","0.3333333333333333","177.44378698224853","59.80855631215296","REPLAY","JAUH"
"2026-10-06T10:12:30.801346","15","2026-10-06T10:12:36.455076","1","0.9893174171447754","0.8672940731048584","1.1876875162124634","0.9168477058410645","-2.9593422412872314","3671.2793209876545","0.3194444444444444","178.8284023668639","60.03145248934188","REPLAY","JAUH"
"2026-10-06T10:12:30.801346","16","2026-10-06T10:12:36.584139","1","0.9062259197235107","0.9952638149261475","1.0852627754211426","-0.6123342514038086","-3.4598398208618164","3405.0578512396696","0.33884297520661155","182.2603550295858","56.66023225685346","REPLAY","JAUH"
"2026-10-06T10:12:30.801346","17","2026-10-06T10:12:36.704758","1","0.7634485363960266","0.9922314882278442","1.0367697477340698","0.5600124001502991","-3.9894285202026367","3908.2886414862373","0.33884297520661155","183.01775147928993","55.789595578618524","REPLAY","JAUH"
"2026-10-06T10:12:30.801346","18","2026-10-06T10:12:36.824880","1","0.9537659883499146","0.9911525249481201","0.3325878381729126","-0.011394999921321869","-4.527100563049316","3439.687065972222","0.3194444444444444","183.30769230769232","55.67245107735302","REPLAY","JAUH"
"2026-10-06T10:12:30.801346","19","2026-10-06T10:12:36.949890","1","0.0","0.006523013114929199","2.3127126693725586","-0.48590195178985596","-4.282877445220947","3083.1427469135806","0.2916666666666667","185.28571428571428","52.952868472207015","REPLAY","JAUH"
"2026-10-06T10:12:30.801346","20","2026-10-06T10:12:37.066755","1","0.026467084884643555","0.004566192626953125","1.1780868768692017","4.374204635620117","-4.740423202514648","3727.8904320987654","0.2986111111111111","186.3021978021978","53.0143241643071","REPLAY","JAUH"
"2026-10-06T10:12:30.801346","21","2026-10-06T10:12:37.188048","1","0.7952913045883179","0.02456045150756836","2.5665605068206787","8.415868759155273","-5.153503894805908","3288.980397513831","0.2231404958677686","182.27083333333334","56.69964956167423","REPLAY","JAUH"
"2026-10-06T10:12:30.801346","22","2026-10-06T10:12:37.308171","1","0.5700273513793945","0.8684090375900269","2.194359540939331","19.923465728759766","-5.795900344848633","2992.5896","0.28","180.46280991735537","56.682243393070664","REPLAY","JAUH"
"2026-10-06T10:12:30.801346","23","2026-10-06T10:12:38.765004","1","0.18340229988098145","0.022711515426635742","3.236083507537842","15.40225887298584","-7.928696155548096","4328.694846189164","0.25757575757575757","195.53846153846155","56.107040556422085","REPLAY","JAUH"
"2026-10-06T10:12:30.801346","24","2026-10-06T10:12:38.877368","1","0.9858568906784058","0.9488520622253418","3.7917864322662354","7.561612129211426","-6.9439167976379395","3249.1676798032922","0.2727272727272727","191.10059171597632","57.43065228721577","REPLAY","JAUH"
"2026-10-06T10:12:30.801346","25","2026-10-06T10:12:39.010470","1","0.9893174171447754","0.997727632522583","2.4794397354125977","3.3435471057891846","-5.233121871948242","3077.6158732327026","0.2727272727272727","183.125","60.741468879725524","REPLAY","JAUH"
"2026-10-06T10:12:30.801346","26","2026-10-06T10:12:39.117977","1","0.7805240750312805","0.9021314382553101","1.9566681385040283","0.34324854612350464","-4.399775981903076","3631.1241035448397","0.30578512396694213","176.92948717948718","60.40017322307976","REPLAY","JAUH"
"2026-10-06T10:12:30.801346","27","2026-10-06T10:12:39.249807","1","0.9458995461463928","0.997727632522583","2.2014410495758057","-1.0940790176391602","-4.020766258239746","1514.1464380848302","0.2644628099173554","175.96527777777777","54.82895286383886","REPLAY","JAUH"
"2026-10-06T10:12:30.801346","28","2026-10-06T10:12:39.365291","1","0.9606643915176392","0.9958990216255188","3.3847599029541016","-1.6693981885910034","-2.519486904144287","1684.2236","0.29","175.20833333333334","55.28548068887523","REPLAY","JAUH"
"2026-10-06T10:12:30.801346","29","2026-10-06T10:12:39.480826","1","0.9840072393417358","0.8706389665603638","0.7871721982955933","-0.6001609563827515","-1.3843603134155273","3470.9508913325594","0.24793388429752067","173.59722222222223","60.106539605895264","REPLAY","JAUH"
"2026-10-06T10:12:30.801346","30","2026-10-06T10:12:39.604970","1","0.9497048854827881","0.9884875416755676","1.0370814800262451","-1.3687716722488403","-1.0861681699752808","2065.4804000000004","0.28","174.92361111111111","56.94442708333067","REPLAY","JAUH"
"2026-10-06T10:12:30.801346","31","2026-10-06T10:12:39.727926","1","0.1407354474067688","0.8650642037391663","2.113126516342163","-1.3981865644454956","-0.7713174819946289","1523.1979000000001","0.28","176.55555555555554","52.76570037251923","REPLAY","JAUH"
"2026-10-06T10:12:30.801346","32","2026-10-06T10:12:39.854024","1","0.8898150324821472","0.632347822189331","2.207475423812866","0.3478125035762787","-0.05150022357702255","1257.4970999999998","0.25","175.65151515151516","57.36578338840081","REPLAY","JAUH"
"2026-10-06T10:12:30.801346","33","2026-10-06T10:12:39.964030","1","0.5554949641227722","0.8661791086196899","2.4590747356414795","-2.7793843746185303","1.0320194959640503","1173.8075000000001","0.26","177.11805555555554","53.502400845374595","REPLAY","JAUH"
"2026-10-06T10:12:30.801346","34","2026-10-06T10:12:40.096232","1","0.9840072393417358","0.9952638149261475","2.0524098873138428","-2.6743199825286865","0.9473191499710083","1716.4578999999999","0.29","176.40972222222223","55.544203267213234","REPLAY","JAUH"
"2026-10-06T10:12:30.801346","35","2026-10-06T10:12:40.212144","1","0.007300853729248047","0.9668617844581604","2.8561248779296875","-1.2365442514419556","1.107975721359253","2585.2576","0.33","175.23611111111111","59.309450496610346","REPLAY","JAUH"
"2026-10-06T10:12:30.801346","36","2026-10-06T10:12:40.327521","1","0.010038912296295166","0.012393414974212646","3.057628870010376","-6.203333377838135","1.226994514465332","1875.2771","0.31","175.15277777777777","54.707723333035474","REPLAY","JAUH"
"2026-10-06T10:12:30.801346","37","2026-10-06T10:12:40.454436","1","0.018253028392791748","0.010436594486236572","3.794872999191284","-13.309535026550293","3.3436598777770996","977.3091000000001","0.12","193.77777777777777","37.093246698250645","REPLAY","JAUH"
"2026-10-06T10:12:30.801346","38","2026-10-06T10:12:40.575484","1","0.012776970863342285","0.008479773998260498","3.380439281463623","-22.957504272460938","5.241311550140381","2.3209876543209877","0.0","207.27272727272728","1.38468601924807","REPLAY","JAUH"
"2026-10-06T10:12:30.801346","39","2026-10-06T10:12:40.689049","1","0.059361934661865234","0.6937435865402222","6.367265701293945","-26.975706100463867","5.701287746429443","1.80859375","0.0","206.40740740740742","1.2149051456886875","REPLAY","JAUH"
"2026-10-06T10:12:30.801346","40","2026-10-06T10:12:40.819496","1","0.2853690981864929","0.6444942951202393","9.831144332885742","-21.583105087280273","9.597535133361816","3.07122032486464","0.0","202.5","0.9013878188659973","REPLAY","JAUH"
"2026-10-06T10:12:30.801346","41","2026-10-06T10:12:40.939100","1","0.5627611875534058","0.3513319492340088","5.375213146209717","-20.30364418029785","10.69572639465332","3.7218999999999998","0.0","195.4214876033058","1.3095457929097496","REPLAY","JAUH"
"2026-10-06T10:12:30.801346","42","2026-10-06T10:12:41.681640","1","0.43315184116363525","0.025947093963623047","11.058820724487305","-27.60744857788086","7.046396255493164","2.12109375","0.0","190.39","1.3848826665101894","REPLAY","JAUH"
"2026-10-06T10:12:30.801346","43","2026-10-06T10:12:41.802034","1","0.062496304512023926","0.023173749446868896","4.506278038024902","-23.213472366333008","7.305998802185059","1.690291114159427","0.0","193.17","1.1580587204477581","REPLAY","JAUH"
"2026-10-06T10:12:30.801346","44","2026-10-06T10:12:41.934260","1","0.18340229988098145","0.025947093963623047","2.944913864135742","-16.45269775390625","6.773774147033691","1.6998765432098766","0.0","195.34710743801654","1.147838383829527","REPLAY","JAUH"
"2026-10-06T10:12:30.801346","45","2026-10-06T10:12:42.046749","1","0.05671572685241699","0.9915161728858948","2.5067718029022217","-9.901933670043945","5.263700485229492","1.1091000000000002","0.0","195.47222222222223","1.0602963713336264","REPLAY","JAUH"
"2026-10-06T10:12:30.801346","46","2026-10-06T10:12:42.163188","1","0.770969033241272","0.9713870286941528","1.720545768737793","-5.5702643394470215","3.486881971359253","1.8736","0.0","194.52892561983472","0.9964762723747916","REPLAY","JAUH"
"2026-10-06T10:12:30.801346","47","2026-10-06T10:12:42.298809","1","0.5776406526565552","0.9735729098320007","1.3135544061660767","-5.051795482635498","1.0460199117660522","1.4804999658493272","0.0","193.69444444444446","1.0754700379205058","REPLAY","JAUH"
"2026-10-06T10:12:30.801346","48","2026-10-06T10:12:42.405897","1","0.44215482473373413","0.9962117075920105","2.3007516860961914","-2.297773838043213","1.126914143562317","2.3051","0.0","193.91666666666666","1.1636866703161626","REPLAY","JAUH"
"2026-10-06T10:12:30.801346","49","2026-10-06T10:12:42.526732","1","0.9501656293869019","0.9918758273124695","1.810090184211731","-1.6066282987594604","1.059297800064087","1.2704","0.0","196.30555555555554","1.1918576640532694","REPLAY","JAUH"
"2026-10-06T10:12:30.801346","50","2026-10-06T10:12:42.657791","1","0.9868497848510742","0.9922314882278442","1.529892086982727","-2.4135732650756836","0.6992210149765015","1.6999173553719007","0.0","199.68055555555554","1.1998424536533039","REPLAY","JAUH"
"2026-10-06T10:12:30.801346","51","2026-10-06T10:12:42.772596","1","0.9842807650566101","0.936539888381958","1.872762680053711","-2.178307056427002","0.3555004596710205","2.097190082644628","0.0","203.59722222222223","1.1803921455495068","REPLAY","JAUH"
"2026-10-06T10:12:30.801346","52","2026-10-06T10:12:42.887077","1","0.18340229988098145","0.886478841304779","1.4091228246688843","-2.4761295318603516","-0.08209448307752609","1.8699999999999999","0.0","207.1875","1.3383693955296891","REPLAY","JAUH"
"2026-10-06T10:12:30.801346","53","2026-10-06T10:12:43.011314","1","0.5938228368759155","0.990412712097168","2.3561322689056396","-3.103309154510498","0.16288068890571594","2.0144","0.0","210.07575757575756","1.20994122147348","REPLAY","JAUH"
"2026-10-06T10:12:30.801346","54","2026-10-06T10:12:43.132704","1","0.026467084884643555","0.9713870286941528","2.9323198795318604","-2.435857057571411","-0.12758013606071472","1.6256","0.0","211.2479338842975","1.2215759482270583","REPLAY","JAUH"
"2026-10-06T10:12:30.801346","55","2026-10-06T10:12:43.262956","1","0.018253028392791748","0.010436594486236572","1.0549941062927246","-2.6847686767578125","-0.2582539916038513","1.7699","0.0","211.25","1.361677886529792","REPLAY","JAUH"
"2026-10-06T10:12:30.801346","56","2026-10-06T10:12:43.432386","1","0.03877866268157959","0.023173749446868896","-2.4079644680023193","-1.0597388744354248","-0.7499458193778992","2.3899","0.0","210.1487603305785","1.3215390290752806","REPLAY","JAUH"
"2026-10-06T10:12:30.801346","57","2026-10-06T10:12:43.538410","1","0.018253028392791748","0.012393414974212646","-7.343624591827393","-1.2496267557144165","0.11291471123695374","1.6075000000000002","0.0","208.8181818181818","1.2721860321020753","REPLAY","JAUH"
"2026-10-06T10:12:30.801346","58","2026-10-06T10:12:43.654284","1","0.026467084884643555","0.012393414974212646","-10.280583381652832","-2.7096261978149414","0.026237934827804565","1.8419","0.0","207.86111111111111","1.3260798069191544","REPLAY","JAUH"
"2026-10-06T10:12:30.801346","59","2026-10-06T10:12:43.783004","1","0.05671572685241699","0.010436594486236572","-9.143755912780762","-3.763953685760498","0.6005045771598816","1.8699000000000001","0.0","208.91666666666666","1.3254978100492105","REPLAY","JAUH"
"2026-10-06T10:12:30.801346","60","2026-10-06T10:12:43.902761","1","0.001824796199798584","0.02363598346710205","-11.493720054626465","-1.781782865524292","-0.8087605237960815","2.2971","0.0","212.23611111111111","1.374298361948562","REPLAY","JAUH"
"2026-10-06T10:12:30.801346","61","2026-10-06T10:12:44.143710","1","0.029205143451690674","0.042649805545806885","-15.840015411376953","-4.196286678314209","0.5464419722557068","1.1964639536655999","0.0","217.28925619834712","1.109225152296171","REPLAY","JAUH"
"2026-10-06T10:12:30.801346","62","2026-10-06T10:12:44.266578","1","0.059361934661865234","0.022249281406402588","-13.6100492477417","-3.8405356407165527","1.2439988851547241","2.1824000000000003","0.0","216.11363636363637","1.2287449082632769","REPLAY","JAUH"
"2026-10-06T10:12:30.801346","63","2026-10-06T10:12:44.385831","1","0.1407354474067688","0.029933273792266846","-14.220195770263672","-4.7756876945495605","1.2465336322784424","5.344320987654321","0.0","212.05785123966942","1.8555145447559431","REPLAY","JAUH"
"2026-10-06T10:12:30.801346","64","2026-10-06T10:12:44.503253","1","0.03194314241409302","0.029933273792266846","-11.787301063537598","-2.760612964630127","0.5133586525917053","2.0936","0.0","207.63636363636363","1.3606026861019132","REPLAY","JAUH"
"2026-10-06T10:12:30.801346","65","2026-10-06T10:12:44.624682","1","0.12273192405700684","0.02456045150756836","-12.038493156433105","-3.0724823474884033","1.5568022727966309","1.7344","0.0","204.98347107438016","1.226319300191772","REPLAY","JAUH"
"2026-10-06T10:12:30.801346","66","2026-10-06T10:12:44.750449","1","0.001824796199798584","0.021324872970581055","-10.727682113647461","-2.196052074432373","-0.6912629008293152","1.7535802469135802","0.0","202.68595041322314","1.2062718869770863","REPLAY","JAUH"
"2026-10-06T10:12:30.801346","67","2026-10-06T10:12:44.865944","1","0.010038912296295166","0.024098217487335205","-8.672768592834473","-0.8421298861503601","-1.0180145502090454","2.1104000000000003","0.0","199.52892561983472","1.43206710774357","REPLAY","JAUH"
"2026-10-06T10:12:30.801346","68","2026-10-06T10:12:44.987540","1","0.9923635125160217","0.9988862872123718","-6.476015567779541","-3.3207736015319824","-0.9523848295211792","2.2124676116445663","0.0","197.9090909090909","1.4937887931961693","REPLAY","JAUH"
"2026-10-06T10:12:30.801346","69","2026-10-06T10:12:45.110611","1","0.9938164353370667","0.99802166223526","-3.9921300411224365","-0.6640955209732056","-0.3653526306152344","3.0437433318091753","0.0","194.31404958677686","1.7057659041777662","REPLAY","JAUH"
"2026-10-06T10:12:30.801346","70","2026-10-06T10:12:45.229008","1","0.9828804135322571","0.9965211153030396","0.25766393542289734","-0.8015032410621643","-0.4361250102519989","2.339582380734644","0.0","191.41322314049586","1.6844913472537502","REPLAY","JAUH"
"2026-10-06T10:12:30.801346","71","2026-10-06T10:12:45.345079","1","0.5857317447662354","0.7209669351577759","0.8035500645637512","-1.6380305290222168","-0.5045939087867737","2.5875","0.0","189.4090909090909","1.6047021127059549","REPLAY","JAUH"
"2026-10-06T10:12:30.801346","72","2026-10-06T10:12:45.474913","1","0.7338244915008545","0.17585158348083496","0.15945865213871002","-0.9687126278877258","-0.5904767513275146","2.5675","0.0","189.0082644628099","1.5666771055970272","REPLAY","JAUH"
"2026-10-06T10:12:30.801346","73","2026-10-06T10:12:45.603804","1","0.9882580041885376","0.9952638149261475","1.3032143115997314","-2.3993844985961914","-1.2745198011398315","2.1539","0.0","189.48760330578511","1.585657318558105","REPLAY","JAUH"
"2026-10-06T10:12:30.801346","74","2026-10-06T10:12:45.721740","1","0.9022865295410156","0.9896559715270996","2.4051671028137207","-0.27673134207725525","-0.8457273244857788","1.9396","0.0","194.07438016528926","1.3309121290087575","REPLAY","JAUH"
"2026-10-06T10:12:30.801346","75","2026-10-06T10:12:45.835102","1","0.5735950469970703","0.9946150779724121","1.7147895097732544","0.09538174420595169","-0.9907832741737366","1.7211","0.0","197.6611570247934","1.1960936349659013","REPLAY","JAUH"
"2026-10-06T10:12:30.801346","76","2026-10-06T10:12:45.958975","1","0.9508934020996094","0.8661791086196899","2.1657521724700928","-2.836951732635498","-1.0033085346221924","1.6439506172839506","0.0","200.48760330578511","1.0610746344312214","REPLAY","JAUH"
"2026-10-06T10:12:30.801346","77","2026-10-06T10:12:46.075580","1","0.908852219581604","0.14226526021957397","2.0329349040985107","-1.8624359369277954","-0.5214536190032959","1.1690291114159428","0.0","202.5818181818182","1.162925919484314","REPLAY","JAUH"
"2026-10-06T10:12:30.801346","78","2026-10-06T10:12:46.197381","1","0.059361934661865234","0.8706389665603638","6.013273239135742","-1.9142186641693115","-1.0456033945083618","1.1856","0.0","204.49586776859505","1.1363561231886976","REPLAY","JAUH"
"2026-10-06T10:12:30.801346","79","2026-10-06T10:12:46.317104","1","0.029205143451690674","0.6780469417572021","11.101811408996582","-1.2554630041122437","-0.7892137169837952","1.08984375","0.0","204.81","1.0265963179356214","REPLAY","JAUH"
"2026-10-06T10:12:30.801346","80","2026-10-06T10:12:46.443984","1","0.1603792905807495","0.632347822189331","14.660340309143066","-0.7539430856704712","0.49479809403419495","1.745939192003332","0.0","202.76543209876544","1.0455266844258226","REPLAY","JAUH"
"2026-10-06T10:12:30.801346","81","2026-10-06T10:12:46.573793","1","0.05671572685241699","0.1860300898551941","13.996725082397461","1.328670620918274","1.3077753782272339","1.2653061224489797","0.0","199.69444444444446","0.9374742794784947","REPLAY","JAUH"
"2026-10-06T10:12:30.801346","82","2026-10-06T10:12:46.674015","1","0.08553206920623779","0.6171776056289673","19.16836929321289","0.2131393402814865","1.6453741788864136","1.6084964598084133","0.0","198.02777777777777","0.9423997474287444","REPLAY","JAUH"
"2026-10-06T10:12:30.801346","83","2026-10-06T10:12:47.767955","1","0.074978768825531","0.10733461380004883","16.64181900024414","-0.42811086773872375","3.383918523788452","2.117360158512422","0.0","198.84","1.1110355529870264","REPLAY","JAUH"
"2026-10-06T10:12:30.801346","84","2026-10-06T10:12:47.868982","1","0.4151104688644409","0.019214868545532227","14.920536041259766","0.26523467898368835","3.468080997467041","1.6570644718792866","0.0","199.02727272727273","1.12378492692296","REPLAY","JAUH"
"2026-10-06T10:12:30.801346","85","2026-10-06T10:12:48.008918","1","0.060685038566589355","0.02363598346710205","10.066871643066406","0.16259224712848663","2.1217007637023926","1.7066666666666666","0.0","200.15702479338842","1.2061020094681834","REPLAY","JAUH"
"2026-10-06T10:12:30.801346","86","2026-10-06T10:12:48.122744","1","0.15394079685211182","0.2128179669380188","8.104748725891113","-1.7757598161697388","0.6428287625312805","2.0475","0.0","201.37121212121212","1.2577354772590328","REPLAY","JAUH"
"2026-10-06T10:12:30.801346","87","2026-10-06T10:12:48.250078","1","0.5857317447662354","0.6444942951202393","5.054078102111816","0.17815986275672913","0.4963720738887787","1.7411","0.0","203.23611111111111","1.379342189793746","REPLAY","JAUH"
"2026-10-06T10:12:30.801346","88","2026-10-06T10:12:48.375109","1","0.9445556402206421","0.9929311275482178","3.5105504989624023","0.07418399304151535","0.2232227474451065","1.2949245541838135","0.0","204.03305785123968","1.2980206437863837","REPLAY","JAUH"
"2026-10-06T10:12:30.801346","89","2026-10-06T10:12:48.485036","1","0.504286527633667","0.14226526021957397","3.9669275283813477","-0.2868899405002594","0.2807345390319824","1.9299","0.0","204.52083333333334","1.4042037581626026","REPLAY","JAUH"
"2026-10-06T10:12:30.801346","90","2026-10-06T10:12:48.610134","1","0.5735950469970703","0.6528555154800415","3.5351855754852295","0.1644848883152008","-0.49769532680511475","2.0596","0.0","205.31060606060606","1.3547479680489871","REPLAY","JAUH"
"2026-10-06T10:12:30.801346","91","2026-10-06T10:12:48.732315","1","0.17988473176956177","0.0888165831565857","3.719006299972534","-0.9049185514450073","-0.8896486759185791","1.7291","0.0","206.89256198347107","1.4534180454207426","REPLAY","JAUH"
"2026-10-06T10:12:30.801346","92","2026-10-06T10:12:48.859749","1","0.7466771602630615","0.9918758273124695","3.9009079933166504","-2.4175336360931396","-2.2226459980010986","1.3166666666666669","0.0","207.49586776859505","1.4381115196127114","REPLAY","JAUH"
"2026-10-06T10:12:30.801346","93","2026-10-06T10:12:48.976107","1","0.9515752792358398","0.9892709851264954","0.9212296605110168","-3.34759521484375","-7.919981002807617","1.8271604938271604","0.0","206.1818181818182","1.3422566418379889","REPLAY","JAUH"
"2026-10-06T10:12:30.801346","94","2026-10-06T10:12:49.097579","1","0.8186739683151245","0.8745412826538086","1.1011017560958862","-5.297734260559082","-11.40892219543457","1.5475","0.0","204.39669421487602","1.288726316202522","REPLAY","JAUH"
"2026-10-06T10:12:30.801346","95","2026-10-06T10:12:49.217016","1","0.9503150582313538","0.9946150779724121","1.4375636577606201","-5.308183670043945","-13.239778518676758","1.7938999999999998","0.0","203.15702479338842","1.2332062924441276","REPLAY","JAUH"
"2026-10-06T10:12:30.801346","96","2026-10-06T10:12:49.337001","1","0.8049881458282471","0.9911525249481201","1.9462666511535645","-6.29580020904541","-14.244246482849121","1.4139","0.0","203.61157024793388","1.307144391389882","REPLAY","JAUH"
"2026-10-06T10:12:30.801346","97","2026-10-06T10:12:49.460823","1","0.1492120623588562","0.9668617844581604","2.889350652694702","-5.773824214935303","-13.722176551818848","1.8711111111111112","0.0","203.8512396694215","1.2962830334802018","REPLAY","JAUH"
"2026-10-06T10:12:30.801346","98","2026-10-06T10:12:49.580917","1","0.7024589776992798","0.6025388240814209","3.989095449447632","-7.328492641448975","-13.905682563781738","1.6302469135802469","0.0","203.31404958677686","1.150156711216925","REPLAY","JAUH"
"2026-10-06T10:12:30.801346","99","2026-10-06T10:12:49.697728","1","0.1954095959663391","0.0264093279838562","2.5901830196380615","-5.4399213790893555","-13.859750747680664","1.5804","0.0","202.22222222222223","1.1928283640879562","REPLAY","JAUH"
"2026-10-06T10:12:30.801346","100","2026-10-06T10:12:49.818669","1","0.16252541542053223","0.5513277649879456","2.3588132858276367","-4.780989170074463","-13.959513664245605","1.6076","0.0","201.32638888888889","1.2628773424603648","REPLAY","JAUH"
"2026-10-06T10:12:30.801346","101","2026-10-06T10:12:49.925275","1","0.14638656377792358","0.23023617267608643","2.342139959335327","-4.694619655609131","-13.774863243103027","1.8939","0.0","200.88194444444446","1.3043545007298547","REPLAY","JAUH"
"2026-10-06T10:12:30.801346","102","2026-10-06T10:12:50.032123","1","0.245616614818573","0.623405933380127","3.76062273979187","-3.9623093605041504","-10.670723915100098","2.2600213382106387","0.0","200.67768595041323","1.2805917797378341","REPLAY","JAUH"
"2026-10-06T10:12:30.801346","103","2026-10-06T10:12:50.140763","1","0.504286527633667","0.27962368726730347","2.822202205657959","-2.329580545425415","-5.981369495391846","1.6596","0.0","201.0","1.27920429813237","REPLAY","JAUH"
"2026-10-06T10:12:30.801346","104","2026-10-06T10:12:50.253876","1","0.092304527759552","0.32518619298934937","5.208896636962891","-2.296431541442871","-2.621394157409668","1.7739","0.0","201.8512396694215","1.2508585945473765","REPLAY","JAUH"
"2026-10-06T10:12:30.801346","105","2026-10-06T10:12:50.383726","1","0.4151104688644409","0.434387743473053","4.199339389801025","-1.535645604133606","0.19675268232822418","1.4569135802469138","0.0","202.8595041322314","1.2418713227292018","REPLAY","JAUH"
"2026-10-06T10:12:30.801346","106","2026-10-06T10:12:50.508268","1","0.7550646662712097","0.6728394031524658","4.844132900238037","-1.4797979593276978","0.6809298992156982","1.6159122085048012","0.0","203.05785123966942","1.2484537256717714","REPLAY","JAUH"
"2026-10-06T10:12:30.801346","107","2026-10-06T10:12:50.640314","1","0.6402992010116577","0.32518619298934937","4.219483375549316","-1.9513858556747437","0.6925434470176697","1.6809876543209876","0.0","203.19834710743802","1.2637333822174637","REPLAY","JAUH"
"2026-10-06T10:12:30.801346","108","2026-10-06T10:12:50.743260","1","0.08147144317626953","0.08343684673309326","5.447716236114502","-0.43964800238609314","0.17439840734004974","1.9936","0.0","203.25619834710744","1.182020441571944","REPLAY","JAUH"
"2026-10-06T10:12:30.801346","109","2026-10-06T10:12:50.868699","1","0.2554110884666443","0.18071043491363525","5.099502086639404","-1.509294033050537","0.18661220371723175","1.6256","0.0","203.2396694214876","1.2333170578160668","REPLAY","JAUH"
"2026-10-06T10:12:30.801346","110","2026-10-06T10:12:50.980839","1","0.9825901985168457","0.9958990216255188","5.528407573699951","-1.1737521886825562","0.8865779042243958","1.3209876543209875","0.0","203.45454545454547","1.2264306875641713","REPLAY","JAUH"
"2026-10-06T10:12:30.801346","111","2026-10-06T10:12:51.100796","1","0.4151104688644409","0.77680504322052","3.472113609313965","-0.952057957649231","4.123898506164551","1.6219","0.0","203.25619834710744","1.2232521726983352","REPLAY","JAUH"
"2026-10-06T10:12:30.801346","112","2026-10-06T10:12:51.232492","1","0.775982677936554","0.8650642037391663","5.002156734466553","-1.4107235670089722","6.400369167327881","1.9196","0.0","203.10743801652893","1.225093370653103","REPLAY","JAUH"
"2026-10-06T10:12:30.801346","113","2026-10-06T10:12:51.351267","1","0.3822312355041504","0.9834141135215759","4.987843990325928","-0.9738120436668396","10.799049377441406","1.5396","0.0","203.11111111111111","1.2699032722939898","REPLAY","JAUH"
"2026-10-06T10:12:30.801346","114","2026-10-06T10:12:51.471733","1","0.044218361377716064","0.937804639339447","5.29024600982666","0.5396296977996826","16.066715240478516","1.5875000000000001","0.0","202.87603305785123","1.209946709666771","REPLAY","JAUH"
"2026-10-06T10:12:30.801346","115","2026-10-06T10:12:51.592653","1","0.15394079685211182","0.8672940731048584","6.452038288116455","1.0325260162353516","19.20804214477539","1.6615702479338843","0.0","203.02777777777777","1.296064794146218","REPLAY","JAUH"
"2026-10-06T10:12:30.801346","116","2026-10-06T10:12:51.707092","1","0.9035996794700623","0.6025388240814209","5.995168685913086","2.272975206375122","20.010358810424805","1.5259","0.0","203.77083333333334","1.337071582475763","REPLAY","JAUH"
"2026-10-06T10:12:30.801346","117","2026-10-06T10:12:51.833731","1","0.5816861391067505","0.7588732242584229","5.987896919250488","2.3331384658813477","19.63597297668457","1.7764","0.0","204.47222222222223","1.4188436432369005","REPLAY","JAUH"
"2026-10-06T10:12:30.801346","118","2026-10-06T10:12:51.958387","1","0.8049881458282471","0.27962368726730347","6.998513698577881","3.328345775604248","19.757204055786133","1.3885663547571887","0.0","204.46527777777777","1.4809587474766124","REPLAY","JAUH"
"2026-10-06T10:12:30.801346","119","2026-10-06T10:12:52.068157","1","0.1492120623588562","0.8650642037391663","6.9665913581848145","1.8355084657669067","19.266891479492188","2.0624000000000002","0.0","204.56198347107437","1.3104321537141561","REPLAY","JAUH"
"2026-10-06T10:12:30.801346","120","2026-10-06T10:12:52.195954","1","0.6233029365539551","0.6884933710098267","7.3416428565979","3.6122896671295166","17.727502822875977","1.2496694214876034","0.0","203.96527777777777","1.309225780781625","REPLAY","JAUH"
"2026-10-06T10:12:30.801346","121","2026-10-06T10:12:52.316562","1","0.05671572685241699","0.8717538714408875","7.006333351135254","2.3674826622009277","14.008464813232422","1.16","0.0","203.15702479338842","1.1499785442702775","REPLAY","JAUH"
"2026-10-06T10:12:30.801346","122","2026-10-06T10:12:52.428741","1","0.7550646662712097","0.675443172454834","6.383335113525391","1.806827425956726","9.752703666687012","1.3875","0.0","202.97520661157026","1.18853204768656","REPLAY","JAUH"
"2026-10-06T10:12:30.801346","123","2026-10-06T10:12:52.553178","1","0.43315184116363525","0.9936156272888184","5.366160869598389","0.2759648859500885","3.9809930324554443","1.7219","0.0","203.5702479338843","1.1046591507577304","REPLAY","JAUH"
"2026-10-06T10:12:30.801346","124","2026-10-06T10:12:52.674556","1","0.9287917613983154","0.9021314382553101","5.759423732757568","-0.20896635949611664","-0.938800036907196","1.5759792714525225","0.0","204.64462809917356","1.1702899558226814","REPLAY","JAUH"
"2026-10-06T10:12:30.801346","125","2026-10-06T10:12:52.791022","1","0.4151104688644409","0.6989938020706177","5.993836402893066","-1.1819013357162476","-3.8062233924865723","1.2915714067977444","0.0","205.5785123966942","1.2840539245897344","REPLAY","JAUH"
"2026-10-06T10:12:30.801346","126","2026-10-06T10:12:52.920540","1","0.651045560836792","0.5043434500694275","4.437426567077637","0.5389898419380188","-4.943362712860107","1.8763999999999998","0.0","205.92561983471074","1.2475780785515942","REPLAY","JAUH"
"2026-10-06T10:12:30.801346","127","2026-10-06T10:12:53.041463","1","0.7338244915008545","0.8628342747688293","3.769355535507202","0.23817741870880127","-4.86567497253418","2.1250999999999998","0.0","205.21969696969697","1.182667721075296","REPLAY","JAUH"
"2026-10-06T10:12:30.801346","128","2026-10-06T10:12:53.163292","1","0.9287917613983154","0.9841023683547974","4.945959091186523","-0.3359416723251343","-5.213077545166016","2.16","0.0","203.83333333333334","1.1089625691586558","REPLAY","JAUH"
"2026-10-06T10:12:30.801346","129","2026-10-06T10:12:53.284581","1","0.7024589776992798","0.9900364875793457","4.839193344116211","-1.425935983657837","-4.589715480804443","1.5747599451303154","0.0","202.5785123966942","1.0737442491863232","REPLAY","JAUH"
"2026-10-06T10:12:30.801346","130","2026-10-06T10:12:53.402022","1","0.02372908592224121","0.010436594486236572","5.52691125869751","-0.5328454971313477","-4.412344932556152","1.414320987654321","0.0","202.11570247933884","1.0538405374754314","REPLAY","JAUH"
"2026-10-06T10:12:30.801346","131","2026-10-06T10:12:53.525202","1","0.04767268896102905","0.019214868545532227","6.325364112854004","-1.094157099723816","-3.9766907691955566","1.4233333333333333","0.0","202.35537190082644","1.1123610815460285","REPLAY","JAUH"
"2026-10-06T10:12:30.801346","132","2026-10-06T10:12:53.644030","1","0.5211077928543091","0.8227906227111816","5.877819061279297","-1.402928352355957","-4.389896869659424","1.9772839506172841","0.0","202.8181818181818","1.2264306875671376","REPLAY","JAUH"
"2026-10-06T10:12:30.801346","133","2026-10-06T10:12:53.763388","1","0.9498605728149414","0.994285523891449","5.793154716491699","-1.6554244756698608","-3.695155382156372","2.157597927145252","0.0","203.03305785123968","1.1987175261081398","REPLAY","JAUH"
"2026-10-06T10:12:30.801346","134","2026-10-06T10:12:53.887288","1","0.7952913045883179","0.9929311275482178","5.58420467376709","-1.4640024900436401","-3.8860535621643066","2.4524691358024695","0.0","203.0909090909091","1.2331509060227517","REPLAY","JAUH"
"2026-10-06T10:12:30.801346","135","2026-10-06T10:12:54.008427","1","0.8947855234146118","0.9911525249481201","5.324464321136475","-0.7884522080421448","-4.521938800811768","1.0587654320987654","0.0","202.56198347107437","1.1775627019759558","REPLAY","JAUH"
"2026-10-06T10:12:30.801346","136","2026-10-06T10:12:54.128910","1","0.5700273513793945","0.6384210586547852","5.711080551147461","-0.4393533170223236","-3.824108362197876","1.2661728395061729","0.0","201.51239669421489","1.0688350225535883","REPLAY","JAUH"
"2026-10-06T10:12:30.801346","137","2026-10-06T10:12:54.245022","1","0.15394079685211182","0.9929311275482178","4.869523525238037","-1.0270885229110718","-1.5703927278518677","1.8064319463496417","0.0","200.900826446281","1.1089788220370174","REPLAY","JAUH"
"2026-10-06T10:12:30.801346","138","2026-10-06T10:12:54.361351","1","0.48699647188186646","0.9922314882278442","5.061652660369873","-1.0752651691436768","-1.5910038948059082","1.8667885992988873","0.0","200.74380165289256","1.175007829197577","REPLAY","JAUH"
"2026-10-06T10:12:30.801346","139","2026-10-06T10:12:54.492863","1","0.1603792905807495","0.9488520622253418","6.21058988571167","-1.162813425064087","-1.4279732704162598","1.7530864197530864","0.0","200.96694214876032","1.1848484528220813","REPLAY","JAUH"
"2026-10-06T10:12:30.801346","140","2026-10-06T10:12:54.601985","1","0.27911096811294556","0.9847822189331055","6.133436679840088","-0.9879077076911926","-1.2443236112594604","1.629019966468526","0.0","201.7520661157025","1.180285661844208","REPLAY","JAUH"
"2026-10-06T10:12:30.801346","141","2026-10-06T10:12:54.707646","1","0.5816861391067505","0.9915161728858948","6.248730182647705","-1.4914348125457764","-1.4219828844070435","1.3830208809632678","0.0","202.40495867768595","1.210003158226437","REPLAY","JAUH"
"2026-10-06T10:12:30.801346","142","2026-10-06T10:12:54.814536","1","0.5627611875534058","0.994285523891449","4.8898773193359375","-1.4111968278884888","-1.597703456878662","1.8494131992074379","0.0","203.79338842975207","1.1986035633219094","REPLAY","JAUH"
"2026-10-06T10:12:30.801346","143","2026-10-06T10:12:54.933981","1","0.08553206920623779","0.9946150779724121","4.926633834838867","-0.5548686981201172","-1.2488926649093628","1.4817863130620332","0.0","204.35537190082644","1.1416929877274924","REPLAY","JAUH"
"2026-10-06T10:12:30.801346","144","2026-10-06T10:12:55.056659","1","0.1954095959663391","0.9457477331161499","4.475473403930664","-1.2124626636505127","-0.9085126519203186","1.5532098765432099","0.0","204.44628099173553","1.1638523465956385","REPLAY","JAUH"
"2026-10-06T10:12:30.801346","145","2026-10-06T10:12:55.174030","1","0.19043755531311035","0.7962261438369751","6.637885570526123","-0.7219201326370239","-0.8631163835525513","2.3","0.0","204.9504132231405","1.2118644857099063","REPLAY","JAUH"
"2026-10-06T10:12:30.801346","146","2026-10-06T10:12:55.286082","1","0.1492120623588562","0.9929311275482178","4.759704113006592","-0.4371548295021057","-1.1852983236312866","1.9995061728395063","0.0","205.25619834710744","1.182020441571944","REPLAY","JAUH"
"2026-10-06T10:12:30.801346","147","2026-10-06T10:12:55.411980","1","0.14638656377792358","0.9861172437667847","4.546693801879883","0.04399996995925903","-0.7250810861587524","1.7899","0.0","205.12878787878788","1.2516976534336584","REPLAY","JAUH"
"2026-10-06T10:12:30.801346","148","2026-10-06T10:12:55.533763","1","0.245616614818573","0.9884875416755676","5.370908260345459","-0.49244239926338196","-1.2430198192596436","1.4735802469135804","0.0","204.79338842975207","1.2392836865433672","REPLAY","JAUH"
"2026-10-06T10:12:30.801346","149","2026-10-06T10:12:55.659582","1","0.4603421688079834","0.9351650476455688","4.90371561050415","-1.0133479833602905","-0.7776045799255371","1.61","0.0","203.51239669421489","1.1791277240968971","REPLAY","JAUH"
"2026-10-06T10:12:30.801346","150","2026-10-06T10:12:55.777218","1","0.29744672775268555","0.632347822189331","5.876655101776123","-0.8106454610824585","-1.0016717910766602","1.6396","0.0","202.60330578512398","1.1533590098762132","REPLAY","JAUH"
"2026-10-06T10:12:30.801346","151","2026-10-06T10:12:55.897374","1","0.1407354474067688","0.994285523891449","4.775347709655762","-0.17400984466075897","-1.2102380990982056","1.150739216582838","0.0","202.51239669421489","1.2272101161075883","REPLAY","JAUH"
"2026-10-06T10:12:30.801346","152","2026-10-06T10:12:56.020577","1","0.15179461240768433","0.9896559715270996","5.644723892211914","-1.2391612529754639","-1.685781717300415","1.8336000000000001","0.0","202.87603305785123","1.209946709666771","REPLAY","JAUH"
"2026-10-06T10:12:30.801346","153","2026-10-06T10:12:56.140906","1","0.14638656377792358","0.9713870286941528","5.7006916999816895","-1.0247652530670166","-1.705989122390747","2.0130999999999997","0.0","203.96694214876032","1.2592394680831576","REPLAY","JAUH"
"2026-10-06T10:12:30.801346","154","2026-10-06T10:12:56.264078","1","0.12273192405700684","0.9713870286941528","5.337311744689941","-1.490116000175476","-1.3584855794906616","1.4442920286541685","0.0","204.56198347107437","1.3538592647773688","REPLAY","JAUH"
"2026-10-06T10:12:30.801346","155","2026-10-06T10:12:56.429109","1","0.05671572685241699","0.7209669351577759","5.544305801391602","-1.0708789825439453","-1.116102695465088","1.6291","0.0","203.91735537190084","1.2829896443174948","REPLAY","JAUH"
"2026-10-06T10:12:30.801346","156","2026-10-06T10:12:56.541480","1","0.14638656377792358","0.9735729098320007","4.771761417388916","0.24120759963989258","-0.8363873958587646","2.0075","0.0","203.3388429752066","1.2029833370548197","REPLAY","JAUH"
"2026-10-06T10:12:30.801346","157","2026-10-06T10:12:56.667804","1","0.5776406526565552","0.9668617844581604","5.966414451599121","0.9234338998794556","-0.787737250328064","1.5475","0.0","203.27272727272728","1.2464826546171415","REPLAY","JAUH"
"2026-10-06T10:12:30.801346","158","2026-10-06T10:12:56.782571","1","0.7550646662712097","0.41945070028305054","5.112703800201416","-0.26397743821144104","-1.0460638999938965","1.7875","0.0","203.1818181818182","1.2398346997253564","REPLAY","JAUH"
"2026-10-06T10:12:30.801346","159","2026-10-06T10:12:56.897544","1","0.5857317447662354","0.26193898916244507","4.250495910644531","-0.29911431670188904","-0.995073676109314","1.5811000000000002","0.0","203.1487603305785","1.2037212070118921","REPLAY","JAUH"
"2026-10-06T10:12:30.801346","160","2026-10-06T10:12:57.026093","1","0.7684621810913086","0.9065451622009277","5.731599807739258","0.875929594039917","-0.5068476796150208","1.5736","0.0","203.84297520661158","1.2264863774583508","REPLAY","JAUH"
"2026-10-06T10:12:30.801346","161","2026-10-06T10:12:57.146997","1","0.8997346758842468","0.886478841304779","5.465606689453125","0.3648165166378021","-1.0159235000610352","2.5796","0.0","204.6611570247934","1.3208669767934027","REPLAY","JAUH"
"2026-10-06T10:12:30.801346","162","2026-10-06T10:12:57.258641","1","0.08367270231246948","0.9907847046852112","6.766817092895508","-1.3670637607574463","-2.8384642601013184","1.4744","0.0","205.1818181818182","1.439792608264287","REPLAY","JAUH"
"2026-10-06T10:15:15.402225","1","2026-10-06T10:15:18.625368","1","0.7338244915008545","0.675443172454834","0.35626500844955444","8.38907241821289","-10.921594619750977","236.65700954861111","0.06076388888888889","78.77366863905326","46.32405108608588","FOTO_LAYAR","DEKAT"
"2026-10-06T10:15:15.402225","2","2026-10-06T10:15:18.730187","1","0.601551353931427","0.6884933710098267","0.49885252118110657","6.451835632324219","-7.441237926483154","93.64421728395061","0.06","104.111328125","45.90193466563892","FOTO_LAYAR","DEKAT"
"2026-10-06T10:15:15.402225","3","2026-10-06T10:15:18.858254","1","0.9882580041885376","0.9974306225776672","-0.8604374527931213","6.932342529296875","-3.548217535018921","100.62007990190219","0.1606404958677686","119.95802469135802","82.13317530077019","FOTO_LAYAR","DEKAT"
"2026-10-06T10:15:15.402225","4","2026-10-06T10:15:18.960138","1","0.9952254295349121","0.9958990216255188","-0.3033541440963745","7.509926795959473","0.03823447600007057","111.16921006713395","0.09841628959276018","92.87362050551798","80.88099396779658","FOTO_LAYAR","DEKAT"
"2026-10-06T10:15:15.402225","5","2026-10-06T10:15:19.096460","1","0.9979193210601807","0.9988862872123718","-0.7541466951370239","7.851944446563721","1.217636227607727","24.285671209416645","0.06345848757271286","69.3973374295955","77.02005532822103","FOTO_LAYAR","DEKAT"
"2026-10-06T10:15:15.402225","6","2026-10-06T10:15:19.246079","1","0.9947605133056641","0.9968274235725403","0.09412164241075516","8.240784645080566","-0.1551206260919571","76.35718106291533","0.09533799533799533","94.2363184079602","68.15386197855864","FOTO_LAYAR","DEKAT"
"2026-10-06T10:15:15.402225","7","2026-10-06T10:15:19.381656","1","0.9938164353370667","0.9968274235725403","0.22669294476509094","8.42432689666748","0.48524025082588196","94.40544328279822","0.0991715976331361","91.55027548209367","68.45049082802929","FOTO_LAYAR","DEKAT"
"2026-10-06T10:15:15.402225","8","2026-10-06T10:15:19.501219","1","0.9938164353370667","0.9974306225776672","0.29382702708244324","8.56966495513916","-0.3452088534832001","115.43118882029084","0.10912698412698413","97.1423076923077","70.17191758639262","FOTO_LAYAR","DEKAT"
"2026-10-06T10:15:15.402225","9","2026-10-06T10:15:19.621625","1","0.9928528666496277","0.997727632522583","0.5160666108131409","8.293842315673828","-0.876847505569458","126.11319297552109","0.122314453125","110.49230769230769","69.9727081200721","FOTO_LAYAR","DEKAT"
"2026-10-06T10:15:15.402225","10","2026-10-06T10:15:19.741888","1","0.9918690919876099","0.9968274235725403","0.12934844195842743","8.63017749786377","-0.6493027806282043","136.42912342196746","0.1196257518378258","119.35933503836317","68.90705676875992","FOTO_LAYAR","DEKAT"
"2026-10-06T10:15:15.402225","11","2026-10-06T10:15:19.843885","1","0.9938164353370667","0.9974306225776672","0.29211047291755676","8.687973022460938","-0.8411820530891418","143.02746173653244","0.11567164179104478","123.22563025210084","69.2792390008403","FOTO_LAYAR","DEKAT"
"2026-10-06T10:15:15.402225","12","2026-10-06T10:15:19.982785","1","0.9938164353370667","0.9974306225776672","-0.11374480277299881","8.905694961547852","-0.9363282322883606","163.77525820517823","0.12159789288849868","122.55576559546314","72.30017975999755","FOTO_LAYAR","DEKAT"
"2026-10-06T10:15:15.402225","13","2026-10-06T10:15:20.116301","1","0.9938164353370667","0.997727632522583","0.44698530435562134","8.465522766113281","-0.9140699505805969","152.91648905706452","0.12269534679543459","126.97059441293845","70.41609444213356","FOTO_LAYAR","DEKAT"
"2026-10-06T10:15:15.402225","14","2026-10-06T10:15:20.226406","1","0.9928528666496277","0.9962117075920105","-0.4141537547111511","8.75217056274414","-0.8399788737297058","145.57711911701114","0.12203687445127305","126.73976055450535","69.06148319509428","FOTO_LAYAR","DEKAT"
"2026-10-06T10:15:15.402225","15","2026-10-06T10:15:20.346371","1","0.9928528666496277","0.9955831170082092","-0.24557538330554962","8.7645263671875","-0.8978608846664429","124.01572633210813","0.12213039485766758","128.01646180860405","65.94020784646511","FOTO_LAYAR","DEKAT"
"2026-10-06T10:15:15.402225","16","2026-10-06T10:15:20.468881","1","0.9938164353370667","0.9962117075920105","-0.5916361212730408","8.572145462036133","-0.9212164878845215","126.7948828793584","0.12167832167832168","128.50565355042966","63.938897220051054","FOTO_LAYAR","DEKAT"
"2026-10-06T10:15:15.402225","17","2026-10-06T10:15:20.588857","1","0.9938164353370667","0.9958990216255188","-0.23489472270011902","8.539809226989746","-1.008157730102539","121.37242343055216","0.11881656804733728","128.2908631772268","62.36162731316887","FOTO_LAYAR","DEKAT"
"2026-10-06T10:15:15.402225","18","2026-10-06T10:15:20.709968","1","0.9933371543884277","0.9974306225776672","0.4956284761428833","8.623748779296875","-1.0007606744766235","120.12188401442307","0.11442307692307692","132.35198135198135","58.74786413447971","FOTO_LAYAR","DEKAT"
"2026-10-06T10:15:15.402225","19","2026-10-06T10:15:20.829489","1","0.9938164353370667","0.9962117075920105","0.41017046570777893","8.119617462158203","-1.1997445821762085","99.88716923697685","0.11784511784511785","134.16532721010333","55.52242431190826","FOTO_LAYAR","DEKAT"
"2026-10-06T10:15:15.402225","20","2026-10-06T10:15:20.952188","1","0.9942908883094788","0.9971305727958679","0.08921924233436584","8.031959533691406","-1.058396577835083","105.42686811294766","0.11387310606060606","131.7173224785165","55.53839246672444","FOTO_LAYAR","DEKAT"
"2026-10-06T10:15:15.402225","21","2026-10-06T10:15:21.069334","1","0.9928528666496277","0.997727632522583","0.4813523590564728","8.886961936950684","-1.1686171293258667","113.88964312299976","0.11258741258741259","131.70850293984623","56.90102108819814","FOTO_LAYAR","DEKAT"
"2026-10-06T10:15:15.402225","22","2026-10-06T10:15:21.188722","1","0.9928528666496277","0.9974306225776672","0.43035784363746643","8.533236503601074","-1.1671268939971924","113.40859793577742","0.11330891330891331","134.37762237762237","55.40883070613417","FOTO_LAYAR","DEKAT"
"2026-10-06T10:15:15.402225","23","2026-10-06T10:15:21.311062","1","0.9938164353370667","0.9968274235725403","0.07373297959566116","8.834525108337402","-0.8780443072319031","138.3912654432801","0.11843711843711843","132.04382284382285","59.9010095632054","FOTO_LAYAR","DEKAT"
"2026-10-06T10:15:15.402225","24","2026-10-06T10:15:21.433371","1","0.9928528666496277","0.9962117075920105","-0.12514746189117432","8.828398704528809","-1.0242362022399902","131.43939996301776","0.11706730769230769","132.03846153846155","60.4692579311396","FOTO_LAYAR","DEKAT"
"2026-10-06T10:15:15.402225","25","2026-10-06T10:15:21.553728","1","0.9928528666496277","0.9971305727958679","-0.2640851140022278","8.560691833496094","-1.0393807888031006","118.93513723881287","0.11658653846153846","132.87190082644628","59.225845391339995","FOTO_LAYAR","DEKAT"
"2026-10-06T10:15:15.402225","26","2026-10-06T10:15:21.674169","1","0.9933371543884277","0.9974306225776672","0.10325673222541809","8.597728729248047","-1.194474220275879","117.8975828755549","0.11981351981351981","130.63794663048395","59.8925869392436","FOTO_LAYAR","DEKAT"
"2026-10-06T10:15:15.402225","27","2026-10-06T10:15:21.797440","1","0.9928528666496277","0.9962117075920105","-0.3273148834705353","8.289172172546387","-1.4194344282150269","87.74299905938085","0.12006427915518825","131.49053241256405","57.93036249289441","FOTO_LAYAR","DEKAT"
"2026-10-06T10:15:15.402225","28","2026-10-06T10:15:21.916901","1","0.9938164353370667","0.9968274235725403","0.3525141775608063","8.107047080993652","-1.6059060096740723","93.1714083472947","0.12101033295063146","132.85638998682478","56.14893708251804","FOTO_LAYAR","DEKAT"
"2026-10-06T10:15:15.402225","29","2026-10-06T10:15:22.036950","1","0.9942908883094788","0.9974306225776672","0.4014335870742798","7.594009876251221","-1.6439905166625977","93.65447185766058","0.1242081447963801","132.61839826839827","55.73850557285388","FOTO_LAYAR","DEKAT"
"2026-10-06T10:15:15.402225","30","2026-10-06T10:15:22.157464","1","0.9938164353370667","0.99802166223526","0.2797444462776184","8.385931968688965","-1.5315316915512085","110.7711587981197","0.12002840909090909","135.33469018543644","55.41571574021946","FOTO_LAYAR","DEKAT"
"2026-10-06T10:15:15.402225","31","2026-10-06T10:15:22.266411","1","0.9928528666496277","0.99802166223526","0.6592325568199158","8.261013984680176","-1.56721830368042","120.38145476202006","0.11789772727272728","135.55065581184985","55.454668847146316","FOTO_LAYAR","DEKAT"
"2026-10-06T10:15:15.402225","32","2026-10-06T10:15:22.407643","1","0.9928528666496277","0.9974306225776672","0.11496158689260483","8.364359855651855","-0.8357350826263428","107.66776848253285","0.10651289009497965","130.83971447112265","59.20189543581693","FOTO_LAYAR","DEKAT"
"2026-10-06T10:15:15.402225","33","2026-10-06T10:15:22.519495","1","0.9928528666496277","0.9968274235725403","0.06720595061779022","8.31678581237793","-0.6143202781677246","103.94775804402947","0.10739750445632798","130.34075630252102","61.497405993796335","FOTO_LAYAR","DEKAT"
"2026-10-06T10:15:15.402225","34","2026-10-06T10:15:22.647046","1","0.9918690919876099","0.9974306225776672","0.4500085413455963","8.077306747436523","-1.0494962930679321","94.56753874818288","0.11447963800904977","136.0028120268224","56.54280012939561","FOTO_LAYAR","DEKAT"
"2026-10-06T10:15:15.402225","35","2026-10-06T10:15:22.767341","1","0.9928528666496277","0.9974306225776672","0.4643677771091461","8.258597373962402","-0.688206136226654","95.08810298446879","0.11229946524064172","133.93865546218487","58.22162468864551","FOTO_LAYAR","DEKAT"
"2026-10-06T10:15:15.402225","36","2026-10-06T10:15:22.890628","1","0.9933371543884277","0.9965211153030396","0.01617482118308544","8.571425437927246","-0.5010157823562622","110.36623595150488","0.10642439974042829","128.13696672790365","63.41189961774012","FOTO_LAYAR","DEKAT"
"2026-10-06T10:15:15.402225","37","2026-10-06T10:15:23.018934","1","0.9938164353370667","0.9968274235725403","-0.39795011281967163","8.43254566192627","-0.8823249340057373","55.206918128905656","0.10320216049382716","121.76975042221805","65.16308695017428","FOTO_LAYAR","DEKAT"
"2026-10-06T10:15:15.402225","38","2026-10-06T10:15:23.377254","1","0.9923635125160217","0.9955831170082092","-0.3606194257736206","8.369013786315918","-1.0376222133636475","80.61964847356613","0.1056338028169014","120.94070182022894","65.24581931315483","FOTO_LAYAR","DEKAT"
"2026-10-06T10:15:27.197115","1","2026-10-06T10:15:30.202772","1","0.9868497848510742","0.9974306225776672","0.04149586707353592","7.367347717285156","-4.6653900146484375","2.685136959876543","0.0","202.52551020408163","2.2777455388362955","FOTO_LAYAR","SEDANG"
"2026-10-06T10:15:27.197115","2","2026-10-06T10:15:30.322415","1","0.9913694858551025","0.99802166223526","-0.9766943454742432","6.838308811187744","-7.065711975097656","2.3244777200821156","0.0","205.33333333333334","2.211083193568987","FOTO_LAYAR","SEDANG"
"2026-10-06T10:15:27.197115","3","2026-10-06T10:15:30.424751","1","0.9918690919876099","0.9988862872123718","-0.8963163495063782","6.85453462600708","-6.952919960021973","2.000350127796646","0.0","206.52551020408163","2.003660488192644","FOTO_LAYAR","SEDANG"
"2026-10-06T10:15:27.197115","4","2026-10-06T10:15:30.564180","1","0.980856716632843","0.997727632522583","-0.8305690288543701","7.035531997680664","-6.211950778961182","2.0560486522024988","0.0","207.58163265306123","1.8812906413659882","FOTO_LAYAR","SEDANG"
"2026-10-06T10:15:27.197115","5","2026-10-06T10:15:30.685765","1","0.9942908883094788","0.9936156272888184","-0.9026919007301331","7.0291948318481445","-5.959889888763428","1.4487587969608908","0.0","208.55612244897958","1.6573624439835148","FOTO_LAYAR","SEDANG"
"2026-10-06T10:15:27.197115","6","2026-10-06T10:15:30.805772","1","0.9942908883094788","0.998312771320343","0.8000422120094299","6.241245269775391","-4.267799377441406","1.4978467140506284","0.0","210.23111111111112","1.5462962519399022","FOTO_LAYAR","SEDANG"
"2026-10-06T10:15:27.197115","7","2026-10-06T10:15:30.929763","1","0.9928528666496277","0.9988862872123718","0.11102122068405151","6.372661113739014","-3.546006441116333","1.8892909204498127","0.0","213.14666666666668","1.5918682245853735","FOTO_LAYAR","SEDANG"
"2026-10-06T10:15:27.197115","8","2026-10-06T10:15:31.048393","1","0.9952254295349121","0.9968274235725403","-0.6995283961296082","6.472378730773926","-3.1897952556610107","1.9055601832569762","0.0","216.69166666666666","1.6139797258816715","FOTO_LAYAR","SEDANG"
"2026-10-06T10:15:27.197115","9","2026-10-06T10:15:31.151339","1","0.9965924024581909","0.9841023683547974","-0.6448032855987549","7.479190826416016","-3.0240142345428467","1.8922063723448563","0.0","218.57421875","1.5494326629926314","FOTO_LAYAR","SEDANG"
"2026-10-06T10:15:27.197115","10","2026-10-06T10:15:31.288013","1","0.9942908883094788","0.9925832152366638","-0.6131010055541992","6.473729610443115","-3.194303035736084","1.4203196584756352","0.0","221.2488888888889","1.490804737524764","FOTO_LAYAR","SEDANG"
"2026-10-06T10:15:27.197115","11","2026-10-06T10:15:31.411167","1","0.9938164353370667","0.9988862872123718","0.2602663040161133","6.8737287521362305","-2.692098379135132","1.6935152759328582","0.0","221.60444444444445","1.4201651790540444","FOTO_LAYAR","SEDANG"
"2026-10-06T10:15:27.197115","12","2026-10-06T10:15:31.530701","1","0.9877196550369263","0.9991688132286072","-0.0339030958712101","5.755800724029541","-3.1093733310699463","1.5706736776343189","0.0","221.30666666666667","1.4202347223847307","FOTO_LAYAR","SEDANG"
"2026-10-06T10:15:27.197115","13","2026-10-06T10:15:31.651479","1","0.9961413145065308","0.998312771320343","-0.32803964614868164","6.951131343841553","-2.4217817783355713","1.9079550187421908","0.0","220.7421875","1.6758677498071708","FOTO_LAYAR","SEDANG"
"2026-10-06T10:15:27.197115","14","2026-10-06T10:15:31.781050","1","0.9961413145065308","0.9946150779724121","-0.8473515510559082","6.634216785430908","-2.5867526531219482","2.0546386922115785","0.0","220.53515625","1.7249134871308582","FOTO_LAYAR","SEDANG"
"2026-10-06T10:15:27.197115","15","2026-10-06T10:15:31.893883","1","0.9956856369972229","0.99802166223526","-0.9121069312095642","7.8601179122924805","-2.0867021083831787","1.8766139108704707","0.0","220.45703125","1.7494724023326111","FOTO_LAYAR","SEDANG"
"2026-10-06T10:15:27.197115","16","2026-10-06T10:15:32.012979","1","0.9956856369972229","0.99802166223526","-0.5246030688285828","8.00239086151123","-2.1036713123321533","2.1193650793650796","0.0","220.5234375","1.7363973288374266","FOTO_LAYAR","SEDANG"
"2026-10-06T10:15:27.197115","17","2026-10-06T10:15:32.134218","1","0.9956856369972229","0.9994485974311829","0.19567935168743134","7.250751972198486","-1.9976420402526855","1.392857142857143","0.0","219.59555555555556","1.6386926436171116","FOTO_LAYAR","SEDANG"
"2026-10-06T10:15:27.197115","18","2026-10-06T10:15:32.255907","1","0.9952254295349121","0.9974306225776672","-0.3195230960845947","6.637250900268555","-2.0746161937713623","1.5048677634319034","0.0","218.80416666666667","1.5808697939898493","FOTO_LAYAR","SEDANG"
"2026-10-06T10:15:27.197115","19","2026-10-06T10:15:32.374707","1","0.9952254295349121","0.997727632522583","-0.5209770202636719","7.209218978881836","-2.1442530155181885","2.062994585589338","0.0","217.57421875","1.616069019921005","FOTO_LAYAR","SEDANG"
"2026-10-06T10:15:27.197115","20","2026-10-06T10:15:32.482393","1","0.9956856369972229","0.998312771320343","-0.7673571705818176","6.653757095336914","-2.3289730548858643","1.7503123698458976","0.0","217.046875","1.5853793660745683","FOTO_LAYAR","SEDANG"
"2026-10-06T10:15:27.197115","21","2026-10-06T10:15:32.594350","1","0.9947605133056641","0.9974306225776672","-0.586164116859436","6.933532238006592","-2.4195945262908936","1.9512888888888889","0.0","216.76953125","1.5579964394289987","FOTO_LAYAR","SEDANG"
"2026-10-06T10:15:27.197115","22","2026-10-06T10:15:32.696973","1","0.9903543591499329","0.997727632522583","-0.6756927371025085","7.708491325378418","-2.963291645050049","1.7439348188254893","0.0","216.60444444444445","1.4814340733154725","FOTO_LAYAR","SEDANG"
"2026-10-06T10:15:27.197115","23","2026-10-06T10:15:32.818012","1","0.9898386597633362","0.998600959777832","-1.0214576721191406","6.652266025543213","-2.995387077331543","1.6834652228238236","0.0","216.45777777777778","1.4419876542683976","FOTO_LAYAR","SEDANG"
"2026-10-06T10:15:27.197115","24","2026-10-06T10:15:32.940097","1","0.9947605133056641","0.998312771320343","-0.35661581158638","7.008411884307861","-2.7809019088745117","1.7356246913580247","0.0","216.7610294117647","1.5547211209219503","FOTO_LAYAR","SEDANG"
"2026-10-06T10:15:27.197115","25","2026-10-06T10:15:33.069402","1","0.9947605133056641","0.9965211153030396","-0.028109392151236534","7.221934795379639","-3.0679726600646973","1.6295293627655143","0.0","217.09583333333333","1.364422700470677","FOTO_LAYAR","SEDANG"
"2026-10-06T10:15:27.197115","26","2026-10-06T10:15:33.181654","1","0.9961413145065308","0.9988862872123718","0.031110918149352074","6.651777744293213","-2.942800283432007","1.6741722199083715","0.0","217.13671875","1.378142493865724","FOTO_LAYAR","SEDANG"
"2026-10-06T10:15:27.197115","27","2026-10-06T10:15:33.301537","1","0.9956856369972229","0.9994485974311829","-0.5762434601783752","6.528298854827881","-2.788210868835449","1.6623281965847563","0.0","217.3046875","1.4418878345224186","FOTO_LAYAR","SEDANG"
"2026-10-06T10:15:27.197115","28","2026-10-06T10:15:33.421835","1","0.9952254295349121","0.9991688132286072","0.009273053146898746","6.754166126251221","-2.7398736476898193","1.3284829237817577","0.0","217.28125","1.380316426584861","FOTO_LAYAR","SEDANG"
"2026-10-06T10:15:27.197115","29","2026-10-06T10:15:33.542002","1","0.9956856369972229","0.998600959777832","-0.11361021548509598","6.567731857299805","-2.832319498062134","1.9788369429404413","0.0","216.6171875","1.4717182440412124","FOTO_LAYAR","SEDANG"
"2026-10-06T10:15:27.197115","30","2026-10-06T10:15:33.662818","1","0.9956856369972229","0.9974306225776672","0.5198444128036499","5.991976737976074","-2.952810764312744","1.952869135802469","0.0","216.34191176470588","1.48175448207678","FOTO_LAYAR","SEDANG"
"2026-10-06T10:15:27.197115","31","2026-10-06T10:15:33.784459","1","0.9974813461303711","0.9965211153030396","-0.41275525093078613","6.919644355773926","-2.7416903972625732","1.8300444444444446","0.0","216.9609375","1.4491503100416292","FOTO_LAYAR","SEDANG"
"2026-10-06T10:15:27.197115","32","2026-10-06T10:15:33.905999","1","0.9952254295349121","0.9971305727958679","0.07490552216768265","6.621616840362549","-2.8597631454467773","1.7669135802469136","0.0","217.52941176470588","1.455213750216086","FOTO_LAYAR","SEDANG"
"2026-10-06T10:15:27.197115","33","2026-10-06T10:15:34.029734","1","0.9965924024581909","0.998312771320343","-0.37285977602005005","7.091510772705078","-3.241518497467041","2.0556916099773246","0.0","217.7421875","1.373556593243886","FOTO_LAYAR","SEDANG"
"2026-10-06T10:15:27.197115","34","2026-10-06T10:15:34.145775","1","0.9928528666496277","0.998312771320343","-0.12059726566076279","6.324820518493652","-3.4505503177642822","1.5281777777777779","0.0","217.02734375","1.4290630039770595","FOTO_LAYAR","SEDANG"
"2026-10-06T10:15:27.197115","35","2026-10-06T10:15:34.274574","1","0.9938164353370667","0.997727632522583","-0.4241446852684021","6.498262405395508","-3.1094236373901367","1.4879209876543211","0.0","216.19921875","1.4642081954587052","FOTO_LAYAR","SEDANG"
"2026-10-06T10:15:27.197115","36","2026-10-06T10:15:34.391191","1","0.9928528666496277","0.998312771320343","-0.33503153920173645","6.561804294586182","-3.209061861038208","2.0259555555555555","0.0","215.796875","1.4703282743574646","FOTO_LAYAR","SEDANG"
"2026-10-06T10:15:27.197115","37","2026-10-06T10:15:34.507845","1","0.9952254295349121","0.9974306225776672","-0.1226242259144783","6.640620231628418","-3.311906576156616","2.2995358024691357","0.0","216.50390625","1.4469743402047381","FOTO_LAYAR","SEDANG"
"2026-10-06T10:15:27.197115","38","2026-10-06T10:15:34.612488","1","0.9947605133056641","0.997727632522583","-0.153554767370224","5.9822916984558105","-3.372389316558838","1.6236054421768709","0.0","217.24609375","1.4079796220865335","FOTO_LAYAR","SEDANG"
"2026-10-06T10:15:27.197115","39","2026-10-06T10:15:34.713490","1","0.9947605133056641","0.998312771320343","1.3959635496139526","6.244937896728516","-3.155099391937256","1.7504","0.0","217.51953125","1.4001985681586158","FOTO_LAYAR","SEDANG"
"2026-10-06T10:15:27.197115","40","2026-10-06T10:15:34.835793","1","0.9942908883094788","0.9974306225776672","0.4523240029811859","6.120275020599365","-3.323885440826416","1.9284673052894628","0.0","217.80078125","1.3532943654831484","FOTO_LAYAR","SEDANG"
"2026-10-06T10:15:27.197115","41","2026-10-06T10:15:34.959590","1","0.9903543591499329","0.9994485974311829","0.7304419279098511","6.217239856719971","-3.3406260013580322","1.5917326114119117","0.0","217.89583333333334","1.3453559524847467","FOTO_LAYAR","SEDANG"
"2026-10-06T10:15:27.197115","42","2026-10-06T10:15:35.076964","1","0.9942908883094788","0.9968274235725403","0.3797088861465454","5.977423191070557","-3.517475128173828","2.014655351936693","0.0","217.95703125","1.3926808451771846","FOTO_LAYAR","SEDANG"
"2026-10-06T10:15:27.197115","43","2026-10-06T10:15:35.198668","1","0.9952254295349121","0.998312771320343","-0.2400723099708557","6.957395553588867","-3.1276745796203613","1.6224","0.0","217.69921875","1.3804435481570543","FOTO_LAYAR","SEDANG"
"2026-10-06T10:15:27.197115","44","2026-10-06T10:15:35.323650","1","0.9942908883094788","0.9988862872123718","0.659429132938385","6.112329006195068","-3.4874181747436523","1.6496371882086167","0.0","216.39453125","1.413042406572937","FOTO_LAYAR","SEDANG"
"2026-10-06T10:15:27.197115","45","2026-10-06T10:15:35.440292","1","0.9947605133056641","0.9861172437667847","0.204445019364357","6.89525842666626","-2.9511020183563232","2.03998024691358","0.0","215.671875","1.4583240327084375","FOTO_LAYAR","SEDANG"
"2026-10-06T10:15:27.197115","46","2026-10-06T10:15:35.562967","1","0.9942908883094788","0.9974306225776672","-0.35909900069236755","7.533987522125244","-3.0604639053344727","1.346938775510204","0.0","215.19140625","1.427439104641924","FOTO_LAYAR","SEDANG"
"2026-10-06T10:15:27.197115","47","2026-10-06T10:15:35.677801","1","0.9961413145065308","0.998312771320343","1.0391974449157715","6.448391914367676","-2.876621723175049","2.0164533268928873","0.0","215.21333333333334","1.3852556924027708","FOTO_LAYAR","SEDANG"
"2026-10-06T10:15:27.197115","48","2026-10-06T10:15:35.798809","1","0.9947605133056641","0.9847822189331055","0.381761759519577","7.0488433837890625","-2.7008349895477295","1.7696232339089482","0.0","215.83555555555554","1.387108191817188","FOTO_LAYAR","SEDANG"
"2026-10-06T10:15:27.197115","49","2026-10-06T10:15:35.915845","1","0.9952254295349121","0.9354024529457092","-0.4339454174041748","7.050668716430664","-2.8358800411224365","1.3271244004061482","0.0","216.70222222222222","1.3384051684979439","FOTO_LAYAR","SEDANG"
"2026-10-06T10:15:27.197115","50","2026-10-06T10:15:36.044429","1","0.9956856369972229","0.99802166223526","-0.10356472432613373","6.935844898223877","-2.84429931640625","2.0200458881777563","0.0","217.68","1.3249067053087484","FOTO_LAYAR","SEDANG"
"2026-10-06T10:15:27.197115","51","2026-10-06T10:15:36.157750","1","0.9933371543884277","0.99802166223526","-0.246970072388649","6.530697345733643","-2.9041473865509033","1.6802318560560319","0.0","218.0","1.3399834161483901","FOTO_LAYAR","SEDANG"
"2026-10-06T10:15:27.197115","52","2026-10-06T10:15:36.278567","1","0.9956856369972229","0.9958990216255188","0.09477420151233673","6.276204586029053","-2.73846697807312","1.7397698875468557","0.0","217.94166666666666","1.383207825630011","FOTO_LAYAR","SEDANG"
"2026-10-06T10:15:27.197115","53","2026-10-06T10:15:36.409915","1","0.9928528666496277","0.9968274235725403","-0.08862212300300598","5.727442264556885","-2.543461322784424","1.5752551020408163","0.0","217.94583333333333","1.4263821269991015","FOTO_LAYAR","SEDANG"
"2026-10-06T10:15:27.197115","54","2026-10-06T10:15:36.521277","1","0.9942908883094788","0.998312771320343","0.7699561715126038","5.868407249450684","-2.6850547790527344","1.7135308204914619","0.0","217.7422222222222","1.3647122429940706","FOTO_LAYAR","SEDANG"
"2026-10-06T10:15:27.197115","55","2026-10-06T10:15:36.650624","1","0.9947605133056641","0.9965211153030396","-0.712926983833313","6.952206134796143","-2.4227898120880127","1.8876509787588505","0.0","216.51953125","1.4549247507254242","FOTO_LAYAR","SEDANG"
"2026-10-06T10:15:27.197115","56","2026-10-06T10:15:36.788574","1","0.9952254295349121","0.9971305727958679","-0.5920170545578003","6.178920745849609","-2.69608211517334","1.7228238234069138","0.0","215.80833333333334","1.459428160465095","FOTO_LAYAR","SEDANG"
"2026-10-06T10:15:27.197115","57","2026-10-06T10:15:36.927349","1","0.9868497848510742","0.997727632522583","0.49496424198150635","5.9350199699401855","-3.091139316558838","1.6810703873386088","0.0","215.09375","1.4707433282187616","FOTO_LAYAR","SEDANG"
"2026-10-06T10:15:27.197115","58","2026-10-06T10:15:37.043710","1","0.9947605133056641","0.998600959777832","0.502140998840332","6.653666019439697","-2.584714651107788","2.1995061728395062","0.0","215.82421875","1.4751719229121865","FOTO_LAYAR","SEDANG"
"2026-10-06T10:15:27.197115","59","2026-10-06T10:15:37.174170","1","0.9942908883094788","0.997727632522583","0.16047486662864685","5.666162014007568","-2.5149447917938232","1.8241097459391922","0.0","216.9125","1.3981572694104332","FOTO_LAYAR","SEDANG"
"2026-10-06T10:15:27.197115","60","2026-10-06T10:15:37.289612","1","0.9947605133056641","0.998312771320343","-0.19697360694408417","6.600964069366455","-2.566688060760498","1.8922063723448563","0.0","218.08984375","1.426498107459641","FOTO_LAYAR","SEDANG"
"2026-10-06T10:15:27.197115","61","2026-10-06T10:15:37.410784","1","0.9942908883094788","0.9952638149261475","0.48188844323158264","6.555210113525391","-2.4787588119506836","1.6056098765432099","0.0","218.42578125","1.445074938246608","FOTO_LAYAR","SEDANG"
"2026-10-06T10:15:27.197115","62","2026-10-06T10:15:37.532740","1","0.9952254295349121","0.998312771320343","0.1385141909122467","7.062126636505127","-2.481471300125122","1.6888098765432098","0.0","218.25390625","1.4530357415462765","FOTO_LAYAR","SEDANG"
"2026-10-06T10:15:27.197115","63","2026-10-06T10:15:37.670372","1","0.9877196550369263","0.9929311275482178","-0.4015398621559143","6.657406330108643","-1.5126396417617798","1.6375208246563933","0.0","217.89333333333335","1.4838987686312306","FOTO_LAYAR","SEDANG"
"2026-10-06T10:15:27.197115","64","2026-10-06T10:15:37.778557","1","0.9898386597633362","0.998312771320343","-0.2211843878030777","6.857757091522217","-1.6171538829803467","1.5443436854451873","0.0","217.58666666666667","1.5181275015980016","FOTO_LAYAR","SEDANG"
"2026-10-06T10:15:27.197115","65","2026-10-06T10:15:37.892094","1","0.9887905716896057","0.9971305727958679","0.36198753118515015","6.0996222496032715","-1.7230408191680908","1.5438098708871304","0.0","216.54296875","1.512354517473809","FOTO_LAYAR","SEDANG"
"2026-10-06T10:15:27.197115","66","2026-10-06T10:15:38.012680","1","0.9961413145065308","0.9968274235725403","-0.5140705108642578","6.529391765594482","-2.3848555088043213","1.6308952767760232","0.0","215.26530612244898","1.396431460779089","FOTO_LAYAR","SEDANG"
"2026-10-06T10:15:27.197115","67","2026-10-06T10:15:38.132635","1","0.9898386597633362","0.9358671307563782","0.018298091366887093","6.543859958648682","-2.8679161071777344","1.3751301541024574","0.0","214.11555555555555","1.6316257135564882","FOTO_LAYAR","SEDANG"
"2026-10-06T10:15:27.197115","68","2026-10-06T10:15:38.331795","1","0.9965924024581909","0.937804639339447","-0.5423875451087952","7.006850242614746","-4.2136101722717285","1.3211942940441483","0.0","214.11555555555555","1.6343473798528405","FOTO_LAYAR","SEDANG"
"2026-10-06T10:15:27.197115","69","2026-10-06T10:15:38.671361","1","0.9942908883094788","0.9974306225776672","-0.5196674466133118","6.1299896240234375","-3.6467134952545166","1.5775283446712018","0.0","214.6171875","1.820547195170658","FOTO_LAYAR","SEDANG"
"2026-10-06T10:15:42.779105","1","2026-10-06T10:15:45.387103","1","0.7024589776992798","0.44997191429138184","1.8469513654708862","5.840287685394287","-12.278199195861816","1.1450617283950617","0.0","191.14285714285714","0.811272620831356","FOTO_LAYAR","JAUH"
"2026-10-06T10:15:42.779105","2","2026-10-06T10:15:45.487127","1","0.2554110884666443","0.3133024573326111","0.14867441356182098","2.6491425037384033","-8.804091453552246","2.0549770928779676","0.0","191.15277777777777","0.9669499904099287","FOTO_LAYAR","JAUH"
"2026-10-06T10:15:42.779105","3","2026-10-06T10:15:45.591309","1","0.21113640069961548","0.6832545399665833","1.1291358470916748","5.1253156661987305","-9.034259796142578","2.0341524364847983","0.0","191.37037037037038","0.9355059955748253","FOTO_LAYAR","JAUH"
"2026-10-06T10:15:42.779105","4","2026-10-06T10:15:45.722012","1","0.15823310613632202","0.12644684314727783","1.7190340757369995","4.506932258605957","-8.504963874816895","2.193558673469388","0.0","191.62962962962962","0.895040442492964","FOTO_LAYAR","JAUH"
"2026-10-06T10:15:42.779105","5","2026-10-06T10:15:45.855299","1","0.1407354474067688","0.17585158348083496","-1.33187735080719","5.626608848571777","-8.31067943572998","1.168679716784673","0.0","192.15625","0.6896273903348097","FOTO_LAYAR","JAUH"
"2026-10-06T10:15:42.779105","6","2026-10-06T10:15:45.991365","1","0.5394124984741211","0.18071043491363525","0.5257238745689392","5.215647220611572","-3.774838924407959","1.836734693877551","0.0","192.17283950617283","0.6811414431696144","FOTO_LAYAR","JAUH"
"2026-10-06T10:15:42.779105","7","2026-10-06T10:15:46.104244","1","0.029205143451690674","0.025484859943389893","0.03989440202713013","2.683023452758789","-3.019037961959839","2.8713036234902125","0.0","194.84375","0.592102978796763","FOTO_LAYAR","JAUH"
"2026-10-06T10:15:42.779105","8","2026-10-06T10:15:46.222463","1","0.6233029365539551","0.02456045150756836","0.7022037506103516","4.078061103820801","-2.58382511138916","2.09829237817576","0.0","198.8148148148148","0.5689737591010275","FOTO_LAYAR","JAUH"
"2026-10-06T10:15:42.779105","9","2026-10-06T10:15:46.395508","1","0.0873914361000061","0.4685542583465576","-0.27156126499176025","4.887065410614014","-2.658968687057495","1.1820074968763015","0.0","200.14814814814815","0.5468452985249089","FOTO_LAYAR","JAUH"
"2026-10-06T10:15:42.779105","10","2026-10-06T10:15:46.507729","1","0.4603421688079834","0.012393414974212646","-1.3670817613601685","4.55963134765625","-4.259374618530273","2.224073302790504","0.0","200.578125","0.6073684914242753","FOTO_LAYAR","JAUH"
"2026-10-06T10:15:42.779105","11","2026-10-06T10:15:46.625712","1","0.1118159294128418","0.047746360301971436","0.10518420487642288","4.175650119781494","-2.5942814350128174","0.8504789670970428","0.0","199.97530864197532","0.520572065234877","FOTO_LAYAR","JAUH"
"2026-10-06T10:15:42.779105","12","2026-10-06T10:15:46.747462","1","0.5554949641227722","0.025947093963623047","0.47146737575531006","4.132103443145752","-4.030542373657227","1.8300708038317368","0.0","199.23456790123456","0.5504567113566056","FOTO_LAYAR","JAUH"
"2026-10-06T10:15:42.779105","13","2026-10-06T10:15:46.868716","1","0.060685038566589355","0.021787047386169434","0.07712497562170029","5.642218112945557","-4.0837626457214355","1.1187005414410662","0.0","198.98765432098764","0.5554183644034484","FOTO_LAYAR","JAUH"
"2026-10-06T10:15:42.779105","14","2026-10-06T10:15:46.988225","1","0.5211077928543091","0.22126847505569458","-1.7543113231658936","6.264688491821289","-3.8117833137512207","1.0956632653061225","0.0","198.92592592592592","0.583259842522311","FOTO_LAYAR","JAUH"
"2026-10-06T10:15:42.779105","15","2026-10-06T10:15:47.109776","1","0.8947855234146118","0.1860300898551941","-0.5566572546958923","5.183801174163818","-5.113781929016113","0.847412109375","0.0","198.1851851851852","0.5468452985249089","FOTO_LAYAR","JAUH"
"2026-10-06T10:15:42.779105","16","2026-10-06T10:15:47.229302","1","0.8997346758842468","0.029933273792266846","-1.022141933441162","6.642369270324707","-5.563006401062012","1.90625","0.0","197.79012345679013","0.6797975258184913","FOTO_LAYAR","JAUH"
"2026-10-06T10:15:42.779105","17","2026-10-06T10:15:47.334446","1","0.46944624185562134","0.029933273792266846","0.2162262201309204","3.489884376525879","-5.969825267791748","1.43359375","0.0","197.66666666666666","0.7027283689298217","FOTO_LAYAR","JAUH"
"2026-10-06T10:15:42.779105","18","2026-10-06T10:15:47.441391","1","0.9485522508621216","0.5810842514038086","0.12084800750017166","4.835211753845215","-5.70553731918335","2.015380859375","0.0","197.50617283950618","0.8479962844978104","FOTO_LAYAR","JAUH"
"2026-10-06T10:15:42.779105","19","2026-10-06T10:15:47.550893","1","0.14356094598770142","0.18071043491363525","0.30526185035705566","5.096343517303467","-5.6944451332092285","1519.0195751770095","0.14285714285714285","181.45679012345678","41.577252025512564","FOTO_LAYAR","JAUH"
"2026-10-06T10:15:42.779105","20","2026-10-06T10:15:47.672326","1","0.7952913045883179","0.36242806911468506","0.6836094856262207","6.027367115020752","-5.448989391326904","4566.8583984375","0.34375","154.76543209876544","69.81231834507805","FOTO_LAYAR","JAUH"
"2026-10-06T10:15:42.779105","21","2026-10-06T10:15:47.794037","1","0.5816861391067505","0.0208626389503479","0.04027577117085457","5.050024032592773","-5.782035827636719","2513.124755859375","0.390625","147.63","65.50109235730349","FOTO_LAYAR","JAUH"
"2026-10-06T10:15:42.779105","22","2026-10-06T10:15:47.912546","1","0.5394124984741211","0.9457477331161499","0.08224842697381973","4.381886959075928","-6.443356037139893","4900.703125","0.5","147.38","65.82655695082343","FOTO_LAYAR","JAUH"
"2026-10-06T10:15:42.779105","23","2026-10-06T10:15:48.034873","1","0.15179461240768433","0.0208626389503479","0.09174779802560806","6.147925853729248","-5.6535258293151855","7251.663818359375","0.46875","142.77777777777777","70.14790371109981","FOTO_LAYAR","JAUH"
"2026-10-06T10:15:42.779105","24","2026-10-06T10:15:48.156793","1","0.15394079685211182","0.26849472522735596","-0.14449965953826904","5.08061408996582","-6.6059160232543945","5296.33984375","0.53125","143.24","66.23233651321682","FOTO_LAYAR","JAUH"
"2026-10-06T10:15:42.779105","25","2026-10-06T10:15:48.325842","1","0.43315184116363525","0.6911184787750244","-0.3583543300628662","4.276549816131592","-6.712863445281982","1641.122802734375","0.515625","107.12","65.6189423870882","FOTO_LAYAR","JAUH"
"2026-10-06T10:15:42.779105","26","2026-10-06T10:15:48.438049","1","0.9956856369972229","0.886478841304779","-0.8331226706504822","5.708395957946777","-6.622686386108398","5036.941015089164","0.49382716049382713","72.59","61.78302274897207","FOTO_LAYAR","JAUH"
"2026-10-06T10:15:42.779105","27","2026-10-06T10:15:48.558202","1","0.9952254295349121","0.9354024529457092","0.2237555980682373","5.360073566436768","-6.412094593048096","5234.537722908094","0.4444444444444444","68.54","62.1732128814331","FOTO_LAYAR","JAUH"
"2026-10-06T10:15:42.779105","28","2026-10-06T10:15:48.678471","1","0.7024589776992798","0.41945070028305054","-1.6354994773864746","6.348180770874023","-6.637632846832275","5036.854442920287","0.4567901234567901","108.19090909090909","67.16228588000932","FOTO_LAYAR","JAUH"
"2026-10-06T10:15:42.779105","29","2026-10-06T10:15:48.800135","1","0.9965924024581909","0.9735729098320007","-0.331659197807312","6.0203118324279785","-6.639887809753418","7227.388507849413","0.48148148148148145","110.08","67.04486259214795","FOTO_LAYAR","JAUH"
"2026-10-06T10:15:42.779105","30","2026-10-06T10:15:48.921496","1","0.9022865295410156","0.9351650476455688","-0.3280313014984131","6.682767868041992","-6.396859169006348","5742.099070263679","0.49382716049382713","102.86","65.69018495939861","FOTO_LAYAR","JAUH"
"2026-10-06T10:15:42.779105","31","2026-10-06T10:15:49.042983","1","0.8947855234146118","0.24035435914993286","-0.35330039262771606","4.802074432373047","-7.38635778427124","4912.324950464868","0.49382716049382713","91.17","60.62657090748247","FOTO_LAYAR","JAUH"
"2026-10-06T10:15:42.779105","32","2026-10-06T10:15:49.161233","1","0.8186739683151245","0.012393414974212646","-0.16658300161361694","3.9367518424987793","-6.6431756019592285","5643.340039628106","0.3950617283950617","80.29752066115702","62.30299790196205","FOTO_LAYAR","JAUH"
"2026-10-06T10:15:42.779105","33","2026-10-06T10:15:49.287082","1","0.9861093163490295","0.936539888381958","-1.0226775407791138","5.815882682800293","-6.6664605140686035","6035.886907483615","0.48148148148148145","75.61","60.36023442631746","FOTO_LAYAR","JAUH"
"2026-10-06T10:15:42.779105","34","2026-10-06T10:15:49.402551","1","0.9022865295410156","0.008479773998260498","0.9876530170440674","3.7645864486694336","-7.3022379875183105","4152.015625","0.5","88.57","61.52450812481154","FOTO_LAYAR","JAUH"
"2026-10-06T10:15:42.779105","35","2026-10-06T10:15:49.523493","1","0.29744672775268555","0.11680018901824951","-1.7760591506958008","6.281186580657959","-7.213103294372559","3914.6285627190978","0.5185185185185185","88.66363636363636","63.565753683271275","FOTO_LAYAR","JAUH"
"2026-10-06T10:15:42.779105","36","2026-10-06T10:15:49.644836","1","0.9845510721206665","0.8650642037391663","-1.5679739713668823","5.941439628601074","-6.513144016265869","5558.205555555555","0.3333333333333333","79.10743801652893","64.60762711836732","FOTO_LAYAR","JAUH"
"2026-10-06T10:15:42.779105","37","2026-10-06T10:15:49.767302","1","0.9510332942008972","0.22126847505569458","-0.12253013998270035","4.671604633331299","-7.463199138641357","4759.4459","0.37","76.68595041322314","64.10425819172696","FOTO_LAYAR","JAUH"
"2026-10-06T10:15:42.779105","38","2026-10-06T10:15:49.885811","1","0.059361934661865234","0.02456045150756836","0.738761305809021","4.942985534667969","-6.7375078201293945","3385.1287913427827","0.345679012345679","72.32231404958678","62.928953101468544","FOTO_LAYAR","JAUH"
"2026-10-06T10:15:42.779105","39","2026-10-06T10:15:50.133133","1","0.9952254295349121","0.937804639339447","-0.764566957950592","5.895914554595947","-4.841427803039551","1279.7890565462583","0.2345679012345679","71.52892561983471","66.26082626403638","FOTO_LAYAR","JAUH"
"2026-10-06T10:15:42.779105","40","2026-10-06T10:15:50.246635","1","0.7338244915008545","0.675443172454834","-0.6590189933776855","5.785963535308838","-4.443594932556152","1629.1251333638163","0.20987654320987653","88.43","75.77456763321054","FOTO_LAYAR","JAUH"
"2026-10-06T10:15:42.779105","41","2026-10-06T10:15:50.371005","1","0.9492247700691223","0.08343684673309326","0.7915235161781311","5.0928544998168945","-5.716036796569824","900.8148148148149","0.14814814814814814","93.53","67.11355377269184","FOTO_LAYAR","JAUH"
"2026-10-06T10:15:42.779105","42","2026-10-06T10:15:50.500268","1","0.08553206920623779","0.022711515426635742","1.5234423875808716","6.261824131011963","-5.501849174499512","660.1942515432098","0.1388888888888889","80.12","57.82201656808589","FOTO_LAYAR","JAUH"
"2026-10-06T10:15:42.779105","43","2026-10-06T10:15:50.618195","1","0.9877196550369263","0.6702355742454529","-1.2865344285964966","4.969592094421387","-6.119946479797363","2341.18359375","0.21875","98.03333333333333","68.85111957453319","FOTO_LAYAR","JAUH"
"2026-10-06T10:15:42.779105","44","2026-10-06T10:15:50.738868","1","0.9503150582313538","0.15379184484481812","-1.0058352947235107","5.665615558624268","-4.2538275718688965","1700.062255859375","0.171875","75.73333333333333","67.89432966014172","FOTO_LAYAR","JAUH"
"2026-10-06T10:15:42.779105","45","2026-10-06T10:15:50.853886","1","0.7466771602630615","0.022711515426635742","0.24471217393875122","5.4063286781311035","-3.780609369277954","1929.6473098613017","0.1728395061728395","59.89090909090909","57.72369065479024","FOTO_LAYAR","JAUH"
"2026-10-06T10:15:42.779105","46","2026-10-06T10:15:50.980359","1","0.9928528666496277","0.41945070028305054","0.11173424124717712","3.89117693901062","-4.606269836425781","959.1630859375","0.1875","58.68","51.166176327726504","FOTO_LAYAR","JAUH"
"2026-10-06T10:15:42.779105","47","2026-10-06T10:15:51.097306","1","0.8114630579948425","0.6528555154800415","-0.1183551549911499","4.089188098907471","-6.0553436279296875","1119.277853985673","0.13580246913580246","61.52","53.21418607852609","FOTO_LAYAR","JAUH"
"2026-10-06T10:15:42.779105","48","2026-10-06T10:15:51.222593","1","0.04767268896102905","0.022711515426635742","0.5354233980178833","4.751809120178223","-5.610495567321777","1846.654052734375","0.25","73.24","53.88935330842263","FOTO_LAYAR","JAUH"
"2026-10-06T10:15:42.779105","49","2026-10-06T10:15:51.344183","1","0.5857317447662354","0.3133024573326111","-0.010790403932332993","4.403241157531738","-6.467505931854248","1744.562255859375","0.203125","78.37037037037037","57.915955379473345","FOTO_LAYAR","JAUH"
"2026-10-06T10:15:42.779105","50","2026-10-06T10:15:51.453576","1","0.9933371543884277","0.9371852278709412","-0.5047986507415771","4.925224304199219","-7.19648551940918","749.388427734375","0.15625","79.08641975308642","52.591413074352175","FOTO_LAYAR","JAUH"
"2026-10-06T10:15:42.779105","51","2026-10-06T10:15:51.574286","1","0.8898150324821472","0.15379184484481812","-0.5090837478637695","5.128017902374268","-6.5978169441223145","531.376708984375","0.203125","73.27","47.706572922397186","FOTO_LAYAR","JAUH"
"2026-10-06T10:15:42.779105","52","2026-10-06T10:15:51.703330","1","0.092304527759552","0.8684090375900269","-0.2951035499572754","2.4348535537719727","-7.796997547149658","772.7412109375","0.140625","74.58","47.60928060788149","FOTO_LAYAR","JAUH"
"2026-10-06T10:15:42.779105","53","2026-10-06T10:15:51.819436","1","0.2853690981864929","0.5513277649879456","0.21305333077907562","4.807358264923096","-7.108023166656494","1529.93359375","0.1875","73.36","46.5700590508537","FOTO_LAYAR","JAUH"
"2026-10-06T10:15:42.779105","54","2026-10-06T10:15:51.944298","1","0.8898150324821472","0.3513319492340088","0.13100339472293854","4.574855804443359","-6.54189920425415","871.263427734375","0.15625","72.73","48.31953124772631","FOTO_LAYAR","JAUH"
"2026-10-06T10:15:42.779105","55","2026-10-06T10:15:52.066933","1","0.9942908883094788","0.3970256447792053","-0.07910281419754028","5.447836875915527","-5.844776153564453","1278.238037109375","0.125","72.16","47.557274942956944","FOTO_LAYAR","JAUH"
"2026-10-06T10:15:42.779105","56","2026-10-06T10:15:52.181730","1","0.4603421688079834","0.5363578200340271","0.3542412519454956","4.522834777832031","-6.546371936798096","1775.156635802469","0.2361111111111111","70.41","45.94999347116385","FOTO_LAYAR","JAUH"
"2026-10-06T10:15:42.779105","57","2026-10-06T10:15:52.303308","1","0.14356094598770142","0.2589155435562134","0.04746631532907486","4.0551958084106445","-6.772513389587402","1492.8701774691358","0.25","71.85","45.60644143100842","FOTO_LAYAR","JAUH"
"2026-10-06T10:15:42.779105","58","2026-10-06T10:15:52.478839","1","0.9445556402206421","0.042649805545806885","-0.05003049224615097","5.407262802124023","-5.735658645629883","854.0121527777778","0.2361111111111111","72.69","41.79059583207687","FOTO_LAYAR","JAUH"
"2026-10-06T10:15:42.779105","59","2026-10-06T10:15:52.583389","1","0.9503150582313538","0.12001985311508179","-0.3079781234264374","5.932844161987305","-5.777146339416504","827.1757330246913","0.20833333333333334","73.2","41.16138967527699","FOTO_LAYAR","JAUH"
"2026-10-06T10:15:42.779105","60","2026-10-06T10:15:52.703542","1","0.18340229988098145","0.026871562004089355","0.5614356398582458","6.162845134735107","-6.039074420928955","879.7333984375","0.25","71.27777777777777","40.081868380098086","FOTO_LAYAR","JAUH"
"2026-10-06T10:15:42.779105","61","2026-10-06T10:15:52.832195","1","0.7466771602630615","0.1860300898551941","-0.36161622405052185","5.052725791931152","-7.980625629425049","620.99609375","0.109375","72.69","37.33006697020514","FOTO_LAYAR","JAUH"
"2026-10-06T10:15:42.779105","62","2026-10-06T10:15:52.947340","1","0.5554949641227722","0.32518619298934937","-0.08634484559297562","5.024990081787109","-7.2161054611206055","1517.7442463039172","0.14814814814814814","71.75","39.24751584495508","FOTO_LAYAR","JAUH"
"2026-10-06T10:15:42.779105","63","2026-10-06T10:15:53.063662","1","0.9514423608779907","0.02733379602432251","0.6078537702560425","5.918735504150391","-5.696286201477051","660.691162109375","0.234375","72.77777777777777","39.84435768720804","FOTO_LAYAR","JAUH"
"2026-10-06T10:15:42.779105","64","2026-10-06T10:15:53.193018","1","0.8186739683151245","0.02456045150756836","0.19488956034183502","4.449029445648193","-6.101161956787109","941.720458984375","0.171875","79.57777777777778","39.66890127537012","FOTO_LAYAR","JAUH"
"2026-10-06T10:15:42.779105","65","2026-10-06T10:15:53.312832","1","0.1954095959663391","0.019214868545532227","0.1908634603023529","5.817861080169678","-4.164447784423828","927.6552734375","0.15625","78.16666666666667","41.07209109196494","FOTO_LAYAR","JAUH"
"2026-10-06T10:15:42.779105","66","2026-10-06T10:15:53.435098","1","0.9503150582313538","0.02733379602432251","0.018211500719189644","6.88960599899292","-3.155606985092163","1766.1201036427376","0.25925925925925924","77.53","51.7485178531714","FOTO_LAYAR","JAUH"
"2026-10-06T10:15:42.779105","67","2026-10-06T10:15:53.577511","1","0.9965924024581909","0.02456045150756836","1.9881597757339478","5.740095615386963","-2.7742316722869873","1899.7698521566833","0.30864197530864196","76.37","50.61554207948383","FOTO_LAYAR","JAUH"
"2026-10-06T10:15:42.779105","68","2026-10-06T10:15:53.716792","1","0.601551353931427","0.6025388240814209","-1.8960260152816772","6.056248188018799","-2.022268533706665","817.8695987654321","0.16666666666666666","71.95","48.01486748914339","FOTO_LAYAR","JAUH"
"2026-10-06T10:15:42.779105","69","2026-10-06T10:15:53.835115","1","0.012776970863342285","0.15379184484481812","-1.6130510568618774","5.270401477813721","-2.109961986541748","837.5615234375","0.203125","69.25","48.3229500341194","FOTO_LAYAR","JAUH"
"2026-10-06T10:15:42.779105","70","2026-10-06T10:15:53.957115","1","0.9970390796661377","0.2128179669380188","0.9939810633659363","4.243658065795898","-2.8101155757904053","921.6537113244932","0.20987654320987653","73.4","50.744063692219214","FOTO_LAYAR","JAUH"
"2026-10-06T10:15:42.779105","71","2026-10-06T10:15:54.079849","1","0.17988473176956177","0.023173749446868896","-0.5760291814804077","4.733880519866943","-2.0637028217315674","866.1097393689986","0.2345679012345679","76.62","53.37429718506839","FOTO_LAYAR","JAUH"
"2026-10-06T10:15:42.779105","72","2026-10-06T10:15:54.191099","1","0.04767268896102905","0.026871562004089355","-0.6314042210578918","6.368606090545654","-2.2074782848358154","673.2098765432099","0.18518518518518517","79.15","55.220354037256946","FOTO_LAYAR","JAUH"
"2026-10-06T10:15:42.779105","73","2026-10-06T10:15:54.320300","1","0.9485522508621216","0.6937435865402222","-0.9641314148902893","6.2730278968811035","-2.0045042037963867","716.1146166742875","0.19753086419753085","81.97","55.51296335091472","FOTO_LAYAR","JAUH"
"2026-10-06T10:15:42.779105","74","2026-10-06T10:15:54.441266","1","0.9992077946662903","0.08612668514251709","0.9904062747955322","4.149695873260498","-2.277662754058838","1181.9427083333333","0.16666666666666666","79.95","53.1662251810301","FOTO_LAYAR","JAUH"
"2026-10-06T10:15:42.779105","75","2026-10-06T10:15:54.553419","1","0.9515752792358398","0.27962368726730347","0.10607478767633438","4.095860481262207","-3.472780227661133","1111.2152777777778","0.1388888888888889","90.33","55.5902968151817","FOTO_LAYAR","JAUH"
"2026-10-06T10:15:42.779105","76","2026-10-06T10:15:54.673270","1","0.03877866268157959","0.1860300898551941","-1.2856394052505493","5.2946248054504395","-3.4359052181243896","1229.577880859375","0.171875","99.04","59.27696348498292","FOTO_LAYAR","JAUH"
"2026-10-06T10:15:42.779105","77","2026-10-06T10:15:54.803837","1","0.026467084884643555","0.6702355742454529","-0.25671151280403137","5.221920490264893","-4.965478420257568","1028.804443359375","0.203125","88.61111111111111","54.69200519361824","FOTO_LAYAR","JAUH"
"2026-10-06T10:15:42.779105","78","2026-10-06T10:15:54.921781","1","0.245616614818573","0.08343684673309326","0.27550679445266724","4.539091110229492","-2.715653896331787","1048.7333984375","0.140625","89.28","55.734743203858045","FOTO_LAYAR","JAUH"
"2026-10-06T10:15:42.779105","79","2026-10-06T10:15:55.037628","1","0.9913694858551025","0.026871562004089355","-0.05264313519001007","4.543686389923096","-3.487785577774048","1339.089599609375","0.125","92.01","55.14752850309793","FOTO_LAYAR","JAUH"
"2026-10-06T10:15:42.779105","80","2026-10-06T10:15:55.158917","1","0.2853690981864929","0.6025388240814209","-0.5607681274414062","6.492458820343018","-3.8460683822631836","845.9079408626734","0.14814814814814814","87.26","53.23281318885937","FOTO_LAYAR","JAUH"
"2026-10-06T10:15:42.779105","81","2026-10-06T10:15:55.286279","1","0.9928528666496277","0.02363598346710205","0.5643005967140198","5.3412556648254395","-4.461799621582031","807.6296296296297","0.1111111111111111","100.69","58.409536036506914","FOTO_LAYAR","JAUH"
"2026-10-06T10:15:42.779105","82","2026-10-06T10:15:55.529862","1","0.044218361377716064","0.026871562004089355","0.6829370856285095","4.500542640686035","-5.312729835510254","661.0362654320987","0.16666666666666666","96.39","60.66974451899398","FOTO_LAYAR","JAUH"
"2026-10-06T10:15:42.779105","83","2026-10-06T10:15:55.641779","1","0.05539274215698242","0.02363598346710205","0.17188145220279694","3.911304473876953","-6.253950595855713","1475.71484375","0.21875","90.58","59.415684797871336","FOTO_LAYAR","JAUH"
"2026-10-06T10:15:42.779105","84","2026-10-06T10:15:55.772999","1","0.19043755531311035","0.024098217487335205","0.6071727871894836","6.164984226226807","-5.618758678436279","1160.3907940862673","0.18518518518518517","94.03","59.7215965962063","FOTO_LAYAR","JAUH"
"2026-10-06T10:15:42.779105","85","2026-10-06T10:15:55.889290","1","0.9825901985168457","0.12644684314727783","0.23165127635002136","5.676251411437988","-6.191161632537842","1310.1740588324951","0.13580246913580246","95.28","57.103779209435864","FOTO_LAYAR","JAUH"
"2026-10-06T10:15:42.779105","86","2026-10-06T10:15:56.010468","1","0.15179461240768433","0.026871562004089355","0.07009399682283401","3.6576554775238037","-6.6214280128479","1369.068115234375","0.09375","82.21111111111111","43.0357717988302","FOTO_LAYAR","JAUH"
"2026-10-06T10:15:42.779105","87","2026-10-06T10:15:56.124118","1","0.8997346758842468","0.021324872970581055","-0.48628464341163635","5.084640026092529","-7.276962757110596","1554.6396484375","0.140625","80.6","44.91295284584765","FOTO_LAYAR","JAUH"
"2026-10-06T10:15:42.779105","88","2026-10-06T10:15:56.255532","1","0.21113640069961548","0.025947093963623047","-0.20220822095870972","5.245443820953369","-8.258167266845703","677.788818359375","0.140625","86.61728395061728","54.46021719402712","FOTO_LAYAR","JAUH"
"2026-10-06T10:15:42.779105","89","2026-10-06T10:15:56.364004","1","0.9903543591499329","0.025484859943389893","0.5650925040245056","6.1633734703063965","-8.537968635559082","1517.392333984375","0.203125","88.78","59.622073093779626","FOTO_LAYAR","JAUH"
"2026-10-06T10:15:42.779105","90","2026-10-06T10:15:56.497421","1","0.947841465473175","0.8650642037391663","-0.10910416394472122","7.179923057556152","-7.9098734855651855","1708.3505859375","0.234375","90.77","59.113933213752574","FOTO_LAYAR","JAUH"
"2026-10-06T10:15:42.779105","91","2026-10-06T10:15:56.638687","1","0.9510332942008972","0.6025388240814209","-0.1352805346250534","7.014621734619141","-7.021876335144043","1475.712646484375","0.21875","95.34444444444445","61.06611373678187","FOTO_LAYAR","JAUH"
"2026-10-06T10:15:42.779105","92","2026-10-06T10:15:56.776616","1","0.7684621810913086","0.3513319492340088","-0.2531038820743561","6.8254170417785645","-7.765291213989258","867.679443359375","0.203125","95.73","62.67564997668551","FOTO_LAYAR","JAUH"
"2026-10-06T10:15:42.779105","93","2026-10-06T10:15:56.891297","1","0.026467084884643555","0.26849472522735596","-0.68549644947052","4.332136154174805","-9.153416633605957","326.140380859375","0.140625","90.81481481481481","50.15731083206096","FOTO_LAYAR","JAUH"
"2026-10-06T10:15:42.779105","94","2026-10-06T10:15:57.009983","1","0.9913694858551025","0.0208626389503479","-0.19288845360279083","5.504918098449707","-8.701849937438965","421.65625","0.09375","94.08","54.32691414023071","FOTO_LAYAR","JAUH"
"2026-10-06T10:15:42.779105","95","2026-10-06T10:15:57.139429","1","0.8049881458282471","0.026871562004089355","-0.31541216373443604","3.844677448272705","-9.169679641723633","1424.125","0.15625","97.34444444444445","50.068211496608654","FOTO_LAYAR","JAUH"
"2026-10-06T10:15:42.779105","96","2026-10-06T10:15:57.259615","1","0.9493870735168457","0.77680504322052","0.15278762578964233","6.866785049438477","-7.698265552520752","1015.3427734375","0.140625","94.52222222222223","48.56295519512739","FOTO_LAYAR","JAUH"
"2026-10-06T10:15:42.779105","97","2026-10-06T10:15:57.381368","1","0.7634485363960266","0.08343684673309326","-1.1614001989364624","7.436858654022217","-7.822964191436768","1065.741943359375","0.171875","86.4","42.23884468116995","FOTO_LAYAR","JAUH"
"2026-10-06T10:15:42.779105","98","2026-10-06T10:15:57.498462","1","0.14638656377792358","0.8734263181686401","-0.6661615967750549","4.956201076507568","-7.8506693840026855","1232.6875","0.109375","87.7","41.910977082382594","FOTO_LAYAR","JAUH"
"2026-10-06T10:15:42.779105","99","2026-10-06T10:15:57.619463","1","0.13616210222244263","0.6832545399665833","-0.36541011929512024","5.210683345794678","-7.378083229064941","1906.091754305746","0.18518518518518517","88.07","41.850986846190395","FOTO_LAYAR","JAUH"
"2026-10-06T10:15:42.779105","100","2026-10-06T10:15:57.742893","1","0.770969033241272","0.05664175748825073","-0.16766837239265442","5.136408805847168","-7.706192970275879","1545.734375","0.171875","85.14444444444445","39.17639910601253","FOTO_LAYAR","JAUH"
"2026-10-06T10:15:42.779105","101","2026-10-06T10:15:57.861166","1","0.9842807650566101","0.010436594486236572","-0.3399098515510559","4.040631294250488","-7.770386219024658","1088.74609375","0.109375","81.51851851851852","35.27462316992942","FOTO_LAYAR","JAUH"
"2026-10-06T10:15:42.779105","102","2026-10-06T10:15:57.976426","1","0.9503150582313538","0.012393414974212646","-0.3210245668888092","4.593690872192383","-8.047481536865234","1000.894287109375","0.09375","78.91358024691358","35.79371540494887","FOTO_LAYAR","JAUH"
"2026-10-06T10:15:42.779105","103","2026-10-06T10:15:58.104054","1","0.770969033241272","0.0208626389503479","-0.4384303092956543","5.416738510131836","-7.866847991943359","943.5537109375","0.09375","78.95061728395062","36.04863012913058","FOTO_LAYAR","JAUH"
"2026-10-06T10:15:42.779105","104","2026-10-06T10:15:58.224170","1","0.32690995931625366","0.6780469417572021","-0.508054792881012","3.9849166870117188","-8.26572036743164","1078.152099609375","0.0625","85.22","41.29033300907126","FOTO_LAYAR","JAUH"
"2026-10-06T10:15:42.779105","105","2026-10-06T10:15:58.348811","1","0.6617919206619263","0.29507261514663696","-0.3978930115699768","3.6915037631988525","-8.111098289489746","820.628662109375","0.0625","86.25","41.65270099285279","FOTO_LAYAR","JAUH"
"2026-10-06T10:15:42.779105","106","2026-10-06T10:15:58.461298","1","0.8898150324821472","0.6937435865402222","-0.13170628249645233","6.338981628417969","-7.221103668212891","2475.90234375","0.109375","82.69135802469135","34.45076715277948","FOTO_LAYAR","JAUH"
"2026-10-06T10:15:42.779105","107","2026-10-06T10:15:58.586961","1","0.9942908883094788","0.6444942951202393","-0.5937281847000122","4.961563587188721","-7.956583023071289","314.056396484375","0.09375","94.0","41.113501432011354","FOTO_LAYAR","JAUH"
"2026-10-06T10:15:42.779105","108","2026-10-06T10:15:58.700637","1","0.9445556402206421","0.047746360301971436","-0.30278176069259644","5.148014545440674","-9.097355842590332","560.5","0.09375","95.74","40.89171554239321","FOTO_LAYAR","JAUH"
"2026-10-06T10:15:42.779105","109","2026-10-06T10:15:58.830428","1","0.5938228368759155","0.029933273792266846","-0.6517271995544434","5.363648414611816","-9.342941284179688","1578.03125","0.140625","94.8","41.11425813780692","FOTO_LAYAR","JAUH"
"2026-10-06T10:15:42.779105","110","2026-10-06T10:15:58.950706","1","0.9485522508621216","0.029933273792266846","-0.8922325968742371","6.7010908126831055","-8.245078086853027","830.486083984375","0.125","95.91111111111111","40.60696285243167","FOTO_LAYAR","JAUH"
"2026-10-06T10:15:42.779105","111","2026-10-06T10:15:59.070132","1","0.8972601294517517","0.0595439076423645","-0.6685901880264282","6.210352420806885","-8.57283878326416","873.4375","0.125","89.54320987654322","31.733087994194776","FOTO_LAYAR","JAUH"
"2026-10-06T10:15:42.779105","112","2026-10-06T10:15:59.185140","1","0.060685038566589355","0.021324872970581055","-0.6654044985771179","4.138481140136719","-8.592889785766602","482.312255859375","0.109375","90.14814814814815","30.040347810413987","FOTO_LAYAR","JAUH"
"2026-10-06T10:15:42.779105","113","2026-10-06T10:15:59.310610","1","0.062496304512023926","0.02456045150756836","-0.3069690763950348","3.4087634086608887","-9.380912780761719","606.890380859375","0.078125","93.55","38.9541717919917","FOTO_LAYAR","JAUH"
"2026-10-06T10:15:42.779105","114","2026-10-06T10:15:59.431880","1","0.9928528666496277","0.0595439076423645","-0.800045371055603","6.333107948303223","-9.116340637207031","917.6396484375","0.125","93.55","37.81543996835157","FOTO_LAYAR","JAUH"
"2026-10-06T10:15:42.779105","115","2026-10-06T10:15:59.545340","1","0.5735950469970703","0.019214868545532227","-0.33176666498184204","4.697669506072998","-8.053945541381836","1189.478271484375","0.078125","92.4","36.41940874497186","FOTO_LAYAR","JAUH"
"2026-10-06T10:15:42.779105","116","2026-10-06T10:15:59.699249","1","0.9514423608779907","0.7962261438369751","0.203312948346138","4.264613151550293","-6.758688449859619","538.111083984375","0.171875","86.77","39.28329288641674","FOTO_LAYAR","JAUH"
"2026-10-06T10:15:42.779105","117","2026-10-06T10:15:59.835891","1","0.9965924024581909","0.1860300898551941","-0.857308566570282","4.811427116394043","-4.938635349273682","1977.7204694406341","0.30864197530864196","78.14049586776859","50.95635886565114","FOTO_LAYAR","JAUH"
"2026-10-06T10:15:42.779105","118","2026-10-06T10:15:59.956874","1","0.9961413145065308","0.6025388240814209","-0.2286934107542038","5.446086883544922","-4.608142375946045","483.751708984375","0.265625","68.62","32.95232313509929","FOTO_LAYAR","JAUH"
"2026-10-06T10:15:42.779105","119","2026-10-06T10:16:00.070640","1","0.2012934684753418","0.010436594486236572","1.093414068222046","5.974310398101807","-3.844757556915283","764.327880859375","0.140625","67.46","35.32178364692248","FOTO_LAYAR","JAUH"
"2026-10-06T10:15:42.779105","120","2026-10-06T10:16:00.174935","1","0.8947855234146118","0.026871562004089355","0.9284989237785339","5.472981929779053","-3.921444892883301","1043.8024691358025","0.3333333333333333","69.68","34.5261871627899","FOTO_LAYAR","JAUH"
"2026-10-06T10:15:42.779105","121","2026-10-06T10:16:00.275952","1","0.9882580041885376","0.8628342747688293","-1.6424157619476318","4.834852695465088","-4.791137218475342","749.7081404320987","0.375","72.45","33.258795829073534","FOTO_LAYAR","JAUH"
"2026-10-06T10:15:42.779105","122","2026-10-06T10:16:00.394974","1","0.9497048854827881","0.5413478016853333","0.42152366042137146","4.5557637214660645","-3.44624924659729","1406.4652777777778","0.4027777777777778","73.91","35.02944332986182","FOTO_LAYAR","JAUH"
"2026-10-06T10:15:42.779105","123","2026-10-06T10:16:00.520219","1","0.9508934020996094","0.44997191429138184","1.159019112586975","4.985752582550049","-4.347996711730957","1470.509521484375","0.25","77.05","36.4928417638309","FOTO_LAYAR","JAUH"
"2026-10-06T10:15:42.779105","124","2026-10-06T10:16:00.637088","1","0.6617919206619263","0.022711515426635742","1.1052405834197998","5.427818775177002","-4.1647162437438965","1627.99609375","0.25","76.67","35.94469501887587","FOTO_LAYAR","JAUH"
"2026-10-06T10:15:42.779105","125","2026-10-06T10:16:00.757024","1","0.9492247700691223","0.6806507110595703","-0.04411204159259796","5.232949733734131","-5.338420391082764","1231.4599609375","0.28125","77.07","36.10214813553344","FOTO_LAYAR","JAUH"
"2026-10-06T10:15:42.779105","126","2026-10-06T10:16:00.883559","1","0.1407354474067688","0.4685542583465576","0.7643084526062012","5.859379768371582","-4.215967655181885","1844.6552734375","0.453125","79.2","38.60569906114898","FOTO_LAYAR","JAUH"
"2026-10-06T10:15:42.779105","127","2026-10-06T10:16:01.003085","1","0.9458995461463928","0.6702355742454529","0.6692071557044983","5.834861755371094","-4.6207275390625","1073.583740234375","0.421875","81.08","38.36656878064549","FOTO_LAYAR","JAUH"
"2026-10-06T10:15:42.779105","128","2026-10-06T10:16:01.124549","1","0.9506080746650696","0.8573482036590576","1.1788657903671265","3.702833652496338","-5.291891098022461","1988.2496570644719","0.4691358024691358","82.89","40.52502806908344","FOTO_LAYAR","JAUH"
"2026-10-06T10:15:42.779105","129","2026-10-06T10:16:01.252317","1","0.9882580041885376","0.9369730353355408","-0.6648336052894592","3.8025903701782227","-5.689160346984863","2080.140222527054","0.5185185185185185","85.01","41.38127475078552","FOTO_LAYAR","JAUH"
"2026-10-06T10:15:42.779105","130","2026-10-06T10:16:01.362161","1","0.9970390796661377","0.6937435865402222","-0.5500872135162354","4.608334064483643","-5.242230415344238","1963.203510802469","0.5138888888888888","86.95","39.37038861885922","FOTO_LAYAR","JAUH"
"2026-10-06T10:15:42.779105","131","2026-10-06T10:16:01.486161","1","0.029205143451690674","0.010436594486236572","1.29111647605896","6.192358016967773","-4.323064804077148","1980.87109375","0.4375","88.92","44.429197606979116","FOTO_LAYAR","JAUH"
"2026-10-06T10:15:42.779105","132","2026-10-06T10:16:01.604777","1","0.679590106010437","0.27962368726730347","-0.9283673763275146","6.120131969451904","-4.729608535766602","2676.224365234375","0.4375","92.75","45.21202826682298","FOTO_LAYAR","JAUH"
"2026-10-06T10:15:42.779105","133","2026-10-06T10:16:01.732244","1","0.27598196268081665","0.6528555154800415","-1.0414263010025024","6.366782188415527","-4.327255725860596","2757.99609375","0.421875","93.19","43.88751416974992","FOTO_LAYAR","JAUH"
"2026-10-06T10:15:42.779105","134","2026-10-06T10:16:01.847369","1","0.020991027355194092","0.36242806911468506","0.011765118688344955","5.60938024520874","-4.68202018737793","3677.782655083067","0.345679012345679","92.72","45.95238405131991","FOTO_LAYAR","JAUH"
"2026-10-06T10:15:42.779105","135","2026-10-06T10:16:01.961148","1","0.9537659883499146","0.10733461380004883","-0.2243746519088745","5.776102542877197","-4.457622051239014","2560.612101813748","0.5185185185185185","94.24","48.36736916558519","FOTO_LAYAR","JAUH"
"2026-10-06T10:15:42.779105","136","2026-10-06T10:16:02.089389","1","0.601551353931427","0.021324872970581055","0.8918773531913757","5.262518882751465","-4.643383502960205","2698.562255859375","0.546875","108.39","54.28920610950208","FOTO_LAYAR","JAUH"
"2026-10-06T10:15:42.779105","137","2026-10-06T10:16:02.244894","1","0.9035996794700623","0.9003492593765259","-0.7216539978981018","4.25673770904541","-6.0553388595581055","2109.079833984375","0.65625","107.14814814814815","52.855757856130985","FOTO_LAYAR","JAUH"
"2026-10-06T10:15:42.779105","138","2026-10-06T10:16:02.367036","1","0.43315184116363525","0.6858682632446289","0.4349636435508728","3.701421022415161","-5.774219512939453","3631.6552734375","0.5","102.71604938271605","52.764848607668284","FOTO_LAYAR","JAUH"
"2026-10-06T10:15:42.779105","139","2026-10-06T10:16:02.494444","1","0.1407354474067688","0.012393414974212646","0.22458870708942413","6.403046131134033","-4.430758953094482","4525.625","0.703125","111.33333333333333","57.28505719450562","FOTO_LAYAR","JAUH"
"2026-10-06T10:15:42.779105","140","2026-10-06T10:16:02.611554","1","0.4151104688644409","0.9351650476455688","-0.4096546471118927","3.108079671859741","-6.321505546569824","3297.9287109375","0.65625","111.98","57.448756296372494","FOTO_LAYAR","JAUH"
"2026-10-06T10:15:42.779105","141","2026-10-06T10:16:02.751397","1","0.2012934684753418","0.15379184484481812","0.1756107360124588","5.570285320281982","-6.673928260803223","3806.173583984375","0.640625","112.72","57.34807407402624","FOTO_LAYAR","JAUH"
"2026-10-06T10:15:42.779105","142","2026-10-06T10:16:02.853363","1","0.7466771602630615","0.6937435865402222","-1.3195301294326782","6.739856719970703","-12.65670394897461","4362.148193359375","0.609375","100.1","68.59001385041412","FOTO_LAYAR","JAUH"
"2026-10-06T10:15:42.779105","143","2026-10-06T10:16:02.976579","1","0.9492247700691223","0.02456045150756836","-0.6728033423423767","5.47611665725708","-12.419978141784668","5583.333140432099","0.6111111111111112","98.09","68.47497280028666","FOTO_LAYAR","JAUH"
"2026-10-06T10:15:42.779105","144","2026-10-06T10:16:03.091666","1","0.9503150582313538","0.022249281406402588","0.4110322594642639","5.057443141937256","-13.471047401428223","4458.5537109375","0.65625","104.34","67.70143573071401","FOTO_LAYAR","JAUH"
"2026-10-06T10:15:42.779105","145","2026-10-06T10:16:03.214076","1","0.9062259197235107","0.6384210586547852","0.047739215195178986","3.8209195137023926","-12.704708099365234","2705.421630859375","0.640625","106.78","67.12012812860237","FOTO_LAYAR","JAUH"
"2026-10-06T10:15:42.779105","146","2026-10-06T10:16:03.335437","1","0.9848182797431946","0.9925832152366638","-1.0661929845809937","6.47489595413208","-12.070249557495117","6926.8125","0.640625","110.58","68.45833477378777","FOTO_LAYAR","JAUH"
"2026-10-06T10:15:42.779105","147","2026-10-06T10:16:03.462236","1","0.40602678060531616","0.5810842514038086","0.10374802350997925","6.048532962799072","-12.798307418823242","5421.605224609375","0.59375","108.04444444444445","65.8299005199699","FOTO_LAYAR","JAUH"
"2026-10-06T10:15:42.779105","148","2026-10-06T10:16:03.581232","1","0.062496304512023926","0.08612668514251709","-0.31347376108169556","4.857376575469971","-12.970146179199219","3355.958140432099","0.5833333333333334","113.99","67.78104381019817","FOTO_LAYAR","JAUH"
"2026-10-06T10:15:42.779105","149","2026-10-06T10:16:03.703972","1","0.5700273513793945","0.6858682632446289","-0.6811689734458923","6.895198345184326","-11.301609992980957","5134.239990234375","0.640625","117.96","67.23435431384763","FOTO_LAYAR","JAUH"
"2026-10-06T10:15:42.779105","150","2026-10-06T10:16:03.815270","1","0.5857317447662354","0.02363598346710205","-1.6036759614944458","6.020359516143799","-11.011259078979492","3526.875","0.546875","130.61111111111111","69.70121861591237","FOTO_LAYAR","JAUH"
"2026-10-06T10:15:42.779105","151","2026-10-06T10:16:03.935719","1","0.9877196550369263","0.767783522605896","-0.7454032897949219","6.612881660461426","-8.157489776611328","3541.241943359375","0.515625","131.25555555555556","68.6283972826136","FOTO_LAYAR","JAUH"
"2026-10-06T10:15:42.779105","152","2026-10-06T10:16:04.069372","1","0.972050666809082","0.3970256447792053","-0.5147928595542908","4.529581069946289","-8.023503303527832","4774.4833984375","0.640625","128.8","69.50047162110162","FOTO_LAYAR","JAUH"
"2026-10-06T10:15:42.779105","153","2026-10-06T10:16:04.177297","1","0.7734758257865906","0.021324872970581055","0.13493593037128448","4.27630615234375","-7.750837802886963","6059.6875","0.546875","125.4888888888889","77.20769167849137","FOTO_LAYAR","JAUH"
"2026-10-06T10:15:42.779105","154","2026-10-06T10:16:04.347775","1","0.7659553289413452","0.047746360301971436","-0.4738476872444153","7.175508975982666","-7.3677897453308105","6353.388427734375","0.578125","123.72","74.19583276707661","FOTO_LAYAR","JAUH"
"2026-10-06T10:15:42.779105","155","2026-10-06T10:16:04.518564","1","0.9947605133056641","0.9841023683547974","-0.7387499213218689","4.269631862640381","-7.957278251647949","8536.652099609375","0.546875","119.52","78.15170887447057","FOTO_LAYAR","JAUH"
"2026-10-06T10:15:42.779105","156","2026-10-06T10:16:04.664497","1","0.05803883075714111","0.03290921449661255","0.08910275250673294","5.799056053161621","-7.174671649932861","5688.74609375","0.546875","132.84","76.78329505823515","FOTO_LAYAR","JAUH"
"2026-10-06T10:15:42.779105","157","2026-10-06T10:16:04.806048","1","0.43315184116363525","0.8745412826538086","-0.19611139595508575","5.387495517730713","-7.690205097198486","7283.870849609375","0.578125","134.28","77.47981414536306","FOTO_LAYAR","JAUH"
"2026-10-06T10:15:42.779105","158","2026-10-06T10:16:05.004223","1","0.7466771602630615","0.022249281406402588","-0.16565673053264618","4.58123779296875","-7.948624134063721","7058.591552734375","0.59375","133.2","78.26269155152339","FOTO_LAYAR","JAUH"
"2026-10-06T10:15:42.779105","159","2026-10-06T10:16:05.149522","1","0.9918690919876099","0.5413478016853333","-0.21442168951034546","5.246926784515381","-8.28207778930664","7646.616943359375","0.515625","124.85","78.88642151853512","FOTO_LAYAR","JAUH"
"2026-10-06T10:15:42.779105","160","2026-10-06T10:16:05.269681","1","0.9868497848510742","0.8695240020751953","-0.327376127243042","5.572948455810547","-7.946491241455078","8584.148193359375","0.515625","132.16","79.25878121697306","FOTO_LAYAR","JAUH"
"2026-10-06T10:15:42.779105","161","2026-10-06T10:16:05.387561","1","0.9498605728149414","0.019214868545532227","-0.5358017683029175","4.818690299987793","-8.23560905456543","7027.90234375","0.5625","135.14444444444445","81.09987821762485","FOTO_LAYAR","JAUH"
"2026-10-06T10:15:42.779105","162","2026-10-06T10:16:05.513983","1","0.9952254295349121","0.0595439076423645","-1.0157440900802612","5.464441299438477","-9.532028198242188","6982.15625","0.5625","136.8","80.72521291393413","FOTO_LAYAR","JAUH"
"2026-10-06T10:15:42.779105","163","2026-10-06T10:16:05.630856","1","0.5857317447662354","0.021324872970581055","-0.3921491801738739","4.718082427978516","-8.862668991088867","6183.542724609375","0.546875","127.68","78.46118530840583","FOTO_LAYAR","JAUH"
"2026-10-06T10:15:42.779105","164","2026-10-06T10:16:05.744735","1","0.5938228368759155","0.6025388240814209","-0.3563740849494934","4.420044422149658","-7.940178394317627","7735.044677734375","0.5625","125.65","79.14042898544334","FOTO_LAYAR","JAUH"
"2026-10-06T10:15:42.779105","165","2026-10-06T10:16:06.247824","1","0.17988473176956177","0.026871562004089355","-0.17044177651405334","5.766728401184082","-7.414206027984619","4840.277099609375","0.53125","139.14","77.02817925928147","FOTO_LAYAR","JAUH"
"2026-10-06T10:15:42.779105","166","2026-10-06T10:16:06.426489","1","0.2012934684753418","0.16679900884628296","1.0274145603179932","5.963196754455566","-6.771255970001221","2667.2646484375","0.609375","131.42","65.25322674013908","FOTO_LAYAR","JAUH"
"2026-10-06T10:15:42.779105","167","2026-10-06T10:16:06.579395","1","0.9928528666496277","0.9834141135215759","-0.9266592264175415","4.333911895751953","-7.362307548522949","3219.960067062948","0.4567901234567901","130.63","66.7484314422444","FOTO_LAYAR","JAUH"
"2026-10-06T10:15:42.779105","168","2026-10-06T10:16:06.679682","1","0.5627611875534058","0.025947093963623047","-0.29277536273002625","6.360722064971924","-6.3559160232543945","5846.53125","0.609375","131.75555555555556","74.47509816652529","FOTO_LAYAR","JAUH"
"2026-10-06T10:15:42.779105","169","2026-10-06T10:16:06.841629","1","0.029205143451690674","0.012393414974212646","0.46149587631225586","5.901546955108643","-6.105006694793701","2529.632568359375","0.515625","126.53333333333333","70.52599205651457","FOTO_LAYAR","JAUH"
"2026-10-06T10:15:42.779105","170","2026-10-06T10:16:07.008623","1","0.9062259197235107","0.02502262592315674","0.5114201903343201","5.670238494873047","-6.241713047027588","5138.659912109375","0.59375","118.34","70.80144348810975","FOTO_LAYAR","JAUH"
"2026-10-06T10:15:42.779105","171","2026-10-06T10:16:07.199314","1","0.9022865295410156","0.6989938020706177","-0.9964064359664917","5.501702308654785","-5.467329978942871","3334.203125","0.640625","119.43","61.549696181216014","FOTO_LAYAR","JAUH"
"2026-10-06T10:15:42.779105","172","2026-10-06T10:16:07.370425","1","0.018253028392791748","0.004566192626953125","0.637501060962677","5.94238805770874","-4.414884567260742","2933.9982638888887","0.5833333333333334","128.31","65.96282210457645","FOTO_LAYAR","JAUH"
"2026-10-06T10:15:42.779105","173","2026-10-06T10:16:07.738433","1","0.947841465473175","0.5043434500694275","0.23585034906864166","5.391813278198242","-5.814072608947754","3953.1386959876545","0.4861111111111111","152.44","58.87976222778076","FOTO_LAYAR","JAUH"
"2026-10-06T10:15:42.779105","174","2026-10-06T10:16:07.980792","1","0.074978768825531","0.008479773998260498","0.7301425337791443","5.116569995880127","-5.270185470581055","1469.5357415028195","0.37037037037037035","140.65","65.74197669678027","FOTO_LAYAR","JAUH"
