"session_id","frame","timestamp","face_count","left_eye_probability","right_eye_probability","head_euler_angle_x","head_euler_angle_y","head_euler_angle_z"
"2026-09-25T10:26:51.857961","1","2026-09-25T10:27:01.996297","1","0.7805240750312805","0.6702355742454529","16.794174194335938","-5.4609551429748535","2.4383513927459717"
"2026-09-25T10:26:51.857961","2","2026-09-25T10:27:02.114610","1","0.679590106010437","0.3436095714569092","15.59090805053711","-1.0919983386993408","4.584997177124023"
"2026-09-25T10:26:51.857961","3","2026-09-25T10:27:02.240152","1","0.27598196268081665","0.11680018901824951","10.579980850219727","-2.4310142993927","1.5484520196914673"
"2026-09-25T10:26:51.857961","4","2026-09-25T10:27:02.367952","1","0.9861093163490295","0.9900364875793457","2.9455246925354004","-2.401956796646118","1.92379891872406"
"2026-09-25T10:26:51.857961","5","2026-09-25T10:27:02.475883","1","0.9933371543884277","0.9376009702682495","-2.62835431098938","-1.1813795566558838","1.8120918273925781"
"2026-09-25T10:26:51.857961","6","2026-09-25T10:27:02.607064","1","0.9970390796661377","0.9952638149261475","-5.233006954193115","-1.0928641557693481","2.135519504547119"
"2026-09-25T10:26:51.857961","7","2026-09-25T10:27:02.723047","1","0.9903543591499329","0.9929311275482178","-5.145340442657471","-0.6543614268302917","1.1934919357299805"
"2026-09-25T10:26:51.857961","8","2026-09-25T10:27:02.845412","1","0.986605703830719","0.9946150779724121","-3.531543016433716","-0.8293659090995789","0.9965803027153015"
"2026-09-25T10:26:51.857961","9","2026-09-25T10:27:02.968438","1","0.9918690919876099","0.9946150779724121","-3.4054462909698486","-0.05147605016827583","1.0554674863815308"
"2026-09-25T10:26:51.857961","10","2026-09-25T10:27:03.101643","1","0.9918690919876099","0.9911525249481201","-2.99566912651062","-0.9291290640830994","1.1093770265579224"
"2026-09-25T10:26:51.857961","11","2026-09-25T10:27:03.206843","1","0.9918690919876099","0.6702355742454529","-3.0877268314361572","-0.14874596893787384","1.303460717201233"
"2026-09-25T10:26:51.857961","12","2026-09-25T10:27:03.330407","1","0.9918690919876099","0.7058058977127075","-3.8551206588745117","-0.7677444815635681","1.655070185661316"
"2026-09-25T10:26:51.857961","13","2026-09-25T10:27:03.463457","1","0.986605703830719","0.24035435914993286","-4.1334228515625","-0.1835237443447113","1.436509609222412"
"2026-09-25T10:26:51.857961","14","2026-09-25T10:27:03.566689","1","0.908852219581604","0.08343684673309326","-4.628799915313721","-0.8564226627349854","1.293605923652649"
"2026-09-25T10:26:51.857961","15","2026-09-25T10:27:03.697206","1","0.018253028392791748","0.012393414974212646","-4.751724720001221","-0.5550916790962219","1.076078176498413"
"2026-09-25T10:26:51.857961","16","2026-09-25T10:27:03.807265","1","0.012776970863342285","0.004566192626953125","-3.969883680343628","-0.42682480812072754","0.7940109968185425"
"2026-09-25T10:26:51.857961","17","2026-09-25T10:27:03.932968","1","0.015514969825744629","0.004566192626953125","-3.771883726119995","-0.41092464327812195","0.8151284456253052"
"2026-09-25T10:26:51.857961","18","2026-09-25T10:27:04.054148","1","0.16252541542053223","0.0208626389503479","-3.6399080753326416","-0.9041833877563477","0.8712407946586609"
"2026-09-25T10:26:51.857961","19","2026-09-25T10:27:04.173275","1","0.4603421688079834","0.019214868545532227","-3.957798719406128","-0.6376107335090637","1.079230785369873"
"2026-09-25T10:26:51.857961","20","2026-09-25T10:27:04.293400","1","0.4603421688079834","0.022249281406402588","-4.385322570800781","-0.8983160853385925","1.1984318494796753"
"2026-09-25T10:26:51.857961","21","2026-09-25T10:27:04.419394","1","0.4603421688079834","0.022249281406402588","-3.7555196285247803","-0.48442214727401733","1.2823437452316284"
"2026-09-25T10:26:51.857961","22","2026-09-25T10:27:04.533051","1","0.3822312355041504","0.022249281406402588","-3.9378504753112793","-0.4453156590461731","1.427248239517212"
"2026-09-25T10:26:51.857961","23","2026-09-25T10:27:04.656253","1","0.9035996794700623","0.02363598346710205","-4.7632036209106445","-0.36546674370765686","1.4286302328109741"
"2026-09-25T10:26:51.857961","24","2026-09-25T10:27:04.780376","1","0.9861093163490295","0.3970256447792053","-3.7033023834228516","-0.3095567524433136","1.3266011476516724"
"2026-09-25T10:26:51.857961","25","2026-09-25T10:27:04.912308","1","0.05539274215698242","0.008479773998260498","-4.140066623687744","-0.8356354236602783","1.7808326482772827"
"2026-09-25T10:26:51.857961","26","2026-09-25T10:27:05.016095","1","0.9062259197235107","0.0888165831565857","-3.7760024070739746","-0.342543363571167","1.943055510520935"
"2026-09-25T10:26:51.857961","27","2026-09-25T10:27:05.140533","1","0.9877196550369263","0.7337781190872192","-2.842886447906494","-0.16908317804336548","1.8475661277770996"
"2026-09-25T10:26:51.857961","28","2026-09-25T10:27:05.273754","1","0.9903543591499329","0.9896559715270996","-3.5628552436828613","-0.24137699604034424","2.275899887084961"
"2026-09-25T10:26:51.857961","29","2026-09-25T10:27:05.378607","1","0.9938164353370667","0.9946150779724121","-3.1991143226623535","-0.521822452545166","2.2409756183624268"
"2026-09-25T10:26:51.857961","30","2026-09-25T10:27:05.497048","1","0.9942908883094788","0.9929311275482178","-2.6198883056640625","-1.0782831907272339","2.3002545833587646"
"2026-09-25T10:26:51.857961","31","2026-09-25T10:27:05.624830","1","0.9928528666496277","0.9929311275482178","-3.0777997970581055","-0.647554337978363","2.2995235919952393"
"2026-09-25T10:26:51.857961","32","2026-09-25T10:27:05.743502","1","0.9942908883094788","0.9929311275482178","-3.767406463623047","-0.9101851582527161","2.1881754398345947"
"2026-09-25T10:26:51.857961","33","2026-09-25T10:27:05.865623","1","0.9961413145065308","0.9925832152366638","-3.2647359371185303","-1.3757578134536743","2.6436376571655273"
"2026-09-25T10:26:51.857961","34","2026-09-25T10:27:05.978132","1","0.9942908883094788","0.9952638149261475","-2.8962669372558594","-0.9549316167831421","2.351712703704834"
"2026-09-25T10:26:51.857961","35","2026-09-25T10:27:06.111742","1","0.9947605133056641","0.9936156272888184","-3.8610305786132812","-0.9753440022468567","2.740269184112549"
"2026-09-25T10:26:51.857961","36","2026-09-25T10:27:06.223510","1","0.9933371543884277","0.9936156272888184","-4.399527549743652","-0.6692763566970825","2.6939055919647217"
"2026-09-25T10:26:51.857961","37","2026-09-25T10:27:06.341742","1","0.9942908883094788","0.9939523935317993","-3.2608063220977783","-0.9772072434425354","2.4615981578826904"
"2026-09-25T10:26:51.857961","38","2026-09-25T10:27:06.462674","1","0.5938228368759155","0.02456045150756836","-3.298621892929077","-1.2725906372070312","2.69437575340271"
"2026-09-25T10:26:51.857961","39","2026-09-25T10:27:06.585119","1","0.9861093163490295","0.9358671307563782","-4.360734939575195","-0.2405841052532196","2.158550262451172"
"2026-09-25T10:26:51.857961","40","2026-09-25T10:27:06.710833","1","0.9511713981628418","0.9668617844581604","-5.646089553833008","2.480398416519165","1.3577289581298828"
"2026-09-25T10:26:51.857961","41","2026-09-25T10:27:06.828592","1","0.026467084884643555","0.02733379602432251","-3.3560357093811035","14.123007774353027","1.5083820819854736"
"2026-09-25T10:26:51.857961","42","2026-09-25T10:27:06.977307","1","0.8997346758842468","0.8310790657997131","-4.2899932861328125","28.1011962890625","3.197411060333252"
"2026-09-25T10:26:51.857961","43","2026-09-25T10:27:07.116140","1","0.9503150582313538","0.8661791086196899","-1.2929470539093018","40.11347579956055","2.9902148246765137"
"2026-09-25T10:26:51.857961","44","2026-09-25T10:27:07.233622","1","0.9511713981628418","0.886478841304779","-3.919924259185791","49.51842498779297","0.6110216975212097"
"2026-09-25T10:26:51.857961","45","2026-09-25T10:27:07.378168","1","0.9514423608779907","0.8628342747688293","-2.5287344455718994","53.074398040771484","-0.6242304444313049"
"2026-09-25T10:26:51.857961","46","2026-09-25T10:27:07.510768","1","0.9445556402206421","0.8628342747688293","-2.524339199066162","51.47060775756836","-2.5565288066864014"
"2026-09-25T10:26:51.857961","47","2026-09-25T10:27:07.645442","1","0.9947605133056641","0.9021314382553101","-3.527284860610962","61.22761917114258","-2.9635584354400635"
"2026-09-25T10:26:51.857961","48","2026-09-25T10:27:07.750857","1","0.9903543591499329","0.9713870286941528","-1.4544779062271118","65.03126525878906","-3.468946695327759"
"2026-09-25T10:26:51.857961","49","2026-09-25T10:27:07.876320","1","0.9918690919876099","0.9834141135215759","-2.5163893699645996","64.30693817138672","-3.186983346939087"
"2026-09-25T10:26:51.857961","50","2026-09-25T10:27:07.994455","1","0.9863588809967041","0.9376009702682495","-4.52617073059082","49.7534294128418","-2.6525957584381104"
"2026-09-25T10:26:51.857961","51","2026-09-25T10:27:08.114263","1","0.9923635125160217","0.6884933710098267","-3.1395058631896973","55.278419494628906","-2.042545795440674"
"2026-09-25T10:26:51.857961","52","2026-09-25T10:27:08.241568","1","0.9503150582313538","0.6384210586547852","-3.9566330909729004","50.53911590576172","-0.7406150102615356"
"2026-09-25T10:26:51.857961","53","2026-09-25T10:27:08.370677","1","0.9856016635894775","0.7209669351577759","-2.1324470043182373","48.18502426147461","0.06574936211109161"
"2026-09-25T10:26:51.857961","54","2026-09-25T10:27:08.477560","1","0.4151104688644409","0.8672940731048584","-3.136467218399048","45.63986587524414","1.0468803644180298"
"2026-09-25T10:26:51.857961","55","2026-09-25T10:27:08.595702","1","0.03194314241409302","0.6832545399665833","-2.293877124786377","33.65119934082031","0.14352677762508392"
"2026-09-25T10:26:51.857961","56","2026-09-25T10:27:08.732682","1","0.9497048854827881","0.8661791086196899","-2.067298173904419","20.2708683013916","-0.5553603768348694"
"2026-09-25T10:26:51.857961","57","2026-09-25T10:27:08.843554","1","0.986605703830719","0.9383997917175293","-3.7843451499938965","8.501556396484375","-0.208500936627388"
"2026-09-25T10:26:51.857961","58","2026-09-25T10:27:08.964533","1","0.986605703830719","0.9884875416755676","-4.644725799560547","2.5269429683685303","1.0347718000411987"
"2026-09-25T10:26:51.857961","59","2026-09-25T10:27:09.082124","1","0.9842807650566101","0.9907847046852112","-4.434459209442139","-0.3045387864112854","1.6861917972564697"
"2026-09-25T10:26:51.857961","60","2026-09-25T10:27:09.210890","1","0.9887905716896057","0.9922314882278442","-4.344146728515625","-1.2462815046310425","1.7905758619308472"
"2026-09-25T10:26:51.857961","61","2026-09-25T10:27:09.326076","1","0.9928528666496277","0.9939523935317993","-5.280384540557861","-0.3602428138256073","1.4881006479263306"
"2026-09-25T10:26:51.857961","62","2026-09-25T10:27:09.451520","1","0.9947605133056641","0.994285523891449","-5.945199489593506","0.5182816386222839","1.0986498594284058"
"2026-09-25T10:26:51.857961","63","2026-09-25T10:27:09.564781","1","0.9933371543884277","0.9965211153030396","-5.173555850982666","1.1243610382080078","0.27685219049453735"
"2026-09-25T10:26:51.857961","64","2026-09-25T10:27:09.682883","1","0.9913694858551025","0.9932752251625061","-5.193267345428467","0.8186894059181213","0.19510534405708313"
"2026-09-25T10:26:51.857961","65","2026-09-25T10:27:09.810620","1","0.9828804135322571","0.6832545399665833","-4.902804851531982","0.10137203335762024","1.2912930250167847"
"2026-09-25T10:26:51.857961","66","2026-09-25T10:27:09.930734","1","0.9842807650566101","0.026871562004089355","-3.3706231117248535","-5.3591227531433105","1.7453910112380981"
"2026-09-25T10:26:51.857961","67","2026-09-25T10:27:10.055372","1","0.029205143451690674","0.006523013114929199","-2.20426869392395","-14.546101570129395","1.0922338962554932"
"2026-09-25T10:26:51.857961","68","2026-09-25T10:27:10.165128","1","0.5700273513793945","0.019214868545532227","-2.8015832901000977","-31.02602195739746","0.8254949450492859"
"2026-09-25T10:26:51.857961","69","2026-09-25T10:27:10.297572","1","0.44215482473373413","0.3436095714569092","1.5541043281555176","-44.6259880065918","3.3369150161743164"
"2026-09-25T10:26:51.857961","70","2026-09-25T10:27:10.658683","2","0.8947855234146118","0.36242806911468506","-4.032775402069092","-16.980239868164062","-6.08214807510376"
"2026-09-25T10:26:51.857961","71","2026-09-25T10:27:10.771980","1","0.9510332942008972","0.9713870286941528","-2.6279685497283936","-65.019287109375","1.0916320085525513"
"2026-09-25T10:26:51.857961","72","2026-09-25T10:27:10.898950","2","0.9492247700691223","0.6384210586547852","-1.061730980873108","-63.15802001953125","-0.08041654527187347"
"2026-09-25T10:26:51.857961","73","2026-09-25T10:27:11.046078","2","0.9503150582313538","0.886478841304779","-2.3380813598632812","-64.99812316894531","-0.25515666604042053"
"2026-09-25T10:26:51.857961","74","2026-09-25T10:27:11.161780","2","0.48699647188186646","0.47919273376464844","-5.370652198791504","-20.429895401000977","6.350892066955566"
"2026-09-25T10:26:51.857961","75","2026-09-25T10:27:11.285037","1","0.8186739683151245","0.8628342747688293","-1.8916314840316772","-65.4538345336914","-0.23932504653930664"
"2026-09-25T10:26:51.857961","76","2026-09-25T10:27:11.411273","1","0.9472037553787231","0.7337781190872192","-2.784411907196045","-63.16764450073242","-1.2214194536209106"
"2026-09-25T10:26:51.857961","77","2026-09-25T10:27:11.532409","1","0.9882580041885376","0.9003492593765259","0.691192090511322","-51.574825286865234","0.5978282690048218"
"2026-09-25T10:26:51.857961","78","2026-09-25T10:27:11.652578","1","0.8264715671539307","0.1860300898551941","-2.433973550796509","-56.05662155151367","-0.03191213309764862"
"2026-09-25T10:26:51.857961","79","2026-09-25T10:27:11.771090","1","0.6402992010116577","0.012393414974212646","-1.9867796897888184","-32.69826126098633","1.073352336883545"
"2026-09-25T10:26:51.857961","80","2026-09-25T10:27:11.886026","1","0.9825901985168457","0.08612668514251709","-6.063209056854248","-15.467596054077148","2.9948525428771973"
"2026-09-25T10:26:51.857961","81","2026-09-25T10:27:12.006304","1","0.980856716632843","0.675443172454834","-5.452399730682373","-1.9708119630813599","2.8471953868865967"
"2026-09-25T10:26:51.857961","82","2026-09-25T10:27:12.130130","1","0.9514423608779907","0.8695240020751953","-6.878110885620117","2.5094153881073","2.433851718902588"
"2026-09-25T10:26:51.857961","83","2026-09-25T10:27:12.248236","1","0.9861093163490295","0.6937435865402222","-7.0497636795043945","3.086059808731079","1.2131158113479614"
"2026-09-25T10:26:51.857961","84","2026-09-25T10:27:12.371797","1","0.9831671714782715","0.9021314382553101","-5.55795431137085","3.010732412338257","0.7190592885017395"
"2026-09-25T10:26:51.857961","85","2026-09-25T10:27:12.495775","1","0.9868497848510742","0.9735729098320007","-5.9294843673706055","2.399367094039917","0.223845973610878"
"2026-09-25T10:26:51.857961","86","2026-09-25T10:27:12.603488","1","0.9887905716896057","0.9884875416755676","-6.396322727203369","2.456606864929199","0.0505356565117836"
"2026-09-25T10:26:51.857961","87","2026-09-25T10:27:12.735381","1","0.020991027355194092","0.0264093279838562","-6.384602069854736","1.755656123161316","-0.007944063283503056"
"2026-09-25T10:26:51.857961","88","2026-09-25T10:27:12.862024","1","0.020991027355194092","0.021324872970581055","-7.1790618896484375","1.2194451093673706","0.07067956775426865"
"2026-09-25T10:26:51.857961","89","2026-09-25T10:27:12.973027","1","0.020991027355194092","0.021787047386169434","-8.291749954223633","0.9439615607261658","0.3632277846336365"
"2026-09-25T10:26:51.857961","90","2026-09-25T10:27:13.103011","1","0.029205143451690674","0.7337781190872192","-15.408818244934082","1.8740829229354858","1.4199573993682861"
"2026-09-25T10:26:51.857961","91","2026-09-25T10:27:13.217879","1","0.1407354474067688","0.12001985311508179","-22.9964542388916","-0.18137091398239136","2.3442041873931885"
"2026-09-25T10:26:51.857961","92","2026-09-25T10:27:13.339457","1","0.908852219581604","0.8684090375900269","-42.75749206542969","12.279444694519043","-0.13471189141273499"
"2026-09-25T10:26:51.857961","93","2026-09-25T10:27:14.573478","1","0.7338244915008545","0.7252373695373535","-16.572206497192383","1.776545763015747","2.040961503982544"
"2026-09-25T10:26:51.857961","94","2026-09-25T10:27:14.739371","1","0.9840072393417358","0.9907847046852112","-9.319894790649414","2.693446159362793","1.0564240217208862"
"2026-09-25T10:26:51.857961","95","2026-09-25T10:27:14.879172","1","0.9868497848510742","0.994285523891449","-3.9740500450134277","0.6775152683258057","-0.260810524225235"
"2026-09-25T10:26:51.857961","96","2026-09-25T10:27:15.033897","1","0.990864634513855","0.9003492593765259","-1.8926221132278442","0.8045251965522766","-0.46546828746795654"
"2026-09-25T10:26:51.857961","97","2026-09-25T10:27:15.146372","1","0.9893174171447754","0.9834141135215759","-1.9103240966796875","0.6356121301651001","0.07790227234363556"
"2026-09-25T10:26:51.857961","98","2026-09-25T10:27:15.269211","1","0.012776970863342285","0.000652611255645752","1.2499942779541016","0.5829411149024963","0.11423972249031067"
"2026-09-25T10:26:51.857961","99","2026-09-25T10:27:15.388223","1","0.9510332942008972","0.27962368726730347","-0.8391510844230652","0.6010592579841614","0.46865805983543396"
"2026-09-25T10:26:51.857961","100","2026-09-25T10:27:15.510386","1","0.9537659883499146","0.11680018901824951","7.644047260284424","0.2272210419178009","1.0670284032821655"
"2026-09-25T10:26:51.857961","101","2026-09-25T10:27:15.652973","1","0.9493870735168457","0.990412712097168","14.210639953613281","0.13112661242485046","0.25909364223480225"
"2026-09-25T10:26:51.857961","102","2026-09-25T10:27:15.791553","1","0.9887905716896057","0.9952638149261475","17.02175521850586","-0.38998809456825256","0.13738609850406647"
"2026-09-25T10:26:51.857961","103","2026-09-25T10:27:15.917142","1","0.9877196550369263","0.9974306225776672","15.556363105773926","-0.06411965191364288","-0.08032131940126419"
"2026-09-25T10:26:51.857961","104","2026-09-25T10:27:16.034518","1","0.990864634513855","0.9952638149261475","12.757205963134766","0.5270368456840515","-0.09155271202325821"
"2026-09-25T10:26:51.857961","105","2026-09-25T10:27:16.155486","1","0.9923635125160217","0.994285523891449","13.684613227844238","-1.388555884361267","-1.2161656618118286"
"2026-09-25T10:26:51.857961","106","2026-09-25T10:27:16.276477","1","0.9537659883499146","0.9929311275482178","14.541644096374512","-0.688909113407135","-1.977112889289856"
"2026-09-25T10:26:51.857961","107","2026-09-25T10:27:16.401370","1","0.9863588809967041","0.9939523935317993","15.013840675354004","-1.437461495399475","-2.6669094562530518"
"2026-09-25T10:26:51.857961","108","2026-09-25T10:27:16.518943","1","0.9928528666496277","0.9939523935317993","14.833715438842773","-1.3853999376296997","-2.5876214504241943"
"2026-09-25T10:26:51.857961","109","2026-09-25T10:27:16.638666","1","0.9845510721206665","0.9884875416755676","11.178913116455078","0.015192816033959389","-2.3819382190704346"
"2026-09-25T10:26:51.857961","110","2026-09-25T10:27:16.766496","1","0.7024589776992798","0.15379184484481812","11.457125663757324","-0.6335314512252808","-2.619314193725586"
"2026-09-25T10:26:51.857961","111","2026-09-25T10:27:16.881241","1","0.5897773504257202","0.12644684314727783","7.000777721405029","-0.29634490609169006","-1.9791804552078247"
"2026-09-25T10:26:51.857961","112","2026-09-25T10:27:17.000380","1","0.018253028392791748","0.021324872970581055","2.352771759033203","0.18673363327980042","-1.091692566871643"
"2026-09-25T10:26:51.857961","113","2026-09-25T10:27:17.126084","1","0.27911096811294556","0.02456045150756836","-4.808032989501953","-0.5276795029640198","-0.7974728345870972"
"2026-09-25T10:26:51.857961","114","2026-09-25T10:27:17.241349","1","0.9898386597633362","0.9922314882278442","-7.661403656005859","-0.27390483021736145","-0.25949546694755554"
"2026-09-25T10:26:51.857961","115","2026-09-25T10:27:17.363783","1","0.9928528666496277","0.9929311275482178","-7.904029369354248","-0.7645459175109863","0.32241174578666687"
"2026-09-25T10:26:51.857961","116","2026-09-25T10:27:17.488778","1","0.9913694858551025","0.9880889058113098","-7.234523296356201","-0.7166503667831421","0.18867282569408417"
"2026-09-25T10:26:51.857961","117","2026-09-25T10:27:17.608464","1","0.9903543591499329","0.9929311275482178","-6.8299150466918945","-0.9480975270271301","-0.3064424693584442"
"2026-09-25T10:26:51.857961","118","2026-09-25T10:27:17.721666","1","0.9868497848510742","0.9872773885726929","-6.508350849151611","-0.741727888584137","-0.3175671398639679"
"2026-09-25T10:26:51.857961","119","2026-09-25T10:27:17.853592","1","0.015514969825744629","0.021787047386169434","-5.281399726867676","-1.2881501913070679","0.13472697138786316"
"2026-09-25T10:26:51.857961","120","2026-09-25T10:27:17.964849","1","0.9508934020996094","0.36242806911468506","-3.0601906776428223","-0.9210482239723206","3.8996071815490723"
"2026-09-25T10:26:51.857961","121","2026-09-25T10:27:18.082231","1","0.9877196550369263","0.9457477331161499","-2.0707411766052246","-0.4322708547115326","11.856134414672852"
"2026-09-25T10:26:51.857961","122","2026-09-25T10:27:18.214620","1","0.9918690919876099","0.9915161728858948","-1.2415990829467773","-2.0745797157287598","17.394922256469727"
"2026-09-25T10:26:51.857961","123","2026-09-25T10:27:18.328124","1","0.9913694858551025","0.9936156272888184","-1.2350231409072876","-4.131702899932861","18.883146286010742"
"2026-09-25T10:26:51.857961","124","2026-09-25T10:27:18.456896","1","0.9923635125160217","0.9952638149261475","-2.56765079498291","-4.645658016204834","18.21170425415039"
"2026-09-25T10:26:51.857961","125","2026-09-25T10:27:18.575217","1","0.9938164353370667","0.9867727756500244","-1.7842024564743042","-4.07434606552124","17.504493713378906"
"2026-09-25T10:26:51.857961","126","2026-09-25T10:27:18.689740","1","0.9882580041885376","0.9929311275482178","-2.2769384384155273","-3.7584285736083984","17.534954071044922"
"2026-09-25T10:26:51.857961","127","2026-09-25T10:27:18.819285","1","0.9918690919876099","0.9955831170082092","-2.55796217918396","-4.042576789855957","17.671289443969727"
"2026-09-25T10:26:51.857961","128","2026-09-25T10:27:18.936878","1","0.9923635125160217","0.9962117075920105","-3.3398115634918213","-4.596360683441162","17.534034729003906"
"2026-09-25T10:26:51.857961","129","2026-09-25T10:27:19.053990","1","0.990864634513855","0.9965211153030396","-2.9153897762298584","-4.650207042694092","16.75140953063965"
"2026-09-25T10:26:51.857961","130","2026-09-25T10:27:19.179908","1","0.9868497848510742","0.9949411749839783","-3.1785786151885986","-4.648778915405273","16.7630615234375"
"2026-09-25T10:26:51.857961","131","2026-09-25T10:27:19.290384","1","0.9877196550369263","0.9936156272888184","-3.1096959114074707","-4.29159688949585","16.559051513671875"
"2026-09-25T10:26:51.857961","132","2026-09-25T10:27:19.414834","1","0.9887905716896057","0.994285523891449","-3.226562738418579","-4.085843086242676","15.517704010009766"
"2026-09-25T10:26:51.857961","133","2026-09-25T10:27:19.540771","1","0.9913694858551025","0.9936156272888184","-2.5719242095947266","-3.025686264038086","12.14140510559082"
"2026-09-25T10:26:51.857961","134","2026-09-25T10:27:19.667806","1","0.9893174171447754","0.9896559715270996","-2.2759783267974854","-0.3892725706100464","6.841939449310303"
"2026-09-25T10:26:51.857961","135","2026-09-25T10:27:19.777325","1","0.9868497848510742","0.9929311275482178","-2.3060343265533447","0.22355785965919495","2.0338804721832275"
"2026-09-25T10:26:51.857961","136","2026-09-25T10:27:19.902257","1","0.9858568906784058","0.9915161728858948","-3.540224075317383","1.050373911857605","-1.1415210962295532"
"2026-09-25T10:26:51.857961","137","2026-09-25T10:27:20.019771","1","0.5897773504257202","0.0264093279838562","-4.720516204833984","0.6683125495910645","-2.1000499725341797"
"2026-09-25T10:26:51.857961","138","2026-09-25T10:27:20.146342","1","0.19043755531311035","0.02456045150756836","-6.251931667327881","0.23390540480613708","-2.3266425132751465"
"2026-09-25T10:26:51.857961","139","2026-09-25T10:27:20.261860","1","0.7024589776992798","0.5513277649879456","-6.2099456787109375","-0.12109476327896118","-1.5681514739990234"
"2026-09-25T10:26:51.857961","140","2026-09-25T10:27:20.384835","1","0.990864634513855","0.9929311275482178","-6.7675251960754395","0.0733116865158081","-1.0386991500854492"
"2026-09-25T10:26:51.857961","141","2026-09-25T10:27:20.510211","1","0.9933371543884277","0.9892709851264954","-6.860068321228027","0.4321161210536957","-0.5630761384963989"
"2026-09-25T10:26:51.857961","142","2026-09-25T10:27:20.619114","1","0.9918690919876099","0.9918758273124695","-6.8646721839904785","-0.1625172644853592","-0.3715929388999939"
"2026-09-25T10:26:51.857961","143","2026-09-25T10:27:20.720632","1","0.9923635125160217","0.9915161728858948","-7.053531646728516","0.5490155220031738","-0.7262889742851257"
"2026-09-25T10:26:51.857961","144","2026-09-25T10:27:20.829708","1","0.9952254295349121","0.9915161728858948","-7.505115032196045","0.7483348846435547","-1.2400532960891724"
"2026-09-25T10:26:51.857961","145","2026-09-25T10:27:20.950943","1","0.9956856369972229","0.9907847046852112","-6.509026527404785","1.8581812381744385","-2.983034372329712"
"2026-09-25T10:26:51.857961","146","2026-09-25T10:27:21.064912","1","0.020991027355194092","0.042649805545806885","-4.487657070159912","3.723015069961548","-7.694717884063721"
"2026-09-25T10:26:51.857961","147","2026-09-25T10:27:21.191667","1","0.9861093163490295","0.9918758273124695","-4.949371337890625","6.0379719734191895","-14.855035781860352"
"2026-09-25T10:26:51.857961","148","2026-09-25T10:27:21.314246","1","0.9858568906784058","0.9946150779724121","-4.6526780128479","9.602575302124023","-20.09343147277832"
"2026-09-25T10:26:51.857961","149","2026-09-25T10:27:21.428839","1","0.8898150324821472","0.9209686517715454","-5.283893585205078","10.334945678710938","-20.629426956176758"
"2026-09-25T10:26:51.857961","150","2026-09-25T10:27:21.554642","1","0.908852219581604","0.9369730353355408","-5.047475337982178","10.303772926330566","-20.61536979675293"
"2026-09-25T10:26:51.857961","151","2026-09-25T10:27:21.672369","1","0.908852219581604","0.7252373695373535","-5.1087141036987305","9.590538024902344","-20.54380226135254"
"2026-09-25T10:26:51.857961","152","2026-09-25T10:27:21.793126","1","0.5554949641227722","0.7962261438369751","-5.712998867034912","9.837616920471191","-20.450162887573242"
"2026-09-25T10:26:51.857961","153","2026-09-25T10:27:21.916488","1","0.245616614818573","0.6806507110595703","-5.316251754760742","10.49405288696289","-20.468366622924805"
"2026-09-25T10:26:51.857961","154","2026-09-25T10:27:22.030498","1","0.060685038566589355","0.08612668514251709","-5.807204246520996","10.210251808166504","-19.867673873901367"
"2026-09-25T10:26:51.857961","155","2026-09-25T10:27:22.155455","1","0.15823310613632202","0.12644684314727783","-5.709329128265381","9.853729248046875","-19.96959686279297"
"2026-09-25T10:26:51.857961","156","2026-09-25T10:27:22.276168","1","0.14638656377792358","0.17585158348083496","-5.1853413581848145","9.760743141174316","-19.884292602539062"
"2026-09-25T10:26:51.857961","157","2026-09-25T10:27:22.397061","1","0.08147144317626953","0.29507261514663696","-4.85809850692749","9.152118682861328","-19.068153381347656"
"2026-09-25T10:26:51.857961","158","2026-09-25T10:27:22.521471","1","0.4603421688079834","0.042649805545806885","-5.630650043487549","7.700118064880371","-16.727140426635742"
"2026-09-25T10:26:51.857961","159","2026-09-25T10:27:22.637981","1","0.8898150324821472","0.12644684314727783","-4.658364772796631","5.151986598968506","-12.437809944152832"
"2026-09-25T10:26:51.857961","160","2026-09-25T10:27:22.755922","1","0.12273192405700684","0.14842408895492554","-5.486282825469971","4.607600688934326","-7.736759662628174"
"2026-09-25T10:26:51.857961","161","2026-09-25T10:27:22.883843","1","0.08367270231246948","0.026871562004089355","-5.702844142913818","1.4638229608535767","-4.397479057312012"
"2026-09-25T10:26:51.857961","162","2026-09-25T10:27:23.002541","1","0.13616210222244263","0.021787047386169434","-5.806072235107422","0.7594113945960999","-2.3400895595550537"
"2026-09-25T10:26:51.857961","163","2026-09-25T10:27:23.115972","1","0.020991027355194092","0.024098217487335205","-4.725571155548096","0.1099456250667572","-1.8719303607940674"
"2026-09-25T10:26:51.857961","164","2026-09-25T10:27:23.261569","1","0.007300853729248047","0.019214868545532227","-3.827834367752075","0.1630699634552002","-1.726660966873169"
"2026-09-25T10:26:51.857961","165","2026-09-25T10:27:23.373147","1","0.004562854766845703","0.022249281406402588","-4.397342681884766","0.5343287587165833","-1.6727949380874634"
"2026-09-25T10:26:51.857961","166","2026-09-25T10:27:23.495705","1","0.012776970863342285","0.012393414974212646","-3.3907577991485596","0.3636142313480377","-1.5270254611968994"
"2026-09-25T10:26:51.857961","167","2026-09-25T10:27:23.612750","1","0.026467084884643555","0.022249281406402588","-4.964825630187988","0.6993299126625061","-1.5321996212005615"
"2026-09-25T10:26:51.857961","168","2026-09-25T10:27:23.772662","1","0.02372908592224121","0.010436594486236572","-3.7408390045166016","0.03712806850671768","-1.5106784105300903"
"2026-09-25T10:26:51.857961","169","2026-09-25T10:27:23.880395","1","0.9848182797431946","0.8310790657997131","-4.785704612731934","0.04356764256954193","-1.6236164569854736"
"2026-09-25T10:26:51.857961","170","2026-09-25T10:27:23.991407","1","0.9871754050254822","0.9876855611801147","-3.4306797981262207","-0.018700389191508293","-1.4500809907913208"
"2026-09-25T10:26:51.857961","171","2026-09-25T10:27:24.125677","1","0.9863588809967041","0.9918758273124695","-3.3812079429626465","0.4153170585632324","-1.5821211338043213"
"2026-09-25T10:26:51.857961","172","2026-09-25T10:27:24.269545","1","0.9882580041885376","0.9946150779724121","-3.5135247707366943","0.23382464051246643","-1.6963772773742676"
"2026-09-25T10:26:51.857961","173","2026-09-25T10:27:24.386981","1","0.9877196550369263","0.9952638149261475","-3.250903606414795","0.28744611144065857","-1.4936580657958984"
"2026-09-25T10:26:51.857961","174","2026-09-25T10:27:24.537887","1","0.9952254295349121","0.9952638149261475","-3.878511905670166","0.5846092700958252","-1.766114592552185"
"2026-09-25T10:26:51.857961","175","2026-09-25T10:27:24.699650","1","0.9970390796661377","0.9929311275482178","-4.7114410400390625","-0.42561858892440796","-1.2992863655090332"
"2026-09-25T10:26:51.857961","176","2026-09-25T10:27:24.812602","1","0.9974813461303711","0.994285523891449","-4.371916770935059","0.17528791725635529","-1.1283409595489502"
"2026-09-25T10:26:51.857961","177","2026-09-25T10:27:24.920278","1","0.9918690919876099","0.998600959777832","-4.574545383453369","-0.07765710353851318","-1.1195942163467407"
"2026-09-25T10:26:51.857961","178","2026-09-25T10:27:25.281438","1","0.9858568906784058","0.9911525249481201","-2.6959643363952637","0.2459236979484558","-1.1643972396850586"
"2026-09-25T10:30:50.229338","1","2026-09-25T10:30:54.765470","1","0.8049881458282471","0.8227906227111816","0.8691241145133972","-12.869829177856445","-0.3666172921657562"
"2026-09-25T10:30:50.229338","2","2026-09-25T10:30:54.870669","1","0.7952913045883179","0.8628342747688293","0.9072936773300171","-9.203268051147461","0.45470646023750305"
"2026-09-25T10:30:50.229338","3","2026-09-25T10:30:54.991203","1","0.8947855234146118","0.9383997917175293","-1.578116774559021","-0.287875771522522","5.334223747253418"
"2026-09-25T10:30:50.229338","4","2026-09-25T10:30:55.112481","1","0.9511713981628418","0.9872773885726929","-2.063044309616089","-0.7020576596260071","5.674882888793945"
"2026-09-25T10:30:50.229338","5","2026-09-25T10:30:55.233619","1","0.9983530044555664","0.99802166223526","-2.091355562210083","-0.4555525481700897","4.406299114227295"
"2026-09-25T10:30:50.229338","6","2026-09-25T10:30:55.353361","1","0.9842807650566101","0.998600959777832","-2.1027426719665527","1.1198852062225342","3.7593016624450684"
"2026-09-25T10:30:50.229338","7","2026-09-25T10:30:55.474615","1","0.9996290802955627","0.9988862872123718","-2.484065294265747","-1.1088207960128784","3.2314083576202393"
"2026-09-25T10:30:50.229338","8","2026-09-25T10:30:55.595921","1","0.9965924024581909","0.998600959777832","-2.140436887741089","0.8151398301124573","2.0832622051239014"
"2026-09-25T10:30:50.229338","9","2026-09-25T10:30:55.716084","1","0.9861093163490295","0.997727632522583","-3.2212584018707275","0.4548608660697937","1.5843751430511475"
"2026-09-25T10:30:50.229338","10","2026-09-25T10:30:55.817434","1","0.9979193210601807","0.998600959777832","-2.740990161895752","0.4103356599807739","-0.27755314111709595"
"2026-09-25T10:30:50.229338","11","2026-09-25T10:30:55.924678","1","0.9992077946662903","0.9991688132286072","-3.4562628269195557","0.5525023341178894","-0.48052430152893066"
"2026-09-25T10:30:50.229338","12","2026-09-25T10:30:56.045501","1","0.9983530044555664","0.9991688132286072","-2.0886950492858887","0.18326416611671448","-0.09258312731981277"
"2026-09-25T10:30:50.229338","13","2026-09-25T10:30:56.186236","1","0.9979193210601807","0.9988862872123718","-3.2968640327453613","-0.34098464250564575","0.37546372413635254"
"2026-09-25T10:30:50.229338","14","2026-09-25T10:30:56.319377","1","0.9987824559211731","0.998600959777832","-2.7056047916412354","-0.2809746265411377","-0.08272729068994522"
"2026-09-25T10:30:50.229338","15","2026-09-25T10:30:56.468130","1","0.9987824559211731","0.9994485974311829","-3.470444440841675","-0.3985385596752167","-0.6623637080192566"
"2026-09-25T10:30:50.229338","16","2026-09-25T10:30:56.568339","1","0.9979193210601807","0.9988862872123718","-4.078126430511475","-0.9264516830444336","-0.814748227596283"
"2026-09-25T10:30:50.229338","17","2026-09-25T10:30:56.693393","1","0.9942908883094788","0.997727632522583","-2.534188747406006","0.2528649568557739","-1.1002159118652344"
"2026-09-25T10:30:50.229338","18","2026-09-25T10:30:56.810964","1","0.9979193210601807","0.9988862872123718","-3.2108254432678223","-0.48941072821617126","-0.902887761592865"
"2026-09-25T10:30:50.229338","19","2026-09-25T10:30:56.930213","1","0.9974813461303711","0.9988862872123718","-2.8445873260498047","-0.004774176981300116","-0.9772766828536987"
"2026-09-25T10:30:50.229338","20","2026-09-25T10:30:57.081054","1","0.9979193210601807","0.998312771320343","-2.084731101989746","0.07817041128873825","-1.9293068647384644"
"2026-09-25T10:30:50.229338","21","2026-09-25T10:30:57.223264","1","0.9965924024581909","0.997727632522583","-3.393599033355713","-0.5482653975486755","-1.5330429077148438"
"2026-09-25T10:30:50.229338","22","2026-09-25T10:30:57.361202","1","0.9970390796661377","0.998312771320343","-2.8548338413238525","-0.4274500012397766","-1.613594651222229"
"2026-09-25T10:30:50.229338","23","2026-09-25T10:30:57.471003","1","0.9979193210601807","0.998312771320343","-3.047841787338257","-0.40508612990379333","-1.9619863033294678"
"2026-09-25T10:30:50.229338","24","2026-09-25T10:30:57.592834","1","0.9965924024581909","0.998312771320343","-3.034782886505127","-0.11648434400558472","-2.365391254425049"
"2026-09-25T10:30:50.229338","25","2026-09-25T10:30:57.710426","1","0.9974813461303711","0.99802166223526","-2.850933790206909","-0.37075793743133545","-2.1020164489746094"
"2026-09-25T10:30:50.229338","26","2026-09-25T10:30:57.823968","1","0.9974813461303711","0.998600959777832","-2.923325538635254","-0.6988134384155273","-2.126824140548706"
"2026-09-25T10:30:50.229338","27","2026-09-25T10:30:57.952102","1","0.9965924024581909","0.9968274235725403","-2.617197036743164","-0.41414985060691833","-2.3494207859039307"
"2026-09-25T10:30:50.229338","28","2026-09-25T10:30:58.056034","1","0.9970390796661377","0.998600959777832","-3.2077808380126953","-0.07897686213254929","-2.0809237957000732"
"2026-09-25T10:30:50.229338","29","2026-09-25T10:30:58.157711","1","0.9974813461303711","0.998600959777832","-3.4593873023986816","-0.29251688718795776","-1.9631518125534058"
"2026-09-25T10:30:50.229338","30","2026-09-25T10:30:58.263236","1","0.9970390796661377","0.998312771320343","-2.993985414505005","-0.13537707924842834","-2.144951343536377"
"2026-09-25T10:30:50.229338","31","2026-09-25T10:30:58.385371","1","0.9979193210601807","0.99802166223526","-3.091909885406494","-0.04159396514296532","-2.0758419036865234"
"2026-09-25T10:30:50.229338","32","2026-09-25T10:30:58.514570","1","0.9979193210601807","0.99802166223526","-2.7644126415252686","-0.11175442487001419","-2.0265884399414062"
"2026-09-25T10:30:50.229338","33","2026-09-25T10:30:58.639423","1","0.9974813461303711","0.99802166223526","-3.335599422454834","-0.08118508756160736","-2.2094545364379883"
"2026-09-25T10:30:50.229338","34","2026-09-25T10:30:58.747867","1","0.9979193210601807","0.9988862872123718","-3.998049020767212","-0.5541462898254395","-2.0588109493255615"
"2026-09-25T10:30:50.229338","35","2026-09-25T10:30:58.877934","1","0.9970390796661377","0.998312771320343","-3.582967758178711","-0.29777318239212036","-1.6527822017669678"
"2026-09-25T10:30:50.229338","36","2026-09-25T10:30:58.999619","1","0.9970390796661377","0.997727632522583","-3.4551289081573486","-0.11976580321788788","-1.697064995765686"
"2026-09-25T10:30:50.229338","37","2026-09-25T10:30:59.122446","1","0.9979193210601807","0.9988862872123718","-3.470393419265747","-0.36489540338516235","-1.6600924730300903"
"2026-09-25T10:30:50.229338","38","2026-09-25T10:30:59.229618","1","0.9970390796661377","0.99802166223526","-3.479630470275879","-0.3173801004886627","-1.6697007417678833"
"2026-09-25T10:30:50.229338","39","2026-09-25T10:30:59.355343","1","0.9974813461303711","0.998312771320343","-3.183905601501465","0.23337368667125702","-1.8009610176086426"
"2026-09-25T10:30:50.229338","40","2026-09-25T10:30:59.484116","1","0.9974813461303711","0.997727632522583","-2.960709571838379","-0.44091400504112244","-1.7430871725082397"
"2026-09-25T10:30:50.229338","41","2026-09-25T10:30:59.603190","1","0.9974813461303711","0.998600959777832","-3.8461248874664307","0.09505993872880936","-2.0365190505981445"
"2026-09-25T10:30:50.229338","42","2026-09-25T10:30:59.720269","1","0.9965924024581909","0.998600959777832","-3.2033443450927734","-0.33221691846847534","-1.4883826971054077"
"2026-09-25T10:30:50.229338","43","2026-09-25T10:30:59.838222","1","0.9970390796661377","0.998312771320343","-3.4251794815063477","-0.7875262498855591","-1.5679365396499634"
"2026-09-25T10:30:50.229338","44","2026-09-25T10:30:59.978114","1","0.9979193210601807","0.998600959777832","-3.621854066848755","-0.5322076082229614","-1.8089797496795654"
"2026-09-25T10:30:50.229338","45","2026-09-25T10:31:00.132418","1","0.9970390796661377","0.998312771320343","-3.866283416748047","-0.31915339827537537","-1.86514151096344"
"2026-09-25T10:30:50.229338","46","2026-09-25T10:31:00.234650","1","0.9965924024581909","0.99802166223526","-2.5281472206115723","-0.2519534230232239","-1.7139173746109009"
"2026-09-25T10:30:50.229338","47","2026-09-25T10:31:00.355161","1","0.9979193210601807","0.998600959777832","-3.379757881164551","-0.6826860308647156","-2.069178342819214"
"2026-09-25T10:30:50.229338","48","2026-09-25T10:31:00.474341","1","0.9974813461303711","0.998312771320343","-3.490896701812744","-0.5199600458145142","-2.074955463409424"
"2026-09-25T10:30:50.229338","49","2026-09-25T10:31:00.597424","1","0.9979193210601807","0.998312771320343","-3.559417724609375","-0.550616979598999","-1.7696558237075806"
"2026-09-25T10:30:50.229338","50","2026-09-25T10:31:00.708982","1","0.9974813461303711","0.99802166223526","-3.397711753845215","-0.3564845621585846","-1.544884443283081"
"2026-09-25T10:30:50.229338","51","2026-09-25T10:31:00.855153","1","0.9979193210601807","0.99802166223526","-3.4441022872924805","-0.8376029133796692","-1.5498077869415283"
"2026-09-25T10:30:50.229338","52","2026-09-25T10:31:00.960372","1","0.9979193210601807","0.998312771320343","-3.50640606880188","-0.5051004886627197","-1.575891137123108"
"2026-09-25T10:30:50.229338","53","2026-09-25T10:31:01.075284","1","0.9970390796661377","0.9974306225776672","-3.5275468826293945","-0.49761196970939636","-1.814235806465149"
"2026-09-25T10:30:50.229338","54","2026-09-25T10:31:01.201878","1","0.651045560836792","0.675443172454834","-13.618263244628906","0.5382107496261597","-2.250438928604126"
"2026-09-25T10:30:50.229338","55","2026-09-25T10:31:01.316100","1","0.8997346758842468","0.7588732242584229","-5.467955589294434","-1.4501339197158813","-0.8081352710723877"
"2026-09-25T10:30:50.229338","56","2026-09-25T10:31:01.440439","1","0.9983530044555664","0.9991688132286072","-2.7133100032806396","-0.9447659850120544","-1.5255717039108276"
"2026-09-25T10:30:50.229338","57","2026-09-25T10:31:01.561794","1","0.9965924024581909","0.9988862872123718","-3.6517529487609863","-1.184711217880249","-1.6041892766952515"
"2026-09-25T10:30:50.229338","58","2026-09-25T10:31:01.715533","1","0.9983530044555664","0.998600959777832","-3.8913488388061523","-0.574955940246582","-1.5509132146835327"
"2026-09-25T10:30:50.229338","59","2026-09-25T10:31:01.861753","1","0.9996290802955627","0.9991688132286072","-2.9277920722961426","-0.04113151505589485","-1.2882646322250366"
"2026-09-25T10:30:50.229338","60","2026-09-25T10:31:01.994814","1","0.9825901985168457","0.8695240020751953","-3.719151496887207","-0.00410414719954133","-0.4489828944206238"
"2026-09-25T10:30:50.229338","61","2026-09-25T10:31:02.122922","1","0.9871754050254822","0.9922314882278442","-4.638999938964844","0.1956181526184082","-1.0718499422073364"
"2026-09-25T10:30:50.229338","62","2026-09-25T10:31:02.243323","1","0.9983530044555664","0.9988862872123718","-4.525756359100342","0.21538995206356049","-0.9035931825637817"
"2026-09-25T10:30:50.229338","63","2026-09-25T10:31:02.373006","1","0.9987824559211731","0.9991688132286072","-2.7198667526245117","0.4063018262386322","-1.0091910362243652"
"2026-09-25T10:30:50.229338","64","2026-09-25T10:31:02.479634","1","0.9992077946662903","0.9997256398200989","-3.2496438026428223","0.6845799684524536","-1.0856152772903442"
"2026-09-25T10:30:50.229338","65","2026-09-25T10:31:02.630537","1","0.9956856369972229","0.9988862872123718","-4.449862957000732","-1.2559683322906494","0.07810887694358826"
"2026-09-25T10:30:50.229338","66","2026-09-25T10:31:02.781117","1","0.9974813461303711","0.9994485974311829","-4.112192153930664","-1.85672128200531","2.1199233531951904"
"2026-09-25T10:30:50.229338","67","2026-09-25T10:31:02.926203","1","0.9970390796661377","0.9968274235725403","-2.715183734893799","-1.4173249006271362","2.8450522422790527"
"2026-09-25T10:30:50.229338","68","2026-09-25T10:31:03.029675","1","0.9983530044555664","0.9988862872123718","-3.2055857181549072","-1.6154026985168457","3.392893075942993"
"2026-09-25T10:30:50.229338","69","2026-09-25T10:31:03.129962","1","0.9974813461303711","0.9971305727958679","-3.6355957984924316","-1.5379782915115356","3.74960994720459"
"2026-09-25T10:30:50.229338","70","2026-09-25T10:31:03.232239","1","0.9983530044555664","0.99802166223526","-4.020723819732666","-2.1263675689697266","3.7136895656585693"
"2026-09-25T10:30:50.229338","71","2026-09-25T10:31:03.387064","1","0.9974813461303711","0.9971305727958679","-3.7167065143585205","-1.0515716075897217","3.221674919128418"
"2026-09-25T10:30:50.229338","72","2026-09-25T10:31:03.540726","1","0.9979193210601807","0.9991688132286072","-3.6160433292388916","-1.619038462638855","2.811784029006958"
"2026-09-25T10:30:50.229338","73","2026-09-25T10:31:03.693187","1","0.9996290802955627","0.9988862872123718","-3.603024959564209","-2.168848752975464","2.230712413787842"
"2026-09-25T10:30:50.229338","74","2026-09-25T10:31:03.858944","1","0.9987824559211731","0.99802166223526","-2.582024097442627","-1.6034369468688965","0.9806234836578369"
"2026-09-25T10:30:50.229338","75","2026-09-25T10:31:04.214940","1","0.9861093163490295","0.9915161728858948","-3.031676769256592","-0.8919238448143005","-0.1970893293619156"
"2026-09-25T10:30:50.229338","76","2026-09-25T10:31:04.452040","1","0.9979193210601807","0.9974306225776672","-3.130516290664673","-0.7984995245933533","-0.5257834196090698"
"2026-09-25T10:31:13.766012","1","2026-09-25T10:31:20.444670","1","0.651045560836792","0.6937435865402222","-1.0154774188995361","2.303903579711914","3.689028024673462"
"2026-09-25T10:31:13.766012","2","2026-09-25T10:31:20.566054","1","0.8186739683151245","0.9021314382553101","-3.4043478965759277","2.9004337787628174","4.6904425621032715"
"2026-09-25T10:31:13.766012","3","2026-09-25T10:31:20.687395","1","0.9933371543884277","0.5043434500694275","-1.7712539434432983","4.061724662780762","9.713674545288086"
"2026-09-25T10:31:13.766012","4","2026-09-25T10:31:20.806210","1","0.9923635125160217","0.9955831170082092","-3.60151743888855","-1.3989996910095215","7.833205223083496"
"2026-09-25T10:31:13.766012","5","2026-09-25T10:31:20.935590","1","0.9887905716896057","0.9971305727958679","-2.388090133666992","-0.8249301314353943","5.997916221618652"
"2026-09-25T10:31:13.766012","6","2026-09-25T10:31:21.047971","1","0.9868497848510742","0.9834141135215759","-4.536498069763184","-1.68805992603302","8.631906509399414"
"2026-09-25T10:31:13.766012","7","2026-09-25T10:31:21.173550","1","1.0","0.9999999403953552","-3.7237443923950195","3.928537368774414","8.398545265197754"
"2026-09-25T10:31:13.766012","8","2026-09-25T10:31:21.298097","1","1.0","0.9988862872123718","-4.251009941101074","2.181575059890747","2.491973638534546"
"2026-09-25T10:31:13.766012","9","2026-09-25T10:31:21.416180","1","0.9983530044555664","0.998312771320343","-4.900237083435059","5.654199600219727","-1.5094047784805298"
"2026-09-25T10:31:13.766012","10","2026-09-25T10:31:21.537817","1","0.9933371543884277","0.997727632522583","-5.146024703979492","3.2171857357025146","-1.4580599069595337"
"2026-09-25T10:31:13.766012","11","2026-09-25T10:31:21.666749","1","0.9928528666496277","0.998600959777832","-5.364156246185303","4.349079132080078","-1.287622094154358"
"2026-09-25T10:31:13.766012","12","2026-09-25T10:31:21.778437","1","0.9961413145065308","0.998312771320343","-4.103999137878418","4.144499778747559","-2.6169700622558594"
"2026-09-25T10:31:13.766012","13","2026-09-25T10:31:21.899115","1","0.9868497848510742","0.9997256398200989","-5.401793956756592","-0.8616132140159607","-2.057666063308716"
"2026-09-25T10:31:13.766012","14","2026-09-25T10:31:22.041356","1","0.9992077946662903","0.9958990216255188","-4.542229652404785","6.669984340667725","-2.930337905883789"
"2026-09-25T10:31:13.766012","15","2026-09-25T10:31:22.184728","1","0.9893174171447754","0.9841023683547974","-4.967879772186279","2.401603937149048","0.578885018825531"
"2026-09-25T10:31:13.766012","16","2026-09-25T10:31:22.587197","1","0.9979193210601807","0.998600959777832","-5.960447311401367","1.1084011793136597","2.9599552154541016"
"2026-09-25T10:31:13.766012","17","2026-09-25T10:31:22.717127","1","0.9933371543884277","0.9965211153030396","-5.1989359855651855","0.021158752962946892","1.8466041088104248"
"2026-09-25T10:31:13.766012","18","2026-09-25T10:31:22.879688","1","0.9933371543884277","0.997727632522583","-4.799313068389893","0.3445770740509033","1.4287896156311035"
"2026-09-25T10:31:13.766012","19","2026-09-25T10:31:23.030685","1","0.9970390796661377","0.998312771320343","-3.817059278488159","2.342864513397217","0.8493072986602783"
"2026-09-25T10:31:13.766012","20","2026-09-25T10:31:23.223258","1","0.9965924024581909","0.998312771320343","-5.502788066864014","4.49186897277832","-0.12373347580432892"
"2026-09-25T10:31:13.766012","21","2026-09-25T10:31:23.399824","1","0.9947605133056641","0.99802166223526","-5.930850505828857","3.7817177772521973","0.25423482060432434"
"2026-09-25T10:31:13.766012","22","2026-09-25T10:31:23.601986","1","0.9942908883094788","0.9965211153030396","-5.475601673126221","1.9306728839874268","1.7759921550750732"
"2026-09-25T10:31:13.766012","23","2026-09-25T10:31:23.790006","1","0.9928528666496277","0.9965211153030396","-5.062878131866455","2.446781873703003","1.0141279697418213"
"2026-09-25T10:31:13.766012","24","2026-09-25T10:31:23.897442","1","0.9947605133056641","0.9962117075920105","-4.5150556564331055","2.325746536254883","-0.24987907707691193"
"2026-09-25T10:31:13.766012","25","2026-09-25T10:31:23.998036","1","0.9942908883094788","0.9965211153030396","-4.938302516937256","2.546725273132324","-0.6032897233963013"
"2026-09-25T10:31:13.766012","26","2026-09-25T10:31:24.199929","1","0.9956856369972229","0.99802166223526","-5.028404235839844","2.350280523300171","-0.22109630703926086"
"2026-09-25T10:31:13.766012","27","2026-09-25T10:31:24.405467","1","0.9956856369972229","0.997727632522583","-5.377972602844238","1.5373257398605347","0.8160984516143799"
"2026-09-25T10:31:13.766012","28","2026-09-25T10:31:24.593389","1","0.9952254295349121","0.998312771320343","-4.7548956871032715","1.0529354810714722","1.3064457178115845"
"2026-09-25T10:31:13.766012","29","2026-09-25T10:31:24.700668","1","0.9961413145065308","0.9971305727958679","-5.158905029296875","1.965591311454773","1.1704292297363281"
"2026-09-25T10:31:13.766012","30","2026-09-25T10:31:24.876001","1","0.9938164353370667","0.9952638149261475","-4.969052791595459","2.754084825515747","0.6545286178588867"
"2026-09-25T10:31:13.766012","31","2026-09-25T10:31:25.063966","1","0.9942908883094788","0.998312771320343","-4.725265979766846","3.1556105613708496","0.5602381229400635"
"2026-09-25T10:31:13.766012","32","2026-09-25T10:31:25.251697","1","0.9965924024581909","0.9974306225776672","-4.407070159912109","3.060614585876465","0.10206077247858047"
"2026-09-25T10:31:13.766012","33","2026-09-25T10:31:25.421665","1","0.9933371543884277","0.9955831170082092","-2.6627326011657715","0.6592491865158081","0.9454004168510437"
"2026-09-25T10:31:13.766012","34","2026-09-25T10:31:25.594661","1","0.9947605133056641","0.998312771320343","-3.5228793621063232","1.0444833040237427","1.710921287536621"
"2026-09-25T10:31:13.766012","35","2026-09-25T10:31:25.757638","1","0.9942908883094788","0.99802166223526","-3.78914737701416","2.9005839824676514","0.6718228459358215"
"2026-09-25T10:31:13.766012","36","2026-09-25T10:31:25.923520","1","0.9938164353370667","0.9988862872123718","-4.190135955810547","2.3880040645599365","0.3472922146320343"
"2026-09-25T10:31:13.766012","37","2026-09-25T10:31:26.112475","1","0.9933371543884277","0.9988862872123718","-4.0444769859313965","2.872431755065918","-0.0902525931596756"
"2026-09-25T10:31:13.766012","38","2026-09-25T10:31:26.297004","1","0.9928528666496277","0.9988862872123718","-3.1694107055664062","1.7934695482254028","-0.3316402733325958"
"2026-09-25T10:31:13.766012","39","2026-09-25T10:31:26.726582","1","0.9887905716896057","0.99802166223526","-4.026971340179443","2.843672513961792","-2.2924365997314453"
"2026-09-25T10:31:35.691352","1","2026-09-25T10:31:37.496159","1","0.004562854766845703","0.6806507110595703","13.479020118713379","-13.059735298156738","9.437029838562012"
"2026-09-25T10:31:35.691352","2","2026-09-25T10:31:41.324194","1","0.7856113910675049","0.8650642037391663","-4.797041416168213","7.338150978088379","9.682794570922852"
"2026-09-25T10:31:35.691352","3","2026-09-25T10:31:41.684469","1","0.7805240750312805","0.8734263181686401","-2.077361822128296","3.4105398654937744","-1.9746067523956299"
"2026-09-25T10:31:35.691352","4","2026-09-25T10:31:41.807148","1","0.9979193210601807","0.998600959777832","0.23015911877155304","1.7482248544692993","3.0142834186553955"
"2026-09-25T10:31:35.691352","5","2026-09-25T10:31:41.930051","1","0.9961413145065308","0.9991688132286072","1.5578068494796753","0.30464112758636475","2.550395965576172"
"2026-09-25T10:31:35.691352","6","2026-09-25T10:31:42.169902","1","0.9996290802955627","0.9994485974311829","3.2894222736358643","6.090734481811523","0.5102812051773071"
"2026-09-25T10:31:35.691352","7","2026-09-25T10:31:42.337651","1","0.9974813461303711","0.9988862872123718","3.408421754837036","3.4516611099243164","-0.3718954622745514"
"2026-09-25T10:31:35.691352","8","2026-09-25T10:31:42.533534","2","0.9956856369972229","0.9999999403953552","-0.460274338722229","2.230755567550659","-4.032689571380615"
"2026-09-25T10:31:35.691352","9","2026-09-25T10:31:42.693194","1","0.9992077946662903","0.9991688132286072","0.5406546592712402","3.0019407272338867","-4.531610012054443"
"2026-09-25T10:31:35.691352","10","2026-09-25T10:31:42.852289","1","0.9942908883094788","0.9949411749839783","0.8990272879600525","2.0644679069519043","-6.381345272064209"
"2026-09-25T10:31:35.691352","11","2026-09-25T10:31:43.053406","2","0.9961413145065308","0.9991688132286072","0.21676631271839142","1.8928272724151611","-5.599359035491943"
"2026-09-25T10:31:35.691352","12","2026-09-25T10:31:43.255452","2","0.9970390796661377","0.9999999403953552","1.6937941312789917","2.875777006149292","-4.953138828277588"
"2026-09-25T10:31:35.691352","13","2026-09-25T10:31:43.450274","2","0.9952254295349121","0.998600959777832","-0.9166770577430725","2.193382740020752","-4.849148273468018"
"2026-09-25T10:31:35.691352","14","2026-09-25T10:31:43.653530","2","0.9918690919876099","0.998312771320343","-1.3954168558120728","3.0677356719970703","-4.476277828216553"
"2026-09-25T10:31:35.691352","15","2026-09-25T10:31:43.857282","2","0.9928528666496277","0.998312771320343","2.2775542736053467","3.1041526794433594","-3.4296224117279053"
"2026-09-25T10:31:35.691352","16","2026-09-25T10:31:44.056573","2","0.9956856369972229","0.998312771320343","2.546266794204712","3.4280247688293457","-3.7378990650177"
"2026-09-25T10:31:35.691352","17","2026-09-25T10:31:44.240899","2","0.9947605133056641","0.9988862872123718","2.5030038356781006","4.029532432556152","-3.7672643661499023"
"2026-09-25T10:31:35.691352","18","2026-09-25T10:31:44.351571","2","0.9942908883094788","0.997727632522583","1.4458109140396118","4.267542362213135","-3.393953561782837"
"2026-09-25T10:31:35.691352","19","2026-09-25T10:31:44.454525","2","0.9918690919876099","0.997727632522583","0.5674545764923096","4.109260082244873","-3.5831172466278076"
"2026-09-25T10:31:35.691352","20","2026-09-25T10:31:44.648351","2","0.9913694858551025","0.998312771320343","2.2336041927337646","3.5607125759124756","-3.4876694679260254"
"2026-09-25T10:31:35.691352","21","2026-09-25T10:31:44.756090","2","0.9970390796661377","0.99802166223526","3.0658059120178223","4.388372421264648","-0.8241091370582581"
"2026-09-25T10:31:35.691352","22","2026-09-25T10:31:44.957873","2","0.9938164353370667","0.9922314882278442","1.4291026592254639","4.6438798904418945","-1.4822909832000732"
"2026-09-25T10:31:35.691352","23","2026-09-25T10:31:45.156729","2","0.9903543591499329","0.9911525249481201","-0.8310206532478333","5.767848014831543","-2.041283130645752"
"2026-09-25T10:31:35.691352","24","2026-09-25T10:31:45.366446","2","0.9918690919876099","0.9974306225776672","0.42045894265174866","2.710273265838623","-4.228046894073486"
"2026-09-25T10:31:35.691352","25","2026-09-25T10:31:45.554350","2","0.9947605133056641","0.9962117075920105","-1.2174351215362549","3.9716460704803467","-4.323938846588135"
"2026-09-25T10:31:35.691352","26","2026-09-25T10:31:45.654934","2","0.9871754050254822","0.9968274235725403","-1.4184104204177856","4.808252811431885","-3.9994490146636963"
"2026-09-25T10:31:35.691352","27","2026-09-25T10:31:45.755767","2","0.007300853729248047","0.010436594486236572","1.0060893297195435","3.9639952182769775","-3.980161428451538"
"2026-09-25T10:31:35.691352","28","2026-09-25T10:31:45.963900","2","0.004562854766845703","0.0026093721389770508","2.2206180095672607","4.932420253753662","-4.315936088562012"
"2026-09-25T10:31:35.691352","29","2026-09-25T10:31:46.158493","2","0.9961413145065308","0.997727632522583","0.823675811290741","4.517523765563965","-4.126880645751953"
"2026-09-25T10:31:35.691352","30","2026-09-25T10:31:46.259470","2","0.9956856369972229","0.9971305727958679","0.785240113735199","3.6632726192474365","-4.734425067901611"
"2026-09-25T10:31:35.691352","31","2026-09-25T10:31:46.452907","2","0.9956856369972229","0.9971305727958679","0.5232248306274414","4.52651309967041","-3.809386730194092"
"2026-09-25T10:31:35.691352","32","2026-09-25T10:31:46.562268","2","0.9961413145065308","0.9968274235725403","-2.2973034381866455","3.933607578277588","-4.017552852630615"
"2026-09-25T10:31:35.691352","33","2026-09-25T10:31:46.765408","2","0.001824796199798584","0.025947093963623047","-0.24147674441337585","4.1363396644592285","-3.2426438331604004"
"2026-09-25T10:31:35.691352","34","2026-09-25T10:31:46.966788","2","0.010038912296295166","0.023173749446868896","-0.1744670569896698","4.107234477996826","-3.312711000442505"
"2026-09-25T10:31:35.691352","35","2026-09-25T10:31:47.162635","2","0.9965924024581909","0.99802166223526","-2.6789491176605225","4.716751575469971","-2.8320789337158203"
"2026-09-25T10:31:35.691352","36","2026-09-25T10:31:47.363012","2","0.9918690919876099","0.9968274235725403","-2.1048688888549805","2.640064239501953","-1.0351829528808594"
"2026-09-25T10:31:35.691352","37","2026-09-25T10:31:47.551750","2","0.001824796199798584","0.02502262592315674","-1.5905531644821167","3.8937273025512695","-2.728693723678589"
"2026-09-25T10:31:35.691352","38","2026-09-25T10:31:47.659720","2","0.04767268896102905","0.17585158348083496","1.5595625638961792","1.7575644254684448","-1.2614432573318481"
"2026-09-25T10:31:35.691352","39","2026-09-25T10:31:47.857284","2","0.05803883075714111","0.17585158348083496","0.7153905630111694","6.615797996520996","-1.1757097244262695"
"2026-09-25T10:31:35.691352","40","2026-09-25T10:31:47.958863","1","0.9938164353370667","0.9371852278709412","1.9694643020629883","34.356266021728516","16.980915069580078"
"2026-09-25T10:31:35.691352","41","2026-09-25T10:31:49.364426","1","0.029205143451690674","0.5810842514038086","6.1103596687316895","36.30079650878906","19.255088806152344"
"2026-09-25T10:31:35.691352","42","2026-09-25T10:31:49.556451","1","0.9923635125160217","0.997727632522583","0.7083469033241272","14.398762702941895","12.774857521057129"
"2026-09-25T10:31:35.691352","43","2026-09-25T10:31:49.736382","1","0.9933371543884277","0.9991688132286072","1.0406043529510498","6.82643461227417","9.110440254211426"
"2026-09-25T10:31:35.691352","44","2026-09-25T10:31:49.908665","2","0.9942908883094788","0.9971305727958679","3.0476229190826416","6.934731483459473","12.385305404663086"
"2026-09-25T10:31:35.691352","45","2026-09-25T10:31:50.071886","2","0.9942908883094788","0.9994485974311829","0.07965405285358429","8.737104415893555","9.78740406036377"
"2026-09-25T10:31:35.691352","46","2026-09-25T10:31:50.218002","2","0.9947605133056641","0.9968274235725403","0.7795705795288086","8.77711296081543","10.509917259216309"
"2026-09-25T10:31:35.691352","47","2026-09-25T10:31:50.380689","2","0.010038912296295166","0.008479773998260498","2.540559768676758","5.376194953918457","7.449784755706787"
"2026-09-25T10:31:35.691352","48","2026-09-25T10:31:50.539440","1","0.3822312355041504","0.047746360301971436","5.069915294647217","5.823404312133789","10.12456226348877"
"2026-09-25T10:31:35.691352","49","2026-09-25T10:31:51.505460","1","0.5735950469970703","0.8227906227111816","7.0915207862854","-30.238086700439453","11.169633865356445"
"2026-09-25T10:31:35.691352","50","2026-09-25T10:31:51.665753","1","0.7634485363960266","0.9841023683547974","8.786026000976562","-29.72754669189453","10.373027801513672"
"2026-09-25T10:31:35.691352","51","2026-09-25T10:31:51.804040","1","0.02372908592224121","0.024098217487335205","3.2778210639953613","-20.218862533569336","11.453551292419434"
"2026-09-25T10:31:35.691352","52","2026-09-25T10:31:51.946759","1","0.9893174171447754","0.9880889058113098","1.9457190036773682","-6.128964900970459","12.82824420928955"
"2026-09-25T10:31:35.691352","53","2026-09-25T10:31:52.086706","1","0.9983530044555664","0.9991688132286072","0.7122520804405212","-4.697682857513428","13.429913520812988"
"2026-09-25T10:31:35.691352","54","2026-09-25T10:31:52.229192","2","0.9979193210601807","0.9997256398200989","-0.10138008743524551","-3.657822370529175","11.627809524536133"
"2026-09-25T10:31:35.691352","55","2026-09-25T10:31:52.361970","2","1.0","0.9991688132286072","1.9209504127502441","-1.5850716829299927","13.654925346374512"
"2026-09-25T10:31:35.691352","56","2026-09-25T10:31:52.509612","2","0.9898386597633362","0.9949411749839783","1.1007506847381592","-2.0482394695281982","13.006182670593262"
"2026-09-25T10:31:35.691352","57","2026-09-25T10:31:52.632766","2","0.9918690919876099","0.9968274235725403","-0.5388284921646118","-4.363802433013916","12.289342880249023"
"2026-09-25T10:31:35.691352","58","2026-09-25T10:31:52.820398","2","0.9987824559211731","0.998600959777832","0.44902145862579346","-4.371791362762451","12.259638786315918"
"2026-09-25T10:31:35.691352","59","2026-09-25T10:31:52.969653","2","0.5554949641227722","0.5043434500694275","1.3626301288604736","-2.1348140239715576","11.713339805603027"
"2026-09-25T10:31:35.691352","60","2026-09-25T10:31:53.151354","1","0.775982677936554","0.6728394031524658","12.842970848083496","-4.825621604919434","11.091548919677734"
"2026-09-25T10:31:35.691352","61","2026-09-25T10:31:53.330785","2","0.9370447397232056","0.7209669351577759","13.00173282623291","-2.912014961242676","13.164749145507812"
"2026-09-25T10:31:35.691352","62","2026-09-25T10:31:53.508834","2","0.947841465473175","0.9354024529457092","8.242775917053223","-1.159530758857727","13.081554412841797"
"2026-09-25T10:31:35.691352","63","2026-09-25T10:31:53.704782","2","0.9947605133056641","0.9907847046852112","5.321056365966797","1.1154365539550781","13.855626106262207"
"2026-09-25T10:31:35.691352","64","2026-09-25T10:31:53.904635","2","0.947841465473175","0.9867727756500244","2.561328172683716","4.052513599395752","10.312225341796875"
"2026-09-25T10:31:35.691352","65","2026-09-25T10:31:54.104870","2","0.1407354474067688","0.3133024573326111","3.297295093536377","5.445499420166016","12.788254737854004"
"2026-09-25T10:31:35.691352","66","2026-09-25T10:31:54.293442","2","0.44215482473373413","0.17585158348083496","-2.375047445297241","5.366890907287598","10.995457649230957"
"2026-09-25T10:31:35.691352","67","2026-09-25T10:31:54.402957","2","0.8463578224182129","0.8310790657997131","-2.5803921222686768","6.1207122802734375","10.122564315795898"
"2026-09-25T10:31:35.691352","68","2026-09-25T10:31:54.608328","1","0.986605703830719","0.9997256398200989","-5.182003974914551","7.821676731109619","6.4458160400390625"
"2026-09-25T10:31:35.691352","69","2026-09-25T10:31:54.805548","2","0.9928528666496277","0.9994485974311829","-8.715764045715332","7.61317253112793","7.356750011444092"
"2026-09-25T10:31:35.691352","70","2026-09-25T10:31:55.007251","1","0.9956856369972229","0.998312771320343","-5.662677764892578","5.307374954223633","12.026325225830078"
"2026-09-25T10:31:35.691352","71","2026-09-25T10:31:55.205481","2","0.9992077946662903","0.9997256398200989","-7.087435722351074","2.7990050315856934","13.287895202636719"
"2026-09-25T10:31:35.691352","72","2026-09-25T10:31:55.405291","2","0.9887905716896057","0.9994485974311829","-5.121801376342773","6.230262756347656","10.539409637451172"
"2026-09-25T10:31:35.691352","73","2026-09-25T10:31:55.607015","2","0.7734758257865906","0.994285523891449","-5.1375298500061035","9.780221939086914","8.689666748046875"
"2026-09-25T10:31:35.691352","74","2026-09-25T10:31:55.807654","1","0.1492120623588562","0.8745412826538086","-7.38242244720459","6.118293762207031","11.202739715576172"
"2026-09-25T10:31:35.691352","75","2026-09-25T10:31:57.149514","1","0.5735950469970703","0.3436095714569092","-16.763059616088867","33.17167282104492","13.865425109863281"
"2026-09-25T10:32:20.153229","1","2026-09-25T10:32:22.209953","1","0.651045560836792","0.02363598346710205","1.4285274744033813","-3.239992618560791","10.604496002197266"
"2026-09-25T10:32:20.153229","2","2026-09-25T10:32:22.336154","1","0.7338244915008545","0.9925832152366638","1.613937258720398","-6.8199920654296875","16.355758666992188"
"2026-09-25T10:32:20.153229","3","2026-09-25T10:32:22.454866","1","0.0","0.05664175748825073","4.385569095611572","-2.677704334259033","19.3197078704834"
"2026-09-25T10:32:20.153229","4","2026-09-25T10:32:22.571300","1","0.044218361377716064","0.9354024529457092","2.4138004779815674","-4.132814884185791","22.30145835876465"
"2026-09-25T10:32:20.153229","5","2026-09-25T10:32:22.831834","1","0.9942908883094788","0.9999999403953552","0.892637312412262","-4.822841167449951","22.049936294555664"
"2026-09-25T10:32:20.153229","6","2026-09-25T10:32:22.934201","1","0.9923635125160217","0.99802166223526","-0.47338756918907166","-5.372976303100586","21.066747665405273"
"2026-09-25T10:32:20.153229","7","2026-09-25T10:32:23.056423","1","0.9903543591499329","0.9991688132286072","-1.6916085481643677","-5.525904655456543","18.439929962158203"
"2026-09-25T10:32:20.153229","8","2026-09-25T10:32:23.175057","1","0.001824796199798584","0.0208626389503479","-1.5633796453475952","-8.14055347442627","17.420021057128906"
"2026-09-25T10:32:20.153229","9","2026-09-25T10:32:23.296128","1","0.004562854766845703","0.02363598346710205","-4.018716335296631","-8.255844116210938","17.48825454711914"
"2026-09-25T10:32:20.153229","10","2026-09-25T10:32:23.439610","1","0.9287917613983154","0.9382040500640869","-3.8385465145111084","-11.058274269104004","16.382400512695312"
"2026-09-25T10:32:20.153229","11","2026-09-25T10:32:23.579772","1","0.9503150582313538","0.9971305727958679","-2.895197629928589","-12.646842002868652","15.239168167114258"
"2026-09-25T10:32:20.153229","12","2026-09-25T10:32:23.700796","1","0.9514423608779907","0.9965211153030396","-3.3603339195251465","-12.39300537109375","15.344853401184082"
"2026-09-25T10:32:20.153229","13","2026-09-25T10:32:23.818494","1","0.9445556402206421","0.9892709851264954","-3.155348539352417","-10.84233283996582","13.72231674194336"
"2026-09-25T10:32:20.153229","14","2026-09-25T10:32:23.942605","1","0.9501656293869019","0.047746360301971436","-2.102872610092163","-6.9474945068359375","8.332637786865234"
"2026-09-25T10:32:20.153229","15","2026-09-25T10:32:24.075975","1","0.7338244915008545","0.5363578200340271","-1.860660195350647","-7.421175479888916","6.921932697296143"
"2026-09-25T10:32:20.153229","16","2026-09-25T10:32:24.181208","1","0.43315184116363525","0.08612668514251709","-0.06035295128822327","-0.13545182347297668","7.113867282867432"
"2026-09-25T10:32:20.153229","17","2026-09-25T10:32:24.303002","1","0.9511713981628418","0.047746360301971436","-2.45369291305542","1.6488752365112305","2.2112953662872314"
"2026-09-25T10:32:20.153229","18","2026-09-25T10:32:24.442281","1","0.9871754050254822","0.9968274235725403","-3.6746110916137695","2.0669963359832764","-1.7324186563491821"
"2026-09-25T10:32:20.153229","19","2026-09-25T10:32:24.543709","1","0.9942908883094788","0.998312771320343","-1.1035436391830444","1.1297740936279297","-1.3674131631851196"
"2026-09-25T10:32:20.153229","20","2026-09-25T10:32:24.665583","1","0.9923635125160217","0.9965211153030396","0.17372088134288788","1.3931127786636353","0.2712118625640869"
"2026-09-25T10:32:20.153229","21","2026-09-25T10:32:24.788667","1","0.9942908883094788","0.9962117075920105","-2.175729751586914","2.3154430389404297","0.5557453036308289"
"2026-09-25T10:32:20.153229","22","2026-09-25T10:32:24.907179","1","0.9952254295349121","0.99802166223526","-1.3782718181610107","5.334073066711426","-1.4388799667358398"
"2026-09-25T10:32:20.153229","23","2026-09-25T10:32:25.027363","1","0.9938164353370667","0.9968274235725403","-1.5591002702713013","6.376728534698486","-2.0410375595092773"
"2026-09-25T10:32:20.153229","24","2026-09-25T10:32:25.150221","1","0.9947605133056641","0.9965211153030396","-1.923950433731079","4.204200267791748","-1.053058385848999"
"2026-09-25T10:32:20.153229","25","2026-09-25T10:32:25.268607","1","0.9938164353370667","0.9971305727958679","-1.2557401657104492","4.144530296325684","-0.37069544196128845"
"2026-09-25T10:32:20.153229","26","2026-09-25T10:32:25.389974","1","0.9942908883094788","0.9974306225776672","-0.816683292388916","4.603084564208984","-0.5873368978500366"
"2026-09-25T10:32:20.153229","27","2026-09-25T10:32:25.495244","1","0.9928528666496277","0.997727632522583","-1.7022134065628052","3.9670512676239014","-0.5359528660774231"
"2026-09-25T10:32:20.153229","28","2026-09-25T10:32:25.632601","1","0.9928528666496277","0.997727632522583","1.221534013748169","1.758288025856018","-0.8010578155517578"
"2026-09-25T10:32:20.153229","29","2026-09-25T10:32:25.761492","1","0.9938164353370667","0.9965211153030396","2.0663912296295166","-5.8459930419921875","-0.8944747447967529"
"2026-09-25T10:32:20.153229","30","2026-09-25T10:32:25.872095","1","0.9923635125160217","0.9939523935317993","4.329199314117432","-13.89006233215332","-1.1930557489395142"
"2026-09-25T10:32:20.153229","31","2026-09-25T10:32:25.992483","1","0.986605703830719","0.994285523891449","5.176061630249023","-19.743038177490234","-1.6073668003082275"
"2026-09-25T10:32:20.153229","32","2026-09-25T10:32:26.116620","1","0.9868497848510742","0.9915161728858948","5.281463146209717","-19.081600189208984","-0.9610018134117126"
"2026-09-25T10:32:20.153229","33","2026-09-25T10:32:26.234253","1","0.9863588809967041","0.9922314882278442","5.352542877197266","-17.71553611755371","-0.3355691432952881"
"2026-09-25T10:32:20.153229","34","2026-09-25T10:32:26.354416","1","0.05671572685241699","0.021324872970581055","10.407574653625488","-27.204875946044922","0.011761629022657871"
"2026-09-25T10:32:20.153229","35","2026-09-25T10:32:26.478118","1","0.9856016635894775","0.021324872970581055","9.11387825012207","-47.009124755859375","1.6761243343353271"
"2026-09-25T10:32:20.153229","36","2026-09-25T10:32:26.597867","1","0.7856113910675049","0.675443172454834","3.645765542984009","-67.8194808959961","4.436168670654297"
"2026-09-25T10:32:20.153229","37","2026-09-25T10:32:26.719101","1","0.7466771602630615","0.767783522605896","2.9501543045043945","-67.99824523925781","6.53130578994751"
"2026-09-25T10:32:20.153229","38","2026-09-25T10:32:26.842687","1","0.770969033241272","0.7337781190872192","3.1010148525238037","-67.89429473876953","5.490797519683838"
"2026-09-25T10:32:20.153229","39","2026-09-25T10:32:26.959826","1","0.5897773504257202","0.8706389665603638","3.331087827682495","-67.9232177734375","4.5007805824279785"
"2026-09-25T10:32:20.153229","40","2026-09-25T10:32:27.080358","1","0.908852219581604","0.5513277649879456","4.8781418800354","-70.06022644042969","6.133727550506592"
"2026-09-25T10:32:20.153229","41","2026-09-25T10:32:27.200977","1","0.5857317447662354","0.5513277649879456","10.102946281433105","-45.9727897644043","6.843231201171875"
"2026-09-25T10:32:20.153229","42","2026-09-25T10:32:27.333088","1","0.17988473176956177","0.8684090375900269","13.840846061706543","-19.941621780395508","11.71349811553955"
"2026-09-25T10:32:20.153229","43","2026-09-25T10:32:27.446421","1","0.9903543591499329","0.9946150779724121","10.323437690734863","-7.396509170532227","12.745072364807129"
"2026-09-25T10:32:20.153229","44","2026-09-25T10:32:27.560709","1","0.9871754050254822","0.9952638149261475","8.28372573852539","-8.023186683654785","11.789617538452148"
"2026-09-25T10:32:20.153229","45","2026-09-25T10:32:27.712518","1","0.9928528666496277","0.9958990216255188","8.303150177001953","-7.526241779327393","11.306758880615234"
"2026-09-25T10:32:20.153229","46","2026-09-25T10:32:27.849457","1","0.9947605133056641","0.9974306225776672","9.491007804870605","-5.842231273651123","10.565879821777344"
"2026-09-25T10:32:20.153229","47","2026-09-25T10:32:27.973402","1","0.9868497848510742","0.9965211153030396","12.514015197753906","2.7378134727478027","13.63114070892334"
"2026-09-25T10:32:20.153229","48","2026-09-25T10:32:28.094539","1","0.9861093163490295","0.9872773885726929","17.526060104370117","15.359715461730957","17.94883918762207"
"2026-09-25T10:32:20.153229","49","2026-09-25T10:32:28.204978","1","0.9831671714782715","0.9952638149261475","16.179521560668945","32.07498550415039","21.685178756713867"
"2026-09-25T10:32:20.153229","50","2026-09-25T10:32:28.326288","1","0.9493870735168457","0.8650642037391663","10.316473007202148","45.32999038696289","23.32893943786621"
"2026-09-25T10:32:20.153229","51","2026-09-25T10:32:28.465420","1","0.9868497848510742","0.886478841304779","8.560867309570312","45.65374755859375","21.29454231262207"
"2026-09-25T10:32:20.153229","52","2026-09-25T10:32:28.575314","1","0.9842807650566101","0.8650642037391663","6.9460248947143555","41.49345779418945","19.454618453979492"
"2026-09-25T10:32:20.153229","53","2026-09-25T10:32:28.695815","1","0.010038912296295166","0.047746360301971436","4.695659637451172","43.92658233642578","17.809144973754883"
"2026-09-25T10:32:20.153229","54","2026-09-25T10:32:28.840470","1","0.05803883075714111","0.022249281406402588","2.046764612197876","78.35700225830078","13.326531410217285"
"2026-09-25T10:32:20.153229","55","2026-09-25T10:32:28.972040","1","0.16528689861297607","0.3133024573326111","0.5794062614440918","86.141357421875","10.511795043945312"
"2026-09-25T10:32:20.153229","56","2026-09-25T10:32:29.106104","1","0.6711785793304443","0.12001985311508179","0.3906199336051941","79.5356674194336","11.348143577575684"
"2026-09-25T10:32:20.153229","57","2026-09-25T10:32:29.246716","1","0.010038912296295166","0.9354024529457092","0.897533118724823","66.60066223144531","10.050379753112793"
"2026-09-25T10:32:20.153229","58","2026-09-25T10:32:29.362950","1","0.007300853729248047","0.6806507110595703","1.5997567176818848","40.819129943847656","8.014612197875977"
"2026-09-25T10:32:20.153229","59","2026-09-25T10:32:29.481398","1","0.9506080746650696","0.9488520622253418","-1.448012351989746","8.743520736694336","5.208517074584961"
"2026-09-25T10:32:20.153229","60","2026-09-25T10:32:29.612031","1","0.9952254295349121","0.9997256398200989","-0.7239404916763306","-0.8077966570854187","3.833238363265991"
"2026-09-25T10:32:20.153229","61","2026-09-25T10:32:29.748278","1","0.9938164353370667","0.9988862872123718","-2.440089225769043","-1.3656744956970215","2.8882832527160645"
"2026-09-25T10:32:20.153229","62","2026-09-25T10:32:29.908903","1","0.010038912296295166","0.022711515426635742","-6.875502586364746","1.6724281311035156","4.6176958084106445"
"2026-09-25T10:32:20.153229","63","2026-09-25T10:32:30.053580","1","0.08553206920623779","0.029933273792266846","-12.464784622192383","-2.698272943496704","4.9979753494262695"
"2026-09-25T10:32:20.153229","64","2026-09-25T10:32:30.167089","1","0.651045560836792","0.8672940731048584","-20.23265838623047","-7.4608001708984375","4.786076068878174"
"2026-09-25T10:32:20.153229","65","2026-09-25T10:32:30.294181","1","0.43315184116363525","0.0595439076423645","-29.392946243286133","-7.003612995147705","3.807983636856079"
"2026-09-25T10:32:20.153229","66","2026-09-25T10:32:30.412734","1","0.5735950469970703","0.9735729098320007","-21.857437133789062","-5.12969446182251","8.552290916442871"
"2026-09-25T10:32:20.153229","67","2026-09-25T10:32:30.560394","1","0.9983530044555664","0.9991688132286072","-8.742203712463379","-4.197174072265625","6.2752275466918945"
"2026-09-25T10:32:20.153229","68","2026-09-25T10:32:30.714261","1","0.9947605133056641","0.99802166223526","-3.340466022491455","-2.1933658123016357","3.378436326980591"
"2026-09-25T10:32:20.153229","69","2026-09-25T10:32:30.859358","1","0.004562854766845703","0.0208626389503479","-0.4758348762989044","-1.4661766290664673","3.2066261768341064"
"2026-09-25T10:32:20.153229","70","2026-09-25T10:32:30.962081","1","0.001824796199798584","0.019214868545532227","-0.8174383640289307","-1.8838943243026733","3.1587462425231934"
"2026-09-25T10:32:20.153229","71","2026-09-25T10:32:31.063220","1","0.004562854766845703","0.0595439076423645","-1.7710185050964355","-2.238008499145508","3.4639317989349365"
"2026-09-25T10:32:20.153229","72","2026-09-25T10:32:31.189130","1","0.010038912296295166","0.026871562004089355","-1.574294924736023","-1.3985328674316406","3.0222561359405518"
"2026-09-25T10:32:20.153229","73","2026-09-25T10:32:31.308110","1","0.015514969825744629","0.010436594486236572","-1.3104101419448853","-1.7322497367858887","2.502614974975586"
"2026-09-25T10:32:20.153229","74","2026-09-25T10:32:31.432521","1","0.020991027355194092","0.012393414974212646","-1.486948847770691","-1.8641777038574219","3.0260732173919678"
"2026-09-25T10:32:20.153229","75","2026-09-25T10:32:31.578731","1","0.026467084884643555","0.021787047386169434","-1.876240611076355","-0.31737110018730164","2.9342269897460938"
"2026-09-25T10:32:20.153229","76","2026-09-25T10:32:31.716122","1","0.012776970863342285","0.010436594486236572","-0.28823450207710266","-1.238674521446228","1.6265323162078857"
"2026-09-25T10:32:20.153229","77","2026-09-25T10:32:31.829649","1","0.001824796199798584","0.010436594486236572","-1.164561152458191","-1.5217019319534302","2.5013952255249023"
"2026-09-25T10:32:20.153229","78","2026-09-25T10:32:31.953804","1","0.026467084884643555","0.026871562004089355","-1.272830843925476","-1.6069995164871216","3.111846923828125"
"2026-09-25T10:32:20.153229","79","2026-09-25T10:32:32.074645","1","0.9877196550369263","0.9958990216255188","-1.085442304611206","-1.8188267946243286","3.339566946029663"
"2026-09-25T10:32:20.153229","80","2026-09-25T10:32:32.193651","1","0.9868497848510742","0.998600959777832","-0.22417902946472168","-1.7779242992401123","3.6088385581970215"
"2026-09-25T10:32:20.153229","81","2026-09-25T10:32:32.312421","1","0.9887905716896057","0.9958990216255188","1.2819888591766357","-1.8666077852249146","4.279702186584473"
"2026-09-25T10:32:20.153229","82","2026-09-25T10:32:32.437367","1","0.9877196550369263","0.9962117075920105","1.2027239799499512","-1.5890167951583862","4.867238521575928"
"2026-09-25T10:32:20.153229","83","2026-09-25T10:32:32.555285","1","0.9856016635894775","0.9965211153030396","2.0019757747650146","-1.7238826751708984","4.8104705810546875"
"2026-09-25T10:32:20.153229","84","2026-09-25T10:32:32.675188","1","0.05539274215698242","0.5513277649879456","2.3307948112487793","-1.726732611656189","5.126129150390625"
"2026-09-25T10:32:20.153229","85","2026-09-25T10:32:32.793722","1","0.020991027355194092","0.3970256447792053","3.6770119667053223","-1.475263237953186","5.422117710113525"
"2026-09-25T10:32:20.153229","86","2026-09-25T10:32:32.931711","1","0.007300853729248047","0.23023617267608643","3.6287245750427246","-1.567926287651062","5.680819988250732"
"2026-09-25T10:32:20.153229","87","2026-09-25T10:32:33.033982","1","0.17988473176956177","0.994285523891449","2.7629215717315674","-1.8221951723098755","5.312771797180176"
"2026-09-25T10:32:20.153229","88","2026-09-25T10:32:33.161683","1","0.9825901985168457","0.9988862872123718","1.2953780889511108","-1.583857536315918","5.576462268829346"
"2026-09-25T10:32:20.153229","89","2026-09-25T10:32:33.290277","1","0.012776970863342285","0.10733461380004883","-0.027225885540246964","-1.4773210287094116","5.908703327178955"
"2026-09-25T10:32:20.153229","90","2026-09-25T10:32:33.395681","1","0.012776970863342285","0.042649805545806885","-0.846454381942749","-0.9961024522781372","5.34678316116333"
"2026-09-25T10:32:20.153229","91","2026-09-25T10:32:33.527388","1","0.679590106010437","0.9965211153030396","-1.479992389678955","-1.1868942975997925","5.840296745300293"
"2026-09-25T10:32:20.153229","92","2026-09-25T10:32:33.641105","1","0.9514423608779907","0.9965211153030396","0.01869943179190159","-1.8020904064178467","6.473852634429932"
"2026-09-25T10:32:20.153229","93","2026-09-25T10:32:33.766284","1","0.9506080746650696","0.9974306225776672","-0.5289772748947144","-2.6175637245178223","7.1489057540893555"
"2026-09-25T10:32:20.153229","94","2026-09-25T10:32:33.889849","1","0.9501656293869019","0.9965211153030396","0.5025588870048523","-2.3742103576660156","7.502696514129639"
"2026-09-25T10:32:20.153229","95","2026-09-25T10:32:34.006240","1","0.9492247700691223","0.9974306225776672","-0.13051825761795044","-1.7748745679855347","7.269669532775879"
"2026-09-25T10:32:20.153229","96","2026-09-25T10:32:34.123402","1","0.990864634513855","0.99802166223526","1.2902250289916992","-1.1057997941970825","8.330301284790039"
"2026-09-25T10:32:20.153229","97","2026-09-25T10:32:34.249081","1","0.9942908883094788","0.9962117075920105","3.283277750015259","-0.8171026110649109","8.566551208496094"
"2026-09-25T10:32:20.153229","98","2026-09-25T10:32:34.364600","1","0.9923635125160217","0.998312771320343","4.0834808349609375","-0.9161913394927979","8.775666236877441"
"2026-09-25T10:32:20.153229","99","2026-09-25T10:32:34.485687","1","0.9942908883094788","0.998312771320343","3.136875629425049","-0.9093736410140991","8.910828590393066"
"2026-09-25T10:32:20.153229","100","2026-09-25T10:32:34.610846","1","0.9863588809967041","0.9988862872123718","5.080821514129639","-1.0824352502822876","10.078408241271973"
"2026-09-25T10:32:20.153229","101","2026-09-25T10:32:34.732322","1","0.9903543591499329","0.998312771320343","5.501343727111816","-1.1701302528381348","10.838348388671875"
"2026-09-25T10:32:20.153229","102","2026-09-25T10:32:34.845505","1","0.9933371543884277","0.9988862872123718","4.980100631713867","-1.381532907485962","10.782561302185059"
"2026-09-25T10:32:20.153229","103","2026-09-25T10:32:34.976970","1","0.9903543591499329","0.997727632522583","6.396292686462402","-0.6353106498718262","12.285785675048828"
"2026-09-25T10:32:20.153229","104","2026-09-25T10:32:35.092128","1","0.9877196550369263","0.9974306225776672","7.475734233856201","-2.297966957092285","10.203014373779297"
"2026-09-25T10:32:20.153229","105","2026-09-25T10:32:35.207124","1","0.9898386597633362","0.9968274235725403","6.66745662689209","-3.9380738735198975","7.664060115814209"
"2026-09-25T10:32:20.153229","106","2026-09-25T10:32:35.339736","1","0.9871754050254822","0.9974306225776672","6.899308681488037","-4.3920369148254395","8.586615562438965"
"2026-09-25T10:32:20.153229","107","2026-09-25T10:32:35.464765","1","0.9868497848510742","0.9952638149261475","7.485574245452881","-2.7168362140655518","9.564128875732422"
"2026-09-25T10:32:20.153229","108","2026-09-25T10:32:35.570189","1","0.9848182797431946","0.9968274235725403","7.300644874572754","-2.811448812484741","9.253311157226562"
"2026-09-25T10:32:20.153229","109","2026-09-25T10:32:35.703136","1","0.9887905716896057","0.9958990216255188","6.950902938842773","-3.169374465942383","9.604691505432129"
"2026-09-25T10:32:20.153229","110","2026-09-25T10:32:35.872003","1","0.972050666809082","0.99802166223526","8.115363121032715","-2.7875845432281494","9.854859352111816"
"2026-09-25T10:32:20.153229","111","2026-09-25T10:32:35.981719","1","0.9918690919876099","0.99802166223526","8.136136054992676","-1.162142038345337","10.410595893859863"
"2026-09-25T10:32:20.153229","112","2026-09-25T10:32:36.101057","1","0.9501656293869019","0.998312771320343","8.346382141113281","-1.213989019393921","10.514641761779785"
"2026-09-25T10:32:20.153229","113","2026-09-25T10:32:36.222258","1","0.9537659883499146","0.9988862872123718","8.386577606201172","-0.8759183287620544","10.386252403259277"
"2026-09-25T10:32:20.153229","114","2026-09-25T10:32:36.334042","1","0.9903543591499329","0.998600959777832","7.895878791809082","-1.4553042650222778","10.149873733520508"
"2026-09-25T10:32:20.153229","115","2026-09-25T10:32:36.468175","1","0.9913694858551025","0.9994485974311829","7.8493194580078125","-0.9844489693641663","10.435464859008789"
"2026-09-25T10:32:20.153229","116","2026-09-25T10:32:36.581454","1","0.9961413145065308","0.9991688132286072","7.345528602600098","-0.44725877046585083","10.909549713134766"
"2026-09-25T10:32:20.153229","117","2026-09-25T10:32:36.700406","1","0.9947605133056641","0.9988862872123718","5.102815628051758","-1.4532185792922974","10.759918212890625"
"2026-09-25T10:32:20.153229","118","2026-09-25T10:32:36.831777","1","0.9898386597633362","0.9988862872123718","5.7984514236450195","-2.3321492671966553","10.829207420349121"
"2026-09-25T10:32:20.153229","119","2026-09-25T10:32:36.942554","1","0.9837305545806885","0.9968274235725403","6.0854716300964355","-2.593442916870117","11.131387710571289"
"2026-09-25T10:32:20.153229","120","2026-09-25T10:32:37.063286","1","0.9506080746650696","0.997727632522583","6.397737503051758","-2.6242830753326416","11.115848541259766"
"2026-09-25T10:32:20.153229","121","2026-09-25T10:32:37.201591","1","0.9510332942008972","0.9971305727958679","6.514143466949463","-2.4633851051330566","11.203191757202148"
"2026-09-25T10:32:20.153229","122","2026-09-25T10:32:37.306137","1","0.9871754050254822","0.9991688132286072","5.517387390136719","-2.4271621704101562","10.504561424255371"
"2026-09-25T10:32:20.153229","123","2026-09-25T10:32:37.428618","1","0.986605703830719","0.9994485974311829","5.632979869842529","-2.701359748840332","10.645927429199219"
"2026-09-25T10:32:20.153229","124","2026-09-25T10:32:37.549952","1","0.9868497848510742","0.9991688132286072","4.966831207275391","-3.044996500015259","10.800400733947754"
"2026-09-25T10:32:20.153229","125","2026-09-25T10:32:37.666733","1","0.9877196550369263","0.9988862872123718","3.1935062408447266","-2.875638484954834","10.669859886169434"
"2026-09-25T10:32:20.153229","126","2026-09-25T10:32:37.793970","1","0.9928528666496277","0.99802166223526","1.9144662618637085","-1.6827375888824463","9.500370979309082"
"2026-09-25T10:32:20.153229","127","2026-09-25T10:32:37.905946","1","0.9947605133056641","0.9974306225776672","1.0072377920150757","-1.4632649421691895","8.40349292755127"
"2026-09-25T10:32:20.153229","128","2026-09-25T10:32:38.035911","1","0.9942908883094788","0.998312771320343","-1.154343605041504","-1.081026554107666","8.480476379394531"
"2026-09-25T10:32:20.153229","129","2026-09-25T10:32:38.150856","1","0.9952254295349121","0.998600959777832","-1.208940029144287","-1.0279796123504639","8.504508972167969"
"2026-09-25T10:32:20.153229","130","2026-09-25T10:32:38.266660","1","0.9961413145065308","0.998312771320343","-1.9599844217300415","-1.226325273513794","8.691954612731934"
"2026-09-25T10:32:20.153229","131","2026-09-25T10:32:38.394938","1","0.9942908883094788","0.998600959777832","-1.7028896808624268","-1.6008388996124268","8.506815910339355"
"2026-09-25T10:32:20.153229","132","2026-09-25T10:32:38.515782","1","0.9961413145065308","0.9991688132286072","-1.1710110902786255","-1.246762990951538","8.250677108764648"
"2026-09-25T10:32:20.153229","133","2026-09-25T10:32:38.627547","1","0.9942908883094788","0.997727632522583","-0.5445148944854736","-1.8900139331817627","7.318485260009766"
"2026-09-25T10:32:20.153229","134","2026-09-25T10:32:38.759120","1","0.9952254295349121","0.997727632522583","-0.4295656085014343","-1.7634804248809814","6.253914833068848"
"2026-09-25T10:32:20.153229","135","2026-09-25T10:32:38.915999","1","0.9938164353370667","0.99802166223526","0.09246048331260681","-1.597283124923706","5.576170444488525"
"2026-09-25T10:32:20.153229","136","2026-09-25T10:32:39.038580","1","0.012776970863342285","0.029933273792266846","0.061632197350263596","-1.6196026802062988","5.4315595626831055"
"2026-09-25T10:32:20.153229","137","2026-09-25T10:32:39.155783","1","0.9515752792358398","0.9918758273124695","1.85744309425354","-3.3410303592681885","5.760333061218262"
"2026-09-25T10:32:20.153229","138","2026-09-25T10:32:39.284659","1","0.9918690919876099","0.9929311275482178","7.571551322937012","-11.97319221496582","8.087845802307129"
"2026-09-25T10:32:20.153229","139","2026-09-25T10:32:39.400967","1","0.6402992010116577","0.3436095714569092","12.280696868896484","-24.074787139892578","9.525601387023926"
"2026-09-25T10:32:20.153229","140","2026-09-25T10:32:39.521723","1","0.990864634513855","0.9929311275482178","11.208154678344727","-41.76129913330078","8.98812484741211"
"2026-09-25T10:32:20.153229","141","2026-09-25T10:32:39.641581","1","0.9923635125160217","0.9735729098320007","9.526137351989746","-39.75887680053711","11.96867847442627"
"2026-09-25T10:32:20.153229","142","2026-09-25T10:32:39.758681","1","0.9850823879241943","0.9861172437667847","11.762456893920898","-30.590396881103516","11.59604263305664"
"2026-09-25T10:32:20.153229","143","2026-09-25T10:32:39.886722","1","0.7734758257865906","0.9872773885726929","13.241859436035156","-27.291419982910156","11.22584342956543"
"2026-09-25T10:32:20.153229","144","2026-09-25T10:32:40.241018","1","0.9515752792358398","0.7962261438369751","7.041047096252441","-9.45853042602539","9.767935752868652"
"2026-09-25T10:32:44.284424","1","2026-09-25T10:32:51.846358","1","0.3822312355041504","0.23023617267608643","-2.418250560760498","-26.75812339782715","14.556013107299805"
"2026-09-25T10:32:44.284424","2","2026-09-25T10:32:52.339856","1","0.9370447397232056","0.8734263181686401","-3.2687606811523438","-2.2132089138031006","28.013769149780273"
"2026-09-25T10:32:44.284424","3","2026-09-25T10:32:52.452006","1","0.9493870735168457","0.9351650476455688","-2.04083514213562","-1.3281997442245483","16.14214324951172"
"2026-09-25T10:32:44.284424","4","2026-09-25T10:32:52.568115","1","1.0","0.998312771320343","-2.0497076511383057","-1.3017876148223877","13.617232322692871"
"2026-09-25T10:32:44.284424","5","2026-09-25T10:32:52.686563","1","0.9996290802955627","0.998312771320343","-2.054830312728882","-0.8821740746498108","5.031005859375"
"2026-09-25T10:32:44.284424","6","2026-09-25T10:32:52.849919","1","0.9992077946662903","0.9988862872123718","-2.4844698905944824","-1.2312613725662231","-0.6945886015892029"
"2026-09-25T10:32:44.284424","7","2026-09-25T10:32:52.976656","1","0.9850823879241943","0.9991688132286072","-1.7988357543945312","0.6087343692779541","-3.9916903972625732"
"2026-09-25T10:32:44.284424","8","2026-09-25T10:32:53.098847","1","0.9992077946662903","0.9988862872123718","-1.4045504331588745","-0.35465267300605774","-3.393625020980835"
"2026-09-25T10:32:44.284424","9","2026-09-25T10:32:53.220046","1","1.0","0.99802166223526","-1.5331344604492188","-0.8043200969696045","-2.666977643966675"
"2026-09-25T10:32:44.284424","10","2026-09-25T10:32:53.341598","1","0.9831671714782715","0.9988862872123718","-1.9598236083984375","-1.4076167345046997","-1.7985597848892212"
"2026-09-25T10:32:44.284424","11","2026-09-25T10:32:53.452174","1","0.9983530044555664","0.9991688132286072","-4.04744815826416","-0.30847588181495667","-3.4088265895843506"
"2026-09-25T10:32:44.284424","12","2026-09-25T10:32:53.608674","1","0.9974813461303711","0.998312771320343","-2.879938840866089","-0.9163418412208557","-3.454702138900757"
"2026-09-25T10:32:44.284424","13","2026-09-25T10:32:53.754504","1","0.9983530044555664","0.9968274235725403","-2.3703062534332275","-0.43918952345848083","-3.89044189453125"
"2026-09-25T10:32:44.284424","14","2026-09-25T10:32:53.869880","1","0.9979193210601807","0.99802166223526","-2.9342260360717773","-0.42008814215660095","-3.3392693996429443"
"2026-09-25T10:32:44.284424","15","2026-09-25T10:32:53.987144","1","0.9979193210601807","0.9974306225776672","-2.9093852043151855","-0.36422544717788696","-3.13498592376709"
"2026-09-25T10:32:44.284424","16","2026-09-25T10:32:54.115343","1","0.9979193210601807","0.9988862872123718","-3.008507013320923","-0.7640798687934875","-1.992824673652649"
"2026-09-25T10:32:44.284424","17","2026-09-25T10:32:54.234298","1","0.9987824559211731","0.9994485974311829","-3.332780361175537","-1.0380157232284546","-1.8544731140136719"
"2026-09-25T10:32:44.284424","18","2026-09-25T10:32:54.359416","1","0.9983530044555664","0.998312771320343","-3.2712366580963135","-0.8742835521697998","-2.4457740783691406"
"2026-09-25T10:32:44.284424","19","2026-09-25T10:32:54.459939","1","0.9987824559211731","0.998312771320343","-3.7494895458221436","-0.647009015083313","-2.7189688682556152"
"2026-09-25T10:32:44.284424","20","2026-09-25T10:32:54.568546","1","0.9974813461303711","0.99802166223526","-2.292097330093384","-0.7099353075027466","-2.9802701473236084"
"2026-09-25T10:32:44.284424","21","2026-09-25T10:32:54.725729","1","0.9974813461303711","0.9988862872123718","-2.8266663551330566","-0.11586219817399979","-2.736638307571411"
"2026-09-25T10:32:44.284424","22","2026-09-25T10:32:54.907923","1","0.9974813461303711","0.998312771320343","-3.0475149154663086","-0.10618555545806885","-2.737201690673828"
"2026-09-25T10:32:44.284424","23","2026-09-25T10:32:55.024004","1","0.9979193210601807","0.998312771320343","-3.28659725189209","-0.9524422883987427","-2.7313671112060547"
"2026-09-25T10:32:44.284424","24","2026-09-25T10:32:55.175365","1","0.9979193210601807","0.99802166223526","-3.2542357444763184","-0.7226675152778625","-2.9313805103302"
"2026-09-25T10:32:44.284424","25","2026-09-25T10:32:55.319338","1","0.9970390796661377","0.99802166223526","-2.708660840988159","-0.31679803133010864","-2.9994611740112305"
"2026-09-25T10:32:44.284424","26","2026-09-25T10:32:55.478062","1","0.9974813461303711","0.9974306225776672","-2.3732845783233643","-0.5880228281021118","-3.115368127822876"
"2026-09-25T10:32:44.284424","27","2026-09-25T10:32:55.628361","1","0.9979193210601807","0.998312771320343","-3.1820008754730225","-0.4819409251213074","-3.3993709087371826"
"2026-09-25T10:32:44.284424","28","2026-09-25T10:32:55.778934","1","0.9979193210601807","0.99802166223526","-2.8776018619537354","-0.3514532148838043","-3.3062970638275146"
"2026-09-25T10:32:44.284424","29","2026-09-25T10:32:55.919641","1","0.9974813461303711","0.998312771320343","-2.6799144744873047","-0.5737157464027405","-3.4983742237091064"
"2026-09-25T10:32:44.284424","30","2026-09-25T10:32:56.079874","1","0.9983530044555664","0.998600959777832","-3.442396879196167","-0.2613524794578552","-3.570131301879883"
"2026-09-25T10:32:44.284424","31","2026-09-25T10:32:56.230370","1","0.9979193210601807","0.998312771320343","-3.412893295288086","-0.8492497205734253","-3.8292689323425293"
"2026-09-25T10:32:44.284424","32","2026-09-25T10:32:56.382548","1","0.9979193210601807","0.998600959777832","-3.7419707775115967","-0.6799428462982178","-3.9093892574310303"
"2026-09-25T10:32:44.284424","33","2026-09-25T10:32:56.532436","1","0.9970390796661377","0.99802166223526","-3.5601515769958496","-0.6774137020111084","-3.7691009044647217"
"2026-09-25T10:32:44.284424","34","2026-09-25T10:32:56.667459","1","0.9970390796661377","0.998600959777832","-3.42765474319458","-0.6243676543235779","-4.000232219696045"
"2026-09-25T10:32:44.284424","35","2026-09-25T10:32:56.779818","1","0.9979193210601807","0.998312771320343","-3.3587543964385986","-0.5037263631820679","-3.900343418121338"
"2026-09-25T10:32:44.284424","36","2026-09-25T10:32:56.882677","1","0.9970390796661377","0.998600959777832","-3.8104732036590576","-0.5468891263008118","-4.009909629821777"
"2026-09-25T10:32:44.284424","37","2026-09-25T10:32:57.029551","1","0.9970390796661377","0.998312771320343","-3.518162965774536","-0.7338235378265381","-3.9868874549865723"
"2026-09-25T10:32:44.284424","38","2026-09-25T10:32:57.169498","1","0.9979193210601807","0.998312771320343","-3.961383819580078","-0.45234188437461853","-4.060519695281982"
"2026-09-25T10:32:44.284424","39","2026-09-25T10:32:57.277021","1","0.9974813461303711","0.998312771320343","-3.6807901859283447","-0.7219066619873047","-4.227199077606201"
"2026-09-25T10:32:44.284424","40","2026-09-25T10:32:57.385583","1","0.9983530044555664","0.99802166223526","-3.256256580352783","-0.6430889964103699","-4.174136638641357"
"2026-09-25T10:32:44.284424","41","2026-09-25T10:32:57.541847","1","0.9983530044555664","0.998312771320343","-3.4169983863830566","-0.9977620840072632","-4.421842575073242"
"2026-09-25T10:32:44.284424","42","2026-09-25T10:32:57.688266","1","0.9979193210601807","0.998600959777832","-3.5764667987823486","-1.030989170074463","-4.2302093505859375"
"2026-09-25T10:32:44.284424","43","2026-09-25T10:32:57.839055","1","0.9979193210601807","0.998312771320343","-3.388982057571411","-0.947104275226593","-4.277469635009766"
"2026-09-25T10:32:44.284424","44","2026-09-25T10:32:57.949296","1","0.9974813461303711","0.998312771320343","-3.4409358501434326","-0.8367341160774231","-4.396019458770752"
"2026-09-25T10:32:44.284424","45","2026-09-25T10:32:58.074802","1","0.9979193210601807","0.998312771320343","-3.9559457302093506","-0.9696589708328247","-4.530735492706299"
"2026-09-25T10:32:44.284424","46","2026-09-25T10:32:58.193673","1","0.9974813461303711","0.998600959777832","-3.6097779273986816","-0.9805405735969543","-4.484147548675537"
"2026-09-25T10:32:44.284424","47","2026-09-25T10:32:58.342297","1","0.9974813461303711","0.998312771320343","-3.2688231468200684","-0.6616083383560181","-4.621264934539795"
"2026-09-25T10:32:44.284424","48","2026-09-25T10:32:58.495089","1","0.9970390796661377","0.998600959777832","-3.8724863529205322","-1.3382161855697632","-4.794888496398926"
"2026-09-25T10:32:44.284424","49","2026-09-25T10:32:58.632295","1","0.9974813461303711","0.9988862872123718","-3.017871141433716","-0.38891178369522095","-4.077672481536865"
"2026-09-25T10:32:44.284424","50","2026-09-25T10:32:58.746046","1","0.9979193210601807","0.998312771320343","-3.463090658187866","-0.41256022453308105","-4.591947078704834"
"2026-09-25T10:32:44.284424","51","2026-09-25T10:32:58.897728","1","0.9974813461303711","0.998312771320343","-3.7115371227264404","-0.7362902760505676","-4.499074935913086"
"2026-09-25T10:32:44.284424","52","2026-09-25T10:32:59.041940","1","0.9983530044555664","0.998312771320343","-3.578277587890625","-1.1615227460861206","-4.326196670532227"
"2026-09-25T10:32:44.284424","53","2026-09-25T10:32:59.142641","1","0.9970390796661377","0.998312771320343","-3.3464760780334473","-0.8661417365074158","-4.130904197692871"
"2026-09-25T10:32:44.284424","54","2026-09-25T10:32:59.284992","1","0.9974813461303711","0.998312771320343","-2.9613850116729736","-0.6147502064704895","-4.293226718902588"
"2026-09-25T10:32:44.284424","55","2026-09-25T10:32:59.385769","1","0.9970390796661377","0.9988862872123718","-3.1684720516204834","-0.9483837485313416","-3.9055261611938477"
"2026-09-25T10:32:44.284424","56","2026-09-25T10:32:59.494771","1","0.9979193210601807","0.997727632522583","-3.1168813705444336","-0.963018000125885","-3.800089120864868"
"2026-09-25T10:32:44.284424","57","2026-09-25T10:32:59.594843","1","0.9974813461303711","0.99802166223526","-3.6859054565429688","-0.9314231872558594","-3.7839407920837402"
"2026-09-25T10:32:44.284424","58","2026-09-25T10:32:59.697712","1","0.9983530044555664","0.99802166223526","-4.032425403594971","-1.0471678972244263","-3.3616199493408203"
"2026-09-25T10:32:44.284424","59","2026-09-25T10:32:59.853509","1","0.9979193210601807","0.998600959777832","-3.5314085483551025","-0.99410480260849","-3.232062578201294"
"2026-09-25T10:32:44.284424","60","2026-09-25T10:32:59.985332","1","0.9965924024581909","0.99802166223526","-2.5957319736480713","-1.1574183702468872","-2.9078586101531982"
"2026-09-25T10:32:44.284424","61","2026-09-25T10:33:00.100498","1","0.9965924024581909","0.998312771320343","-3.48498797416687","-1.119145393371582","-2.6000945568084717"
"2026-09-25T10:32:44.284424","62","2026-09-25T10:33:00.254018","1","0.9970390796661377","0.998312771320343","-3.849780559539795","-1.0916796922683716","-2.9594743251800537"
"2026-09-25T10:32:44.284424","63","2026-09-25T10:33:00.396797","1","0.9974813461303711","0.998312771320343","-2.560468912124634","-1.0584790706634521","-2.706638813018799"
"2026-09-25T10:32:44.284424","64","2026-09-25T10:33:00.502913","1","0.9952254295349121","0.998312771320343","-3.0094335079193115","-1.0626564025878906","-2.706281900405884"
"2026-09-25T10:32:44.284424","65","2026-09-25T10:33:00.641259","1","0.9970390796661377","0.998312771320343","-2.7731361389160156","-1.1523756980895996","-2.2630481719970703"
"2026-09-25T10:32:44.284424","66","2026-09-25T10:33:00.754910","1","0.9974813461303711","0.998600959777832","-3.311375856399536","-1.3167656660079956","-2.318631649017334"
"2026-09-25T10:32:44.284424","67","2026-09-25T10:33:00.909867","1","0.9970390796661377","0.998312771320343","-3.036525249481201","-0.6179625391960144","-2.240588426589966"
"2026-09-25T10:32:44.284424","68","2026-09-25T10:33:01.054130","1","0.9974813461303711","0.998312771320343","-3.095222234725952","-1.4183417558670044","-2.0225305557250977"
"2026-09-25T10:32:44.284424","69","2026-09-25T10:33:01.210379","1","0.9974813461303711","0.998600959777832","-3.3616011142730713","-1.2763086557388306","-1.7573509216308594"
"2026-09-25T10:32:44.284424","70","2026-09-25T10:33:01.361202","1","0.9974813461303711","0.997727632522583","-2.9036142826080322","-1.2657852172851562","-1.6211462020874023"
"2026-09-25T10:32:44.284424","71","2026-09-25T10:33:01.511140","1","0.9974813461303711","0.998312771320343","-3.1832265853881836","-1.3775955438613892","-1.4769192934036255"
"2026-09-25T10:32:44.284424","72","2026-09-25T10:33:01.663060","1","0.9987824559211731","0.9991688132286072","-3.3423805236816406","-0.7118338942527771","-1.4918431043624878"
"2026-09-25T10:32:44.284424","73","2026-09-25T10:33:01.805360","1","0.9961413145065308","0.9988862872123718","-3.157536268234253","-1.319849967956543","-2.099138021469116"
"2026-09-25T10:32:44.284424","74","2026-09-25T10:33:01.909085","1","0.9974813461303711","0.998600959777832","-2.50392484664917","-0.8810209631919861","-1.9387986660003662"
"2026-09-25T10:32:44.284424","75","2026-09-25T10:33:02.058633","1","0.9983530044555664","0.9974306225776672","-2.7451257705688477","-2.150698184967041","-1.2836767435073853"
"2026-09-25T10:32:44.284424","76","2026-09-25T10:33:02.162930","1","0.9979193210601807","0.9988862872123718","-3.419903039932251","-1.4590243101119995","-1.5085103511810303"
"2026-09-25T10:32:44.284424","77","2026-09-25T10:33:02.263178","1","0.9992077946662903","0.9994485974311829","-2.9679317474365234","-0.8327499628067017","-2.2450551986694336"
"2026-09-25T10:32:44.284424","78","2026-09-25T10:33:02.413563","1","0.9974813461303711","0.99802166223526","-2.887397050857544","-1.875868558883667","-3.132432460784912"
"2026-09-25T10:32:44.284424","79","2026-09-25T10:33:02.579958","1","0.9987824559211731","0.998600959777832","-3.4134039878845215","-1.3352327346801758","-3.88482928276062"
"2026-09-25T10:32:44.284424","80","2026-09-25T10:33:02.703700","1","0.9987824559211731","0.9968274235725403","-2.7570912837982178","-2.3305749893188477","-4.738306999206543"
"2026-09-25T10:32:44.284424","81","2026-09-25T10:33:02.922201","1","0.9983530044555664","0.997727632522583","-2.9165420532226562","-1.591282844543457","-4.728126525878906"
"2026-09-25T10:32:44.284424","82","2026-09-25T10:33:03.342614","1","0.9970390796661377","0.9988862872123718","-4.2957892417907715","-0.8023968935012817","-2.8180322647094727"
"2026-09-25T10:33:06.630005","1","2026-09-25T10:33:40.006629","1","0.7856113910675049","0.8227906227111816","-5.145252227783203","-24.002826690673828","11.871986389160156"
"2026-09-25T10:33:06.630005","2","2026-09-25T10:33:40.159528","1","0.9903543591499329","0.9915161728858948","0.6360072493553162","-10.874187469482422","12.373200416564941"
"2026-09-25T10:33:06.630005","3","2026-09-25T10:33:40.332741","1","0.7734758257865906","0.022711515426635742","-3.186734199523926","-11.240246772766113","18.272974014282227"
"2026-09-25T10:33:06.630005","4","2026-09-25T10:33:40.475704","1","0.9923635125160217","0.9867727756500244","-2.30405855178833","-9.706046104431152","20.288833618164062"
"2026-09-25T10:33:06.630005","5","2026-09-25T10:33:40.586408","1","0.9913694858551025","0.623405933380127","-1.3230834007263184","-10.680682182312012","20.403430938720703"
"2026-09-25T10:33:06.630005","6","2026-09-25T10:33:40.700882","1","0.6402992010116577","0.026871562004089355","-2.4586100578308105","-10.028789520263672","18.883575439453125"
"2026-09-25T10:33:06.630005","7","2026-09-25T10:33:40.826596","2","0.8972601294517517","0.41945070028305054","-1.9103376865386963","-9.023590087890625","15.559181213378906"
"2026-09-25T10:33:06.630005","8","2026-09-25T10:33:40.988010","2","0.9868497848510742","0.9932752251625061","-0.09621208161115646","-9.865161895751953","13.021385192871094"
"2026-09-25T10:33:06.630005","9","2026-09-25T10:33:41.158114","2","0.9928528666496277","0.9896559715270996","-0.1540818065404892","-10.246599197387695","12.103745460510254"
"2026-09-25T10:33:06.630005","10","2026-09-25T10:33:41.342982","2","0.7024589776992798","0.6025388240814209","2.0869648456573486","-6.46327543258667","11.232234954833984"
"2026-09-25T10:33:06.630005","11","2026-09-25T10:33:41.530269","2","0.679590106010437","0.434387743473053","0.5680606365203857","-7.172754287719727","14.54193115234375"
"2026-09-25T10:33:06.630005","12","2026-09-25T10:33:41.706972","2","0.651045560836792","0.5413478016853333","-5.298239231109619","-8.306246757507324","12.715744972229004"
"2026-09-25T10:33:06.630005","13","2026-09-25T10:33:41.808240","2","0.679590106010437","0.3679760694503784","-3.227593183517456","-5.0816731452941895","9.67597484588623"
"2026-09-25T10:33:06.630005","14","2026-09-25T10:33:41.928727","2","0.7734758257865906","0.4685542583465576","-3.2825419902801514","-3.3756775856018066","9.111942291259766"
"2026-09-25T10:33:06.630005","15","2026-09-25T10:33:42.033424","2","0.7634485363960266","0.623405933380127","-2.3883142471313477","-3.871588945388794","10.892045021057129"
"2026-09-25T10:33:06.630005","16","2026-09-25T10:33:42.135166","2","0.7659553289413452","0.6728394031524658","-2.118992328643799","-5.2054123878479","11.844074249267578"
"2026-09-25T10:33:06.630005","17","2026-09-25T10:33:42.247872","2","0.9903543591499329","0.9925832152366638","-2.5527031421661377","-10.231849670410156","10.60202407836914"
"2026-09-25T10:33:06.630005","18","2026-09-25T10:33:42.357747","2","0.9923635125160217","0.990412712097168","-3.480400562286377","-11.48963737487793","10.56981372833252"
"2026-09-25T10:33:06.630005","19","2026-09-25T10:33:42.497958","2","0.48699647188186646","0.16679900884628296","-3.1285626888275146","-5.53633975982666","10.174296379089355"
"2026-09-25T10:33:06.630005","20","2026-09-25T10:33:42.613942","2","0.4603421688079834","0.05664175748825073","-3.997750997543335","-6.989498138427734","10.679402351379395"
"2026-09-25T10:33:06.630005","21","2026-09-25T10:33:42.743422","2","0.21113640069961548","0.029933273792266846","-5.411014080047607","-6.58295202255249","9.965938568115234"
"2026-09-25T10:33:06.630005","22","2026-09-25T10:33:42.922946","2","0.8264715671539307","0.9354024529457092","-5.288046836853027","-7.0567779541015625","11.292375564575195"
"2026-09-25T10:33:06.630005","23","2026-09-25T10:33:43.126427","2","0.5700273513793945","0.8723113536834717","-5.696162223815918","-6.5112690925598145","11.477950096130371"
"2026-09-25T10:33:06.630005","24","2026-09-25T10:33:43.278785","2","0.770969033241272","0.26193898916244507","-4.927042007446289","-5.859731674194336","10.621630668640137"
"2026-09-25T10:33:06.630005","25","2026-09-25T10:33:43.449051","2","0.9918690919876099","0.9907847046852112","-3.288520574569702","-11.276558876037598","10.561659812927246"
"2026-09-25T10:33:06.630005","26","2026-09-25T10:33:43.665232","2","0.8997346758842468","0.14226526021957397","-5.8733391761779785","-6.018626689910889","12.34231948852539"
"2026-09-25T10:33:06.630005","27","2026-09-25T10:33:43.800528","2","0.679590106010437","0.17585158348083496","-3.803032398223877","-7.439160346984863","10.89339542388916"
"2026-09-25T10:33:06.630005","28","2026-09-25T10:33:43.912198","2","0.9913694858551025","0.9929311275482178","-2.819112777709961","-10.988764762878418","10.666504859924316"
"2026-09-25T10:33:06.630005","29","2026-09-25T10:33:44.144781","2","0.9898386597633362","0.9929311275482178","-3.4958887100219727","-9.815382957458496","10.63975715637207"
"2026-09-25T10:33:06.630005","30","2026-09-25T10:33:44.277404","2","0.9933371543884277","0.9915161728858948","-2.9958078861236572","-9.736818313598633","10.638385772705078"
"2026-09-25T10:33:06.630005","31","2026-09-25T10:33:44.418608","2","0.990864634513855","0.994285523891449","-2.8415985107421875","-10.144743919372559","10.848011016845703"
"2026-09-25T10:33:06.630005","32","2026-09-25T10:33:44.583778","2","0.6617919206619263","0.7058058977127075","-5.059780597686768","-8.180253982543945","12.172930717468262"
"2026-09-25T10:33:06.630005","33","2026-09-25T10:33:44.771835","2","0.9923635125160217","0.9936156272888184","-2.8952033519744873","-10.47939682006836","10.927348136901855"
"2026-09-25T10:33:06.630005","34","2026-09-25T10:33:44.923643","2","0.5211077928543091","0.6911184787750244","-5.213487148284912","-7.5659589767456055","11.84253978729248"
"2026-09-25T10:33:06.630005","35","2026-09-25T10:33:45.119449","2","0.9498605728149414","0.8717538714408875","-4.302219390869141","-8.821186065673828","10.941014289855957"
"2026-09-25T10:33:06.630005","36","2026-09-25T10:33:45.284664","2","0.5700273513793945","0.2128179669380188","-3.341115713119507","-7.410565376281738","11.224498748779297"
"2026-09-25T10:33:06.630005","37","2026-09-25T10:33:45.431824","2","0.7659553289413452","0.77680504322052","-4.3380279541015625","-10.42481517791748","13.473929405212402"
"2026-09-25T10:33:06.630005","38","2026-09-25T10:33:45.629311","2","0.9956856369972229","0.9958990216255188","-1.5357012748718262","-11.520011901855469","11.485483169555664"
"2026-09-25T10:33:06.630005","39","2026-09-25T10:33:45.743971","2","0.9918690919876099","0.9929311275482178","-3.1922826766967773","-10.577448844909668","12.016257286071777"
"2026-09-25T10:33:06.630005","40","2026-09-25T10:33:45.877651","2","0.9933371543884277","0.9932752251625061","-4.039497375488281","-10.462525367736816","12.299227714538574"
"2026-09-25T10:33:06.630005","41","2026-09-25T10:33:45.986238","2","0.9868497848510742","0.9936156272888184","-3.771862268447876","-10.173384666442871","12.474093437194824"
"2026-09-25T10:33:06.630005","42","2026-09-25T10:33:46.128293","1","0.9903543591499329","0.9929311275482178","-3.7313737869262695","-10.53010368347168","12.310359001159668"
"2026-09-25T10:33:06.630005","43","2026-09-25T10:33:46.230385","2","0.9913694858551025","0.990412712097168","-3.548823118209839","-9.224470138549805","11.362606048583984"
"2026-09-25T10:33:06.630005","44","2026-09-25T10:33:46.348864","2","0.9887905716896057","0.9955831170082092","-3.4774937629699707","-9.884177207946777","11.096235275268555"
"2026-09-25T10:33:06.630005","45","2026-09-25T10:33:46.485721","2","0.9928528666496277","0.9952638149261475","-4.244894504547119","-10.190409660339355","11.213391304016113"
"2026-09-25T10:33:06.630005","46","2026-09-25T10:33:46.597817","2","0.9887905716896057","0.9911525249481201","-3.5380849838256836","-11.576987266540527","10.904841423034668"
"2026-09-25T10:33:06.630005","47","2026-09-25T10:33:46.743564","2","0.7466771602630615","0.08343684673309326","-4.337788105010986","-9.3094482421875","11.582202911376953"
"2026-09-25T10:33:06.630005","48","2026-09-25T10:33:46.868074","2","0.5857317447662354","0.3513319492340088","-4.859687805175781","-8.857182502746582","10.515201568603516"
"2026-09-25T10:33:06.630005","49","2026-09-25T10:33:46.980798","2","0.5857317447662354","0.36242806911468506","-3.402010440826416","-8.191850662231445","10.424567222595215"
"2026-09-25T10:33:06.630005","50","2026-09-25T10:33:47.127693","2","0.5627611875534058","0.16679900884628296","-6.745160102844238","-6.320788383483887","10.956134796142578"
"2026-09-25T10:33:06.630005","51","2026-09-25T10:33:47.306708","2","0.5394124984741211","0.9369730353355408","-4.934682846069336","-8.19655990600586","11.686667442321777"
"2026-09-25T10:33:06.630005","52","2026-09-25T10:33:47.474714","2","0.2012934684753418","0.14226526021957397","-2.1210551261901855","-5.365544319152832","10.685818672180176"
"2026-09-25T10:33:06.630005","53","2026-09-25T10:33:47.605345","2","0.6711785793304443","0.2128179669380188","-4.334524154663086","-6.087259292602539","10.276589393615723"
"2026-09-25T10:33:06.630005","54","2026-09-25T10:33:47.720912","2","0.5938228368759155","0.8672940731048584","-1.8228075504302979","-7.324549198150635","11.132095336914062"
"2026-09-25T10:33:06.630005","55","2026-09-25T10:33:47.845396","2","0.7338244915008545","0.8672940731048584","-1.7654731273651123","-8.482612609863281","11.748330116271973"
"2026-09-25T10:33:06.630005","56","2026-09-25T10:33:47.971192","2","0.40602678060531616","0.7252373695373535","-2.158815383911133","-7.3590168952941895","10.952095031738281"
"2026-09-25T10:33:06.630005","57","2026-09-25T10:33:48.085908","2","0.14356094598770142","0.6528555154800415","-2.556814193725586","-7.793743133544922","11.833245277404785"
"2026-09-25T10:33:06.630005","58","2026-09-25T10:33:48.205849","2","0.7550646662712097","0.047746360301971436","-2.393495559692383","-9.131152153015137","11.518495559692383"
"2026-09-25T10:33:06.630005","59","2026-09-25T10:33:48.334552","2","0.7684621810913086","0.7058058977127075","-2.0391910076141357","-7.88037109375","9.403327941894531"
"2026-09-25T10:33:06.630005","60","2026-09-25T10:33:48.486308","2","0.27598196268081665","0.6963686943054199","-0.9048420190811157","-8.654309272766113","11.163506507873535"
"2026-09-25T10:33:06.630005","61","2026-09-25T10:33:48.634201","2","0.9928528666496277","0.9946150779724121","-2.4516193866729736","-10.451539993286133","9.484272956848145"
"2026-09-25T10:33:06.630005","62","2026-09-25T10:33:48.844586","2","0.9918690919876099","0.9929311275482178","-2.7778525352478027","-11.134964942932129","8.79566478729248"
"2026-09-25T10:33:06.630005","63","2026-09-25T10:33:48.972747","2","0.9903543591499329","0.9952638149261475","-2.0503921508789062","-10.225549697875977","8.578099250793457"
"2026-09-25T10:33:06.630005","64","2026-09-25T10:33:49.078107","2","0.9918690919876099","0.9949411749839783","-2.6788077354431152","-10.234368324279785","9.148177146911621"
"2026-09-25T10:33:06.630005","65","2026-09-25T10:33:49.205857","2","0.3822312355041504","0.6937435865402222","-1.455674648284912","-9.504295349121094","9.826353073120117"
"2026-09-25T10:33:06.630005","66","2026-09-25T10:33:49.339819","2","0.6711785793304443","0.0888165831565857","-2.7263660430908203","-7.905953884124756","9.911958694458008"
"2026-09-25T10:33:06.630005","67","2026-09-25T10:33:49.456041","2","0.29744672775268555","0.6937435865402222","-2.124150037765503","-10.230406761169434","11.33668327331543"
"2026-09-25T10:33:06.630005","68","2026-09-25T10:33:49.572147","2","0.19043755531311035","0.3133024573326111","-2.5132577419281006","-6.3151750564575195","11.301158905029297"
"2026-09-25T10:33:06.630005","69","2026-09-25T10:33:49.697349","2","0.504286527633667","0.29507261514663696","-1.8829082250595093","-9.623921394348145","10.97539234161377"
"2026-09-25T10:33:06.630005","70","2026-09-25T10:33:49.806951","2","0.6233029365539551","0.632347822189331","-2.636674404144287","-8.907037734985352","11.000733375549316"
"2026-09-25T10:33:06.630005","71","2026-09-25T10:33:49.939201","2","0.43315184116363525","0.29507261514663696","-2.0238964557647705","-10.328429222106934","9.861227035522461"
"2026-09-25T10:33:06.630005","72","2026-09-25T10:33:50.053342","2","0.2554110884666443","0.0595439076423645","-2.082573413848877","-10.70885944366455","10.058123588562012"
"2026-09-25T10:33:06.630005","73","2026-09-25T10:33:50.183820","2","0.5554949641227722","0.41945070028305054","-1.4343712329864502","-10.920623779296875","10.745229721069336"
"2026-09-25T10:33:06.630005","74","2026-09-25T10:33:50.297357","2","0.1603792905807495","0.3513319492340088","-2.524120569229126","-10.027849197387695","9.778051376342773"
"2026-09-25T10:33:06.630005","75","2026-09-25T10:33:50.415351","2","0.5211077928543091","0.29507261514663696","-1.9690899848937988","-10.382645606994629","10.541982650756836"
"2026-09-25T10:33:06.630005","76","2026-09-25T10:33:50.545678","2","0.5735950469970703","0.05664175748825073","-2.196338176727295","-10.472606658935547","10.388089179992676"
"2026-09-25T10:33:06.630005","77","2026-09-25T10:33:50.653037","2","0.2012934684753418","0.25589215755462646","-1.9167077541351318","-9.421229362487793","10.567598342895508"
"2026-09-25T10:33:06.630005","78","2026-09-25T10:33:50.784652","2","0.18340229988098145","0.02733379602432251","-3.01446533203125","-10.114274978637695","10.816722869873047"
"2026-09-25T10:33:06.630005","79","2026-09-25T10:33:50.897285","2","0.16252541542053223","0.6025388240814209","-3.1041088104248047","-10.087177276611328","10.348855018615723"
"2026-09-25T10:33:06.630005","80","2026-09-25T10:33:51.016688","2","0.18340229988098145","0.029933273792266846","-3.172010898590088","-9.09788703918457","10.693394660949707"
"2026-09-25T10:33:06.630005","81","2026-09-25T10:33:51.147783","2","0.9035996794700623","0.06604921817779541","-2.223149299621582","-8.011602401733398","11.355697631835938"
"2026-09-25T10:33:06.630005","82","2026-09-25T10:33:51.263466","2","0.29744672775268555","0.3513319492340088","-2.3836281299591064","-10.4590482711792","11.412604331970215"
"2026-09-25T10:33:06.630005","83","2026-09-25T10:33:51.384773","2","0.1118159294128418","0.18071043491363525","-2.9428422451019287","-10.683489799499512","10.28729248046875"
"2026-09-25T10:33:06.630005","84","2026-09-25T10:33:51.529611","2","0.7466771602630615","0.11680018901824951","-1.4350355863571167","-10.352278709411621","11.016061782836914"
"2026-09-25T10:33:06.630005","85","2026-09-25T10:33:51.678626","2","0.43315184116363525","0.29507261514663696","-2.7405571937561035","-8.704654693603516","10.99355411529541"
"2026-09-25T10:33:06.630005","86","2026-09-25T10:33:51.851131","2","0.5554949641227722","0.18071043491363525","-2.4128270149230957","-8.38431167602539","11.306047439575195"
"2026-09-25T10:33:06.630005","87","2026-09-25T10:33:52.019090","2","0.8264715671539307","0.767783522605896","-3.03772234916687","-10.027170181274414","11.731583595275879"
"2026-09-25T10:33:06.630005","88","2026-09-25T10:33:52.176030","2","0.9492247700691223","0.41945070028305054","-2.434743642807007","-9.023195266723633","11.589881896972656"
"2026-09-25T10:33:06.630005","89","2026-09-25T10:33:52.377855","2","0.32690995931625366","0.02733379602432251","-3.127168893814087","-9.990996360778809","11.576248168945312"
"2026-09-25T10:33:06.630005","90","2026-09-25T10:33:52.532250","2","0.5735950469970703","0.0888165831565857","-1.1362773180007935","-9.155988693237305","11.013802528381348"
"2026-09-25T10:33:06.630005","91","2026-09-25T10:33:52.736967","2","0.9537659883499146","0.0888165831565857","-2.061983346939087","-8.85275936126709","11.741730690002441"
"2026-09-25T10:33:06.630005","92","2026-09-25T10:33:52.847713","2","0.651045560836792","0.44997191429138184","-1.8773481845855713","-9.648087501525879","11.502874374389648"
"2026-09-25T10:33:06.630005","93","2026-09-25T10:33:52.954376","2","0.18340229988098145","0.26849472522735596","-3.1479272842407227","-10.594999313354492","11.096789360046387"
"2026-09-25T10:33:06.630005","94","2026-09-25T10:33:53.064197","2","0.7952913045883179","0.025484859943389893","-1.7107795476913452","-8.967233657836914","11.157135963439941"
"2026-09-25T10:33:06.630005","95","2026-09-25T10:33:53.198870","2","0.27911096811294556","0.7252373695373535","-2.095914602279663","-8.935415267944336","11.436808586120605"
"2026-09-25T10:33:06.630005","96","2026-09-25T10:33:53.305544","2","0.5816861391067505","0.29507261514663696","-2.3052730560302734","-7.169363021850586","12.397897720336914"
"2026-09-25T10:33:06.630005","97","2026-09-25T10:33:53.437842","2","0.7805240750312805","0.3133024573326111","-2.0314598083496094","-6.756420612335205","11.40170669555664"
"2026-09-25T10:33:06.630005","98","2026-09-25T10:33:53.554700","2","0.7856113910675049","0.6806507110595703","-2.1715896129608154","-8.48875904083252","11.36817455291748"
"2026-09-25T10:33:06.630005","99","2026-09-25T10:33:53.683303","2","0.9882580041885376","0.6858682632446289","-3.1439151763916016","-10.88577651977539","11.137551307678223"
"2026-09-25T10:33:06.630005","100","2026-09-25T10:33:53.825277","1","0.8114630579948425","0.9861172437667847","-8.059274673461914","-11.137535095214844","8.9767427444458"
"2026-09-25T10:34:39.940234","1","2026-09-25T10:34:43.893503","1","0.9498605728149414","0.7252373695373535","1.7599436044692993","10.228748321533203","7.636073589324951"
"2026-09-25T10:34:39.940234","2","2026-09-25T10:34:44.004814","1","0.9485522508621216","0.8706389665603638","0.46181461215019226","10.896383285522461","5.461975574493408"
"2026-09-25T10:34:39.940234","3","2026-09-25T10:34:44.154456","1","0.7338244915008545","0.5810842514038086","-2.435328245162964","8.344048500061035","-2.8104794025421143"
"2026-09-25T10:34:39.940234","4","2026-09-25T10:34:49.306711","1","0.679590106010437","0.5043434500694275","-0.5987100005149841","15.234122276306152","-29.854570388793945"
"2026-09-25T10:34:39.940234","5","2026-09-25T10:34:49.415039","1","0.44215482473373413","0.6780469417572021","-2.230729341506958","13.152839660644531","-17.351482391357422"
"2026-09-25T10:34:39.940234","6","2026-09-25T10:34:49.547621","1","0.46944624185562134","0.632347822189331","-0.8801865577697754","10.925713539123535","-8.911416053771973"
"2026-09-25T10:34:39.940234","7","2026-09-25T10:34:49.658310","1","0.8049881458282471","0.9457477331161499","-3.1172640323638916","13.515780448913574","3.5864779949188232"
"2026-09-25T10:34:39.940234","8","2026-09-25T10:34:49.778823","1","0.9858568906784058","0.9958990216255188","-3.6353931427001953","15.123631477355957","7.801451683044434"
"2026-09-25T10:34:39.940234","9","2026-09-25T10:34:49.904158","1","0.9858568906784058","0.99802166223526","-3.28741192817688","15.71561336517334","7.855015754699707"
"2026-09-25T10:34:39.940234","10","2026-09-25T10:34:50.026092","1","0.8463578224182129","0.8684090375900269","-2.9968132972717285","15.454594612121582","10.595962524414062"
"2026-09-25T10:34:39.940234","11","2026-09-25T10:34:50.142425","1","0.9511713981628418","0.9354024529457092","-1.7655020952224731","14.173941612243652","11.698868751525879"
"2026-09-25T10:34:39.940234","12","2026-09-25T10:34:50.250900","1","0.651045560836792","0.9351650476455688","-2.045085906982422","16.03986167907715","12.467161178588867"
"2026-09-25T10:34:39.940234","13","2026-09-25T10:34:50.383826","1","0.9882580041885376","0.9965211153030396","-2.370676279067993","15.627397537231445","11.564509391784668"
"2026-09-25T10:34:39.940234","14","2026-09-25T10:34:50.541295","1","0.9845510721206665","0.9962117075920105","-2.1815099716186523","16.090072631835938","11.343116760253906"
"2026-09-25T10:34:39.940234","15","2026-09-25T10:34:50.644576","1","0.9840072393417358","0.994285523891449","-2.912614583969116","15.051092147827148","11.32159423828125"
"2026-09-25T10:34:39.940234","16","2026-09-25T10:34:50.794194","1","0.986605703830719","0.9974306225776672","-3.97996187210083","15.765905380249023","10.642047882080078"
"2026-09-25T10:34:39.940234","17","2026-09-25T10:34:50.908648","1","0.9871754050254822","0.9962117075920105","-4.211858749389648","15.887191772460938","10.279308319091797"
"2026-09-25T10:34:39.940234","18","2026-09-25T10:34:51.021078","1","0.9877196550369263","0.9949411749839783","-3.517915725708008","15.868633270263672","10.357014656066895"
"2026-09-25T10:34:39.940234","19","2026-09-25T10:34:51.147152","1","0.9893174171447754","0.9965211153030396","-4.710263729095459","16.33354949951172","10.233926773071289"
"2026-09-25T10:34:39.940234","20","2026-09-25T10:34:51.284052","1","0.9861093163490295","0.9949411749839783","-3.5971333980560303","16.778825759887695","10.043798446655273"
"2026-09-25T10:34:39.940234","21","2026-09-25T10:34:51.414888","1","0.9868497848510742","0.9962117075920105","-3.180567979812622","16.673337936401367","9.586956977844238"
"2026-09-25T10:34:39.940234","22","2026-09-25T10:34:51.551691","1","0.9863588809967041","0.9922314882278442","-3.537567138671875","15.754122734069824","9.029254913330078"
"2026-09-25T10:34:39.940234","23","2026-09-25T10:34:51.654474","1","0.9858568906784058","0.9962117075920105","-3.332796335220337","15.696674346923828","9.2047119140625"
"2026-09-25T10:34:39.940234","24","2026-09-25T10:34:51.789183","1","0.9840072393417358","0.9936156272888184","-3.095020055770874","15.670905113220215","8.9630126953125"
"2026-09-25T10:34:39.940234","25","2026-09-25T10:34:51.946724","1","0.9848182797431946","0.99802166223526","-3.1584341526031494","16.04388427734375","8.951258659362793"
"2026-09-25T10:34:39.940234","26","2026-09-25T10:34:52.047402","1","0.9845510721206665","0.9962117075920105","-1.1323400735855103","16.03099822998047","9.103691101074219"
"2026-09-25T10:34:39.940234","27","2026-09-25T10:34:52.151818","1","0.9868497848510742","0.9974306225776672","-1.9152880907058716","14.975977897644043","8.776094436645508"
"2026-09-25T10:34:39.940234","28","2026-09-25T10:34:52.258680","1","0.9887905716896057","0.9968274235725403","-2.831848382949829","15.712141036987305","8.75472640991211"
"2026-09-25T10:34:39.940234","29","2026-09-25T10:34:52.386723","1","0.015514969825744629","0.019214868545532227","1.9943275451660156","15.799898147583008","7.891993045806885"
"2026-09-25T10:34:39.940234","30","2026-09-25T10:34:52.487643","1","0.010038912296295166","0.012393414974212646","-0.7449672818183899","15.381725311279297","8.378721237182617"
"2026-09-25T10:34:39.940234","31","2026-09-25T10:34:52.625716","1","0.010038912296295166","0.021324872970581055","1.5961719751358032","15.688423156738281","8.426884651184082"
"2026-09-25T10:34:39.940234","32","2026-09-25T10:34:52.730355","1","0.007300853729248047","0.012393414974212646","1.5653254985809326","15.598759651184082","8.4059419631958"
"2026-09-25T10:34:39.940234","33","2026-09-25T10:34:52.849887","1","0.004562854766845703","0.000652611255645752","-0.299725204706192","14.337225914001465","8.375330924987793"
"2026-09-25T10:34:39.940234","34","2026-09-25T10:34:52.955114","1","0.074978768825531","0.022249281406402588","-1.6138287782669067","14.330513954162598","8.725887298583984"
"2026-09-25T10:34:39.940234","35","2026-09-25T10:34:53.082874","1","0.980856716632843","0.9900364875793457","-2.00819993019104","15.147381782531738","8.789512634277344"
"2026-09-25T10:34:39.940234","36","2026-09-25T10:34:53.189834","1","0.9831671714782715","0.9918758273124695","-1.9423454999923706","15.18561840057373","8.888654708862305"
"2026-09-25T10:34:39.940234","37","2026-09-25T10:34:53.339617","1","0.9850823879241943","0.9900364875793457","-0.92412269115448","15.148168563842773","8.925885200500488"
"2026-09-25T10:34:39.940234","38","2026-09-25T10:34:53.448745","1","0.0","0.008479773998260498","-3.1997487545013428","13.159319877624512","8.708904266357422"
"2026-09-25T10:34:39.940234","39","2026-09-25T10:34:53.554830","1","0.0","0.0026093721389770508","0.4272992014884949","11.584165573120117","8.622674942016602"
"2026-09-25T10:34:39.940234","40","2026-09-25T10:34:53.661685","1","0.001824796199798584","0.006523013114929199","-1.0626164674758911","9.138691902160645","9.391956329345703"
"2026-09-25T10:34:39.940234","41","2026-09-25T10:34:53.799477","1","0.9485522508621216","0.3970256447792053","-1.3471287488937378","9.274921417236328","10.241446495056152"
"2026-09-25T10:34:39.940234","42","2026-09-25T10:34:53.923399","1","0.9510332942008972","0.9383997917175293","-0.8189330101013184","5.992961406707764","11.12264347076416"
"2026-09-25T10:34:39.940234","43","2026-09-25T10:34:54.066739","1","0.9868497848510742","0.9735729098320007","-0.7541002035140991","4.982596397399902","12.31579875946045"
"2026-09-25T10:34:39.940234","44","2026-09-25T10:34:54.189437","1","0.9861093163490295","0.9457477331161499","-0.7582300901412964","5.4848313331604","13.407439231872559"
"2026-09-25T10:34:39.940234","45","2026-09-25T10:34:54.316348","1","0.9845510721206665","0.9876855611801147","0.08760103583335876","4.835917949676514","14.155939102172852"
"2026-09-25T10:34:39.940234","46","2026-09-25T10:34:54.417547","1","0.010038912296295166","0.004566192626953125","-1.2235480546951294","4.2121171951293945","13.831721305847168"
"2026-09-25T10:34:39.940234","47","2026-09-25T10:34:54.522826","1","0.004562854766845703","0.000652611255645752","-0.5668098330497742","4.187046527862549","13.179184913635254"
"2026-09-25T10:34:39.940234","48","2026-09-25T10:34:54.661706","1","0.029205143451690674","0.024098217487335205","-0.4664423167705536","5.242466449737549","12.556200981140137"
"2026-09-25T10:34:39.940234","49","2026-09-25T10:34:54.790880","1","0.9840072393417358","0.9351650476455688","-0.10779762268066406","7.29606294631958","11.265031814575195"
"2026-09-25T10:34:39.940234","50","2026-09-25T10:34:54.932580","1","0.9893174171447754","0.9911525249481201","-0.42389997839927673","8.387866020202637","10.067967414855957"
"2026-09-25T10:34:39.940234","51","2026-09-25T10:34:55.052328","1","0.9868497848510742","0.994285523891449","-0.1212024837732315","8.595414161682129","9.539176940917969"
"2026-09-25T10:34:39.940234","52","2026-09-25T10:34:55.157339","1","0.9871754050254822","0.9936156272888184","0.5932212471961975","8.570109367370605","9.217303276062012"
"2026-09-25T10:34:39.940234","53","2026-09-25T10:34:55.285451","1","0.9887905716896057","0.9949411749839783","0.6848775744438171","8.627018928527832","8.836979866027832"
"2026-09-25T10:34:39.940234","54","2026-09-25T10:34:55.394274","1","0.9845510721206665","0.9915161728858948","0.8600168228149414","9.561928749084473","8.498538970947266"
"2026-09-25T10:34:39.940234","55","2026-09-25T10:34:55.518700","1","0.010038912296295166","0.021324872970581055","4.154655933380127","16.78276824951172","7.448431015014648"
"2026-09-25T10:34:39.940234","56","2026-09-25T10:34:55.628526","1","0.001824796199798584","0.021324872970581055","2.001744508743286","22.175193786621094","6.971620559692383"
"2026-09-25T10:34:39.940234","57","2026-09-25T10:34:55.737626","1","0.001824796199798584","0.10733461380004883","-0.10443063825368881","38.997562408447266","5.831804275512695"
"2026-09-25T10:34:39.940234","58","2026-09-25T10:34:56.473760","1","0.03194314241409302","0.3679760694503784","-0.961850643157959","41.21356964111328","2.6658260822296143"
"2026-09-25T10:34:39.940234","59","2026-09-25T10:34:56.596658","1","0.010038912296295166","0.029933273792266846","-0.08300354331731796","42.63883590698242","3.481132745742798"
"2026-09-25T10:34:39.940234","60","2026-09-25T10:34:56.697075","1","0.012776970863342285","0.26849472522735596","-0.11056237667798996","38.7696533203125","4.256929874420166"
"2026-09-25T10:34:39.940234","61","2026-09-25T10:34:56.840242","1","0.012776970863342285","0.019214868545532227","-0.6901007294654846","23.714460372924805","6.104045391082764"
"2026-09-25T10:34:39.940234","62","2026-09-25T10:34:56.957876","1","0.9514423608779907","0.9932752251625061","-3.2770819664001465","19.461294174194336","6.657201290130615"
"2026-09-25T10:34:39.940234","63","2026-09-25T10:34:57.060584","1","0.9848182797431946","0.9965211153030396","-2.9719438552856445","17.631853103637695","6.639873027801514"
"2026-09-25T10:34:39.940234","64","2026-09-25T10:34:57.198389","1","0.986605703830719","0.9955831170082092","-1.7954262495040894","16.557008743286133","6.896641254425049"
"2026-09-25T10:34:39.940234","65","2026-09-25T10:34:57.298520","1","0.9887905716896057","0.9958990216255188","-1.1180546283721924","16.0416202545166","7.757574558258057"
"2026-09-25T10:34:39.940234","66","2026-09-25T10:34:57.422890","1","0.9903543591499329","0.9946150779724121","3.7354185581207275","15.725945472717285","8.906970977783203"
"2026-09-25T10:34:39.940234","67","2026-09-25T10:34:57.532248","1","0.9956856369972229","0.9968274235725403","8.275455474853516","17.651140213012695","9.638264656066895"
"2026-09-25T10:34:39.940234","68","2026-09-25T10:34:57.658686","1","0.9952254295349121","0.997727632522583","8.890108108520508","18.93082046508789","10.36492919921875"
"2026-09-25T10:34:39.940234","69","2026-09-25T10:34:57.820227","1","0.9956856369972229","0.9968274235725403","9.484493255615234","18.73891258239746","10.175082206726074"
"2026-09-25T10:34:39.940234","70","2026-09-25T10:34:57.926202","1","0.007300853729248047","0.0208626389503479","8.496122360229492","17.364055633544922","9.199445724487305"
"2026-09-25T10:34:39.940234","71","2026-09-25T10:34:58.031229","1","0.32690995931625366","0.8672940731048584","7.6494550704956055","16.92845916748047","8.791671752929688"
"2026-09-25T10:34:39.940234","72","2026-09-25T10:34:58.161067","1","0.9114788770675659","0.9892709851264954","7.19917631149292","16.175363540649414","8.08653450012207"
"2026-09-25T10:34:39.940234","73","2026-09-25T10:34:58.295683","1","0.9828804135322571","0.9952638149261475","2.5662124156951904","15.21292781829834","7.042215347290039"
"2026-09-25T10:34:39.940234","74","2026-09-25T10:34:58.435798","1","0.9871754050254822","0.99802166223526","-4.232883453369141","15.556166648864746","5.931338310241699"
"2026-09-25T10:34:39.940234","75","2026-09-25T10:34:58.566779","1","0.9942908883094788","0.998312771320343","-7.0554890632629395","13.868880271911621","4.961249351501465"
"2026-09-25T10:34:39.940234","76","2026-09-25T10:34:58.709141","1","0.9928528666496277","0.998600959777832","-7.879610538482666","13.583672523498535","5.008544921875"
"2026-09-25T10:34:39.940234","77","2026-09-25T10:34:58.831275","1","0.9938164353370667","0.9991688132286072","-8.18585205078125","14.297707557678223","5.3439764976501465"
"2026-09-25T10:34:39.940234","78","2026-09-25T10:34:58.948792","1","0.9938164353370667","0.998600959777832","-8.789753913879395","13.466485023498535","5.843558311462402"
"2026-09-25T10:34:39.940234","79","2026-09-25T10:34:59.065026","1","0.9913694858551025","0.9988862872123718","-7.292062282562256","13.902164459228516","5.6796088218688965"
"2026-09-25T10:34:39.940234","80","2026-09-25T10:34:59.193445","1","0.9918690919876099","0.9988862872123718","-7.661136627197266","13.031805038452148","5.791662693023682"
"2026-09-25T10:34:39.940234","81","2026-09-25T10:34:59.321078","1","0.9913694858551025","0.9988862872123718","-8.057815551757812","13.031573295593262","6.079156875610352"
"2026-09-25T10:34:39.940234","82","2026-09-25T10:34:59.463908","1","0.9903543591499329","0.9991688132286072","-7.120731830596924","12.221277236938477","6.290262699127197"
"2026-09-25T10:34:39.940234","83","2026-09-25T10:34:59.582160","1","0.9918690919876099","0.9994485974311829","-7.139572620391846","13.865374565124512","6.175866603851318"
"2026-09-25T10:34:39.940234","84","2026-09-25T10:34:59.684334","1","0.9913694858551025","0.9988862872123718","-7.413815498352051","12.422751426696777","6.09916877746582"
"2026-09-25T10:34:39.940234","85","2026-09-25T10:34:59.790316","1","0.9918690919876099","0.9988862872123718","-8.09658432006836","13.15208625793457","5.9210429191589355"
"2026-09-25T10:34:39.940234","86","2026-09-25T10:34:59.942758","1","0.9918690919876099","0.998600959777832","-7.940907955169678","12.435400009155273","6.177770614624023"
"2026-09-25T10:34:39.940234","87","2026-09-25T10:35:00.047729","1","0.9913694858551025","0.998600959777832","-8.126956939697266","14.106870651245117","5.5107035636901855"
"2026-09-25T10:34:39.940234","88","2026-09-25T10:35:00.177245","1","0.9918690919876099","0.9994485974311829","-8.347236633300781","13.058388710021973","5.603170394897461"
"2026-09-25T10:34:39.940234","89","2026-09-25T10:35:00.286409","1","0.9913694858551025","0.997727632522583","-7.372504234313965","13.582558631896973","6.087912559509277"
"2026-09-25T10:34:39.940234","90","2026-09-25T10:35:00.419591","1","0.004562854766845703","0.0026093721389770508","-7.336446762084961","13.065393447875977","6.3994622230529785"
"2026-09-25T10:34:39.940234","91","2026-09-25T10:35:00.664733","1","0.007300853729248047","0.004566192626953125","-6.115855693817139","9.512262344360352","15.283103942871094"
"2026-09-25T10:34:39.940234","92","2026-09-25T10:35:00.767738","1","0.007300853729248047","0.008479773998260498","-9.113012313842773","6.9566473960876465","23.11644172668457"
"2026-09-25T10:34:39.940234","93","2026-09-25T10:35:00.868334","2","0.074978768825531","0.047746360301971436","-9.469398498535156","5.124497413635254","28.463045120239258"
"2026-09-25T10:34:39.940234","94","2026-09-25T10:35:00.968821","2","0.9506080746650696","0.994285523891449","-12.376277923583984","4.86368465423584","29.78771209716797"
"2026-09-25T10:34:39.940234","95","2026-09-25T10:35:01.104876","2","0.9848182797431946","0.9968274235725403","-11.155526161193848","5.363932132720947","28.632652282714844"
"2026-09-25T10:34:39.940234","96","2026-09-25T10:35:01.218478","2","0.9898386597633362","0.9974306225776672","-10.869132041931152","5.98487663269043","26.48641014099121"
"2026-09-25T10:34:39.940234","97","2026-09-25T10:35:01.341482","1","0.9923635125160217","0.9965211153030396","-7.372787952423096","9.324868202209473","21.663225173950195"
"2026-09-25T10:34:39.940234","98","2026-09-25T10:35:01.460368","1","0.9472037553787231","0.9376009702682495","-4.8643975257873535","12.310347557067871","16.22364044189453"
"2026-09-25T10:34:39.940234","99","2026-09-25T10:35:01.597435","1","0.9828804135322571","0.9974306225776672","-1.6268854141235352","11.568387031555176","11.613876342773438"
"2026-09-25T10:34:39.940234","100","2026-09-25T10:35:01.701014","1","0.9831671714782715","0.9962117075920105","-1.4183440208435059","13.545597076416016","8.71925163269043"
"2026-09-25T10:34:39.940234","101","2026-09-25T10:35:01.819845","1","0.9856016635894775","0.9958990216255188","-2.1012210845947266","14.82093334197998","7.763952732086182"
"2026-09-25T10:34:39.940234","102","2026-09-25T10:35:01.938321","1","0.9858568906784058","0.9915161728858948","-1.3254719972610474","14.53636360168457","7.870031833648682"
"2026-09-25T10:34:39.940234","103","2026-09-25T10:35:02.051689","1","0.9858568906784058","0.9952638149261475","-2.626863718032837","14.117759704589844","8.174175262451172"
"2026-09-25T10:34:39.940234","104","2026-09-25T10:35:02.190636","1","0.9871754050254822","0.9958990216255188","-3.0429129600524902","13.736812591552734","8.108478546142578"
"2026-09-25T10:34:39.940234","105","2026-09-25T10:35:02.315364","1","0.9903543591499329","0.9968274235725403","-1.8950246572494507","13.356878280639648","8.308008193969727"
"2026-09-25T10:34:39.940234","106","2026-09-25T10:35:02.473075","1","0.9877196550369263","0.9968274235725403","-1.9217294454574585","13.312939643859863","8.241681098937988"
"2026-09-25T10:34:39.940234","107","2026-09-25T10:35:02.583069","1","0.986605703830719","0.9974306225776672","-1.9045073986053467","13.855952262878418","8.077887535095215"
"2026-09-25T10:34:39.940234","108","2026-09-25T10:35:02.721883","1","0.9868497848510742","0.997727632522583","-1.698237419128418","12.73913860321045","8.223345756530762"
"2026-09-25T10:34:39.940234","109","2026-09-25T10:35:02.849330","1","0.9856016635894775","0.9962117075920105","-2.230656623840332","13.138065338134766","8.27477741241455"
"2026-09-25T10:34:39.940234","110","2026-09-25T10:35:02.998166","1","0.9868497848510742","0.9965211153030396","-2.0987660884857178","13.528264045715332","8.165365219116211"
"2026-09-25T10:34:39.940234","111","2026-09-25T10:35:03.123483","1","0.9861093163490295","0.9974306225776672","-1.8317323923110962","13.89761734008789","8.172750473022461"
"2026-09-25T10:34:39.940234","112","2026-09-25T10:35:03.259651","1","0.9871754050254822","0.9965211153030396","-1.9139533042907715","13.32169246673584","8.168072700500488"
"2026-09-25T10:34:39.940234","113","2026-09-25T10:35:03.390070","1","0.9868497848510742","0.9974306225776672","-1.9118516445159912","13.488956451416016","7.7733941078186035"
"2026-09-25T10:34:39.940234","114","2026-09-25T10:35:03.522749","1","0.7024589776992798","0.6989938020706177","-2.8885977268218994","4.089422702789307","3.6747303009033203"
"2026-09-25T10:36:08.484394","1","2026-09-25T10:36:09.979456","1","0.060685038566589355","0.5363578200340271","13.199158668518066","-4.225482940673828","6.953218460083008"
"2026-09-25T10:36:08.484394","2","2026-09-25T10:36:10.314350","1","0.7024589776992798","0.9896559715270996","10.451433181762695","-3.99735426902771","5.509196758270264"
"2026-09-25T10:36:08.484394","3","2026-09-25T10:36:10.449707","1","0.04767268896102905","0.08343684673309326","12.037354469299316","-2.7919857501983643","4.533638954162598"
"2026-09-25T10:36:08.484394","4","2026-09-25T10:36:10.610346","1","0.04767268896102905","0.7962261438369751","10.353955268859863","-2.758350133895874","4.526115417480469"
"2026-09-25T10:36:08.484394","5","2026-09-25T10:36:10.729865","1","0.16528689861297607","0.632347822189331","9.577186584472656","-1.6862281560897827","2.7437727451324463"
"2026-09-25T10:36:08.484394","6","2026-09-25T10:36:10.849055","1","0.05539274215698242","0.021787047386169434","8.495511054992676","0.4875354766845703","1.5680973529815674"
"2026-09-25T10:36:08.484394","7","2026-09-25T10:36:10.971150","1","0.018253028392791748","0.6528555154800415","3.7199864387512207","6.416571617126465","0.7954575419425964"
"2026-09-25T10:36:08.484394","8","2026-09-25T10:36:11.114405","1","0.986605703830719","0.9965211153030396","0.4102110266685486","10.43058967590332","-0.17436008155345917"
"2026-09-25T10:36:08.484394","9","2026-09-25T10:36:11.259171","1","0.9947605133056641","0.9962117075920105","0.026336664333939552","10.993154525756836","-1.7912062406539917"
"2026-09-25T10:36:08.484394","10","2026-09-25T10:36:11.360870","1","0.9952254295349121","0.9965211153030396","-0.49699050188064575","10.74576473236084","-2.5441250801086426"
"2026-09-25T10:36:08.484394","11","2026-09-25T10:36:11.481831","1","0.9956856369972229","0.9974306225776672","1.049362301826477","10.740806579589844","-2.848423480987549"
"2026-09-25T10:36:08.484394","12","2026-09-25T10:36:11.611068","1","0.9947605133056641","0.9962117075920105","0.7048247456550598","11.92575454711914","-3.2782671451568604"
"2026-09-25T10:36:08.484394","13","2026-09-25T10:36:11.715163","1","0.9947605133056641","0.998312771320343","0.1996207982301712","11.86645221710205","-2.395493984222412"
"2026-09-25T10:36:08.484394","14","2026-09-25T10:36:11.865729","1","0.9952254295349121","0.9968274235725403","0.47913822531700134","12.109408378601074","-1.6006797552108765"
"2026-09-25T10:36:08.484394","15","2026-09-25T10:36:12.013541","1","0.990864634513855","0.9965211153030396","1.4023820161819458","12.149842262268066","-1.5464296340942383"
"2026-09-25T10:36:08.484394","16","2026-09-25T10:36:12.149099","1","0.9903543591499329","0.9958990216255188","1.319389820098877","11.602701187133789","-1.6373374462127686"
"2026-09-25T10:36:08.484394","17","2026-09-25T10:36:12.304638","1","0.990864634513855","0.9958990216255188","0.9383105039596558","11.827093124389648","-1.464515209197998"
"2026-09-25T10:36:08.484394","18","2026-09-25T10:36:12.426371","1","0.9903543591499329","0.9968274235725403","0.733667254447937","11.375776290893555","-1.4138933420181274"
"2026-09-25T10:36:08.484394","19","2026-09-25T10:36:12.549199","1","0.9923635125160217","0.9965211153030396","0.6876627206802368","11.578019142150879","-1.546858787536621"
"2026-09-25T10:36:08.484394","20","2026-09-25T10:36:12.674698","1","0.05539274215698242","0.012393414974212646","-1.4208804368972778","11.603148460388184","-2.113067865371704"
"2026-09-25T10:36:08.484394","21","2026-09-25T10:36:12.789984","1","0.15823310613632202","0.9841023683547974","0.9080426692962646","11.92180347442627","-2.0287957191467285"
"2026-09-25T10:36:08.484394","22","2026-09-25T10:36:12.906850","1","0.05671572685241699","0.022249281406402588","-1.228730320930481","11.93517780303955","-2.3573315143585205"
"2026-09-25T10:36:08.484394","23","2026-09-25T10:36:13.029691","1","0.9445556402206421","0.9892709851264954","1.4882376194000244","12.248464584350586","-2.1206789016723633"
"2026-09-25T10:36:08.484394","24","2026-09-25T10:36:13.148106","1","0.9942908883094788","0.997727632522583","1.0363620519638062","12.09539794921875","-1.998145341873169"
"2026-09-25T10:36:08.484394","25","2026-09-25T10:36:13.270944","1","0.9952254295349121","0.9965211153030396","1.6405506134033203","12.495144844055176","-2.231797695159912"
"2026-09-25T10:36:08.484394","26","2026-09-25T10:36:13.410746","1","0.9942908883094788","0.9971305727958679","1.4597572088241577","12.309228897094727","-2.39872145652771"
"2026-09-25T10:36:08.484394","27","2026-09-25T10:36:13.572505","1","0.03877866268157959","0.0208626389503479","1.9959584474563599","12.110960006713867","-2.97602915763855"
"2026-09-25T10:36:08.484394","28","2026-09-25T10:36:13.674075","1","0.010038912296295166","0.000652611255645752","1.2787902355194092","12.007481575012207","-2.9171926975250244"
"2026-09-25T10:36:08.484394","29","2026-09-25T10:36:13.781062","1","0.04767268896102905","0.6989938020706177","2.070575475692749","12.69132137298584","-2.635570764541626"
"2026-09-25T10:36:08.484394","30","2026-09-25T10:36:13.922899","1","0.9498605728149414","0.9955831170082092","1.9309800863265991","11.852921485900879","-2.272885322570801"
"2026-09-25T10:36:08.484394","31","2026-09-25T10:36:14.072537","1","0.0873914361000061","0.8684090375900269","2.082709550857544","4.584090232849121","1.484721302986145"
"2026-09-25T10:36:08.484394","32","2026-09-25T10:36:14.174412","1","0.6402992010116577","0.14842408895492554","3.2916362285614014","-8.236467361450195","6.013422966003418"
"2026-09-25T10:36:08.484394","33","2026-09-25T10:36:14.324132","1","0.9485522508621216","0.9847822189331055","4.665421962738037","-26.377033233642578","12.021364212036133"
"2026-09-25T10:36:08.484394","34","2026-09-25T10:36:14.486140","1","0.9842807650566101","0.994285523891449","4.990670204162598","-41.064300537109375","15.568376541137695"
"2026-09-25T10:36:08.484394","35","2026-09-25T10:36:14.634109","1","0.9287917613983154","0.9949411749839783","6.461818695068359","-43.531314849853516","16.61817169189453"
"2026-09-25T10:36:08.484394","36","2026-09-25T10:36:14.787675","1","0.9840072393417358","0.994285523891449","5.856180667877197","-40.95616149902344","17.57358169555664"
"2026-09-25T10:36:08.484394","37","2026-09-25T10:36:14.908198","1","0.9858568906784058","0.994285523891449","5.51536750793457","-39.398963928222656","17.70749282836914"
"2026-09-25T10:36:08.484394","38","2026-09-25T10:36:15.030831","1","0.9503150582313538","0.9925832152366638","5.009305477142334","-35.988433837890625","17.574525833129883"
"2026-09-25T10:36:08.484394","39","2026-09-25T10:36:15.174054","1","0.9510332942008972","0.9922314882278442","5.881047248840332","-28.464391708374023","17.54574203491211"
"2026-09-25T10:36:08.484394","40","2026-09-25T10:36:15.331018","1","0.9511713981628418","0.9932752251625061","5.143157005310059","-28.101417541503906","17.85907554626465"
"2026-09-25T10:36:08.484394","41","2026-09-25T10:36:15.448662","1","0.9503150582313538","0.14226526021957397","5.834354400634766","-21.66370964050293","16.205488204956055"
"2026-09-25T10:36:08.484394","42","2026-09-25T10:36:15.554649","1","0.18340229988098145","0.02733379602432251","3.397975444793701","-7.218320369720459","12.574311256408691"
"2026-09-25T10:36:08.484394","43","2026-09-25T10:36:15.714267","1","0.23656463623046875","0.22126847505569458","3.3791580200195312","1.6633753776550293","9.937262535095215"
"2026-09-25T10:36:08.484394","44","2026-09-25T10:36:15.836493","1","0.8997346758842468","0.9911525249481201","1.5098990201950073","10.46597671508789","7.686527729034424"
"2026-09-25T10:36:08.484394","45","2026-09-25T10:36:15.955035","1","0.9850823879241943","0.9955831170082092","2.7512094974517822","12.148358345031738","6.516067981719971"
"2026-09-25T10:36:08.484394","46","2026-09-25T10:36:16.075147","1","0.9848182797431946","0.9946150779724121","2.0289106369018555","11.817133903503418","6.433842182159424"
"2026-09-25T10:36:08.484394","47","2026-09-25T10:36:16.204720","1","0.9877196550369263","0.9955831170082092","1.9819116592407227","11.050796508789062","6.7490034103393555"
"2026-09-25T10:36:08.484394","48","2026-09-25T10:36:16.321857","1","0.986605703830719","0.9958990216255188","3.738637685775757","11.199259757995605","6.3914923667907715"
"2026-09-25T10:36:08.484394","49","2026-09-25T10:36:16.436856","1","0.9842807650566101","0.9876855611801147","6.715195655822754","8.672538757324219","5.9504547119140625"
"2026-09-25T10:36:08.484394","50","2026-09-25T10:36:16.591607","1","0.16528689861297607","0.41945070028305054","16.880067825317383","7.163388252258301","6.621397972106934"
"2026-09-25T10:36:08.484394","51","2026-09-25T10:36:16.742751","1","0.21113640069961548","0.5810842514038086","24.82486343383789","4.305290222167969","6.6765594482421875"
"2026-09-25T10:36:08.484394","52","2026-09-25T10:36:16.869033","1","0.2554110884666443","0.8310790657997131","28.111347198486328","3.190011501312256","7.768138885498047"
"2026-09-25T10:36:08.484394","53","2026-09-25T10:36:16.990280","1","0.6233029365539551","0.8734263181686401","29.435211181640625","2.9313416481018066","8.251173973083496"
"2026-09-25T10:36:08.484394","54","2026-09-25T10:36:17.119122","1","0.9062259197235107","0.9884875416755676","27.65707778930664","4.194461345672607","8.168811798095703"
"2026-09-25T10:36:08.484394","55","2026-09-25T10:36:17.239458","1","0.9537659883499146","0.9936156272888184","27.6014347076416","3.398000478744507","8.20193862915039"
"2026-09-25T10:36:08.484394","56","2026-09-25T10:36:17.360361","1","0.44215482473373413","0.2589155435562134","24.84133529663086","5.2781524658203125","7.045051574707031"
"2026-09-25T10:36:08.484394","57","2026-09-25T10:36:17.473025","1","0.9868497848510742","0.9929311275482178","27.51166534423828","3.0357680320739746","7.167294979095459"
"2026-09-25T10:36:08.484394","58","2026-09-25T10:36:17.599516","1","0.9514423608779907","0.9918758273124695","27.319089889526367","3.279712677001953","7.074739933013916"
"2026-09-25T10:36:08.484394","59","2026-09-25T10:36:17.733825","1","0.9858568906784058","0.9911525249481201","26.691558837890625","2.5357494354248047","6.4756693840026855"
"2026-09-25T10:36:08.484394","60","2026-09-25T10:36:17.838807","1","0.9848182797431946","0.990412712097168","27.156007766723633","2.886455535888672","7.286770820617676"
"2026-09-25T10:36:08.484394","61","2026-09-25T10:36:17.964095","1","0.980856716632843","0.9884875416755676","27.36871910095215","3.459332227706909","7.373887062072754"
"2026-09-25T10:36:08.484394","62","2026-09-25T10:36:18.078166","1","0.9842807650566101","0.9918758273124695","27.187864303588867","3.535238265991211","7.223404884338379"
"2026-09-25T10:36:08.484394","63","2026-09-25T10:36:18.194889","1","0.0873914361000061","0.08343684673309326","17.40336799621582","3.4754223823547363","7.0848798751831055"
"2026-09-25T10:36:08.484394","64","2026-09-25T10:36:18.325321","1","0.004562854766845703","0.010436594486236572","14.434028625488281","2.3711791038513184","5.744811058044434"
"2026-09-25T10:36:08.484394","65","2026-09-25T10:36:18.439957","1","0.9947605133056641","0.9968274235725403","7.410172462463379","2.1612308025360107","7.215978145599365"
"2026-09-25T10:36:08.484394","66","2026-09-25T10:36:18.569688","1","0.9952254295349121","0.9991688132286072","5.001842021942139","1.718976378440857","7.3791279792785645"
"2026-09-25T10:36:08.484394","67","2026-09-25T10:36:18.685395","1","0.029205143451690674","0.021324872970581055","4.127681255340576","0.9097505807876587","7.554141521453857"
"2026-09-25T10:36:08.484394","68","2026-09-25T10:36:18.801627","1","0.062496304512023926","0.5513277649879456","3.9876880645751953","1.1786236763000488","7.245431423187256"
"2026-09-25T10:36:08.484394","69","2026-09-25T10:36:18.945224","1","0.9970390796661377","0.9999999403953552","4.174056529998779","0.8592028021812439","7.217080593109131"
"2026-09-25T10:36:08.484394","70","2026-09-25T10:36:19.100550","1","0.5938228368759155","0.6937435865402222","4.612271785736084","1.0615490674972534","7.103765964508057"
"2026-09-25T10:36:08.484394","71","2026-09-25T10:36:19.246176","1","0.0","0.0026093721389770508","4.15193510055542","0.18673580884933472","7.1058220863342285"
"2026-09-25T10:36:08.484394","72","2026-09-25T10:36:19.398644","1","0.012776970863342285","0.004566192626953125","5.317024230957031","1.0864201784133911","6.567802906036377"
"2026-09-25T10:36:08.484394","73","2026-09-25T10:36:19.543754","1","0.010038912296295166","0.006523013114929199","5.445254802703857","0.7830216884613037","6.373290061950684"
"2026-09-25T10:36:08.484394","74","2026-09-25T10:36:19.643820","1","0.5700273513793945","0.3679760694503784","5.180794715881348","1.6598087549209595","6.181199073791504"
"2026-09-25T10:36:08.484394","75","2026-09-25T10:36:19.786348","1","0.04767268896102905","0.006523013114929199","6.231740474700928","0.9986991286277771","6.314151763916016"
"2026-09-25T10:36:08.484394","76","2026-09-25T10:36:19.947353","1","0.060685038566589355","0.006523013114929199","6.708138465881348","1.4095827341079712","6.09580659866333"
"2026-09-25T10:36:08.484394","77","2026-09-25T10:36:20.102757","1","0.010038912296295166","0.0208626389503479","5.232447624206543","1.1457680463790894","5.795753002166748"
"2026-09-25T10:36:08.484394","78","2026-09-25T10:36:20.221339","1","0.007300853729248047","0.0026093721389770508","4.422176361083984","1.0535566806793213","5.878908634185791"
"2026-09-25T10:36:08.484394","79","2026-09-25T10:36:20.338762","1","0.9952254295349121","0.9994485974311829","6.141504287719727","1.3185124397277832","6.035322666168213"
"2026-09-25T10:36:08.484394","80","2026-09-25T10:36:20.465517","1","0.9913694858551025","0.9932752251625061","7.580163478851318","1.1494452953338623","6.447526454925537"
"2026-09-25T10:36:08.484394","81","2026-09-25T10:36:20.589371","1","0.9882580041885376","0.9974306225776672","7.585960865020752","0.5102042555809021","7.505927085876465"
"2026-09-25T10:36:08.484394","82","2026-09-25T10:36:20.701565","1","0.9863588809967041","0.997727632522583","8.790494918823242","0.30030208826065063","8.175619125366211"
"2026-09-25T10:36:08.484394","83","2026-09-25T10:36:20.852773","1","0.9903543591499329","0.9968274235725403","8.427502632141113","-0.3916797339916229","9.75346565246582"
"2026-09-25T10:36:08.484394","84","2026-09-25T10:36:21.004010","1","0.986605703830719","0.997727632522583","9.438608169555664","-0.25679725408554077","9.867897033691406"
"2026-09-25T10:36:08.484394","85","2026-09-25T10:36:21.158830","1","0.9882580041885376","0.9988862872123718","7.250210762023926","-0.05398685112595558","8.540586471557617"
"2026-09-25T10:36:08.484394","86","2026-09-25T10:36:21.308094","1","0.9861093163490295","0.998600959777832","7.206995010375977","-0.7178794741630554","9.234335899353027"
"2026-09-25T10:36:08.484394","87","2026-09-25T10:36:21.409188","1","0.9898386597633362","0.9949411749839783","7.017083168029785","-1.0046842098236084","9.91504192352295"
"2026-09-25T10:36:08.484394","88","2026-09-25T10:36:21.560471","1","0.018253028392791748","0.02456045150756836","6.395646572113037","-0.638483464717865","9.769763946533203"
"2026-09-25T10:36:08.484394","89","2026-09-25T10:36:21.712302","1","0.012776970863342285","0.008479773998260498","4.865592956542969","-1.658691167831421","10.747476577758789"
"2026-09-25T10:36:08.484394","90","2026-09-25T10:36:21.857597","1","0.03194314241409302","0.02363598346710205","4.144340515136719","-1.0916165113449097","10.479425430297852"
"2026-09-25T10:36:08.484394","91","2026-09-25T10:36:21.982499","1","0.010038912296295166","0.010436594486236572","3.085095167160034","-1.8173660039901733","10.771220207214355"
"2026-09-25T10:36:08.484394","92","2026-09-25T10:36:22.120540","1","0.007300853729248047","0.021324872970581055","1.8682011365890503","-1.552398443222046","10.305742263793945"
"2026-09-25T10:36:08.484394","93","2026-09-25T10:36:22.220734","1","0.004562854766845703","0.008479773998260498","0.955049455165863","-1.7893314361572266","11.307798385620117"
"2026-09-25T10:36:08.484394","94","2026-09-25T10:36:22.348112","1","0.1118159294128418","0.8639492392539978","1.9177181720733643","-0.2235431671142578","13.320106506347656"
"2026-09-25T10:36:08.484394","95","2026-09-25T10:36:22.470","1","0.2554110884666443","0.15379184484481812","9.195754051208496","2.0974819660186768","14.538203239440918"
"2026-09-25T10:36:08.484394","96","2026-09-25T10:36:22.582071","1","0.2554110884666443","0.11680018901824951","9.547045707702637","1.9769694805145264","16.73373794555664"
"2026-09-25T10:36:08.484394","97","2026-09-25T10:36:22.709337","1","0.9508934020996094","0.675443172454834","7.448407173156738","1.1647906303405762","17.128820419311523"
"2026-09-25T10:36:08.484394","98","2026-09-25T10:36:22.810467","1","0.059361934661865234","0.010436594486236572","7.154624938964844","1.5588425397872925","17.3005428314209"
"2026-09-25T10:36:08.484394","99","2026-09-25T10:36:22.947867","1","0.05539274215698242","0.025947093963623047","7.229759693145752","0.3732815384864807","18.663738250732422"
"2026-09-25T10:36:08.484394","100","2026-09-25T10:36:23.071223","1","0.5938228368759155","0.12001985311508179","7.176225185394287","-0.2482464462518692","19.73682975769043"
"2026-09-25T10:36:08.484394","101","2026-09-25T10:36:23.297921","1","0.6402992010116577","0.6963686943054199","8.735074996948242","0.13988643884658813","19.608348846435547"
"2026-09-25T10:36:08.484394","102","2026-09-25T10:36:23.610426","1","0.9114788770675659","0.8723113536834717","11.27885913848877","-0.44604355096817017","18.25202751159668"
"2026-09-25T10:36:29.261060","1","2026-09-25T10:36:31.003474","1","0.9952254295349121","0.998600959777832","-7.359919548034668","-0.562198281288147","-5.767029285430908"
"2026-09-25T10:36:29.261060","2","2026-09-25T10:36:31.285367","1","0.3822312355041504","0.99802166223526","-7.906815052032471","-2.9339873790740967","-6.039609909057617"
"2026-09-25T10:36:29.261060","3","2026-09-25T10:36:31.415954","1","0.9979193210601807","0.99802166223526","-6.662655353546143","-0.17577803134918213","-3.773806095123291"
"2026-09-25T10:36:29.261060","4","2026-09-25T10:36:31.538426","1","0.9974813461303711","0.9974306225776672","-4.1015543937683105","-1.0737113952636719","0.5635594129562378"
"2026-09-25T10:36:29.261060","5","2026-09-25T10:36:31.658978","1","0.9979193210601807","0.9968274235725403","-3.628269672393799","-1.6167746782302856","2.020474672317505"
"2026-09-25T10:36:29.261060","6","2026-09-25T10:36:31.784315","1","0.9970390796661377","0.9974306225776672","-2.743868112564087","-1.9962470531463623","1.8171806335449219"
"2026-09-25T10:36:29.261060","7","2026-09-25T10:36:31.899398","1","0.9974813461303711","0.9958990216255188","-3.347459077835083","-1.7140426635742188","1.4570082426071167"
"2026-09-25T10:36:29.261060","8","2026-09-25T10:36:32.020030","1","0.9974813461303711","0.9974306225776672","-3.573436737060547","-1.6775647401809692","0.579214870929718"
"2026-09-25T10:36:29.261060","9","2026-09-25T10:36:32.140844","1","0.9974813461303711","0.9971305727958679","-3.747076988220215","-1.8608425855636597","0.056429050862789154"
"2026-09-25T10:36:29.261060","10","2026-09-25T10:36:32.261083","1","0.9965924024581909","0.997727632522583","-3.248784303665161","-1.6186999082565308","-0.0864260345697403"
"2026-09-25T10:36:29.261060","11","2026-09-25T10:36:32.389842","1","0.9965924024581909","0.9968274235725403","-3.4447875022888184","-1.6228835582733154","-0.4516284763813019"
"2026-09-25T10:36:29.261060","12","2026-09-25T10:36:32.507482","1","0.9961413145065308","0.9974306225776672","-3.7432126998901367","-1.9338219165802002","-0.5042489767074585"
"2026-09-25T10:36:29.261060","13","2026-09-25T10:36:32.626158","1","0.9965924024581909","0.9965211153030396","-3.7398977279663086","-1.702242374420166","-0.7784570455551147"
"2026-09-25T10:36:29.261060","14","2026-09-25T10:36:32.819989","1","0.9965924024581909","0.99802166223526","-3.635129690170288","-1.7696778774261475","-1.03806471824646"
"2026-09-25T10:36:29.261060","15","2026-09-25T10:36:32.947741","1","0.9961413145065308","0.99802166223526","-3.681533098220825","-1.5403168201446533","-1.3580588102340698"
"2026-09-25T10:36:29.261060","16","2026-09-25T10:36:33.066593","1","0.9961413145065308","0.997727632522583","-3.5047152042388916","-1.8992681503295898","-1.457242488861084"
"2026-09-25T10:36:29.261060","17","2026-09-25T10:36:33.169437","1","0.9965924024581909","0.9974306225776672","-3.6905577182769775","-1.859422206878662","-1.34474778175354"
"2026-09-25T10:36:29.261060","18","2026-09-25T10:36:33.269466","1","0.9970390796661377","0.9974306225776672","-3.5531797409057617","-1.9959840774536133","-1.4475098848342896"
"2026-09-25T10:36:29.261060","19","2026-09-25T10:36:33.388124","1","0.9965924024581909","0.9971305727958679","-3.35408878326416","-1.7333664894104004","-1.5555380582809448"
"2026-09-25T10:36:29.261060","20","2026-09-25T10:36:33.510835","1","0.9965924024581909","0.9974306225776672","-3.0185394287109375","-1.8532639741897583","-1.436329960823059"
"2026-09-25T10:36:29.261060","21","2026-09-25T10:36:33.630029","1","0.9970390796661377","0.997727632522583","-2.8615431785583496","-1.8500527143478394","-1.6863247156143188"
"2026-09-25T10:36:29.261060","22","2026-09-25T10:36:33.751378","1","0.9956856369972229","0.9965211153030396","-3.1031277179718018","-1.8373563289642334","-1.5006464719772339"
"2026-09-25T10:36:29.261060","23","2026-09-25T10:36:33.871755","1","0.9961413145065308","0.9965211153030396","-2.8336918354034424","-1.5152177810668945","-1.5289957523345947"
"2026-09-25T10:36:29.261060","24","2026-09-25T10:36:33.994926","1","0.9965924024581909","0.9965211153030396","-2.8634231090545654","-2.070547103881836","-1.3905397653579712"
"2026-09-25T10:36:29.261060","25","2026-09-25T10:36:34.129840","1","0.9974813461303711","0.9968274235725403","-3.7084641456604004","-2.006380558013916","-1.4376349449157715"
"2026-09-25T10:36:29.261060","26","2026-09-25T10:36:34.234907","1","0.9965924024581909","0.9974306225776672","-3.2849388122558594","-1.79012930393219","-1.7555131912231445"
"2026-09-25T10:36:29.261060","27","2026-09-25T10:36:34.353975","1","0.9974813461303711","0.9965211153030396","-2.8619582653045654","-2.1306304931640625","-1.9811482429504395"
"2026-09-25T10:36:29.261060","28","2026-09-25T10:36:34.485280","1","0.9970390796661377","0.9971305727958679","-3.2176363468170166","-1.8517922163009644","-1.874428153038025"
"2026-09-25T10:36:29.261060","29","2026-09-25T10:36:34.596236","1","0.9965924024581909","0.99802166223526","-3.683192491531372","-2.2747390270233154","-2.013038396835327"
"2026-09-25T10:36:29.261060","30","2026-09-25T10:36:34.716202","1","0.9974813461303711","0.997727632522583","-3.854116678237915","-2.0440430641174316","-2.339277982711792"
"2026-09-25T10:36:29.261060","31","2026-09-25T10:36:34.817903","1","0.9974813461303711","0.9965211153030396","-3.2613344192504883","-1.6821262836456299","-2.154428482055664"
"2026-09-25T10:36:29.261060","32","2026-09-25T10:36:34.918761","1","0.9979193210601807","0.9968274235725403","-3.7583673000335693","-1.8947523832321167","-2.0253567695617676"
"2026-09-25T10:36:29.261060","33","2026-09-25T10:36:35.039229","1","0.9965924024581909","0.9962117075920105","-3.718937873840332","-2.226423740386963","-1.8036298751831055"
"2026-09-25T10:36:29.261060","34","2026-09-25T10:36:35.162319","1","0.9970390796661377","0.997727632522583","-3.731057643890381","-2.2749993801116943","-1.9989348649978638"
"2026-09-25T10:36:29.261060","35","2026-09-25T10:36:35.281314","1","0.9965924024581909","0.9971305727958679","-3.4338817596435547","-2.0825486183166504","-1.6591202020645142"
"2026-09-25T10:36:29.261060","36","2026-09-25T10:36:35.402913","1","0.9970390796661377","0.9965211153030396","-3.604022979736328","-2.343956708908081","-1.774726152420044"
"2026-09-25T10:36:29.261060","37","2026-09-25T10:36:35.532298","1","0.9961413145065308","0.9968274235725403","-3.2277426719665527","-1.9832568168640137","-1.5500301122665405"
"2026-09-25T10:36:29.261060","38","2026-09-25T10:36:35.642096","1","0.9974813461303711","0.9968274235725403","-3.908865213394165","-2.27903151512146","-1.0834542512893677"
"2026-09-25T10:36:29.261060","39","2026-09-25T10:36:35.763640","1","0.9974813461303711","0.9968274235725403","-3.4082014560699463","-2.3466005325317383","-1.2295687198638916"
"2026-09-25T10:36:29.261060","40","2026-09-25T10:36:35.885009","1","0.9965924024581909","0.9968274235725403","-2.8067355155944824","-2.160583019256592","-1.3228428363800049"
"2026-09-25T10:36:29.261060","41","2026-09-25T10:36:36.003992","1","0.9970390796661377","0.9965211153030396","-2.9890122413635254","-2.040318727493286","-1.076088547706604"
"2026-09-25T10:36:29.261060","42","2026-09-25T10:36:36.135939","1","0.9979193210601807","0.997727632522583","-2.3415310382843018","-2.0105128288269043","-1.715295672416687"
"2026-09-25T10:36:29.261060","43","2026-09-25T10:36:36.254663","1","0.9970390796661377","0.9971305727958679","-3.117825984954834","-2.0057506561279297","-1.7114500999450684"
"2026-09-25T10:36:29.261060","44","2026-09-25T10:36:36.373638","1","0.9970390796661377","0.9955831170082092","-3.038227081298828","-2.548194646835327","-1.8265106678009033"
"2026-09-25T10:36:29.261060","45","2026-09-25T10:36:36.575898","1","0.9974813461303711","0.9962117075920105","-2.4990928173065186","-1.7515220642089844","-2.1254796981811523"
"2026-09-25T10:36:58.182990","1","2026-09-25T10:37:00.143505","1","0.7734758257865906","0.8661791086196899","1.529311180114746","0.906806468963623","22.942672729492188"
"2026-09-25T10:36:58.182990","2","2026-09-25T10:37:00.272089","1","0.9492247700691223","0.9713870286941528","1.6550108194351196","1.8487474918365479","27.03290557861328"
"2026-09-25T10:36:58.182990","3","2026-09-25T10:37:00.398121","1","0.6711785793304443","0.6728394031524658","3.104121685028076","7.246365070343018","25.429838180541992"
"2026-09-25T10:36:58.182990","4","2026-09-25T10:37:00.633592","1","0.1954095959663391","0.6728394031524658","0.24114510416984558","1.8692317008972168","23.84973907470703"
"2026-09-25T10:36:58.182990","5","2026-09-25T10:37:00.752101","1","0.19043755531311035","0.022711515426635742","1.4043374061584473","2.384826898574829","25.94967269897461"
"2026-09-25T10:36:58.182990","6","2026-09-25T10:37:00.871722","1","0.4603421688079834","0.32518619298934937","0.8765333890914917","0.33699798583984375","22.765745162963867"
"2026-09-25T10:36:58.182990","7","2026-09-25T10:37:00.992390","1","0.7856113910675049","0.5413478016853333","5.580679416656494","-0.7945535778999329","13.208229064941406"
"2026-09-25T10:36:58.182990","8","2026-09-25T10:37:01.233257","1","0.4151104688644409","0.029933273792266846","-0.783463180065155","-0.6824347972869873","9.13046646118164"
"2026-09-25T10:36:58.182990","9","2026-09-25T10:37:01.354649","1","0.9947605133056641","0.9936156272888184","3.1636574268341064","0.008947580121457577","3.6247739791870117"
"2026-09-25T10:36:58.182990","10","2026-09-25T10:37:01.483852","1","0.9947605133056641","0.994285523891449","2.414292573928833","2.8633856773376465","3.6019880771636963"
"2026-09-25T10:36:58.182990","11","2026-09-25T10:37:01.596735","1","0.9918690919876099","0.9952638149261475","1.887791395187378","5.342423439025879","5.026362419128418"
"2026-09-25T10:36:58.182990","12","2026-09-25T10:37:01.721514","1","0.9947605133056641","0.9939523935317993","1.6222350597381592","2.739825487136841","6.393873691558838"
"2026-09-25T10:36:58.182990","13","2026-09-25T10:37:01.837851","1","0.9952254295349121","0.9936156272888184","1.7845261096954346","1.327190637588501","5.988532066345215"
"2026-09-25T10:36:58.182990","14","2026-09-25T10:37:01.965091","1","0.9938164353370667","0.9911525249481201","0.9849445223808289","0.8838182091712952","6.505059719085693"
"2026-09-25T10:36:58.182990","15","2026-09-25T10:37:02.080403","1","0.9956856369972229","0.9952638149261475","2.1532928943634033","0.41516900062561035","7.205588340759277"
"2026-09-25T10:36:58.182990","16","2026-09-25T10:37:02.200912","1","0.9952254295349121","0.9929311275482178","1.6536096334457397","0.9965962171554565","7.654516696929932"
"2026-09-25T10:36:58.182990","17","2026-09-25T10:37:02.331073","1","0.9938164353370667","0.9932752251625061","1.6411017179489136","0.8687438368797302","7.476330757141113"
"2026-09-25T10:36:58.182990","18","2026-09-25T10:37:02.441433","1","0.9933371543884277","0.9900364875793457","1.9557949304580688","0.5630901455879211","5.478682041168213"
"2026-09-25T10:36:58.182990","19","2026-09-25T10:37:02.561311","1","0.9923635125160217","0.9929311275482178","1.1625663042068481","2.550891160964966","2.809025526046753"
"2026-09-25T10:36:58.182990","20","2026-09-25T10:37:02.684202","1","0.9942908883094788","0.9929311275482178","0.8241555094718933","3.641397476196289","1.22243070602417"
"2026-09-25T10:36:58.182990","21","2026-09-25T10:37:02.803660","1","0.9938164353370667","0.9918758273124695","1.3723678588867188","2.471005916595459","0.46686452627182007"
"2026-09-25T10:36:58.182990","22","2026-09-25T10:37:02.924102","1","0.9928528666496277","0.9915161728858948","1.523145318031311","3.677258253097534","0.35927996039390564"
"2026-09-25T10:36:58.182990","23","2026-09-25T10:37:03.044030","1","0.990864634513855","0.9911525249481201","1.9105075597763062","3.0874717235565186","1.121050477027893"
"2026-09-25T10:36:58.182990","24","2026-09-25T10:37:03.167079","1","0.9928528666496277","0.9925832152366638","2.0463035106658936","2.9882240295410156","0.5872964262962341"
"2026-09-25T10:36:58.182990","25","2026-09-25T10:37:03.304358","1","0.9923635125160217","0.9911525249481201","1.3950459957122803","3.051563262939453","0.42382413148880005"
"2026-09-25T10:36:58.182990","26","2026-09-25T10:37:03.406969","1","0.9918690919876099","0.9922314882278442","2.3943986892700195","3.2093565464019775","0.8445225954055786"
"2026-09-25T10:36:58.182990","27","2026-09-25T10:37:03.530491","1","0.9933371543884277","0.9915161728858948","0.1345634162425995","2.640354633331299","0.6468949913978577"
"2026-09-25T10:36:58.182990","28","2026-09-25T10:37:03.703506","1","0.9933371543884277","0.9939523935317993","3.0418760776519775","2.681391477584839","0.9162649512290955"
"2026-09-25T10:36:58.182990","29","2026-09-25T10:37:03.827700","1","0.990864634513855","0.9925832152366638","0.7899290919303894","1.8914175033569336","0.9448462724685669"
"2026-09-25T10:36:58.182990","30","2026-09-25T10:37:03.930026","1","0.9903543591499329","0.9932752251625061","1.9328948259353638","2.0951573848724365","1.3858376741409302"
"2026-09-25T10:36:58.182990","31","2026-09-25T10:37:04.050726","1","0.9923635125160217","0.9911525249481201","0.7374066114425659","3.287198066711426","1.097965955734253"
"2026-09-25T10:36:58.182990","32","2026-09-25T10:37:04.171133","1","0.9918690919876099","0.9929311275482178","1.3322352170944214","3.071474075317383","1.4208474159240723"
"2026-09-25T10:36:58.182990","33","2026-09-25T10:37:04.293849","1","0.9913694858551025","0.9929311275482178","1.2188340425491333","3.024613618850708","0.9632573127746582"
"2026-09-25T10:36:58.182990","34","2026-09-25T10:37:04.416640","1","0.9893174171447754","0.9932752251625061","0.27953043580055237","2.7864294052124023","1.1776098012924194"
"2026-09-25T10:36:58.182990","35","2026-09-25T10:37:04.533579","1","0.990864634513855","0.9929311275482178","0.8671078681945801","2.7121126651763916","1.0062041282653809"
"2026-09-25T10:36:58.182990","36","2026-09-25T10:37:04.654726","1","0.9918690919876099","0.9932752251625061","0.8331380486488342","2.5110201835632324","0.9717400074005127"
"2026-09-25T10:36:58.182990","37","2026-09-25T10:37:04.776442","1","0.9942908883094788","0.994285523891449","0.5268896818161011","2.7687606811523438","0.8582994341850281"
"2026-09-25T10:36:58.182990","38","2026-09-25T10:37:04.897099","1","0.9928528666496277","0.9946150779724121","0.6652251482009888","3.0973997116088867","0.8174701929092407"
"2026-09-25T10:36:58.182990","39","2026-09-25T10:37:05.015804","1","0.9938164353370667","0.994285523891449","0.9032241702079773","2.4808273315429688","0.9795097708702087"
"2026-09-25T10:36:58.182990","40","2026-09-25T10:37:05.145380","1","0.9938164353370667","0.9952638149261475","0.5097732543945312","2.752904176712036","1.0503305196762085"
"2026-09-25T10:36:58.182990","41","2026-09-25T10:37:05.279478","1","0.9938164353370667","0.9939523935317993","0.15043246746063232","2.6788628101348877","0.9450119733810425"
"2026-09-25T10:36:58.182990","42","2026-09-25T10:37:05.429266","1","0.9933371543884277","0.9936156272888184","0.6958454847335815","2.8046576976776123","1.0137875080108643"
"2026-09-25T10:36:58.182990","43","2026-09-25T10:37:05.541382","1","0.9928528666496277","0.994285523891449","1.2228022813796997","2.450164318084717","0.9638964533805847"
"2026-09-25T10:36:58.182990","44","2026-09-25T10:37:05.666125","1","0.9933371543884277","0.9946150779724121","0.0681256502866745","2.904695987701416","1.0994610786437988"
"2026-09-25T10:36:58.182990","45","2026-09-25T10:37:05.781640","1","0.9938164353370667","0.9932752251625061","0.8435651659965515","3.2471349239349365","0.8383291959762573"
"2026-09-25T10:36:58.182990","46","2026-09-25T10:37:05.910464","1","0.9918690919876099","0.9929311275482178","0.7762511372566223","2.7462875843048096","1.1309412717819214"
"2026-09-25T10:36:58.182990","47","2026-09-25T10:37:06.028742","1","0.9928528666496277","0.9936156272888184","0.5488481521606445","2.6045081615448","1.0917121171951294"
"2026-09-25T10:36:58.182990","48","2026-09-25T10:37:06.153433","1","0.9942908883094788","0.9946150779724121","0.9614072442054749","2.2422244548797607","1.0740938186645508"
"2026-09-25T10:36:58.182990","49","2026-09-25T10:37:06.274891","1","0.9938164353370667","0.9946150779724121","0.03136109188199043","2.4523346424102783","1.2925981283187866"
"2026-09-25T10:36:58.182990","50","2026-09-25T10:37:06.386003","1","0.9913694858551025","0.994285523891449","0.4719361960887909","3.2764644622802734","1.0259822607040405"
"2026-09-25T10:36:58.182990","51","2026-09-25T10:37:06.512427","1","0.9923635125160217","0.994285523891449","0.9481940269470215","3.319962501525879","1.0467697381973267"
"2026-09-25T10:36:58.182990","52","2026-09-25T10:37:06.624792","1","0.9928528666496277","0.994285523891449","0.7345638871192932","2.9558777809143066","0.797900378704071"
"2026-09-25T10:36:58.182990","53","2026-09-25T10:37:06.772569","1","0.9918690919876099","0.9922314882278442","0.16262397170066833","3.395310640335083","0.6163421273231506"
"2026-09-25T10:36:58.182990","54","2026-09-25T10:37:06.873653","1","0.9933371543884277","0.9932752251625061","-0.0008172339876182377","3.544481039047241","0.6091132760047913"
"2026-09-25T10:36:58.182990","55","2026-09-25T10:37:06.989113","1","0.9928528666496277","0.9929311275482178","1.488413691520691","2.714783191680908","0.8921793103218079"
"2026-09-25T10:36:58.182990","56","2026-09-25T10:37:07.117406","1","0.9903543591499329","0.9918758273124695","0.2993365228176117","3.134040594100952","0.9198651909828186"
"2026-09-25T10:36:58.182990","57","2026-09-25T10:37:07.234096","1","0.9928528666496277","0.9918758273124695","0.1210934966802597","3.6930768489837646","0.7789552807807922"
"2026-09-25T10:36:58.182990","58","2026-09-25T10:37:07.361818","1","0.9918690919876099","0.9900364875793457","0.3313905894756317","2.921614646911621","1.1678277254104614"
"2026-09-25T10:36:58.182990","59","2026-09-25T10:37:07.482404","1","0.9928528666496277","0.9911525249481201","1.4894928932189941","3.268282175064087","0.7692922949790955"
"2026-09-25T10:36:58.182990","60","2026-09-25T10:37:07.597502","1","0.9928528666496277","0.9907847046852112","0.5293585062026978","3.294266939163208","0.7626428008079529"
"2026-09-25T10:36:58.182990","61","2026-09-25T10:37:07.715297","1","0.9918690919876099","0.9876855611801147","0.27196627855300903","3.2459239959716797","0.6399186253547668"
"2026-09-25T10:36:58.182990","62","2026-09-25T10:37:07.834262","1","0.9928528666496277","0.9896559715270996","0.8459389805793762","3.134411573410034","0.9023079872131348"
"2026-09-25T10:36:58.182990","63","2026-09-25T10:37:07.964720","1","0.9933371543884277","0.9936156272888184","1.1778570413589478","1.8251041173934937","0.5612186789512634"
"2026-09-25T10:37:24.695054","1","2026-09-25T10:37:30.239301","1","0.32690995931625366","0.6528555154800415","-3.016244888305664","-4.278306484222412","-13.270814895629883"
"2026-09-25T10:37:24.695054","2","2026-09-25T10:37:30.376653","1","0.9947605133056641","0.9949411749839783","-1.5195612907409668","2.5897302627563477","-1.3008390665054321"
"2026-09-25T10:37:24.695054","3","2026-09-25T10:37:30.480609","1","0.9928528666496277","0.9939523935317993","-0.34342992305755615","4.9934916496276855","2.6032068729400635"
"2026-09-25T10:37:24.695054","4","2026-09-25T10:37:30.602755","1","0.9933371543884277","0.9932752251625061","-2.307239532470703","4.204173564910889","-0.39552441239356995"
"2026-09-25T10:37:24.695054","5","2026-09-25T10:37:30.725332","1","0.9942908883094788","0.9929311275482178","-2.430596113204956","4.423144340515137","6.546975135803223"
"2026-09-25T10:37:24.695054","6","2026-09-25T10:37:30.843920","1","0.9928528666496277","0.9971305727958679","-1.8220129013061523","4.463881015777588","9.04736042022705"
"2026-09-25T10:37:24.695054","7","2026-09-25T10:37:30.964921","1","0.9877196550369263","0.9932752251625061","1.6770299673080444","4.818360328674316","10.094460487365723"
"2026-09-25T10:37:24.695054","8","2026-09-25T10:37:31.085377","1","0.9903543591499329","0.9958990216255188","-0.8517442345619202","6.636990547180176","8.451126098632812"
"2026-09-25T10:37:24.695054","9","2026-09-25T10:37:31.205945","1","0.9918690919876099","0.9949411749839783","-1.1358131170272827","4.8412675857543945","7.378583908081055"
"2026-09-25T10:37:24.695054","10","2026-09-25T10:37:31.325698","1","0.9938164353370667","0.9958990216255188","-1.1666053533554077","3.562613010406494","6.947840213775635"
"2026-09-25T10:37:24.695054","11","2026-09-25T10:37:31.449444","1","0.9933371543884277","0.9949411749839783","-1.7187567949295044","3.553969621658325","5.852145195007324"
"2026-09-25T10:37:24.695054","12","2026-09-25T10:37:31.577125","1","0.9928528666496277","0.9952638149261475","-0.654924213886261","3.3061490058898926","4.774934768676758"
"2026-09-25T10:37:24.695054","13","2026-09-25T10:37:31.692248","1","0.9938164353370667","0.9958990216255188","-1.826870083808899","4.195760250091553","3.6896438598632812"
"2026-09-25T10:37:24.695054","14","2026-09-25T10:37:31.798137","1","0.9928528666496277","0.9939523935317993","-1.57175874710083","4.431901931762695","4.135511875152588"
"2026-09-25T10:37:24.695054","15","2026-09-25T10:37:31.941402","1","0.9918690919876099","0.9949411749839783","-2.0333006381988525","4.343739032745361","4.025148868560791"
"2026-09-25T10:37:24.695054","16","2026-09-25T10:37:32.041734","1","0.9928528666496277","0.9965211153030396","-2.062199592590332","4.43288516998291","5.0160956382751465"
"2026-09-25T10:37:24.695054","17","2026-09-25T10:37:32.158234","1","0.9933371543884277","0.994285523891449","-2.475640058517456","4.264299392700195","5.310118675231934"
"2026-09-25T10:37:24.695054","18","2026-09-25T10:37:32.287993","1","0.9933371543884277","0.994285523891449","-1.6615314483642578","4.025707244873047","5.328914165496826"
"2026-09-25T10:37:24.695054","19","2026-09-25T10:37:32.428368","1","0.9913694858551025","0.9949411749839783","-2.0579099655151367","3.6658809185028076","4.882509708404541"
"2026-09-25T10:37:24.695054","20","2026-09-25T10:37:32.561155","1","0.9938164353370667","0.994285523891449","-2.723968982696533","3.9611639976501465","4.542997360229492"
"2026-09-25T10:37:24.695054","21","2026-09-25T10:37:32.690887","1","0.9947605133056641","0.9939523935317993","-2.4883573055267334","4.906393527984619","4.3736371994018555"
"2026-09-25T10:37:24.695054","22","2026-09-25T10:37:32.797694","1","0.9947605133056641","0.994285523891449","-2.230740785598755","4.6210455894470215","4.36352014541626"
"2026-09-25T10:37:24.695054","23","2026-09-25T10:37:32.922189","1","0.9938164353370667","0.994285523891449","-2.659287929534912","4.573098659515381","4.199133396148682"
"2026-09-25T10:37:24.695054","24","2026-09-25T10:37:33.051088","1","0.9947605133056641","0.9939523935317993","0.09478349983692169","4.583415985107422","3.9512057304382324"
"2026-09-25T10:37:24.695054","25","2026-09-25T10:37:33.168922","1","0.9942908883094788","0.9946150779724121","-1.2295057773590088","3.722579002380371","4.196846961975098"
"2026-09-25T10:37:24.695054","26","2026-09-25T10:37:33.283775","1","0.9956856369972229","0.994285523891449","-0.8814646005630493","3.872392416000366","3.9586181640625"
"2026-09-25T10:37:24.695054","27","2026-09-25T10:37:33.411383","1","0.9956856369972229","0.9952638149261475","-0.6010122895240784","4.378635883331299","3.843574285507202"
"2026-09-25T10:37:24.695054","28","2026-09-25T10:37:33.536814","1","0.9952254295349121","0.9952638149261475","-0.7991256713867188","5.328302383422852","3.49845814704895"
"2026-09-25T10:37:24.695054","29","2026-09-25T10:37:33.647281","1","0.9942908883094788","0.9952638149261475","-0.4633900225162506","4.491133689880371","3.8180675506591797"
"2026-09-25T10:37:24.695054","30","2026-09-25T10:37:33.770331","1","0.9947605133056641","0.9949411749839783","-0.7469387650489807","4.586956977844238","3.556725263595581"
"2026-09-25T10:37:24.695054","31","2026-09-25T10:37:33.897473","1","0.9923635125160217","0.9952638149261475","-0.1247892826795578","5.316122055053711","4.172060012817383"
"2026-09-25T10:37:24.695054","32","2026-09-25T10:37:34.014385","1","0.9933371543884277","0.9962117075920105","-0.7371546030044556","4.690747261047363","3.825742483139038"
"2026-09-25T10:37:24.695054","33","2026-09-25T10:37:34.135234","1","0.9918690919876099","0.9958990216255188","-0.5931315422058105","5.070576190948486","3.908601999282837"
"2026-09-25T10:37:24.695054","34","2026-09-25T10:37:34.255458","1","0.9970390796661377","0.9949411749839783","-1.6097497940063477","4.367378234863281","3.8273940086364746"
"2026-09-25T10:37:24.695054","35","2026-09-25T10:37:34.369769","1","0.9928528666496277","0.9965211153030396","-2.3640992641448975","5.194523811340332","3.687403917312622"
"2026-09-25T10:37:24.695054","36","2026-09-25T10:37:34.497135","1","0.9956856369972229","0.9932752251625061","-1.6389057636260986","5.465326309204102","3.5132806301116943"
"2026-09-25T10:37:24.695054","37","2026-09-25T10:37:34.625330","1","0.0","0.006523013114929199","-0.7686425447463989","3.9168708324432373","2.9209651947021484"
"2026-09-25T10:37:24.695054","38","2026-09-25T10:37:34.734881","1","0.9913694858551025","0.9955831170082092","-1.035319447517395","4.64340877532959","3.4196226596832275"
"2026-09-25T10:37:24.695054","39","2026-09-25T10:37:34.855809","1","0.9868497848510742","0.9946150779724121","-2.0503180027008057","4.343133449554443","3.13299298286438"
"2026-09-25T10:37:24.695054","40","2026-09-25T10:37:34.988341","1","0.9928528666496277","0.9946150779724121","-1.875082015991211","4.923861026763916","3.187309980392456"
"2026-09-25T10:37:24.695054","41","2026-09-25T10:37:35.101062","1","0.9918690919876099","0.9952638149261475","-2.823880434036255","4.2791948318481445","3.0541064739227295"
"2026-09-25T10:37:24.695054","42","2026-09-25T10:37:35.219367","1","0.9903543591499329","0.9939523935317993","-1.9267176389694214","4.5182414054870605","2.9040753841400146"
"2026-09-25T10:37:24.695054","43","2026-09-25T10:37:35.345683","1","0.9877196550369263","0.994285523891449","-1.4225372076034546","4.451816558837891","2.939483404159546"
"2026-09-25T10:37:24.695054","44","2026-09-25T10:37:35.458207","1","0.9965924024581909","0.9939523935317993","-2.0360336303710938","4.914283275604248","2.949777603149414"
"2026-09-25T10:37:24.695054","45","2026-09-25T10:37:35.580206","1","0.9965924024581909","0.9929311275482178","-0.6891608834266663","5.260633945465088","2.805450201034546"
"2026-09-25T10:37:24.695054","46","2026-09-25T10:37:35.710484","1","0.9965924024581909","0.9952638149261475","-2.339385747909546","4.166999340057373","2.697842597961426"
"2026-09-25T10:37:24.695054","47","2026-09-25T10:37:35.845149","1","0.9938164353370667","0.994285523891449","-1.0017114877700806","4.2290358543396","3.038620710372925"
"2026-09-25T10:37:24.695054","48","2026-09-25T10:37:35.945965","1","0.9974813461303711","0.9946150779724121","-1.9955161809921265","4.789332389831543","2.5560836791992188"
"2026-09-25T10:37:24.695054","49","2026-09-25T10:37:36.064434","1","0.9961413145065308","0.994285523891449","-1.6060858964920044","4.9022088050842285","2.6368093490600586"
"2026-09-25T10:37:24.695054","50","2026-09-25T10:37:36.179925","1","0.9938164353370667","0.994285523891449","-1.721549153327942","4.096626281738281","2.56180739402771"
"2026-09-25T10:37:24.695054","51","2026-09-25T10:37:36.312655","1","0.9856016635894775","0.6884933710098267","-1.4758105278015137","4.277982234954834","2.38283634185791"
"2026-09-25T10:37:24.695054","52","2026-09-25T10:37:36.430826","1","0.9868497848510742","0.9968274235725403","-1.9739112854003906","3.4853546619415283","2.5206453800201416"
"2026-09-25T10:37:24.695054","53","2026-09-25T10:37:36.551919","1","0.9882580041885376","0.9929311275482178","-1.8260161876678467","4.181689262390137","2.239748239517212"
"2026-09-25T10:37:24.695054","54","2026-09-25T10:37:36.671061","1","0.9923635125160217","0.9955831170082092","-2.626011848449707","3.5628795623779297","2.160871982574463"
"2026-09-25T10:37:24.695054","55","2026-09-25T10:37:36.795511","1","0.9956856369972229","0.9952638149261475","-2.1594960689544678","4.976446151733398","1.8673429489135742"
"2026-09-25T10:37:24.695054","56","2026-09-25T10:37:36.917042","1","0.9942908883094788","0.9971305727958679","-1.4336134195327759","4.7975945472717285","1.8180466890335083"
"2026-09-25T10:37:24.695054","57","2026-09-25T10:37:37.028143","1","0.9923635125160217","0.9955831170082092","-1.5093878507614136","4.541747570037842","2.151385545730591"
"2026-09-25T10:37:24.695054","58","2026-09-25T10:37:37.148329","1","0.9942908883094788","0.9968274235725403","-0.28412970900535583","4.7209038734436035","2.271498441696167"
"2026-09-25T10:37:24.695054","59","2026-09-25T10:37:37.271355","1","0.9947605133056641","0.9952638149261475","-2.475813865661621","6.240579605102539","2.571449041366577"
"2026-09-25T10:37:24.695054","60","2026-09-25T10:37:37.399754","1","0.9928528666496277","0.990412712097168","-1.6809331178665161","13.963128089904785","3.5896310806274414"
"2026-09-25T10:37:24.695054","61","2026-09-25T10:37:37.516415","1","0.21113640069961548","0.8661791086196899","2.0720584392547607","27.994352340698242","4.902266502380371"
"2026-09-25T10:37:24.695054","62","2026-09-25T10:37:37.631285","1","0.2012934684753418","0.3436095714569092","3.3373546600341797","40.09525680541992","3.060285806655884"
"2026-09-25T10:37:24.695054","63","2026-09-25T10:37:37.761825","1","0.2554110884666443","0.9376009702682495","3.254610061645508","45.63895797729492","1.9175862073898315"
"2026-09-25T10:37:24.695054","64","2026-09-25T10:37:38.244322","1","0.5554949641227722","0.3679760694503784","2.7273471355438232","59.074256896972656","1.4323097467422485"
"2026-09-25T10:37:24.695054","65","2026-09-25T10:37:38.490865","1","0.044218361377716064","0.8650642037391663","3.174928903579712","42.17912673950195","-0.6141367554664612"
"2026-09-25T10:37:24.695054","66","2026-09-25T10:37:38.640411","1","0.6233029365539551","0.9668617844581604","4.135651588439941","37.221370697021484","-1.2577680349349976"
"2026-09-25T10:37:24.695054","67","2026-09-25T10:37:38.789637","1","0.9871754050254822","0.9952638149261475","4.0968241691589355","21.287004470825195","-1.7449266910552979"
"2026-09-25T10:37:24.695054","68","2026-09-25T10:37:38.941998","1","0.9913694858551025","0.9922314882278442","1.8526902198791504","10.630626678466797","-2.2277984619140625"
"2026-09-25T10:37:24.695054","69","2026-09-25T10:37:39.049723","1","0.9913694858551025","0.9929311275482178","1.3399173021316528","6.8611016273498535","-1.3243317604064941"
"2026-09-25T10:37:24.695054","70","2026-09-25T10:37:39.518132","1","0.9887905716896057","0.9915161728858948","-0.24418920278549194","2.4281973838806152","2.612215995788574"
"2026-09-25T10:37:24.695054","71","2026-09-25T10:37:39.639005","1","0.9863588809967041","0.9952638149261475","-2.2270567417144775","2.89768385887146","2.3393476009368896"
"2026-09-25T10:37:24.695054","72","2026-09-25T10:37:39.762363","1","0.9913694858551025","0.9968274235725403","-1.2151752710342407","3.3721890449523926","2.3856468200683594"
"2026-09-25T10:37:24.695054","73","2026-09-25T10:37:39.884619","1","0.015514969825744629","0.021787047386169434","0.1329333335161209","3.885833978652954","1.6772807836532593"
"2026-09-25T10:37:24.695054","74","2026-09-25T10:37:40.004155","1","0.9918690919876099","0.998312771320343","-0.10104858875274658","3.636063575744629","1.764202356338501"
"2026-09-25T10:37:24.695054","75","2026-09-25T10:37:40.120253","1","0.9938164353370667","0.9974306225776672","-0.724391758441925","3.608118772506714","1.950732707977295"
"2026-09-25T10:37:24.695054","76","2026-09-25T10:37:40.244902","1","0.04767268896102905","0.025484859943389893","-1.1329351663589478","2.9118478298187256","1.9066261053085327"
"2026-09-25T10:37:24.695054","77","2026-09-25T10:37:40.366389","1","0.05671572685241699","0.012393414974212646","-0.6877713203430176","-2.1452178955078125","3.8265979290008545"
"2026-09-25T10:37:24.695054","78","2026-09-25T10:37:40.480865","1","0.9501656293869019","0.36242806911468506","-0.43296682834625244","-16.534313201904297","4.824631214141846"
"2026-09-25T10:37:24.695054","79","2026-09-25T10:37:40.600269","1","0.14356094598770142","0.6025388240814209","2.7416203022003174","-24.877023696899414","2.2094056606292725"
"2026-09-25T10:37:24.695054","80","2026-09-25T10:37:40.852618","1","0.651045560836792","0.6702355742454529","2.0098490715026855","-39.153770446777344","4.220790863037109"
"2026-09-25T10:37:24.695054","81","2026-09-25T10:37:41.171512","1","0.7659553289413452","0.6884933710098267","3.290722131729126","-40.99756622314453","4.424999237060547"
"2026-09-25T10:37:24.695054","82","2026-09-25T10:37:41.411182","1","0.9472037553787231","0.27962368726730347","2.42586350440979","-39.889713287353516","3.8782706260681152"
"2026-09-25T10:37:24.695054","83","2026-09-25T10:37:41.525684","1","0.9515752792358398","0.623405933380127","2.69396710395813","-39.37246322631836","3.2748947143554688"
"2026-09-25T10:37:24.695054","84","2026-09-25T10:37:41.656110","1","0.32690995931625366","0.042649805545806885","6.230332374572754","-32.30320358276367","2.9167284965515137"
"2026-09-25T10:37:24.695054","85","2026-09-25T10:37:41.774600","1","0.074978768825531","0.019214868545532227","4.738539218902588","-14.870768547058105","4.004579544067383"
"2026-09-25T10:37:24.695054","86","2026-09-25T10:37:41.887730","1","0.9956856369972229","0.9958990216255188","2.356841564178467","-9.156755447387695","4.702664852142334"
"2026-09-25T10:37:24.695054","87","2026-09-25T10:37:42.019319","1","0.9952254295349121","0.9958990216255188","3.637765884399414","-5.440848350524902","4.4182024002075195"
"2026-09-25T10:37:24.695054","88","2026-09-25T10:37:42.128148","1","0.9942908883094788","0.9911525249481201","2.8871347904205322","-3.1745362281799316","3.82496976852417"
"2026-09-25T10:37:24.695054","89","2026-09-25T10:37:42.258626","1","0.9918690919876099","0.9952638149261475","2.5523993968963623","1.4186710119247437","4.317413806915283"
"2026-09-25T10:37:24.695054","90","2026-09-25T10:37:42.379673","1","0.9938164353370667","0.9946150779724121","0.8695061802864075","1.9464470148086548","4.197774410247803"
"2026-09-25T10:37:24.695054","91","2026-09-25T10:37:42.514463","1","0.012776970863342285","0.022249281406402588","1.80354905128479","1.0837292671203613","2.8192596435546875"
"2026-09-25T10:37:24.695054","92","2026-09-25T10:37:42.619676","1","0.9956856369972229","0.9958990216255188","0.4724426865577698","1.6746746301651","2.8912971019744873"
"2026-09-25T10:37:24.695054","93","2026-09-25T10:37:42.742882","1","0.9956856369972229","0.994285523891449","1.0634057521820068","2.072448253631592","3.349860906600952"
"2026-09-25T10:37:24.695054","94","2026-09-25T10:37:42.856437","1","0.9956856369972229","0.9880889058113098","0.5815718770027161","2.1734354496002197","3.259929895401001"
"2026-09-25T10:37:24.695054","95","2026-09-25T10:37:42.973904","1","0.9956856369972229","0.9922314882278442","0.3176475465297699","1.879380702972412","2.910994291305542"
"2026-09-25T10:37:24.695054","96","2026-09-25T10:37:43.107989","1","0.074978768825531","0.3513319492340088","0.7952656745910645","2.5691730976104736","2.6648409366607666"
"2026-09-25T10:37:24.695054","97","2026-09-25T10:37:43.223711","1","0.9485522508621216","0.9915161728858948","0.8955099582672119","1.4138985872268677","1.1037601232528687"
"2026-09-25T10:37:24.695054","98","2026-09-25T10:37:43.346689","1","0.9970390796661377","0.9958990216255188","3.296220541000366","0.24623212218284607","1.6883693933486938"
"2026-09-25T10:37:24.695054","99","2026-09-25T10:37:43.471630","1","0.9947605133056641","0.9965211153030396","8.850502967834473","0.7421655654907227","3.343651533126831"
"2026-09-25T10:37:24.695054","100","2026-09-25T10:37:43.584113","1","0.9887905716896057","0.998312771320343","11.676820755004883","1.5576542615890503","4.241409778594971"
"2026-09-25T10:37:24.695054","101","2026-09-25T10:37:43.708178","1","0.9918690919876099","0.9974306225776672","12.080679893493652","1.3592504262924194","5.172961235046387"
"2026-09-25T10:37:24.695054","102","2026-09-25T10:37:43.833074","1","0.990864634513855","0.9949411749839783","12.260518074035645","1.350442886352539","5.52991247177124"
"2026-09-25T10:37:24.695054","103","2026-09-25T10:37:43.946625","1","0.9928528666496277","0.9949411749839783","11.75341796875","1.2143216133117676","5.606466293334961"
"2026-09-25T10:37:24.695054","104","2026-09-25T10:37:44.072796","1","0.9871754050254822","0.9952638149261475","10.206036567687988","0.9689421057701111","5.247928619384766"
"2026-09-25T10:37:24.695054","105","2026-09-25T10:37:44.198698","1","0.9918690919876099","0.9952638149261475","10.769055366516113","1.9638872146606445","4.892965793609619"
"2026-09-25T10:37:24.695054","106","2026-09-25T10:37:44.320386","1","0.601551353931427","0.9383997917175293","12.43094253540039","1.93901789188385","5.498780250549316"
"2026-09-25T10:37:24.695054","107","2026-09-25T10:37:44.446430","1","0.9497048854827881","0.9713870286941528","12.771505355834961","2.8879892826080322","5.393204689025879"
"2026-09-25T10:37:24.695054","108","2026-09-25T10:37:44.580648","1","0.40602678060531616","0.9872773885726929","8.638787269592285","3.574045181274414","4.548592567443848"
"2026-09-25T10:37:24.695054","109","2026-09-25T10:37:44.725854","1","0.9903543591499329","0.994285523891449","4.821098327636719","3.890582323074341","3.0970635414123535"
"2026-09-25T10:37:24.695054","110","2026-09-25T10:37:44.848082","1","0.9928528666496277","0.9965211153030396","1.693129062652588","3.184561014175415","2.0295000076293945"
"2026-09-25T10:37:24.695054","111","2026-09-25T10:37:44.960437","1","0.9898386597633362","0.99802166223526","1.2163581848144531","3.060976982116699","2.2682557106018066"
"2026-09-25T10:37:24.695054","112","2026-09-25T10:37:45.092820","1","0.9898386597633362","0.994285523891449","0.7708508968353271","3.3132355213165283","2.6260616779327393"
"2026-09-25T10:37:24.695054","113","2026-09-25T10:37:45.208042","1","0.9893174171447754","0.9932752251625061","0.5733724236488342","3.609281063079834","2.6749517917633057"
"2026-09-25T10:37:24.695054","114","2026-09-25T10:37:45.322557","1","0.9898386597633362","0.9958990216255188","0.8614932894706726","3.6411352157592773","2.292537212371826"
"2026-09-25T10:37:24.695054","115","2026-09-25T10:37:45.451118","1","0.5938228368759155","0.5513277649879456","1.4647926092147827","4.1051177978515625","2.021643877029419"
"2026-09-25T10:37:24.695054","116","2026-09-25T10:37:45.564330","1","0.9952254295349121","0.9958990216255188","0.5099229216575623","3.5165414810180664","2.1477160453796387"
"2026-09-25T10:37:24.695054","117","2026-09-25T10:37:45.688380","1","0.9918690919876099","0.9965211153030396","-1.2085702419281006","4.372742652893066","1.7634018659591675"
"2026-09-25T10:37:24.695054","118","2026-09-25T10:37:45.813185","1","0.9837305545806885","0.9884875416755676","-0.7442691326141357","4.357556343078613","1.925293207168579"
"2026-09-25T10:37:24.695054","119","2026-09-25T10:37:45.930988","1","0.020991027355194092","0.012393414974212646","-0.8765668869018555","3.3131484985351562","1.8578695058822632"
"2026-09-25T10:37:24.695054","120","2026-09-25T10:37:46.054191","1","0.020991027355194092","0.022711515426635742","-4.111130237579346","2.705958843231201","1.8958162069320679"
"2026-09-25T10:37:24.695054","121","2026-09-25T10:37:46.169883","1","0.018253028392791748","0.02363598346710205","-5.045327186584473","3.8379576206207275","-0.19709175825119019"
"2026-09-25T10:37:24.695054","122","2026-09-25T10:37:46.306541","1","0.02372908592224121","0.0026093721389770508","-7.147535800933838","2.6109957695007324","-1.2245203256607056"
"2026-09-25T10:37:24.695054","123","2026-09-25T10:37:46.410500","1","0.02372908592224121","0.000652611255645752","-9.308091163635254","3.134740114212036","-1.1245481967926025"
"2026-09-25T10:37:24.695054","124","2026-09-25T10:37:46.537179","1","0.010038912296295166","0.000652611255645752","-7.0153679847717285","2.129573106765747","-0.9971991181373596"
"2026-09-25T10:37:24.695054","125","2026-09-25T10:37:46.680566","1","0.015514969825744629","0.012393414974212646","-9.897970199584961","3.64613938331604","-0.6932306289672852"
"2026-09-25T10:37:24.695054","126","2026-09-25T10:37:46.814423","1","0.015514969825744629","0.0026093721389770508","-10.183975219726562","3.450301170349121","-0.6250854134559631"
"2026-09-25T10:37:24.695054","127","2026-09-25T10:37:46.933136","1","0.986605703830719","0.9896559715270996","-9.112195014953613","3.466052770614624","0.1422223299741745"
"2026-09-25T10:37:24.695054","128","2026-09-25T10:37:47.053278","1","0.9918690919876099","0.9918758273124695","-6.661431789398193","3.781405448913574","1.7086659669876099"
"2026-09-25T10:37:24.695054","129","2026-09-25T10:37:47.167020","1","0.986605703830719","0.9911525249481201","-6.81491756439209","4.179964065551758","2.5000951290130615"
"2026-09-25T10:37:24.695054","130","2026-09-25T10:37:47.283938","1","0.9956856369972229","0.9952638149261475","-1.242996096611023","4.2017598152160645","3.1388375759124756"
"2026-09-25T10:37:24.695054","131","2026-09-25T10:37:47.404860","1","0.9938164353370667","0.9958990216255188","1.600231409072876","3.5302646160125732","3.737450122833252"
"2026-09-25T10:37:24.695054","132","2026-09-25T10:37:47.536541","1","0.9938164353370667","0.9939523935317993","1.4743387699127197","3.3943252563476562","3.5284972190856934"
"2026-09-25T10:37:24.695054","133","2026-09-25T10:37:47.666855","1","0.9928528666496277","0.994285523891449","3.251706838607788","3.8059520721435547","3.4347829818725586"
"2026-09-25T10:37:24.695054","134","2026-09-25T10:37:47.772806","1","0.9887905716896057","0.9929311275482178","2.365299940109253","4.201236248016357","3.165201187133789"
"2026-09-25T10:37:24.695054","135","2026-09-25T10:37:47.894980","1","0.9903543591499329","0.9929311275482178","2.6426455974578857","4.235530853271484","2.9126453399658203"
"2026-09-25T10:37:24.695054","136","2026-09-25T10:37:48.027001","1","0.9928528666496277","0.9915161728858948","1.766836404800415","3.918166160583496","2.903376579284668"
"2026-09-25T10:37:24.695054","137","2026-09-25T10:37:48.133872","1","0.9952254295349121","0.9922314882278442","1.105851411819458","4.061932563781738","2.885261297225952"
"2026-09-25T10:37:24.695054","138","2026-09-25T10:37:48.252036","1","0.9942908883094788","0.9918758273124695","2.131772994995117","3.590766429901123","3.1565299034118652"
"2026-09-25T10:37:24.695054","139","2026-09-25T10:37:48.380167","1","0.9952254295349121","0.9968274235725403","2.1747939586639404","4.246435642242432","3.0839741230010986"
"2026-09-25T10:37:24.695054","140","2026-09-25T10:37:48.498972","1","0.08147144317626953","0.8723113536834717","3.374380588531494","4.237031936645508","0.9935468435287476"
"2026-09-25T10:37:24.695054","141","2026-09-25T10:37:48.622486","1","0.9928528666496277","0.998312771320343","3.0490477085113525","2.803875207901001","-5.121124744415283"
"2026-09-25T10:37:24.695054","142","2026-09-25T10:37:48.754096","1","0.990864634513855","0.9968274235725403","1.8107742071151733","1.2859302759170532","-13.905367851257324"
"2026-09-25T10:37:24.695054","143","2026-09-25T10:37:48.901516","1","0.9938164353370667","0.998312771320343","0.8841436505317688","2.3189563751220703","-18.370817184448242"
"2026-09-25T10:37:24.695054","144","2026-09-25T10:37:49.022622","1","0.9942908883094788","0.9988862872123718","0.22676415741443634","1.5931421518325806","-17.793445587158203"
"2026-09-25T10:37:24.695054","145","2026-09-25T10:37:49.134105","1","0.9923635125160217","0.9991688132286072","-0.6585183143615723","2.7895116806030273","-17.399076461791992"
"2026-09-25T10:37:24.695054","146","2026-09-25T10:37:49.267003","1","0.9918690919876099","0.9991688132286072","-0.5768503546714783","3.3109941482543945","-16.32950210571289"
"2026-09-25T10:37:24.695054","147","2026-09-25T10:37:49.384896","1","0.9918690919876099","0.9994485974311829","-1.2388677597045898","3.719386339187622","-15.760483741760254"
"2026-09-25T10:37:24.695054","148","2026-09-25T10:37:49.503960","1","0.9942908883094788","0.998312771320343","-0.23017893731594086","3.6680257320404053","-13.777617454528809"
"2026-09-25T10:37:24.695054","149","2026-09-25T10:37:49.625184","1","0.08367270231246948","0.008479773998260498","2.630795478820801","4.740761756896973","-9.05703353881836"
"2026-09-25T10:37:24.695054","150","2026-09-25T10:37:49.743937","1","0.9893174171447754","0.9952638149261475","3.475999593734741","2.4993855953216553","-2.923914670944214"
"2026-09-25T10:37:24.695054","151","2026-09-25T10:37:49.858246","1","0.9965924024581909","0.997727632522583","4.0198750495910645","3.1700422763824463","2.203178882598877"
"2026-09-25T10:37:24.695054","152","2026-09-25T10:37:49.988739","1","0.007300853729248047","0.021324872970581055","5.384329319000244","4.083008766174316","5.86332368850708"
"2026-09-25T10:37:24.695054","153","2026-09-25T10:37:50.106912","1","0.9913694858551025","0.9952638149261475","3.3928258419036865","4.227229595184326","8.09918212890625"
"2026-09-25T10:37:24.695054","154","2026-09-25T10:37:50.224534","1","0.9938164353370667","0.997727632522583","2.2347986698150635","4.300267219543457","8.358942031860352"
"2026-09-25T10:37:24.695054","155","2026-09-25T10:37:50.353277","1","0.9928528666496277","0.9955831170082092","1.269391655921936","3.9154512882232666","8.03203010559082"
"2026-09-25T10:37:24.695054","156","2026-09-25T10:37:50.478462","1","0.9938164353370667","0.9965211153030396","1.42281973361969","3.4233555793762207","7.897948265075684"
"2026-09-25T10:37:24.695054","157","2026-09-25T10:37:50.593261","1","0.9956856369972229","0.9936156272888184","1.4845751523971558","5.136423587799072","8.254335403442383"
"2026-09-25T10:37:24.695054","158","2026-09-25T10:37:50.713738","1","0.02372908592224121","0.02363598346710205","1.656719446182251","4.443264961242676","8.924359321594238"
"2026-09-25T10:37:24.695054","159","2026-09-25T10:37:50.832124","1","0.9868497848510742","0.9918758273124695","1.7400717735290527","4.490103721618652","13.202404022216797"
"2026-09-25T10:37:24.695054","160","2026-09-25T10:37:50.955189","1","0.9942908883094788","0.9907847046852112","0.4359431564807892","4.6743292808532715","19.176734924316406"
"2026-09-25T10:37:24.695054","161","2026-09-25T10:37:51.073949","1","0.9947605133056641","0.9900364875793457","0.41640999913215637","3.998865842819214","24.978036880493164"
"2026-09-25T10:37:24.695054","162","2026-09-25T10:37:51.190973","1","0.9952254295349121","0.9876855611801147","1.1857699155807495","4.14015531539917","26.72473907470703"
"2026-09-25T10:37:24.695054","163","2026-09-25T10:37:51.315962","1","0.9947605133056641","0.9896559715270996","0.7843334674835205","3.9509010314941406","26.912099838256836"
"2026-09-25T10:37:24.695054","164","2026-09-25T10:37:51.442388","1","0.9918690919876099","0.990412712097168","0.556944727897644","4.792283058166504","26.921117782592773"
"2026-09-25T10:37:24.695054","165","2026-09-25T10:37:51.556316","1","0.9913694858551025","0.9884875416755676","0.6961750388145447","4.754278659820557","26.252470016479492"
"2026-09-25T10:37:24.695054","166","2026-09-25T10:37:51.676542","1","0.9903543591499329","0.9915161728858948","1.5025781393051147","4.040762424468994","25.84185218811035"
"2026-09-25T10:37:24.695054","167","2026-09-25T10:37:51.813475","1","0.9898386597633362","0.9900364875793457","1.7687705755233765","5.3724775314331055","22.424720764160156"
"2026-09-25T10:37:24.695054","168","2026-09-25T10:37:51.963327","1","0.9923635125160217","0.9925832152366638","2.227226734161377","5.545269966125488","14.23315143585205"
"2026-09-25T10:37:24.695054","169","2026-09-25T10:37:52.082376","1","0.9938164353370667","0.9939523935317993","2.0323150157928467","4.58572244644165","9.569872856140137"
"2026-09-25T10:37:24.695054","170","2026-09-25T10:37:52.198155","1","0.9938164353370667","0.9965211153030396","2.4580540657043457","4.129458427429199","4.891563415527344"
"2026-09-25T10:37:24.695054","171","2026-09-25T10:37:52.320752","1","0.9947605133056641","0.997727632522583","0.7427594661712646","5.262038707733154","1.9764529466629028"
"2026-09-25T10:37:24.695054","172","2026-09-25T10:37:52.435632","1","0.9871754050254822","0.9383997917175293","0.004968800116330385","5.206320285797119","2.2755367755889893"
"2026-09-25T10:37:24.695054","173","2026-09-25T10:37:52.565531","1","0.029205143451690674","0.06604921817779541","0.7910500764846802","3.907193899154663","2.8085200786590576"
"2026-09-25T10:37:24.695054","174","2026-09-25T10:37:52.687873","1","0.9947605133056641","0.9952638149261475","-0.934777557849884","4.30189847946167","3.187628984451294"
"2026-09-25T10:37:24.695054","175","2026-09-25T10:37:52.806730","1","0.990864634513855","0.9932752251625061","0.16790735721588135","4.419865608215332","2.149148941040039"
