"session_id","frame","timestamp","face_count","left_eye_probability","right_eye_probability","head_euler_angle_x","head_euler_angle_y","head_euler_angle_z","laplacian_variance","edge_density","intensity_mean","intensity_std","label"
"2026-09-29T10:34:22.387341","1","2026-09-29T10:34:28.904943","1","0.5554949641227722","0.5043434500694275","13.248143196105957","-0.7262369990348816","4.666294574737549","11.297668119963008","0.0","172.5702891326022","16.34418543164133","REAL"
"2026-09-29T10:34:22.387341","2","2026-09-29T10:34:29.047250","1","0.7550646662712097","0.15379184484481812","8.051033020019531","-0.6298477649688721","2.8299427032470703","212.13910373622844","0.049592391304347824","136.9544871794872","71.97783565806257","REAL"
"2026-09-29T10:34:22.387341","3","2026-09-29T10:34:29.176980","1","0.9863588809967041","0.9949411749839783","4.5573649406433105","-0.3506168723106384","2.372739315032959","261.0541863147391","0.036050516647531575","88.83596837944664","74.45309079623723","REAL"
"2026-09-29T10:34:22.387341","4","2026-09-29T10:34:29.283529","1","0.9952254295349121","0.998312771320343","1.833032250404358","0.9939426183700562","1.3754891157150269","176.10015661163465","0.04076631766540432","87.7414748508099","77.88738866520582","REAL"
"2026-09-29T10:34:22.387341","5","2026-09-29T10:34:29.392266","1","0.9952254295349121","0.9936156272888184","0.5831537246704102","0.5372428297996521","0.8805873990058899","231.02642810262495","0.042428061331653014","81.62309065661574","78.31101918312908","REAL"
"2026-09-29T10:34:22.387341","6","2026-09-29T10:34:29.523009","1","0.9918690919876099","0.9929311275482178","-0.2564200758934021","-0.0983874723315239","0.7476106882095337","376.5610653138095","0.04929577464788732","83.3322072072072","78.97449410697457","REAL"
"2026-09-29T10:34:22.387341","7","2026-09-29T10:34:29.641533","1","0.9938164353370667","0.9936156272888184","-0.3125442862510681","-0.07404318451881409","0.6064719557762146","486.1464269407535","0.06349500185116623","88.75225225225225","78.801079640986","REAL"
"2026-09-29T10:34:22.387341","8","2026-09-29T10:34:29.772573","1","0.972050666809082","0.9958990216255188","0.29866981506347656","-0.07864335179328918","1.5711864233016968","131.32317342024692","0.05422222222222222","97.27358168147641","78.06263915300623","REAL"
"2026-09-29T10:34:22.387341","9","2026-09-29T10:34:29.934670","1","0.9928528666496277","0.9925832152366638","0.6969056725502014","-0.27452653646469116","1.77022385597229","473.4373559688842","0.07487216946676406","93.16142222222223","77.84780984987135","REAL"
"2026-09-29T10:34:22.387341","10","2026-09-29T10:34:30.052019","1","0.9947605133056641","0.9929311275482178","1.3284556865692139","0.09087565541267395","1.7051472663879395","497.07972514100976","0.08400292184075968","98.58364444444445","77.75046911788608","REAL"
"2026-09-29T10:34:22.387341","11","2026-09-29T10:34:30.166732","1","0.9933371543884277","0.9952638149261475","1.263609766960144","-0.6288173794746399","1.561647891998291","481.74132508444444","0.09155555555555556","98.19463431305536","77.096183315415","REAL"
"2026-09-29T10:34:22.387341","12","2026-09-29T10:34:30.286463","1","0.9928528666496277","0.9929311275482178","1.2208843231201172","-1.1246792078018188","1.318642497062683","450.991413389822","0.09366343490304709","99.21860618014465","75.50026805010565","REAL"
"2026-09-29T10:34:22.387341","13","2026-09-29T10:34:30.418988","1","0.9928528666496277","0.9918758273124695","1.130066990852356","-1.460911512374878","1.1944235563278198","537.6049656952831","0.09504847645429362","98.92882971729125","74.93779820719716","REAL"
"2026-09-29T10:34:22.387341","14","2026-09-29T10:34:30.535650","1","0.9928528666496277","0.9918758273124695","0.7594673037528992","-1.0673011541366577","1.3268427848815918","547.7693471492987","0.09695290858725762","98.15811965811966","74.67772958082368","REAL"
"2026-09-29T10:34:22.387341","15","2026-09-29T10:34:30.661263","1","0.9928528666496277","0.9918758273124695","1.1665306091308594","-1.090069055557251","1.1290078163146973","516.5157423784348","0.09695290858725762","98.20710059171597","74.5565380042592","REAL"
"2026-09-29T10:34:22.387341","16","2026-09-29T10:34:30.773057","1","0.9840072393417358","0.9867727756500244","1.939300775527954","-1.1342791318893433","1.1104625463485718","463.14257066666664","0.09564444444444445","100.5176008202324","74.27554091798672","REAL"
"2026-09-29T10:34:22.387341","17","2026-09-29T10:34:30.918292","1","0.5394124984741211","0.44997191429138184","1.4273439645767212","-0.4717407822608948","1.2220181226730347","449.08812916819846","0.0889335281227173","98.96497777777778","72.65451653850538","REAL"
"2026-09-29T10:34:22.387341","18","2026-09-29T10:34:31.049973","1","0.9956856369972229","0.9925832152366638","1.36431884765625","-0.6181104779243469","1.1443054676055908","503.3698574097804","0.09400969529085873","96.14119000657462","72.87175169816875","REAL"
"2026-09-29T10:34:22.387341","19","2026-09-29T10:34:31.188689","1","0.9956856369972229","0.994285523891449","1.1075164079666138","-0.31265926361083984","1.0138336420059204","500.52835903149725","0.09903047091412742","92.73570019723866","71.51902020307753","REAL"
"2026-09-29T10:34:22.387341","20","2026-09-29T10:34:31.292790","1","0.9952254295349121","0.9900364875793457","-0.07519865781068802","-0.4155550003051758","1.2063138484954834","470.9820668771725","0.09851108033240998","92.04372123602893","70.83991310680364","REAL"
"2026-09-29T10:34:22.387341","21","2026-09-29T10:34:31.414719","1","0.9961413145065308","0.9896559715270996","0.8628053069114685","-0.40010136365890503","1.160209059715271","476.99749461372727","0.09947368421052631","90.0824898785425","70.18203949554773","REAL"
"2026-09-29T10:34:22.387341","22","2026-09-29T10:34:31.538880","1","0.9947605133056641","0.9907847046852112","0.8306434750556946","-0.9985828995704651","1.431272268295288","451.7540622960911","0.09491228070175439","90.7609649122807","70.20864447959907","REAL"
"2026-09-29T10:34:22.387341","23","2026-09-29T10:34:31.646436","1","0.9287917613983154","0.23023617267608643","2.4556093215942383","-2.572723627090454","0.9088714122772217","313.9745461228336","0.07382039573820395","84.57797662527392","67.1491037715549","REAL"
"2026-09-29T10:34:22.387341","24","2026-09-29T10:34:31.786758","1","0.6402992010116577","0.0208626389503479","2.884369373321533","-8.466663360595703","0.07928162068128586","219.96807978353306","0.05254269093638581","73.45763330898465","64.2910559706195","REAL"
"2026-09-29T10:34:22.387341","25","2026-09-29T10:34:31.899738","1","0.9856016635894775","0.9932752251625061","4.4314727783203125","-19.567657470703125","-1.9143847227096558","118.71545144415157","0.037815936716187534","55.05664568678267","52.479792247131485","REAL"
"2026-09-29T10:34:22.387341","26","2026-09-29T10:34:32.001520","1","0.5700273513793945","0.0026093721389770508","5.990417003631592","-27.00033950805664","-2.3477067947387695","40.00320058605387","0.017339771729587356","45.97805383022774","45.138071304593325","REAL"
"2026-09-29T10:34:22.387341","27","2026-09-29T10:34:32.102375","1","0.9511713981628418","0.7209669351577759","4.378218650817871","-40.8665771484375","-3.4356911182403564","29.73154053137953","0.018091361374943465","38.97826086956522","39.42656360706625","REAL"
"2026-09-29T10:34:22.387341","28","2026-09-29T10:34:32.229180","1","0.9850823879241943","0.47919273376464844","6.934176445007324","-46.6459846496582","-3.57436466217041","57.20455307514486","0.02019315188762072","38.31449275362319","38.4993272117474","REAL"
"2026-09-29T10:34:22.387341","29","2026-09-29T10:34:32.338271","1","0.9942908883094788","0.8695240020751953","6.235790729522705","-46.74528884887695","-3.1175718307495117","58.5506480756083","0.019380708398306974","38.490622335890876","38.68293797535985","REAL"
"2026-09-29T10:34:22.387341","30","2026-09-29T10:34:32.466894","1","0.9923635125160217","0.7058058977127075","6.383277416229248","-48.34840774536133","-2.374732494354248","73.00831367101897","0.020412642669007903","38.58488612836439","38.334251577859874","REAL"
"2026-09-29T10:34:22.387341","31","2026-09-29T10:34:32.577050","1","0.9868497848510742","0.6884933710098267","6.808155536651611","-53.014339447021484","-2.3414554595947266","68.08354380189378","0.019254658385093167","38.4010172143975","38.084392519533026","REAL"
"2026-09-29T10:34:22.387341","32","2026-09-29T10:34:32.696251","1","0.9903543591499329","0.77680504322052","6.060877799987793","-50.54225540161133","-1.993043303489685","64.69555097875885","0.019183673469387756","37.44309413580247","37.670065021972775","REAL"
"2026-09-29T10:34:22.387341","33","2026-09-29T10:34:32.825611","1","0.9947605133056641","0.9065451622009277","5.9556403160095215","-51.421512603759766","-1.5376049280166626","65.45252262254749","0.02073820395738204","37.02647167715661","37.58780714456113","REAL"
"2026-09-29T10:34:22.387341","34","2026-09-29T10:34:32.946079","1","0.9913694858551025","0.8227906227111816","5.577774524688721","-48.5489616394043","-1.807377815246582","52.724926072469806","0.015714285714285715","36.164351851851855","36.9114983951808","REAL"
"2026-09-29T10:34:22.387341","35","2026-09-29T10:34:33.047043","1","0.9903543591499329","0.6911184787750244","5.528050422668457","-48.50379180908203","-1.85368013381958","54.03867867555185","0.01653061224489796","36.11921296296296","36.97600554143627","REAL"
"2026-09-29T10:34:22.387341","36","2026-09-29T10:34:33.189647","1","0.9970390796661377","0.7962261438369751","5.433419704437256","-48.431941986083984","-1.5970256328582764","50.5166918367347","0.01693877551020408","36.10339506172839","37.460268510364656","REAL"
"2026-09-29T10:34:22.387341","37","2026-09-29T10:34:33.315238","1","0.980856716632843","0.4685542583465576","5.855804443359375","-49.696044921875","-2.270444393157959","49.956755425622866","0.018693551774837218","36.76135687363618","38.43250849538661","REAL"
"2026-09-29T10:34:22.387341","38","2026-09-29T10:34:33.423651","1","0.9828804135322571","0.7058058977127075","5.618353366851807","-49.44627380371094","-2.1189205646514893","54.73744323096886","0.017517301038062285","35.99151138716356","37.752398774695884","REAL"
"2026-09-29T10:34:22.387341","39","2026-09-29T10:34:33.547623","1","0.9956856369972229","0.6911184787750244","4.893568992614746","-49.702423095703125","-1.807192325592041","53.7655067635535","0.018656716417910446","35.73550420168067","37.51427179342762","REAL"
"2026-09-29T10:34:22.387341","40","2026-09-29T10:34:33.655509","1","0.9938164353370667","0.8672940731048584","5.520875453948975","-47.26606750488281","-2.197260618209839","57.21208438596281","0.018598615916955018","35.90144927536232","37.778084420678006","REAL"
"2026-09-29T10:34:22.387341","41","2026-09-29T10:34:33.761582","1","0.9961413145065308","0.9021314382553101","5.187163829803467","-48.550350189208984","-2.361013174057007","60.95596410324893","0.019953791220331862","37.36897440983932","39.59384079929318","REAL"
"2026-09-29T10:34:22.387341","42","2026-09-29T10:34:33.870812","1","0.7634485363960266","0.006523013114929199","4.983008861541748","-43.28363800048828","-2.7152302265167236","26.50345490972839","0.014003673094582185","39.9969723183391","41.48480137542427","REAL"
"2026-09-29T10:34:22.387341","43","2026-09-29T10:34:34.033947","1","0.972050666809082","0.9457477331161499","6.120672225952148","-28.712007522583008","-0.8828144669532776","53.93743287824389","0.026984126984126985","51.73287671232877","48.736928854722464","REAL"
"2026-09-29T10:34:22.387341","44","2026-09-29T10:34:34.152680","1","0.9868497848510742","0.994285523891449","4.224204063415527","-10.37009334564209","2.7326860427856445","325.75735475530934","0.0812280701754386","78.50404858299595","59.70825367701047","REAL"
"2026-09-29T10:34:22.387341","45","2026-09-29T10:34:34.272243","1","0.9903543591499329","0.9884875416755676","4.281642913818359","-2.914674997329712","3.7547647953033447","426.63692452095876","0.0898838004101162","92.36562804284323","63.99236611606625","REAL"
"2026-09-29T10:34:22.387341","46","2026-09-29T10:34:34.383405","1","0.986605703830719","0.9907847046852112","4.394556999206543","-1.2380516529083252","3.279071569442749","491.96641157177567","0.09693959301394008","91.35734375","64.94953540399145","REAL"
"2026-09-29T10:34:22.387341","47","2026-09-29T10:34:34.484743","1","0.9863588809967041","0.9939523935317993","2.9694509506225586","-1.580100417137146","2.9402120113372803","463.3090441235379","0.08813291139240506","89.18611111111112","64.84209398822479","REAL"
"2026-09-29T10:34:22.387341","48","2026-09-29T10:34:34.603469","1","0.0","0.0026093721389770508","2.6011524200439453","-2.4820556640625","2.617265462875366","335.75677066148205","0.06907894736842106","81.51183431952663","60.61853020701732","REAL"
"2026-09-29T10:34:22.387341","49","2026-09-29T10:34:34.721646","1","0.9871754050254822","0.9880889058113098","2.24775767326355","-2.461010217666626","2.261706590652466","382.1301804055085","0.07659434582511505","79.78432943438551","60.961002487606564","REAL"
"2026-09-29T10:34:22.387341","50","2026-09-29T10:34:34.851012","1","0.9858568906784058","0.9958990216255188","2.252195119857788","-3.0506656169891357","2.112908363342285","390.06683661916236","0.07710011507479862","81.96044303797468","63.18327784947309","REAL"
"2026-09-29T10:34:22.387341","51","2026-09-29T10:34:34.952267","1","0.9903543591499329","0.9955831170082092","2.5236003398895264","-2.9428369998931885","2.0247366428375244","417.3847479249577","0.08225108225108226","82.93206216952412","63.362960761034536","REAL"
"2026-09-29T10:34:22.387341","52","2026-09-29T10:34:35.055707","1","0.9887905716896057","0.9965211153030396","2.423459529876709","-2.8180034160614014","2.138469696044922","440.6255691527919","0.08391608391608392","84.4973561929178","63.938434534572416","REAL"
"2026-09-29T10:34:22.387341","53","2026-09-29T10:34:35.167454","1","0.9928528666496277","0.9946150779724121","2.442634344100952","-3.247872829437256","1.9703062772750854","462.52622355265447","0.08972921006248999","90.81734375","66.46134388081792","REAL"
"2026-09-29T10:34:22.387341","54","2026-09-29T10:34:35.281564","1","0.9877196550369263","0.9922314882278442","3.49092435836792","-3.533421277999878","1.9139378070831299","487.19357493340004","0.09319526627218935","95.94664316615926","68.06188362035468","REAL"
"2026-09-29T10:34:22.387341","55","2026-09-29T10:34:35.397108","1","0.9903543591499329","0.9922314882278442","3.250157594680786","-4.013208389282227","1.4632915258407593","455.41706044593735","0.0907202216066482","97.76019066403681","68.29835194256269","REAL"
"2026-09-29T10:34:22.387341","56","2026-09-29T10:34:35.535353","1","0.9497048854827881","0.8695240020751953","4.05429220199585","-5.764308929443359","1.066598653793335","447.2809121023761","0.08760387811634349","96.32807363576595","68.4434783211044","REAL"
"2026-09-29T10:34:22.387341","57","2026-09-29T10:34:35.651443","1","0.5211077928543091","0.012393414974212646","3.5014655590057373","-3.8777880668640137","1.4242582321166992","267.0156188222357","0.07633308984660336","101.75217777777777","68.90330040258155","REAL"
"2026-09-29T10:34:22.387341","58","2026-09-29T10:34:35.759719","1","0.012776970863342285","0.000652611255645752","2.31447696685791","8.798163414001465","3.1077027320861816","222.7757654170846","0.06852358168147642","110.86173320350535","67.66605933044636","REAL"
"2026-09-29T10:34:22.387341","59","2026-09-29T10:34:35.869880","1","0.08367270231246948","0.7058058977127075","3.7138311862945557","28.18779754638672","4.502371311187744","327.1683860859158","0.06428571428571428","103.67941400304414","62.167650310804746","REAL"
"2026-09-29T10:34:22.387341","60","2026-09-29T10:34:35.987610","1","0.2554110884666443","0.8573482036590576","2.383915662765503","48.16310501098633","4.977341175079346","284.71625539961207","0.07412587412587412","87.24559023066486","64.51655671051059","REAL"
"2026-09-29T10:34:22.387341","61","2026-09-29T10:34:36.094432","1","0.9511713981628418","0.08612668514251709","2.4791178703308105","75.29197692871094","4.6522216796875","199.4715307146824","0.06229575163398693","90.84335914234663","74.86377995406049","REAL"
"2026-09-29T10:34:22.387341","62","2026-09-29T10:34:36.926860","1","0.029205143451690674","0.0208626389503479","2.535365343093872","84.2718276977539","4.0048723220825195","393.91941618810773","0.04982148653034729","104.35379746835443","79.13901895413079","REAL"
"2026-09-29T10:34:22.387341","63","2026-09-29T10:34:37.027201","1","0.012776970863342285","0.021787047386169434","4.6067705154418945","82.14484405517578","3.533407688140869","415.2179838629231","0.05193905817174515","98.47928994082841","76.77901723087037","REAL"
"2026-09-29T10:34:22.387341","64","2026-09-29T10:34:37.131663","1","0.05803883075714111","0.022711515426635742","2.3957271575927734","83.57858276367188","3.9172780513763428","417.7050737777778","0.05368888888888889","98.92908407382092","76.41232044174758","REAL"
"2026-09-29T10:34:22.387341","65","2026-09-29T10:34:37.252187","1","0.04767268896102905","0.025947093963623047","2.7835707664489746","81.98910522460938","3.6554324626922607","369.4509945945946","0.05387387387387387","104.1225974025974","77.15788187936889","REAL"
"2026-09-29T10:34:22.387341","66","2026-09-29T10:34:37.386100","1","0.03194314241409302","0.047746360301971436","5.2572245597839355","83.2564926147461","3.948211431503296","362.84141672400494","0.05878995433789954","104.11347649018882","76.96801799415664","REAL"
"2026-09-29T10:34:22.387341","67","2026-09-29T10:34:37.491087","1","0.004562854766845703","0.08343684673309326","1.550872564315796","68.87583923339844","3.6247427463531494","259.8799494741371","0.05711849957374254","109.99356136820926","74.53844806698191","REAL"
"2026-09-29T10:34:22.387341","68","2026-09-29T10:34:37.724077","1","0.9445556402206421","0.8723113536834717","5.526614189147949","19.611631393432617","-0.776610255241394","507.4337790846928","0.09367779878176853","130.08490378893077","68.73366089397959","REAL"
"2026-09-29T10:34:22.387341","69","2026-09-29T10:34:37.853033","1","0.9903543591499329","0.9900364875793457","3.443463087081909","3.726979970932007","-0.33679527044296265","383.0899784691358","0.0912","115.66975881261595","72.34209386010292","REAL"
"2026-09-29T10:34:22.387341","70","2026-09-29T10:34:37.972684","1","0.9887905716896057","0.9962117075920105","3.5703773498535156","0.4733444154262543","-0.14843079447746277","426.88247046595524","0.08829639889196676","109.21071663379355","71.63333000771357","REAL"
"2026-09-29T10:34:22.387341","71","2026-09-29T10:34:38.124901","1","0.9882580041885376","0.9971305727958679","1.3033344745635986","-1.4843863248825073","-0.06220942735671997","438.34068869165026","0.08530571992110454","102.75340490306041","70.4021495741461","REAL"
"2026-09-29T10:34:22.387341","72","2026-09-29T10:34:38.268091","1","0.0","0.000652611255645752","2.2801079750061035","-1.3504140377044678","0.1349734663963318","403.0757135265997","0.07046398891966758","102.11522024983563","69.63251693447059","REAL"
"2026-09-29T10:34:22.387341","73","2026-09-29T10:34:38.380929","1","0.980856716632843","0.9861172437667847","1.9599956274032593","-0.6875610947608948","0.05922769755125046","432.70268498250266","0.08045201551695058","103.79170004806922","70.01793577309382","REAL"
"2026-09-29T10:34:22.387341","74","2026-09-29T10:34:38.482303","1","0.9856016635894775","0.9713870286941528","1.577491044998169","-0.5290735363960266","0.09533415734767914","461.00665817219055","0.08213864058019903","104.18330395769908","70.3172934588433","REAL"
"2026-09-29T10:34:22.387341","75","2026-09-29T10:34:38.589998","1","0.986605703830719","0.9911525249481201","3.1570396423339844","-0.19975541532039642","-0.12055138498544693","452.3937081022533","0.09245152354570638","105.04388560157791","70.14493692789291","REAL"
"2026-09-29T10:34:22.387341","76","2026-09-29T10:34:38.713110","1","0.001824796199798584","0.000652611255645752","4.113560676574707","-0.3338194787502289","0.11383985728025436","418.458127401522","0.08067867036011081","104.82856673241288","70.09264578597218","REAL"
"2026-09-29T10:34:22.387341","77","2026-09-29T10:34:38.822498","1","0.9903543591499329","0.9922314882278442","5.538991928100586","0.5352340936660767","0.3593880832195282","457.00541300182323","0.09120415449529373","102.92310126582278","71.46376065240817","REAL"
"2026-09-29T10:34:22.387341","78","2026-09-29T10:34:38.951189","1","0.9952254295349121","0.9911525249481201","6.234577655792236","-0.05047482252120972","0.2651015818119049","520.7184070231023","0.09290709290709291","102.99839769267746","72.96433334658059","REAL"
"2026-09-29T10:34:22.387341","79","2026-09-29T10:34:39.070083","1","0.9970390796661377","0.9922314882278442","8.012639999389648","0.6102504134178162","0.8869978785514832","495.09565733680296","0.0902118334550767","102.38382222222222","74.48749971528822","REAL"
"2026-09-29T10:34:22.387341","80","2026-09-29T10:34:39.187203","1","0.9987824559211731","0.9918758273124695","12.025236129760742","0.8111594319343567","1.0578416585922241","438.75186142960104","0.08464608275572359","102.07300138861336","75.42580986761413","REAL"
"2026-09-29T10:34:22.387341","81","2026-09-29T10:34:39.301981","1","0.9961413145065308","0.9958990216255188","17.892587661743164","-0.17310287058353424","0.9930691123008728","413.45582936171706","0.08","99.2259158751696","74.62061637725321","REAL"
"2026-09-29T10:34:22.387341","82","2026-09-29T10:34:39.433092","1","0.9961413145065308","0.9965211153030396","17.96548843383789","-0.5792303681373596","0.9658581018447876","520.9207575799737","0.07644628099173553","101.43437225636524","75.332932938957","REAL"
"2026-09-29T10:34:22.387341","83","2026-09-29T10:34:39.542694","1","0.9918690919876099","0.9962117075920105","16.50650405883789","-1.93816339969635","0.1932745724916458","374.52298003669375","0.07329026509244821","101.46754883427852","75.26300763643742","REAL"
"2026-09-29T10:34:22.387341","84","2026-09-29T10:34:39.666017","1","0.9974813461303711","0.9968274235725403","16.461517333984375","-2.2553131580352783","0.11911815404891968","559.9943415709073","0.08001730103806229","96.61489795918368","73.40647014864196","REAL"
"2026-09-29T10:34:22.387341","85","2026-09-29T10:34:39.802977","1","0.9974813461303711","0.9968274235725403","16.175920486450195","-1.42838716506958","0.0935177281498909","431.63686308071897","0.07596346625083537","94.32241125813904","71.52286256509974","REAL"
"2026-09-29T10:34:22.387341","86","2026-09-29T10:34:39.941397","1","0.9983530044555664","0.9971305727958679","15.445802688598633","-2.0497524738311768","-0.04969320446252823","433.9920465963159","0.07284473156605034","90.32514177693761","68.82659000571363","REAL"
"2026-09-29T10:34:22.387341","87","2026-09-29T10:34:40.069488","1","0.9979193210601807","0.9382040500640869","14.701855659484863","-1.3384006023406982","0.17701329290866852","425.8721997592671","0.07504325259515571","90.98734693877552","68.54379683675248","REAL"
"2026-09-29T10:34:22.387341","88","2026-09-29T10:34:40.185584","1","0.9983530044555664","0.936539888381958","14.134498596191406","-0.8866957426071167","0.9934412837028503","443.6029063417449","0.07687460617517328","90.9617139456457","68.2637736377787","REAL"
"2026-09-29T10:34:22.387341","89","2026-09-29T10:34:40.310889","1","0.9987824559211731","0.9918758273124695","12.895063400268555","-1.5217148065567017","0.5965527892112732","441.33391132861306","0.07510204081632653","90.2746913580247","67.50077280008313","REAL"
"2026-09-29T10:34:22.387341","90","2026-09-29T10:34:40.437263","1","0.9923635125160217","0.937804639339447","11.671792030334473","-2.8750059604644775","0.26153042912483215","395.54904599324385","0.06887902759019873","89.46279155868197","66.86944435341626","REAL"
"2026-09-29T10:34:22.387341","91","2026-09-29T10:34:40.557700","1","0.9947605133056641","0.9932752251625061","10.313145637512207","-2.811347007751465","0.21199192106723785","343.9027595604409","0.07052943354313217","87.88335704125178","65.53765691630102","REAL"
"2026-09-29T10:34:22.387341","92","2026-09-29T10:34:40.687641","1","0.05803883075714111","0.02363598346710205","11.317066192626953","-1.8499724864959717","0.5596683621406555","326.7207506172839","0.06844444444444445","87.47056839264631","63.523099725340494","REAL"
"2026-09-29T10:34:22.387341","93","2026-09-29T10:34:40.796212","1","0.9498605728149414","0.9376009702682495","7.635114669799805","-1.318713665008545","0.9424604177474976","349.9911791227975","0.0631035631035631","88.32590930940555","62.668114678954744","REAL"
"2026-09-29T10:34:22.387341","94","2026-09-29T10:34:40.920062","1","0.9942908883094788","0.997727632522583","3.588980197906494","-1.2737171649932861","1.6731561422348022","372.09920192871095","0.075625","88.9683830171635","63.9774752410287","REAL"
"2026-09-29T10:34:22.387341","95","2026-09-29T10:34:41.047666","1","0.9942908883094788","0.9962117075920105","5.074192047119141","-0.40514618158340454","1.3716460466384888","380.6895051077177","0.07544581618655692","92.05632167223109","65.65770308230634","REAL"
"2026-09-29T10:34:22.387341","96","2026-09-29T10:34:41.205362","1","0.9913694858551025","0.9965211153030396","4.013854503631592","-0.2579820454120636","0.9875199198722839","433.6062483365458","0.07879896357262613","94.61663521556103","66.8649326921281","REAL"
"2026-09-29T10:34:22.387341","97","2026-09-29T10:34:41.309662","1","0.9903543591499329","0.9958990216255188","4.547853946685791","-0.5221033096313477","0.9354844689369202","464.2984581798925","0.08352385307117817","97.14922339962258","67.69668912466655","REAL"
"2026-09-29T10:34:22.387341","98","2026-09-29T10:34:41.429501","1","0.9898386597633362","0.9965211153030396","3.893869638442993","-0.37020179629325867","0.7695301175117493","439.276341535979","0.08306660570035056","96.40905791842067","68.10463382841142","REAL"
"2026-09-29T10:34:22.387341","99","2026-09-29T10:34:41.564996","1","0.9913694858551025","0.9971305727958679","3.9632320404052734","-0.457516074180603","0.9170161485671997","445.10907633649595","0.08287037037037037","96.01993157816452","68.07559094111872","REAL"
"2026-09-29T10:34:22.387341","100","2026-09-29T10:34:41.681644","1","0.9868497848510742","0.9962117075920105","3.378410816192627","-0.8263521194458008","0.7131496667861938","412.174545187774","0.08199969516841944","96.00522572216578","68.27078407471187","REAL"
"2026-09-29T10:34:22.387341","101","2026-09-29T10:34:41.803221","1","0.9898386597633362","0.9952638149261475","3.5392985343933105","-0.48016321659088135","0.5031189918518066","439.3754997970693","0.08062795305593659","95.0271447234722","68.41232263429171","REAL"
"2026-09-29T10:34:22.387341","102","2026-09-29T10:34:41.938301","1","0.010038912296295166","0.0026093721389770508","2.718904972076416","-0.5164633393287659","0.39440852403640747","328.8455921914637","0.06016768042084498","97.9360759493671","67.7768188950952","REAL"
"2026-09-29T10:34:22.387341","103","2026-09-29T10:34:42.045536","1","0.004562854766845703","0.010436594486236572","-2.508201837539673","-0.7174807190895081","1.2432074546813965","279.08362573099413","0.0356140350877193","93.29082321187585","66.12840051281333","REAL"
"2026-09-29T10:34:22.387341","104","2026-09-29T10:34:42.182122","1","0.015514969825744629","0.0026093721389770508","-5.428267478942871","-0.30964040756225586","1.162968397140503","304.8326482603816","0.0301010101010101","87.61629256965944","65.2294890662199","REAL"
"2026-09-29T10:34:22.387341","105","2026-09-29T10:34:42.313465","1","0.012776970863342285","0.012393414974212646","-9.09647274017334","-0.2181904911994934","1.6187437772750854","349.91170012718237","0.03118279569892473","88.61162646876933","67.70166025993447","REAL"
"2026-09-29T10:34:22.387341","106","2026-09-29T10:34:42.453853","1","0.020991027355194092","0.006523013114929199","-11.946650505065918","0.9064880609512329","0.4798583686351776","386.91038441009385","0.03218390804597701","92.81948051948052","68.33860096910179","REAL"
"2026-09-29T10:34:22.387341","107","2026-09-29T10:34:42.564885","1","0.012776970863342285","0.010436594486236572","-12.183597564697266","0.5529725551605225","0.4218648672103882","397.13823488936765","0.03929824561403509","96.56695029108822","68.04547635358333","REAL"
"2026-09-29T10:34:22.387341","108","2026-09-29T10:34:42.682461","1","0.001824796199798584","0.006523013114929199","-12.0712308883667","-1.000544548034668","1.028071403503418","389.14329675485067","0.04524469067405355","103.6058235549761","69.33764512665431","REAL"
"2026-09-29T10:34:22.387341","109","2026-09-29T10:34:42.808752","1","0.004562854766845703","0.0026093721389770508","-13.33521556854248","-0.08601175993680954","0.47706449031829834","429.810449880594","0.05055401662049862","108.26466753585397","70.07301964624294","REAL"
"2026-09-29T10:34:22.387341","110","2026-09-29T10:34:42.952225","1","0.004562854766845703","0.004566192626953125","-12.906888961791992","0.49350056052207947","-0.027111897245049477","415.50661394395934","0.05263157894736842","113.10235042735043","69.2568796517059","REAL"
"2026-09-29T10:34:22.387341","111","2026-09-29T10:34:43.105350","1","0.0","0.004566192626953125","-13.347450256347656","0.3149991035461426","0.8292878866195679","368.0323202887698","0.054861730597680645","115.28995726495727","69.29744745609175","REAL"
"2026-09-29T10:34:22.387341","112","2026-09-29T10:34:43.249561","1","0.9928528666496277","0.9946150779724121","-11.493620872497559","0.2652265131473541","0.7880611419677734","314.63419875393333","0.0427314620863008","121.43680932288527","69.07669788127718","REAL"
"2026-09-29T10:34:22.387341","113","2026-09-29T10:34:43.355984","1","0.9933371543884277","0.9974306225776672","-6.088024616241455","-0.82854825258255","0.9405617117881775","301.0350565238249","0.05557677616501146","128.4236889692586","68.98071158548576","REAL"
"2026-09-29T10:34:22.387341","114","2026-09-29T10:34:43.498634","1","0.9918690919876099","0.9955831170082092","0.6451817750930786","-0.5112367272377014","0.2905304431915283","330.28199859806887","0.07919945261717413","131.45516666666666","72.27862747709187","REAL"
"2026-09-29T10:34:22.387341","115","2026-09-29T10:34:43.605896","1","0.9947605133056641","0.9907847046852112","1.9802526235580444","-1.389972448348999","0.5668053030967712","395.43543500424545","0.09310459693537641","131.81298076923076","74.37402525601047","REAL"
"2026-09-29T10:34:22.387341","116","2026-09-29T10:34:43.742478","1","0.0","0.006523013114929199","2.793792247772217","-1.1550216674804688","0.43543875217437744","428.4237446425259","0.09040959040959042","129.369011376382","75.59252792630213","REAL"
"2026-09-29T10:34:22.387341","117","2026-09-29T10:34:43.851536","1","0.001824796199798584","0.010436594486236572","3.6304168701171875","-0.1892402172088623","-0.05493766441941261","422.4753332097934","0.08811441722834128","121.34319620253164","75.22627113093738","REAL"
"2026-09-29T10:34:22.387341","118","2026-09-29T10:34:43.982684","1","0.9858568906784058","0.9834141135215759","1.9564520120620728","-0.38388723134994507","0.1721528023481369","493.263094090948","0.09477015323117921","112.76538461538462","74.50301633357395","REAL"
"2026-09-29T10:34:22.387341","119","2026-09-29T10:34:44.094081","1","0.9871754050254822","0.9911525249481201","1.518078327178955","-0.5787708759307861","0.1625256985425949","506.76067775824333","0.09560293137908062","107.56666666666666","74.0822960038131","REAL"
"2026-09-29T10:34:22.387341","120","2026-09-29T10:34:44.258642","1","0.9913694858551025","0.9896559715270996","1.3012876510620117","0.15527981519699097","0.17553873360157013","500.9222388014082","0.09649843827059017","103.85506329113925","73.6420151707822","REAL"
"2026-09-29T10:34:22.387341","121","2026-09-29T10:34:44.389641","1","0.9898386597633362","0.9939523935317993","2.0110104084014893","-0.6054264903068542","0.4193360507488251","480.5272782834983","0.09210526315789473","101.96346153846154","72.39731639605907","REAL"
"2026-09-29T10:34:22.387341","122","2026-09-29T10:34:44.502700","1","0.0","0.000652611255645752","3.4928207397460938","-0.7130035161972046","0.32164397835731506","372.82861827356237","0.07151076771329935","100.0629746835443","71.5158552572545","REAL"
"2026-09-29T10:34:22.387341","123","2026-09-29T10:34:44.631848","1","0.7466771602630615","0.7252373695373535","2.8899190425872803","-0.2526894807815552","0.964249849319458","375.12943146707863","0.07709176788124157","100.09250243427459","70.67605247635476","REAL"
"2026-09-29T10:34:22.387341","124","2026-09-29T10:34:44.733070","1","0.9877196550369263","0.994285523891449","2.8939900398254395","-0.1610850989818573","5.644013404846191","424.25000371678397","0.0836218836565097","103.0379684418146","71.04962132122778","REAL"
"2026-09-29T10:34:22.387341","125","2026-09-29T10:34:44.859261","1","0.9938164353370667","0.9918758273124695","2.909083604812622","1.2482260465621948","12.877201080322266","440.14776755438834","0.08710737764791819","110.28355555555555","70.47788460552101","REAL"
"2026-09-29T10:34:22.387341","126","2026-09-29T10:34:44.986691","1","0.14638656377792358","0.26193898916244507","6.030089855194092","0.4938770532608032","18.642013549804688","265.6476822439506","0.07395555555555555","113.04853041695146","75.37043199671493","REAL"
"2026-09-29T10:34:22.387341","127","2026-09-29T10:34:45.091043","1","0.19043755531311035","0.022249281406402588","6.544734954833984","-2.314723014831543","23.2946834564209","483.85896360597104","0.07600415512465374","108.67216117216117","77.93500101478682","REAL"
"2026-09-29T10:34:22.387341","128","2026-09-29T10:34:45.227596","1","0.059361934661865234","0.022249281406402588","6.093906879425049","-2.8530468940734863","26.15028953552246","393.11654475223145","0.07385964912280701","105.12870462870463","78.82111910144346","REAL"
"2026-09-29T10:34:22.387341","129","2026-09-29T10:34:45.346790","1","0.504286527633667","0.019214868545532227","4.842696666717529","-3.7708489894866943","26.0217227935791","366.93182235750004","0.0645933014354067","99.92651652145324","77.67349705113959","REAL"
"2026-09-29T10:34:22.387341","130","2026-09-29T10:34:45.475310","1","0.11876147985458374","0.02363598346710205","5.5734124183654785","-3.583219289779663","25.432634353637695","424.56339046515905","0.07000674763832658","102.56523855890944","76.91316469431143","REAL"
"2026-09-29T10:34:22.387341","131","2026-09-29T10:34:45.582431","1","0.8264715671539307","0.0208626389503479","4.283966541290283","-2.8639719486236572","24.211328506469727","425.0650080437159","0.07128580946035976","102.75373376623376","76.94193439553311","REAL"
"2026-09-29T10:34:22.387341","132","2026-09-29T10:34:45.709833","1","0.8186739683151245","0.019214868545532227","4.530463695526123","-1.763378381729126","23.4750919342041","474.45259555982835","0.07341772151898734","103.97711038961039","76.63795998805467","REAL"
"2026-09-29T10:34:22.387341","133","2026-09-29T10:34:45.821805","1","0.7550646662712097","0.010436594486236572","3.612206220626831","-2.904024124145508","23.15329360961914","467.26043430361943","0.07358649789029535","105.5362012987013","77.02079531039129","REAL"
"2026-09-29T10:34:22.387341","134","2026-09-29T10:34:45.950830","1","0.23656463623046875","0.012393414974212646","4.170932769775391","-2.4797563552856445","23.335163116455078","445.5506141586267","0.07061958694203864","105.14301948051948","76.51873656450552","REAL"
"2026-09-29T10:34:22.387341","135","2026-09-29T10:34:46.076372","1","0.7550646662712097","0.012393414974212646","3.35125732421875","-2.7380259037017822","22.98866081237793","485.6777207378071","0.06862091938707528","105.82467532467533","77.10483528868073","REAL"
"2026-09-29T10:34:22.387341","136","2026-09-29T10:34:46.183328","1","0.6402992010116577","0.021324872970581055","3.6294407844543457","-1.811800479888916","21.761150360107422","463.99535071658744","0.07358649789029535","108.85970394736842","76.953885849129","REAL"
"2026-09-29T10:34:22.387341","137","2026-09-29T10:34:46.317081","1","0.012776970863342285","0.008479773998260498","3.495936155319214","-1.355262041091919","17.01337432861328","406.4299790313009","0.07061958694203864","109.22644230769231","76.45440345208783","REAL"
"2026-09-29T10:34:22.387341","138","2026-09-29T10:34:46.432170","1","0.004562854766845703","0.0026093721389770508","3.7689483165740967","-1.7329745292663574","9.075153350830078","273.2164436178679","0.07311792138574284","106.33847402597402","73.50171974493938","REAL"
"2026-09-29T10:34:22.387341","139","2026-09-29T10:34:46.556915","1","0.026467084884643555","0.010436594486236572","3.6685597896575928","-0.8226324915885925","0.7215785384178162","266.15546701869806","0.07171052631578947","105.06251978474201","70.09099171850188","REAL"
"2026-09-29T10:34:22.387341","140","2026-09-29T10:34:46.670792","1","0.044218361377716064","0.0208626389503479","3.7092039585113525","-0.29836395382881165","-4.187632083892822","318.73979873614957","0.08174342105263158","103.27065527065527","67.72732134743623","REAL"
"2026-09-29T10:34:22.387341","141","2026-09-29T10:34:46.799306","1","0.02372908592224121","0.02456045150756836","3.095132827758789","-0.7150424718856812","-5.528842449188232","467.2218663434903","0.0856907894736842","103.38784672118005","65.93486614438426","REAL"
"2026-09-29T10:34:22.387341","142","2026-09-29T10:34:46.922810","1","0.026467084884643555","0.021787047386169434","3.215775966644287","-0.7723530530929565","-5.854124069213867","460.64074848403925","0.08911392405063291","105.14237012987013","65.95254362014326","REAL"
"2026-09-29T10:34:22.387341","143","2026-09-29T10:34:47.025132","1","0.018253028392791748","0.010436594486236572","2.407383918762207","-1.0346312522888184","-5.199043273925781","414.56885111716423","0.0830379746835443","104.56513157894737","65.85903782428484","REAL"
"2026-09-29T10:34:22.387341","144","2026-09-29T10:34:47.172450","1","0.02372908592224121","0.010436594486236572","2.7379536628723145","-1.1741869449615479","-5.507126331329346","406.74249081165766","0.08050632911392405","105.50503246753247","66.29255781328337","REAL"
"2026-09-29T10:34:22.387341","145","2026-09-29T10:34:47.275017","1","0.015514969825744629","0.006523013114929199","1.9934357404708862","-1.2213706970214844","-7.425453186035156","360.36010997222223","0.07516666666666667","106.37966971300304","66.93487048365297","REAL"
"2026-09-29T10:34:22.387341","146","2026-09-29T10:34:47.403370","1","0.001824796199798584","0.004566192626953125","0.7838935852050781","-1.937835931777954","-12.303120613098145","398.59436850025565","0.08017094017094017","108.85204668748973","65.87742222868735","REAL"
"2026-09-29T10:34:22.387341","147","2026-09-29T10:34:47.519432","1","0.012776970863342285","0.021324872970581055","-0.30065324902534485","-1.0003321170806885","-19.472135543823242","448.48656266666666","0.08333333333333333","111.40465631929047","65.74533216731315","REAL"
"2026-09-29T10:34:22.387341","148","2026-09-29T10:34:47.641094","1","0.1954095959663391","0.3513319492340088","-0.07600600272417068","-1.0007274150848389","-25.775686264038086","604.3834799263897","0.09073359073359073","111.804388185654","64.68997572767192","REAL"
"2026-09-29T10:34:22.387341","149","2026-09-29T10:34:47.763564","1","0.5394124984741211","0.3133024573326111","-0.3003392219543457","-1.749814748764038","-27.962770462036133","699.7924136922908","0.09108459108459109","113.28270042194093","65.85534009378479","REAL"
"2026-09-29T10:34:22.387341","150","2026-09-29T10:34:47.878435","1","0.5735950469970703","0.8573482036590576","-0.08335569500923157","-0.7367605566978455","-27.31313133239746","711.9828350426241","0.09395855286266246","114.86666666666666","66.35795103271496","REAL"
"2026-09-29T10:34:22.387341","151","2026-09-29T10:34:47.999737","1","0.2012934684753418","0.8227906227111816","0.19377732276916504","-0.6158081889152527","-26.371273040771484","757.5966850026102","0.0990990990990991","115.13518987341772","65.9690308532345","REAL"
"2026-09-29T10:34:22.387341","152","2026-09-29T10:34:48.140742","1","0.21113640069961548","0.6911184787750244","0.2727351188659668","-0.6290238499641418","-26.374177932739258","753.1933565344438","0.09897435897435898","115.8690872751499","66.68269737355938","REAL"
"2026-09-29T10:34:22.387341","153","2026-09-29T10:34:48.244869","1","0.245616614818573","0.7962261438369751","0.2424927055835724","-1.0380632877349854","-26.090656280517578","741.949033530572","0.09675213675213676","116.98034643570952","66.83459462075876","REAL"
"2026-09-29T10:34:22.387341","154","2026-09-29T10:34:48.364601","1","0.12273192405700684","0.6702355742454529","0.5398635268211365","-1.2770864963531494","-25.937421798706055","736.4149895828767","0.09726495726495726","117.55879413724183","66.83694778502966","REAL"
"2026-09-29T10:34:22.387341","155","2026-09-29T10:34:48.483456","1","0.19043755531311035","0.6025388240814209","0.42994391918182373","-0.8643712997436523","-25.99030113220215","690.8111324719576","0.09716045159083134","116.69266666666667","66.42476606072634","REAL"
"2026-09-29T10:34:22.387341","156","2026-09-29T10:34:48.612851","1","0.3822312355041504","0.6806507110595703","0.5965341925621033","-0.885814368724823","-25.737285614013672","695.9712256735385","0.10083160083160084","117.62531645569621","66.2067828341952","REAL"
"2026-09-29T10:34:22.387341","157","2026-09-29T10:34:48.719687","1","0.1954095959663391","0.41945070028305054","0.14918023347854614","-0.5836127400398254","-25.46356964111328","695.7728493937936","0.09755274261603375","117.08470394736842","67.05595093281772","REAL"
"2026-09-29T10:34:22.387341","158","2026-09-29T10:34:48.869660","1","0.6402992010116577","0.29507261514663696","-0.7584229111671448","-1.0187262296676636","-24.65440559387207","567.2892437038224","0.09181434599156119","116.21940789473685","67.56702971799612","REAL"
"2026-09-29T10:34:22.387341","159","2026-09-29T10:34:48.973292","1","0.001824796199798584","0.006523013114929199","-0.4839591979980469","-4.945944309234619","-20.059280395507812","443.6145890519293","0.08484848484848485","111.20036642238507","66.99536109010769","REAL"
"2026-09-29T10:34:22.387341","160","2026-09-29T10:34:49.095827","1","0.03877866268157959","0.021324872970581055","1.2162641286849976","-5.735955238342285","-13.230783462524414","392.10894282901796","0.08755060728744939","107.72266973532797","67.10844340838403","REAL"
"2026-09-29T10:34:22.387341","161","2026-09-29T10:34:49.221014","1","0.029205143451690674","0.019214868545532227","2.7391412258148193","-3.703005313873291","-5.310703277587891","368.88028689290417","0.10093271152564957","112.45625","69.43687649013839","REAL"
"2026-09-29T10:34:22.387341","162","2026-09-29T10:34:49.326733","1","0.004562854766845703","0.006523013114929199","3.579674482345581","-1.4873772859573364","-1.017647624015808","383.313846509611","0.09610259826782146","118.23028846153846","71.81540402786871","REAL"
"2026-09-29T10:34:22.387341","163","2026-09-29T10:34:49.448035","1","0.010038912296295166","0.004566192626953125","2.6268208026885986","-1.0985126495361328","-0.09039711952209473","401.50599030470914","0.0912828947368421","116.22279549718574","72.26529748228194","REAL"
"2026-09-29T10:34:22.387341","164","2026-09-29T10:34:49.565402","1","0.0","0.0026093721389770508","3.8585009574890137","-2.122960090637207","-0.16799242794513702","398.4253582470277","0.09156666118691435","116.46455696202531","72.3707862733049","REAL"
"2026-09-29T10:34:22.387341","165","2026-09-29T10:34:49.699773","1","0.1118159294128418","0.025484859943389893","2.6660478115081787","-1.7762855291366577","-0.590244472026825","417.1869476302918","0.08798701298701299","114.05313330207845","72.98904384306425","REAL"
"2026-09-29T10:34:22.387341","166","2026-09-29T10:34:49.817219","1","0.9868497848510742","0.9952638149261475","1.8823325634002686","-0.8863536715507507","0.0543658621609211","480.8230055395092","0.09788961038961039","114.0823566182216","73.641717860734","REAL"
"2026-09-29T10:34:22.387341","167","2026-09-29T10:34:49.928859","1","0.9913694858551025","0.994285523891449","1.6800456047058105","-1.2903136014938354","0.5633658170700073","483.7170954296105","0.09919871794871794","113.31958118456009","73.93153856870802","REAL"
"2026-09-29T10:34:22.387341","168","2026-09-29T10:34:50.061735","1","0.9903543591499329","0.9952638149261475","1.5395596027374268","-1.4173054695129395","0.9542027115821838","504.3379250120173","0.09651898734177215","111.27913279132791","74.68934204480954","REAL"
"2026-09-29T10:34:22.387341","169","2026-09-29T10:34:50.169461","1","0.9877196550369263","0.9952638149261475","2.0594418048858643","-1.746837854385376","1.6437537670135498","465.30207922419464","0.09503205128205128","112.58117283950617","75.1248500985403","REAL"
"2026-09-29T10:34:22.387341","170","2026-09-29T10:34:50.293646","1","0.9882580041885376","0.9955831170082092","1.6612496376037598","-1.413372278213501","1.7109241485595703","459.6647862672248","0.09651898734177215","111.68343240359701","75.15500163364787","REAL"
"2026-09-29T10:34:22.387341","171","2026-09-29T10:34:50.408759","1","0.0","0.000652611255645752","3.3874456882476807","-2.2418758869171143","1.0197685956954956","410.2980916902942","0.08028846153846154","109.07501172058134","74.51611470611262","REAL"
"2026-09-29T10:34:22.387341","172","2026-09-29T10:34:50.540970","1","0.9903543591499329","0.994285523891449","2.3407654762268066","-1.7206175327301025","0.9387430548667908","450.4949366868812","0.09032661353336459","105.51732857355347","74.55797326606283","REAL"
"2026-09-29T10:34:22.387341","173","2026-09-29T10:34:50.653269","1","0.9928528666496277","0.9968274235725403","2.3048324584960938","-2.2243828773498535","0.6281884908676147","513.4254477447524","0.0944620253164557","102.23757904245709","73.82942275678221","REAL"
"2026-09-29T10:34:22.387341","174","2026-09-29T10:34:50.781945","1","0.9947605133056641","0.9958990216255188","2.360968828201294","-1.883269190788269","0.3834352195262909","489.7640041379141","0.09532739490545397","101.42897515989885","73.10086763487843","REAL"
"2026-09-29T10:34:22.387341","175","2026-09-29T10:34:50.896983","1","0.9947605133056641","0.9955831170082092","2.1426808834075928","-1.7418981790542603","0.16246868669986725","520.7044221428857","0.09936708860759494","101.6992836457857","72.09503170468467","REAL"
"2026-09-29T10:34:22.387341","176","2026-09-29T10:34:51.017189","1","0.9952254295349121","0.9955831170082092","2.232090711593628","-1.4965345859527588","0.362290620803833","379.5213929723455","0.09294871794871795","103.34737654320988","71.86493574776962","REAL"
"2026-09-29T10:34:22.387341","177","2026-09-29T10:34:51.141852","1","0.9928528666496277","0.9958990216255188","2.0035037994384766","-2.3491783142089844","1.146815299987793","424.604164098455","0.09695512820512821","103.76793248945148","70.61507548479882","REAL"
"2026-09-29T10:34:22.387341","178","2026-09-29T10:34:51.268048","1","0.9952254295349121","0.9958990216255188","1.7530195713043213","-2.382274627685547","0.9426872730255127","509.4332505085059","0.10144230769230769","106.67376543209876","71.36461578276395","REAL"
"2026-09-29T10:34:22.387341","179","2026-09-29T10:34:51.403486","1","0.9938164353370667","0.9958990216255188","1.477031946182251","-1.866434931755066","0.7520613074302673","500.25783240295567","0.10256410256410256","108.64894578313253","71.00164673618544","REAL"
"2026-09-29T10:34:22.387341","180","2026-09-29T10:34:51.511863","1","0.001824796199798584","0.0026093721389770508","2.8691565990448","-2.5520315170288086","0.37559032440185547","443.150176450588","0.08847736625514403","110.83237951807229","70.87872558619713","REAL"
"2026-09-29T10:34:22.387341","181","2026-09-29T10:34:51.622348","1","0.9898386597633362","0.9952638149261475","2.1219539642333984","-1.6477142572402954","0.3575640022754669","508.5635575895792","0.10176282051282051","112.28170731707317","71.62412197231168","REAL"
"2026-09-29T10:34:22.387341","182","2026-09-29T10:34:51.745490","1","0.9942908883094788","0.9949411749839783","0.9439301490783691","-1.859123706817627","0.302164763212204","510.6291662557528","0.10625","112.48643292682927","71.98017256692147","REAL"
"2026-09-29T10:34:22.387341","183","2026-09-29T10:34:51.853101","1","0.9928528666496277","0.9965211153030396","1.5535259246826172","-2.145528793334961","0.6052714586257935","510.9367857890946","0.10486013439599938","111.18488769894392","72.81224868535656","REAL"
"2026-09-29T10:34:22.387341","184","2026-09-29T10:34:51.981703","1","0.9938164353370667","0.9958990216255188","1.5498687028884888","-2.087858200073242","0.5392674803733826","509.9587739342672","0.09923425535239881","108.05429123903019","73.35062591101503","REAL"
"2026-09-29T10:34:22.387341","185","2026-09-29T10:34:52.104308","1","0.9933371543884277","0.9962117075920105","1.7337074279785156","-2.1469383239746094","0.7482917904853821","494.3349261894604","0.09392092514455384","103.6541722445337","73.13647764765145","REAL"
"2026-09-29T10:34:22.387341","186","2026-09-29T10:34:52.237809","1","0.16252541542053223","0.019214868545532227","3.0438826084136963","-2.1732490062713623","0.611838161945343","399.07176651873766","0.08221153846153846","103.18657407407407","71.88676520127011","REAL"
"2026-09-29T10:34:22.387341","187","2026-09-29T10:34:52.339662","1","0.23656463623046875","0.021324872970581055","3.785386085510254","-2.501542091369629","0.493889182806015","403.2268742860857","0.0834144758195391","102.06724683544304","70.75250411556199","REAL"
"2026-09-29T10:34:22.387341","188","2026-09-29T10:34:52.469063","1","0.05671572685241699","0.023173749446868896","3.098799228668213","-1.976847529411316","0.5520063638687134","392.2152675160039","0.08499095840867993","101.54731012658227","70.74804851970731","REAL"
"2026-09-29T10:34:22.387341","189","2026-09-29T10:34:52.587792","1","0.007300853729248047","0.012393414974212646","4.5388503074646","-2.255885601043701","0.7064763307571411","384.78222483900817","0.07757221681272314","100.1376582278481","69.8708078126303","REAL"
"2026-09-29T10:34:22.387341","190","2026-09-29T10:34:52.708740","1","0.9850823879241943","0.994285523891449","2.11922287940979","-1.7145752906799316","0.6862273812294006","441.3077005888479","0.08702531645569621","99.00493827160494","70.1165980442041","REAL"
"2026-09-29T10:34:22.387341","191","2026-09-29T10:34:52.834241","1","0.9856016635894775","0.9946150779724121","2.665731191635132","-2.228902816772461","0.7191061973571777","459.31273611500563","0.09018987341772151","101.08948170731708","70.00195170867777","REAL"
"2026-09-29T10:34:22.387341","192","2026-09-29T10:34:52.956747","1","0.9928528666496277","0.9955831170082092","1.1948436498641968","-2.2720563411712646","0.46386802196502686","488.03813496311994","0.09517112048757619","102.52640190391195","70.7109011610718","REAL"
"2026-09-29T10:34:22.387341","193","2026-09-29T10:34:53.082032","1","0.9961413145065308","0.9949411749839783","1.9206714630126953","-2.5689151287078857","0.30902186036109924","541.8036466467895","0.0974267440130894","101.81475029036005","71.01840441863482","REAL"
"2026-09-29T10:34:22.387341","194","2026-09-29T10:34:53.203323","1","0.9956856369972229","0.9965211153030396","2.128007650375366","-2.475621223449707","0.23682190477848053","545.7655256633433","0.09712925777182806","103.78687572590012","71.29660398282638","REAL"
"2026-09-29T10:34:22.387341","195","2026-09-29T10:34:53.317177","1","0.9956856369972229","0.9965211153030396","2.3764452934265137","-2.41349720954895","0.3751201629638672","556.5996054380078","0.09830818472793781","105.15236555980017","71.39269353863538","REAL"
"2026-09-29T10:34:22.387341","196","2026-09-29T10:34:53.446901","1","0.9947605133056641","0.9958990216255188","2.6387383937835693","-2.5362889766693115","0.17973816394805908","539.0576750952443","0.10010412018444147","104.54166666666667","71.68782543076792","REAL"
"2026-09-29T10:34:22.387341","197","2026-09-29T10:34:53.561648","1","0.9472037553787231","0.021787047386169434","3.0796141624450684","-2.4038445949554443","0.5328310132026672","436.3078506880116","0.09048288795124239","106.61118548267143","71.53366511308946","REAL"
"2026-09-29T10:34:22.387341","198","2026-09-29T10:34:53.688093","1","0.9837305545806885","0.77680504322052","3.385671854019165","-2.026235580444336","0.41500216722488403","449.53892982681754","0.08873456790123457","104.13163766175815","70.82792981533572","REAL"
"2026-09-29T10:34:22.387341","199","2026-09-29T10:34:53.806775","1","0.9933371543884277","0.9965211153030396","2.306821584701538","-1.639095664024353","0.29247984290122986","469.8186535508709","0.09678402682517909","103.96153287850196","71.06151441477107","REAL"
"2026-09-29T10:34:22.387341","200","2026-09-29T10:34:53.930042","1","0.9918690919876099","0.9965211153030396","2.7059781551361084","-1.6683664321899414","0.04267696291208267","403.2445785630863","0.10012044564890094","104.12356744049369","70.80513739554426","REAL"
"2026-09-29T10:35:00.659042","2","2026-09-29T10:35:03.969838","1","0.062496304512023926","0.4685542583465576","15.854381561279297","1.7514889240264893","8.389045715332031","15.248483704706372","0.0","169.8469827586207","24.578609627907703","REAL"
"2026-09-29T10:35:00.659042","3","2026-09-29T10:35:04.073202","1","0.16252541542053223","0.021787047386169434","7.178956508636475","-2.352329730987549","1.6057831048965454","92.97091602734365","0.06773879142300195","102.91497401983939","72.79134186045623","REAL"
"2026-09-29T10:35:00.659042","4","2026-09-29T10:35:04.176145","1","0.2853690981864929","0.042649805545806885","5.508573532104492","-2.0662147998809814","1.6778950691223145","158.89899761275683","0.04074529074529074","95.79508513931889","74.2678296800152","REAL"
"2026-09-29T10:35:00.659042","5","2026-09-29T10:35:04.317387","1","0.9882580041885376","0.9382040500640869","4.614169597625732","-1.3605549335479736","0.3998692035675049","324.54911900065747","0.038461538461538464","78.49933377748168","73.5678169022751","REAL"
"2026-09-29T10:35:00.659042","6","2026-09-29T10:35:04.451798","1","0.9845510721206665","0.9918758273124695","3.3403661251068115","-1.9295709133148193","0.048094168305397034","349.429964","0.0475","82.28947368421052","74.04377882201928","REAL"
"2026-09-29T10:35:00.659042","7","2026-09-29T10:35:04.574173","1","0.2012934684753418","0.021324872970581055","3.047360420227051","-1.508716344833374","-0.26275020837783813","230.95115067932687","0.05893874643874644","93.3167978104687","73.98085910975682","REAL"
"2026-09-29T10:35:00.659042","8","2026-09-29T10:35:04.681759","1","0.46944624185562134","0.021324872970581055","3.949732542037964","-1.3157567977905273","0.4204033613204956","459.09280689927084","0.07403394727338389","103.86578810473382","74.20610409668295","REAL"
"2026-09-29T10:35:00.659042","9","2026-09-29T10:35:04.810477","1","0.9498605728149414","0.042649805545806885","4.237764835357666","-1.341436505317688","0.7831931710243225","471.2531584988556","0.08245428973277075","110.18766891891892","75.63317020846263","REAL"
"2026-09-29T10:35:00.659042","10","2026-09-29T10:35:04.938527","1","0.9842807650566101","0.9713870286941528","3.3363840579986572","-1.308369517326355","2.6470694541931152","368.2646767371311","0.07201505302771126","109.44466666666666","76.76936631814078","REAL"
"2026-09-29T10:35:00.659042","11","2026-09-29T10:35:05.058400","1","0.13616210222244263","0.008479773998260498","3.6966593265533447","-1.8477606773376465","2.6381688117980957","404.56210833333336","0.07616666666666666","108.98196881091619","77.03789161446387","REAL"
"2026-09-29T10:35:00.659042","12","2026-09-29T10:35:05.161292","1","0.9840072393417358","0.936539888381958","3.09946346282959","-1.8707573413848877","2.685999870300293","414.0604361530254","0.08","108.4013950538998","76.29055536318127","REAL"
"2026-09-29T10:35:00.659042","13","2026-09-29T10:35:05.305609","1","0.9882580041885376","0.994285523891449","2.2376747131347656","-1.6419824361801147","1.5756232738494873","434.4540563667462","0.08098765432098766","108.98075418557346","74.41353728862012","REAL"
"2026-09-29T10:35:00.659042","14","2026-09-29T10:35:05.421606","1","0.9887905716896057","0.9907847046852112","1.892290472984314","-1.977648377418518","1.327401876449585","461.0630155701197","0.08427983539094651","106.43795963073072","73.51104084711892","REAL"
"2026-09-29T10:35:00.659042","15","2026-09-29T10:35:05.534536","1","0.9947605133056641","0.9929311275482178","1.0186705589294434","-1.4278924465179443","0.9789814949035645","393.84911123368977","0.08305220883534137","104.93076441102757","71.35312239914526","REAL"
"2026-09-29T10:35:00.659042","16","2026-09-29T10:35:05.661775","1","0.9938164353370667","0.9962117075920105","0.5606116652488708","-1.4853827953338623","1.0783933401107788","476.72767216112726","0.08195941661382372","102.65723562152134","70.34522510020867","REAL"
"2026-09-29T10:35:00.659042","17","2026-09-29T10:35:05.767620","1","0.9952254295349121","0.9965211153030396","-0.11928439885377884","-1.3553704023361206","0.9741277098655701","460.87623763673105","0.08105147864184009","103.04242979242979","70.78088578068451","REAL"
"2026-09-29T10:35:00.659042","18","2026-09-29T10:35:05.899277","1","0.9952254295349121","0.9971305727958679","-0.34191399812698364","-1.4961615800857544","1.1100913286209106","438.36174496383035","0.079486778281959","103.49038461538461","72.46144968330513","REAL"
"2026-09-29T10:35:00.659042","19","2026-09-29T10:35:06.012505","1","0.9938164353370667","0.9932752251625061","0.45691677927970886","-1.6504088640213013","1.193150520324707","440.2462120417805","0.07697180867912576","103.80357142857143","73.09027756595664","REAL"
"2026-09-29T10:35:00.659042","20","2026-09-29T10:35:06.114693","1","0.9877196550369263","0.9958990216255188","0.35434967279434204","-1.5313585996627808","0.9577915072441101","448.4365833756902","0.07946815089672232","105.48631145128054","73.71158382557198","REAL"
"2026-09-29T10:35:00.659042","21","2026-09-29T10:35:06.262560","1","0.9871754050254822","0.9958990216255188","1.457505464553833","-1.7895678281784058","1.0279148817062378","436.74012384933735","0.07869511440940012","105.34736532234325","73.87658101540465","REAL"
"2026-09-29T10:35:00.659042","22","2026-09-29T10:35:06.384683","1","0.9918690919876099","0.9952638149261475","0.7460859417915344","-1.489241600036621","0.7073809504508972","448.3780188341711","0.08055040197897341","105.9717051377513","73.51686341817629","REAL"
"2026-09-29T10:35:00.659042","23","2026-09-29T10:35:06.492928","1","0.018253028392791748","0.008479773998260498","1.2903331518173218","-1.8215023279190063","0.847166121006012","373.87921331144776","0.06791819291819291","104.268652271035","72.6386740632384","REAL"
"2026-09-29T10:35:00.659042","24","2026-09-29T10:35:06.632188","1","0.9863588809967041","0.990412712097168","1.3573286533355713","-1.8538507223129272","0.7455453276634216","453.9773623616874","0.07985789311090516","103.78300180831826","72.69916370251174","REAL"
"2026-09-29T10:35:00.659042","25","2026-09-29T10:35:06.784914","1","0.9861093163490295","0.9946150779724121","2.246795177459717","-2.289362907409668","0.8633498549461365","399.85043893260456","0.07979971835393522","105.24683544303798","72.86706426212655","REAL"
"2026-09-29T10:35:00.659042","26","2026-09-29T10:35:06.900328","1","0.990864634513855","0.994285523891449","2.425281047821045","-0.01789027266204357","4.044593811035156","392.84776191029334","0.07661038148843027","110.06735985533454","73.79990714408989","REAL"
"2026-09-29T10:35:00.659042","27","2026-09-29T10:35:07.008216","1","0.9868497848510742","0.9922314882278442","0.19688266515731812","4.386092662811279","8.114143371582031","467.8251735560432","0.08318264014466546","113.36749928222797","73.39863899952184","REAL"
"2026-09-29T10:35:00.659042","28","2026-09-29T10:35:07.132444","1","0.9898386597633362","0.9918758273124695","0.05119364708662033","5.737720489501953","9.865447998046875","449.24423839197135","0.0818452380952381","113.44257823715188","73.70963523213494","REAL"
"2026-09-29T10:35:00.659042","29","2026-09-29T10:35:07.232609","1","0.9868497848510742","0.9735729098320007","0.13209369778633118","4.7932634353637695","9.649649620056152","470.8787850696322","0.08183139534883721","112.11199887860947","74.12319123377652","REAL"
"2026-09-29T10:35:00.659042","30","2026-09-29T10:35:07.348304","1","0.001824796199798584","0.012393414974212646","1.6646491289138794","5.372836112976074","10.001035690307617","455.74188925022554","0.06570223025919228","113.85025417574437","73.43845170695508","REAL"
"2026-09-29T10:35:00.659042","31","2026-09-29T10:35:07.452707","1","0.004562854766845703","0.10733461380004883","0.6730828285217285","7.040473937988281","10.909231185913086","479.58425813148784","0.06897058823529412","114.08901037286235","73.00051314804918","REAL"
"2026-09-29T10:35:00.659042","32","2026-09-29T10:35:07.578798","1","0.5816861391067505","0.9065451622009277","-0.04958924651145935","7.728579998016357","11.11999225616455","503.10193693771623","0.07661764705882353","112.653611465872","72.87799098668386","REAL"
"2026-09-29T10:35:00.659042","33","2026-09-29T10:35:07.694595","1","0.9861093163490295","0.9880889058113098","-0.02894519455730915","7.6875128746032715","10.921222686767578","513.9247426522566","0.07728965003723008","112.47169008088548","73.01349823221358","REAL"
"2026-09-29T10:35:00.659042","34","2026-09-29T10:35:07.822689","1","0.9882580041885376","0.9896559715270996","0.31436440348625183","7.652622699737549","10.687973022460938","489.37615062195783","0.07543604651162791","109.19355754221655","72.89088437943045","REAL"
"2026-09-29T10:35:00.659042","35","2026-09-29T10:35:07.941834","1","0.9863588809967041","0.9918758273124695","-0.28878122568130493","7.543055534362793","10.186891555786133","487.7591701113963","0.07550780100088313","109.90875549879381","73.31916377850852","REAL"
"2026-09-29T10:35:00.659042","36","2026-09-29T10:35:08.063038","1","0.9882580041885376","0.9925832152366638","0.30342334508895874","4.977968215942383","6.749197483062744","397.42175151719607","0.0705244122965642","105.8075","72.97007547164958","REAL"
"2026-09-29T10:35:00.659042","37","2026-09-29T10:35:08.178514","1","0.9893174171447754","0.9958990216255188","2.202880382537842","1.2752292156219482","2.4531373977661133","354.57745055374073","0.06916817359855335","101.70097616996841","73.03529025313946","REAL"
"2026-09-29T10:35:00.659042","38","2026-09-29T10:35:08.311510","1","0.9842807650566101","0.9929311275482178","2.289576292037964","0.07884910702705383","-0.393276184797287","381.46132906574394","0.06661764705882353","95.46439585085506","72.15205696221048","REAL"
"2026-09-29T10:35:00.659042","39","2026-09-29T10:35:08.438069","1","0.012776970863342285","0.004566192626953125","3.0132386684417725","-0.6522620320320129","-0.8453776240348816","309.84357465680284","0.0553044002411091","96.44691358024691","71.90721028760241","REAL"
"2026-09-29T10:35:00.659042","40","2026-09-29T10:35:08.545642","1","0.03877866268157959","0.024098217487335205","3.458211898803711","-0.5399743318557739","-1.3265680074691772","337.1290346646471","0.060267857142857144","98.13551536032156","71.14175098292847","REAL"
"2026-09-29T10:35:00.659042","41","2026-09-29T10:35:08.670555","1","0.9606643915176392","0.9382040500640869","3.6307411193847656","-0.05497453361749649","-1.362729787826538","367.1241809975072","0.0715792646172393","98.93986928104574","71.05274883016689","REAL"
"2026-09-29T10:35:00.659042","42","2026-09-29T10:35:08.793701","1","0.9514423608779907","0.9735729098320007","3.1989340782165527","-0.16917575895786285","-1.8080352544784546","357.12112407853704","0.07188065099457505","98.75628177196805","71.1431515244632","REAL"
"2026-09-29T10:35:00.659042","43","2026-09-29T10:35:08.906207","1","0.9868497848510742","0.9949411749839783","1.330907940864563","0.4751892387866974","-6.760985374450684","287.06141813623384","0.06195085629188384","96.06768837803321","71.02739995448621","REAL"
"2026-09-29T10:35:00.659042","44","2026-09-29T10:35:09.021778","1","0.9903543591499329","0.998312771320343","-0.516754686832428","2.063828229904175","-14.033856391906738","290.251649525688","0.05876068376068376","95.00446760982874","70.17019610094184","REAL"
"2026-09-29T10:35:00.659042","45","2026-09-29T10:35:09.153783","1","0.9877196550369263","0.9988862872123718","-1.689673900604248","4.389954566955566","-18.642932891845703","240.8401073956822","0.05717418546365915","91.51751736635458","65.80974778596476","REAL"
"2026-09-29T10:35:00.659042","46","2026-09-29T10:35:09.287316","1","0.9871754050254822","0.9991688132286072","-1.2459721565246582","4.476622581481934","-19.416152954101562","431.0664213737386","0.06717280079220994","90.86920634920635","62.24333485836658","REAL"
"2026-09-29T10:35:00.659042","47","2026-09-29T10:35:09.395657","1","0.9882580041885376","0.9991688132286072","-2.6716244220733643","4.406365871429443","-18.654376983642578","361.42622865037777","0.0691533256312923","95.00238095238095","62.7846571140931","REAL"
"2026-09-29T10:35:00.659042","48","2026-09-29T10:35:09.521200","1","0.986605703830719","0.9988862872123718","-2.782412052154541","4.901690483093262","-17.589263916015625","511.10477411706535","0.07615786040443574","101.04266666666666","63.09579445252094","REAL"
"2026-09-29T10:35:00.659042","49","2026-09-29T10:35:09.639001","1","0.9850823879241943","0.997727632522583","-2.874606132507324","4.427994251251221","-16.60881996154785","504.87119155380924","0.07893020221787345","104.71419607843137","63.01242860940744","REAL"
"2026-09-29T10:35:00.659042","50","2026-09-29T10:35:09.758641","1","0.9863588809967041","0.997727632522583","-2.945685863494873","4.140881061553955","-15.612967491149902","355.7665933431951","0.07408010420058612","109.05889724310777","65.44999173669008","REAL"
"2026-09-29T10:35:00.659042","51","2026-09-29T10:35:09.885556","1","0.9882580041885376","0.9974306225776672","-3.1264853477478027","4.0830888748168945","-14.129143714904785","390.25677619703237","0.07518796992481203","109.60042283298097","68.47237494712328","REAL"
"2026-09-29T10:35:00.659042","52","2026-09-29T10:35:09.990947","1","0.5554949641227722","0.17585158348083496","-2.356966018676758","1.382428765296936","-9.087530136108398","258.22474856739","0.0693659281894576","108.62461807071148","68.05450259129165","REAL"
"2026-09-29T10:35:00.659042","53","2026-09-29T10:35:10.118252","1","0.986605703830719","0.994285523891449","0.4876224398612976","0.2841566503047943","-3.541020393371582","196.756398671082","0.06620107667685145","109.86209315375982","70.87393710227623","REAL"
"2026-09-29T10:35:00.659042","54","2026-09-29T10:35:10.251678","1","0.9882580041885376","0.9965211153030396","2.933868408203125","-1.6414566040039062","4.502330303192139","348.849648236241","0.07546628407460546","102.48622074504917","75.17986361351122","REAL"
"2026-09-29T10:35:00.659042","55","2026-09-29T10:35:10.358877","1","0.9898386597633362","0.9958990216255188","3.1362063884735107","-1.0011472702026367","4.719079971313477","366.75105461241304","0.07569099929128278","98.87843137254902","75.24033137771785","REAL"
"2026-09-29T10:35:00.659042","56","2026-09-29T10:35:10.473510","1","0.9898386597633362","0.9968274235725403","3.8886334896087646","-1.319822072982788","3.3540713787078857","356.02762302960394","0.07857142857142857","98.34442190669371","73.06096795272055","REAL"
"2026-09-29T10:35:00.659042","57","2026-09-29T10:35:10.614003","1","0.9863588809967041","0.9892709851264954","3.8630383014678955","-1.1527631282806396","2.665022850036621","366.7673610213944","0.08045977011494253","96.00739957716702","72.00546651055534","REAL"
"2026-09-29T10:35:00.659042","58","2026-09-29T10:35:10.729353","1","0.9837305545806885","0.9872773885726929","3.328577756881714","-0.8445543050765991","2.430607795715332","403.74791895209546","0.0812906799612242","97.20347593582888","70.64576305897792","REAL"
"2026-09-29T10:35:00.659042","59","2026-09-29T10:35:10.839780","1","0.9837305545806885","0.9900364875793457","3.186553955078125","-1.1271778345108032","2.0970003604888916","419.29285855935865","0.07846320346320346","94.42013071895425","69.82683127563489","REAL"
"2026-09-29T10:35:00.659042","60","2026-09-29T10:35:10.962568","1","0.0","0.004566192626953125","3.7761929035186768","-1.1784145832061768","1.712232232093811","338.7927585300646","0.07197591680350302","92.5255347593583","69.2376662532033","REAL"
"2026-09-29T10:35:00.659042","61","2026-09-29T10:35:11.083836","1","0.9825901985168457","0.9713870286941528","3.829211711883545","-0.2728883922100067","1.8130791187286377","377.38115695330146","0.0766042780748663","92.32349098510582","69.48037099823875","REAL"
"2026-09-29T10:35:00.659042","62","2026-09-29T10:35:11.216979","1","0.9898386597633362","0.9939523935317993","3.073782444000244","-0.8190458416938782","2.071103572845459","425.7961897680803","0.07941176470588235","92.78475452196382","69.77609761647001","REAL"
"2026-09-29T10:35:00.659042","63","2026-09-29T10:35:11.326427","1","0.9918690919876099","0.9922314882278442","1.9841357469558716","-1.1666452884674072","1.8316295146942139","437.00616986629075","0.08352941176470588","93.81407098648478","70.3137524659266","REAL"
"2026-09-29T10:35:00.659042","64","2026-09-29T10:35:11.434057","1","0.9938164353370667","0.9965211153030396","2.184314727783203","-1.0010672807693481","1.7405798435211182","455.16216275486863","0.08542780748663102","94.24431673052362","70.19744242037602","REAL"
"2026-09-29T10:35:00.659042","65","2026-09-29T10:35:11.571949","1","0.9961413145065308","0.9965211153030396","1.937585473060608","-0.8371155858039856","1.7108967304229736","480.18818165732506","0.08596256684491979","94.56040868454662","70.24585444897035","REAL"
"2026-09-29T10:35:00.659042","66","2026-09-29T10:35:11.695049","1","0.9956856369972229","0.9965211153030396","2.1640872955322266","-0.9734658002853394","1.6931558847427368","476.27086975249506","0.08850267379679144","94.7352490421456","70.22422232522898","REAL"
"2026-09-29T10:35:00.659042","67","2026-09-29T10:35:11.819355","1","0.9961413145065308","0.9962117075920105","2.25358247756958","-0.6623786687850952","1.5390408039093018","473.46907417497846","0.08932346723044397","93.76424010217114","70.03882592945921","REAL"
"2026-09-29T10:35:00.659042","68","2026-09-29T10:35:11.935246","1","0.9965924024581909","0.9958990216255188","2.0733911991119385","-0.6973258256912231","1.4626874923706055","449.609294422443","0.0892110762800418","93.01893939393939","70.0051866396403","REAL"
"2026-09-29T10:35:00.659042","69","2026-09-29T10:35:12.079644","1","0.015514969825744629","0.006523013114929199","3.707150936126709","-1.1575264930725098","1.4092060327529907","354.9218865280677","0.06764705882352941","94.87535121328224","70.11323294005041","REAL"
"2026-09-29T10:35:00.659042","70","2026-09-29T10:35:12.221096","1","0.9903543591499329","0.994285523891449","1.476312518119812","-0.14181487262248993","1.4649198055267334","414.7323134126555","0.0834625322997416","93.68624478969306","69.99972629555253","REAL"
"2026-09-29T10:35:00.659042","71","2026-09-29T10:35:12.339745","1","0.9918690919876099","0.9962117075920105","2.181227684020996","-1.300307035446167","1.800545573234558","439.2248813715477","0.08377378435517971","93.96206896551725","70.12314813802264","REAL"
"2026-09-29T10:35:00.659042","72","2026-09-29T10:35:12.499687","1","0.9952254295349121","0.9952638149261475","2.0427968502044678","-0.6324698328971863","1.4911808967590332","474.6401056076772","0.08575581395348837","94.09106002554279","70.31862902546281","REAL"
"2026-09-29T10:35:00.659042","73","2026-09-29T10:35:12.607031","1","0.9961413145065308","0.9949411749839783","2.0868637561798096","-0.8959657549858093","1.3389166593551636","476.79232280948713","0.08549154334038055","93.48799489144317","70.50243184081444","REAL"
"2026-09-29T10:35:00.659042","74","2026-09-29T10:35:12.734143","1","0.9952254295349121","0.9955831170082092","1.6926651000976562","-0.9445422887802124","1.4693149328231812","439.5560023056633","0.08813424947145877","93.57611749680716","70.16921722866999","REAL"
"2026-09-29T10:35:00.659042","75","2026-09-29T10:35:12.848310","1","0.9952254295349121","0.9958990216255188","2.1681015491485596","-0.8398833274841309","1.450900673866272","456.0584774371586","0.0838235294117647","94.2602809706258","70.10087381227264","REAL"
"2026-09-29T10:35:00.659042","76","2026-09-29T10:35:12.984012","1","0.010038912296295166","0.0026093721389770508","3.50333309173584","-1.0155532360076904","1.368574857711792","326.2220206001985","0.06130268199233716","96.54478609625669","69.44975581267997","REAL"
"2026-09-29T10:35:00.659042","77","2026-09-29T10:35:13.136356","1","0.004562854766845703","0.008479773998260498","-1.8889082670211792","-1.728371262550354","1.3877307176589966","267.6864786586157","0.04895205282802182","92.76000553939897","68.54799182441594","REAL"
"2026-09-29T10:35:00.659042","78","2026-09-29T10:35:13.268571","1","0.007300853729248047","0.010436594486236572","-5.694359302520752","-0.7197141051292419","1.3992193937301636","271.75989357924976","0.03129890453834116","87.28585575177422","64.90670097377121","REAL"
"2026-09-29T10:35:00.659042","79","2026-09-29T10:35:13.385009","1","0.010038912296295166","0.019214868545532227","-8.050703048706055","-0.40182405710220337","1.492584228515625","295.0929891900815","0.033042846768336964","85.2815834767642","63.963626348099694","REAL"
"2026-09-29T10:35:00.659042","80","2026-09-29T10:35:13.501047","1","0.05539274215698242","0.023173749446868896","-10.019257545471191","0.25043684244155884","1.5232268571853638","336.5074765779186","0.03855721393034826","89.67694641051567","64.5371450539952","REAL"
"2026-09-29T10:35:00.659042","81","2026-09-29T10:35:13.638763","1","0.004562854766845703","0.019214868545532227","-11.145364761352539","-0.843727171421051","1.381924033164978","333.559045789763","0.042959001782531196","96.9790398918188","65.75047001447342","REAL"
"2026-09-29T10:35:00.659042","82","2026-09-29T10:35:13.775346","1","0.010038912296295166","0.021324872970581055","-13.166522979736328","0.4894804060459137","0.5930103659629822","336.9467690396471","0.05319940476190476","109.27607470049331","67.4163935419809","REAL"
"2026-09-29T10:35:00.659042","83","2026-09-29T10:35:13.885494","1","0.012776970863342285","0.012393414974212646","-11.225175857543945","0.23106245696544647","0.3341628909111023","316.25969863857","0.05431547619047619","114.81864253393665","65.24403237885602","REAL"
"2026-09-29T10:35:00.659042","84","2026-09-29T10:35:13.998143","1","0.020991027355194092","0.022249281406402588","-13.670624732971191","-0.3197198510169983","0.06138790771365166","325.6012886258891","0.054028614457831324","119.13644688644689","64.1257055128589","REAL"
"2026-09-29T10:35:00.659042","85","2026-09-29T10:35:14.125042","1","0.012776970863342285","0.010436594486236572","-12.445442199707031","0.35276079177856445","-0.5284989476203918","334.49613514298153","0.05647590361445783","121.44432234432234","62.67831131677423","REAL"
"2026-09-29T10:35:00.659042","86","2026-09-29T10:35:14.253399","1","0.007300853729248047","0.010436594486236572","-13.304862022399902","-0.2697681188583374","-0.14510971307754517","345.79828172619995","0.06004972270032511","123.98663003663003","63.482165624524924","REAL"
"2026-09-29T10:35:00.659042","87","2026-09-29T10:35:14.386242","1","0.010038912296295166","0.0208626389503479","-13.82894229888916","0.06487171351909637","0.39537885785102844","315.84674177683166","0.060090702947845805","122.75831842576028","63.74188851996628","REAL"
"2026-09-29T10:35:00.659042","88","2026-09-29T10:35:14.487374","1","0.010038912296295166","0.012393414974212646","-13.812154769897461","-0.14889156818389893","0.10021418333053589","328.1136298839197","0.0546875","118.63989266547406","63.52102197904392","REAL"
"2026-09-29T10:35:00.659042","89","2026-09-29T10:35:14.632558","1","0.004562854766845703","0.006523013114929199","-13.157333374023438","-0.5432013869285583","0.2094874382019043","286.85913121066966","0.04871794871794872","113.51214855952794","63.825875550014466","REAL"
"2026-09-29T10:35:00.659042","90","2026-09-29T10:35:14.787234","1","0.9887905716896057","0.9952638149261475","-9.388764381408691","0.5393895506858826","-0.438381165266037","255.90721643759545","0.04727891156462585","115.8062015503876","65.01237389905391","REAL"
"2026-09-29T10:35:00.659042","91","2026-09-29T10:35:14.921591","1","0.9928528666496277","0.9962117075920105","-3.8848812580108643","-0.6456162929534912","-0.3173031806945801","275.0925062139586","0.06951871657754011","120.78990251709588","69.74204369042032","REAL"
"2026-09-29T10:35:00.659042","92","2026-09-29T10:35:15.040341","1","0.9942908883094788","0.9952638149261475","-1.4890121221542358","-0.7158315777778625","-0.42853692173957825","303.50569877786864","0.08414928338299986","121.40224534501642","73.80174610202393","REAL"
"2026-09-29T10:35:00.659042","93","2026-09-29T10:35:15.172693","1","0.9947605133056641","0.9952638149261475","1.8685076236724854","-0.9768680334091187","-0.4393545985221863","401.861455390524","0.10091991341991342","117.24104575163399","77.10873700030508","REAL"
"2026-09-29T10:35:00.659042","94","2026-09-29T10:35:15.294093","1","0.9938164353370667","0.9968274235725403","2.865508794784546","-1.3334890604019165","0.15594719350337982","556.077344550093","0.10628803245436105","113.18644291754757","77.77392591988645","REAL"
"2026-09-29T10:35:00.659042","95","2026-09-29T10:35:15.419656","1","0.9947605133056641","0.997727632522583","3.01640248298645","-1.694169282913208","0.3036574125289917","604.8411698601243","0.10114942528735632","107.36311389759666","77.53524373351551","REAL"
"2026-09-29T10:35:00.659042","96","2026-09-29T10:35:15.533852","1","0.46944624185562134","0.010436594486236572","4.679428577423096","-0.8330627679824829","0.227138951420784","437.48465413967745","0.08705882352941176","104.88333993922579","76.10295436439601","REAL"
"2026-09-29T10:35:00.659042","97","2026-09-29T10:35:15.652358","1","0.9903543591499329","0.9949411749839783","3.4665257930755615","-1.5389653444290161","0.4274359345436096","436.09855900113416","0.0837052062204192","101.00274294670847","74.93985305262042","REAL"
"2026-09-29T10:35:00.659042","98","2026-09-29T10:35:15.779340","1","0.9923635125160217","0.99802166223526","4.327792644500732","-0.9674458503723145","0.16986429691314697","449.6491741794757","0.09285714285714286","99.81275060144347","74.91986154584599","REAL"
"2026-09-29T10:35:00.659042","99","2026-09-29T10:35:15.902373","1","0.074978768825531","0.6025388240814209","7.406337738037109","-1.1748884916305542","0.665192723274231","408.19641080656146","0.07215189873417721","99.90304878048781","73.87440761495847","REAL"
"2026-09-29T10:35:00.659042","100","2026-09-29T10:35:16.018020","1","0.9956856369972229","0.9884875416755676","9.410395622253418","-0.8851380944252014","0.42294082045555115","373.97706405047705","0.07508771929824562","98.20259784075573","76.45588692228407","REAL"
"2026-09-29T10:35:00.659042","101","2026-09-29T10:35:16.158841","1","0.9987824559211731","0.9922314882278442","13.684926986694336","-1.6238386631011963","-0.20686839520931244","409.862399170128","0.07743271221532091","96.27738654147105","76.29193819086944","REAL"
"2026-09-29T10:35:00.659042","102","2026-09-29T10:35:16.260816","1","0.9956856369972229","0.9668617844581604","17.79854393005371","-1.1932958364486694","0.012474085204303265","448.0475505429957","0.0844811753902663","100.22014925373135","74.89034446506017","REAL"
"2026-09-29T10:35:00.659042","103","2026-09-29T10:35:16.378603","1","0.9970390796661377","0.9968274235725403","17.528724670410156","-2.3685872554779053","-0.15188398957252502","543.8273894336868","0.08823529411764706","102.8751552795031","75.207552314797","REAL"
"2026-09-29T10:35:00.659042","104","2026-09-29T10:35:16.512814","1","0.9979193210601807","0.998312771320343","18.16610336303711","-1.9146337509155273","-0.4539569318294525","568.0385461489424","0.09228650137741047","100.88037752414398","73.50682451123693","REAL"
"2026-09-29T10:35:00.659042","105","2026-09-29T10:35:16.613259","1","0.9983530044555664","0.9971305727958679","17.665790557861328","-2.202784776687622","-0.5361118316650391","609.52540395142","0.0913613749434645","99.58141517476555","72.35083119639246","REAL"
"2026-09-29T10:35:00.659042","106","2026-09-29T10:35:16.746828","1","0.9979193210601807","0.994285523891449","17.630847930908203","-0.8116994500160217","-0.5298730731010437","553.8620600809255","0.09022053909556695","98.16299096828398","70.60720459476171","REAL"
"2026-09-29T10:35:00.659042","107","2026-09-29T10:35:16.858977","1","0.9974813461303711","0.9968274235725403","17.367334365844727","-1.2821298837661743","-0.7504668831825256","567.808947799976","0.09289374025395411","99.20121823146398","69.85802692792134","REAL"
"2026-09-29T10:35:00.659042","108","2026-09-29T10:35:16.978324","1","0.9970390796661377","0.9965211153030396","16.38077735900879","-1.7834324836730957","-1.2527068853378296","528.5305077568637","0.09979950991312096","100.14786809493803","68.24770466123557","REAL"
"2026-09-29T10:35:00.659042","109","2026-09-29T10:35:17.108313","1","0.026467084884643555","0.024098217487335205","16.86520767211914","-2.3769710063934326","-1.1779440641403198","382.5023773119123","0.1044776119402985","100.73550724637681","65.2087649582899","REAL"
"2026-09-29T10:35:00.659042","110","2026-09-29T10:35:17.209528","1","0.17988473176956177","0.24035435914993286","14.677528381347656","-2.5853769779205322","-0.5644903779029846","424.09243614629855","0.10553633217993079","99.50224489795919","64.30011422103372","REAL"
"2026-09-29T10:35:00.659042","111","2026-09-29T10:35:17.350161","1","0.9497048854827881","0.9900364875793457","10.486733436584473","-2.2128663063049316","1.1720255613327026","375.79138862681253","0.09398782343987823","100.81914105886709","64.56880630785997","REAL"
"2026-09-29T10:35:00.659042","112","2026-09-29T10:35:17.461656","1","0.9868497848510742","0.997727632522583","9.302959442138672","-2.2869231700897217","0.9512527585029602","374.35068000662056","0.08236882716049383","102.2563915266618","65.11349874228655","REAL"
"2026-09-29T10:35:00.659042","113","2026-09-29T10:35:17.578494","1","0.9893174171447754","0.9968274235725403","9.860754013061523","-2.6179208755493164","0.6857056021690369","400.37140182913583","0.08391111111111112","103.01869806094183","65.7198605133561","REAL"
"2026-09-29T10:35:00.659042","114","2026-09-29T10:35:17.709985","1","0.990864634513855","0.997727632522583","9.414772987365723","-2.3342537879943848","0.32665735483169556","380.9156757341008","0.08240997229916898","101.16009204470743","66.22609361176085","REAL"
"2026-09-29T10:35:00.659042","115","2026-09-29T10:35:17.827729","1","0.9913694858551025","0.997727632522583","9.846246719360352","-2.71205472946167","0.27941715717315674","405.0761340027701","0.0825831024930748","99.94296515450361","66.08004132930218","REAL"
"2026-09-29T10:35:00.659042","116","2026-09-29T10:35:17.941109","1","0.9938164353370667","0.9968274235725403","8.195651054382324","-2.6905953884124756","0.31074750423431396","467.920570348455","0.09244264507422402","98.03732554365466","65.86118324533295","REAL"
"2026-09-29T10:35:00.659042","117","2026-09-29T10:35:18.078509","1","0.9928528666496277","0.9971305727958679","8.57685661315918","-2.664355516433716","0.16815131902694702","465.41119367368117","0.09124209124209125","100.63883992949847","67.0058744052124","REAL"
"2026-09-29T10:35:00.659042","118","2026-09-29T10:35:18.183130","1","0.990864634513855","0.9974306225776672","8.708328247070312","-2.616447687149048","0.3551088869571686","474.4329799221893","0.09090909090909091","102.63433544303797","67.60058603643728","REAL"
"2026-09-29T10:35:00.659042","119","2026-09-29T10:35:18.317904","1","0.9928528666496277","0.9962117075920105","8.056191444396973","-3.3481838703155518","0.7874311804771423","431.67565343343864","0.08893638007562059","104.24303797468355","68.18332127163849","REAL"
"2026-09-29T10:35:00.659042","120","2026-09-29T10:35:18.434551","1","0.9918690919876099","0.9965211153030396","7.551030158996582","-4.351233005523682","1.1445648670196533","405.16032701817767","0.08536189548847777","103.44145569620254","68.311977861865","REAL"
"2026-09-29T10:35:00.659042","121","2026-09-29T10:35:18.553999","1","0.7634485363960266","0.18071043491363525","9.222675323486328","-10.906753540039062","1.1847342252731323","120.27472440646557","0.0685595567867036","91.13379355687049","64.16755051012066","REAL"
"2026-09-29T10:35:00.659042","122","2026-09-29T10:35:18.666657","1","0.3822312355041504","0.6025388240814209","10.972384452819824","-29.900470733642578","-1.0709452629089355","71.61796529502475","0.036216216216216214","63.02368421052632","52.37715754067442","REAL"
"2026-09-29T10:35:00.659042","123","2026-09-29T10:35:18.801441","1","0.6711785793304443","0.767783522605896","7.296786308288574","-42.85035705566406","-0.8227601647377014","66.05036491695121","0.02311303719754424","52.94286216596343","49.31584040665592","REAL"
"2026-09-29T10:35:00.659042","124","2026-09-29T10:35:19.032858","1","0.7659553289413452","0.8695240020751953","7.650674819946289","-43.97113037109375","0.36258992552757263","111.93587938158939","0.019765166340508806","43.87537537537538","45.98985405402092","REAL"
"2026-09-29T10:35:00.659042","125","2026-09-29T10:35:19.154677","1","0.9497048854827881","0.9457477331161499","6.697205543518066","-44.303321838378906","1.0569806098937988","166.3079660741823","0.01891891891891892","47.72069264069264","51.71850293502892","REAL"
"2026-09-29T10:35:00.659042","126","2026-09-29T10:35:19.270847","1","0.9506080746650696","0.9363188147544861","6.469473838806152","-46.51548767089844","1.3338137865066528","168.32543994805616","0.02072072072072072","48.81912280701754","52.589850457672505","REAL"
"2026-09-29T10:35:00.659042","127","2026-09-29T10:35:19.407055","1","0.9887905716896057","0.8672940731048584","5.743823051452637","-43.487003326416016","1.3129854202270508","176.7363136996794","0.018956456456456456","44.82828828828829","50.707604417076254","REAL"
"2026-09-29T10:35:00.659042","128","2026-09-29T10:35:19.526908","1","0.9848182797431946","0.886478841304779","6.409398078918457","-45.19395446777344","1.6817466020584106","181.33064601899198","0.01927927927927928","43.868947368421054","52.37445323364766","REAL"
"2026-09-29T10:35:00.659042","129","2026-09-29T10:35:19.639837","1","0.1603792905807495","0.000652611255645752","7.657926082611084","-44.92707824707031","0.4429420828819275","167.49257720720217","0.019252128841169936","44.44630156472262","53.97410241020498","REAL"
"2026-09-29T10:35:00.659042","130","2026-09-29T10:35:19.755949","1","0.7659553289413452","0.6832545399665833","7.876832008361816","-40.97301483154297","0.9618759155273438","187.87349163797626","0.013111545988258318","49.701951951951955","57.486443596652286","REAL"
"2026-09-29T10:35:00.659042","131","2026-09-29T10:35:19.878422","1","0.9848182797431946","0.9907847046852112","9.694759368896484","-22.314966201782227","2.828648805618286","176.99414370779618","0.029988893002591634","70.75228070175439","68.5873501460842","REAL"
"2026-09-29T10:35:00.659042","132","2026-09-29T10:35:19.998606","1","0.9923635125160217","0.9939523935317993","7.745255470275879","-11.24365520477295","3.048891544342041","277.92170147127126","0.05339105339105339","87.3622083269788","71.28970376519102","REAL"
"2026-09-29T10:35:00.659042","133","2026-09-29T10:35:20.113386","1","0.9938164353370667","0.9965211153030396","4.722316265106201","-3.222245216369629","3.073625326156616","290.51606417949904","0.06900328587075576","102.02772754671489","71.74225190204446","REAL"
"2026-09-29T10:35:00.659042","134","2026-09-29T10:35:20.266269","1","0.9861093163490295","0.9971305727958679","5.904205799102783","0.2232927531003952","2.7931716442108154","383.7576299463328","0.08058206853387576","107.16485834840265","69.99281979553695","REAL"
"2026-09-29T10:35:00.659042","135","2026-09-29T10:35:20.387102","1","0.9858568906784058","0.9952638149261475","5.2803568840026855","0.00290371710434556","1.6798802614212036","439.9902221565151","0.08223889931207004","105.1332127787824","68.47857978284364","REAL"
"2026-09-29T10:35:00.659042","136","2026-09-29T10:35:20.528766","1","0.9848182797431946","0.9968274235725403","5.489639759063721","-0.11227039247751236","1.2667040824890137","436.60892633884947","0.0831787260358689","103.42949661466","68.86336397519612","REAL"
"2026-09-29T10:35:00.659042","137","2026-09-29T10:35:20.648605","1","0.9903543591499329","0.9965211153030396","4.082958221435547","-0.1605682522058487","1.112840175628662","441.5360328704485","0.08271490414347557","102.2040035325287","68.94247563856808","REAL"
"2026-09-29T10:35:00.659042","138","2026-09-29T10:35:20.754744","1","0.9918690919876099","0.9955831170082092","5.946052074432373","-0.45597726106643677","0.8880466222763062","462.66586717828704","0.08058608058608059","100.9296438033559","68.63039666749717","REAL"
"2026-09-29T10:35:00.659042","139","2026-09-29T10:35:20.893095","1","0.9923635125160217","0.99802166223526","3.327428102493286","-0.2668205499649048","1.335720181465149","350.62749735002484","0.07921245421245421","102.2150409530901","67.86383752714848","REAL"
"2026-09-29T10:35:00.659042","140","2026-09-29T10:35:21.008185","1","0.044218361377716064","0.0026093721389770508","2.8332107067108154","8.459174156188965","1.9286552667617798","192.74743993917258","0.06101328390485017","108.59764918625677","64.57342956982056","REAL"
"2026-09-29T10:35:00.659042","141","2026-09-29T10:35:21.125810","1","0.001824796199798584","0.047746360301971436","6.168942451477051","28.487102508544922","4.595824718475342","255.8866196508145","0.04871794871794872","108.53197868087942","64.80986754135817","REAL"
"2026-09-29T10:35:00.659042","142","2026-09-29T10:35:21.279307","1","0.074978768825531","0.41945070028305054","3.0632147789001465","45.147193908691406","3.350736379623413","248.68132719264176","0.05042016806722689","92.59275653923541","66.39149138721615","REAL"
"2026-09-29T10:35:00.659042","143","2026-09-29T10:35:21.428133","1","0.05803883075714111","0.9668617844581604","0.5706300735473633","66.18942260742188","2.128939390182495","397.14868623456283","0.06330427563304275","79.20552642194433","65.1365889927492","REAL"
"2026-09-29T10:35:00.659042","144","2026-09-29T10:35:21.655236","1","0.1118159294128418","0.18071043491363525","0.5174007415771484","75.43229675292969","4.262812614440918","512.6933281045751","0.0603921568627451","88.33082706766918","66.823248712472","REAL"
"2026-09-29T10:35:00.659042","145","2026-09-29T10:35:21.906127","1","0.5857317447662354","0.05664175748825073","1.8756338357925415","76.42545318603516","3.032824754714966","521.4633480744833","0.06325891108499804","96.53076352853967","68.10461566991984","REAL"
"2026-09-29T10:35:00.659042","146","2026-09-29T10:35:22.145126","1","0.018253028392791748","0.434387743473053","2.767974376678467","70.59683227539062","1.70099675655365","423.2272253269048","0.05961538461538462","94.70402656704026","66.97291625270304","REAL"
"2026-09-29T10:35:00.659042","147","2026-09-29T10:35:22.255031","1","0.001824796199798584","0.47919273376464844","2.236769676208496","56.48225402832031","-0.8426828980445862","280.77723377441714","0.05879917184265011","102.2674072604642","67.34812685912526","REAL"
"2026-09-29T10:35:00.659042","148","2026-09-29T10:35:22.377496","1","0.7805240750312805","0.6444942951202393","3.781501531600952","32.51984405517578","-1.965519905090332","270.98810222080954","0.06105675146771037","119.63970308336505","64.77388999344792","REAL"
"2026-09-29T10:35:00.659042","149","2026-09-29T10:35:22.505670","1","0.9863588809967041","0.9925832152366638","1.0004185438156128","16.548770904541016","-1.8950424194335938","324.3679202200439","0.08422120750887874","128.33815261044177","63.33474678882059","REAL"
"2026-09-29T10:35:00.659042","150","2026-09-29T10:35:22.621185","1","0.9903543591499329","0.9949411749839783","-1.288892149925232","7.673521041870117","-1.4081096649169922","374.05493180730025","0.07839577488034329","125.93619047619048","65.60158286487008","REAL"
"2026-09-29T10:35:00.659042","151","2026-09-29T10:35:22.731620","1","0.9923635125160217","0.99802166223526","-0.8957646489143372","3.8725905418395996","-0.5877703428268433","410.6421123705752","0.08108108108108109","118.17739938080496","68.13341799078299","REAL"
"2026-09-29T10:35:00.659042","152","2026-09-29T10:35:22.869340","1","0.9952254295349121","0.9952638149261475","-0.5185847878456116","2.2559969425201416","-0.37249699234962463","434.25887615272825","0.07478927203065135","111.1217105263158","69.61062558061677","REAL"
"2026-09-29T10:35:00.659042","153","2026-09-29T10:35:22.982742","1","0.9861093163490295","0.11680018901824951","-0.8200810551643372","1.1769031286239624","-0.16789637506008148","381.2588856593618","0.0655686274509804","110.01089714882818","69.46981118117647","REAL"
"2026-09-29T10:35:00.659042","154","2026-09-29T10:35:23.095027","1","0.9887905716896057","0.9952638149261475","0.06261239945888519","1.1021689176559448","0.15424422919750214","401.68638671893723","0.07461300309597524","108.54450338933097","70.03328232814779","REAL"
"2026-09-29T10:35:00.659042","155","2026-09-29T10:35:23.220596","1","0.9942908883094788","0.9974306225776672","0.6792694926261902","0.999797523021698","-0.0995086207985878","427.84676386455516","0.07550588945937783","105.78350815850816","69.93090193208924","REAL"
"2026-09-29T10:35:00.659042","156","2026-09-29T10:35:23.338363","1","0.9938164353370667","0.9968274235725403","0.9407745599746704","1.0926826000213623","0.032406605780124664","420.41739070348603","0.07975553857906799","106.04772297395606","70.28721640649745","REAL"
"2026-09-29T10:35:00.659042","157","2026-09-29T10:35:23.464632","1","0.9965924024581909","0.9968274235725403","1.0382987260818481","1.015256404876709","0.2770814895629883","439.19451890731506","0.07913351016799293","105.11910241657077","70.79331756820605","REAL"
"2026-09-29T10:35:00.659042","158","2026-09-29T10:35:23.582655","1","0.9947605133056641","0.9962117075920105","2.031709909439087","0.2556419372558594","0.8704373240470886","362.05696141544166","0.07639612807148176","106.76293103448276","71.32070280697113","REAL"
"2026-09-29T10:35:00.659042","159","2026-09-29T10:35:23.710399","1","0.990864634513855","0.9867727756500244","4.2007856369018555","0.13860057294368744","7.846512317657471","351.9497863539842","0.07198413908799756","112.21830357142858","72.44302435759091","REAL"
"2026-09-29T10:35:00.659042","160","2026-09-29T10:35:23.820101","1","0.9887905716896057","0.9971305727958679","7.539324760437012","2.114956855773926","18.111522674560547","293.85254961753736","0.0709185329438494","113.43401898734177","75.15231841374998","REAL"
"2026-09-29T10:35:00.659042","161","2026-09-29T10:35:23.948824","1","0.9928528666496277","0.9965211153030396","7.466957092285156","0.1154211089015007","22.464387893676758","317.68575045238055","0.05728659526127881","103.96344936708861","78.70557472736704","REAL"
"2026-09-29T10:35:00.659042","162","2026-09-29T10:35:24.088365","1","0.9903543591499329","0.9958990216255188","3.942293643951416","-1.3074365854263306","22.667919158935547","359.3563987895364","0.053554040895813046","94.81375","77.60064230364011","REAL"
"2026-09-29T10:35:00.659042","163","2026-09-29T10:35:24.190381","1","0.9893174171447754","0.9932752251625061","4.422138214111328","-3.017012357711792","22.3411922454834","385.0589187039085","0.05490578297595841","96.57244362063639","77.87718216921384","REAL"
"2026-09-29T10:35:00.659042","164","2026-09-29T10:35:24.343592","1","0.9923635125160217","0.994285523891449","3.8148763179779053","-2.67141056060791","21.584800720214844","417.77961530192835","0.05451338784672118","95.87906054598139","77.83796817796349","REAL"
"2026-09-29T10:35:00.659042","165","2026-09-29T10:35:24.481407","1","0.9903543591499329","0.9939523935317993","3.9868829250335693","-3.382723093032837","21.51502227783203","431.23206954536465","0.059369202226345084","99.80351818723912","78.15331231715983","REAL"
"2026-09-29T10:35:00.659042","166","2026-09-29T10:35:24.596045","1","0.02372908592224121","0.004566192626953125","5.186898708343506","-1.6075571775436401","20.007539749145508","372.3025528707012","0.06196213425129088","104.16591320072332","78.46335220070792","REAL"
"2026-09-29T10:35:00.659042","167","2026-09-29T10:35:24.706774","1","0.9903543591499329","0.9900364875793457","4.791528224945068","-1.4130332469940186","17.025402069091797","379.3306036656504","0.06314044605183845","109.69339143064633","78.02320172334612","REAL"
"2026-09-29T10:35:00.659042","168","2026-09-29T10:35:24.826269","1","0.9868497848510742","0.9936156272888184","5.073644161224365","-0.6762318015098572","12.502978324890137","314.6061190311419","0.06602941176470588","113.9882219384135","76.69669763916038","REAL"
"2026-09-29T10:35:00.659042","169","2026-09-29T10:35:24.960337","1","0.990864634513855","0.9936156272888184","4.516877174377441","0.3605686128139496","7.238509654998779","353.8673197279515","0.07431124348473567","114.16531857528027","75.50811973837914","REAL"
"2026-09-29T10:35:00.659042","170","2026-09-29T10:35:25.078164","1","0.9903543591499329","0.9929311275482178","3.118112325668335","0.10976775735616684","3.2540159225463867","374.70200651919015","0.08045977011494253","114.73337028824834","73.88721123431874","REAL"
"2026-09-29T10:35:00.659042","171","2026-09-29T10:35:25.191992","1","0.9871754050254822","0.9915161728858948","2.5616047382354736","0.185674250125885","0.8604035973548889","455.7173672704612","0.08577810871183916","114.12019298992479","72.99637862426705","REAL"
"2026-09-29T10:35:00.659042","172","2026-09-29T10:35:25.320246","1","0.9868497848510742","0.9918758273124695","1.994495153427124","0.5878458619117737","-0.06144006922841072","451.53418883170133","0.08154253753311745","112.59715909090909","72.46862716891647","REAL"
"2026-09-29T10:35:00.659042","173","2026-09-29T10:35:25.445381","1","0.9848182797431946","0.9932752251625061","2.5825841426849365","0.2506026327610016","-0.09893480688333511","460.1415063795672","0.08145941921072226","113.7110632183908","72.51951971486136","REAL"
"2026-09-29T10:35:00.659042","174","2026-09-29T10:35:25.554023","1","0.9871754050254822","0.998312771320343","2.0017035007476807","-0.19925948977470398","-0.06929995119571686","466.5701786988488","0.08577810871183916","114.17787356321838","72.73490461601814","REAL"
"2026-09-29T10:35:00.659042","175","2026-09-29T10:35:25.696485","1","0.9882580041885376","0.9668617844581604","2.361231803894043","-0.27285176515579224","-0.6919289827346802","421.12356926478185","0.07830438622313807","114.04583333333333","73.42391321285909","REAL"
"2026-09-29T10:35:00.659042","176","2026-09-29T10:35:25.802520","1","0.9903543591499329","0.9952638149261475","2.5681064128875732","0.4066101014614105","-3.0162909030914307","381.10284819274705","0.08324646314221891","115.07733787427274","72.7639793211937","REAL"
"2026-09-29T10:35:00.659042","177","2026-09-29T10:35:25.907458","1","0.9938164353370667","0.9968274235725403","3.1522364616394043","1.9601521492004395","-9.136333465576172","373.3742371100553","0.08755274261603375","115.26695715323166","71.90285075474927","REAL"
"2026-09-29T10:35:00.659042","178","2026-09-29T10:35:26.040574","1","0.9947605133056641","0.9965211153030396","1.6431809663772583","4.629354476928711","-15.047554969787598","358.5874830802977","0.09375965400061785","114.92991071428571","69.88690267047883","REAL"
"2026-09-29T10:35:00.659042","179","2026-09-29T10:35:26.168779","1","0.9942908883094788","0.9971305727958679","2.2151894569396973","4.765294551849365","-18.123199462890625","624.9032392252883","0.10611677479147359","113.08125","67.93916838480182","REAL"
"2026-09-29T10:35:00.659042","180","2026-09-29T10:35:26.286803","1","0.9942908883094788","0.9952638149261475","2.4885663986206055","4.815953731536865","-17.879322052001953","635.7788868541196","0.11210131332082551","115.18705357142858","68.61498416984502","REAL"
"2026-09-29T10:35:00.659042","181","2026-09-29T10:35:26.398700","1","0.9952254295349121","0.9971305727958679","3.4879236221313477","4.3832173347473145","-17.534414291381836","614.5696717304162","0.10553470919324578","114.98978191245996","68.9080746839962","REAL"
"2026-09-29T10:35:00.659042","182","2026-09-29T10:35:26.502065","1","0.9938164353370667","0.9949411749839783","3.0009517669677734","4.376768589019775","-17.280771255493164","617.8808659912473","0.10699588477366255","113.91084337349398","68.85587053053383","REAL"
"2026-09-29T10:35:00.659042","183","2026-09-29T10:35:26.607619","1","0.9918690919876099","0.9962117075920105","2.253481864929199","4.196415901184082","-16.38712501525879","556.3558083994227","0.09892371003482114","114.40557228915662","68.99543025926019","REAL"
"2026-09-29T10:35:00.659042","184","2026-09-29T10:35:26.738984","1","0.004562854766845703","0.006523013114929199","4.414338111877441","2.333066940307617","-15.533814430236816","419.7573982534413","0.08040519151630263","116.35199023943876","69.52041162517881","REAL"
"2026-09-29T10:35:00.659042","185","2026-09-29T10:35:26.887051","1","0.9893174171447754","0.9965211153030396","4.131205081939697","1.270433783531189","-14.618586540222168","511.2093639996734","0.09201807228915662","117.19517930629041","71.23180977190282","REAL"
"2026-09-29T10:35:00.659042","186","2026-09-29T10:35:27.031229","1","0.9918690919876099","0.9965211153030396","4.625302314758301","0.8259149789810181","-12.979110717773438","525.0230884147207","0.09296445039416927","118.67915214866434","72.08320754815907","REAL"
"2026-09-29T10:35:00.659042","187","2026-09-29T10:35:27.141832","1","0.9898386597633362","0.9971305727958679","5.5129852294921875","0.43139931559562683","-10.41976261138916","490.5850548152503","0.09406231628453851","118.66096945923228","73.89717393261493","REAL"
"2026-09-29T10:35:00.659042","188","2026-09-29T10:35:27.247009","1","0.9903543591499329","0.99802166223526","5.598412990570068","-0.176315575838089","-8.153529167175293","463.0589311925121","0.09668302840993603","118.09349593495935","73.1706295327716","REAL"
"2026-09-29T10:35:00.659042","189","2026-09-29T10:35:27.438340","1","0.986605703830719","0.99802166223526","6.9999918937683105","-0.2651333808898926","-6.6737542152404785","551.6423498545723","0.10084783578759482","118.19250871080139","73.63494759405398","REAL"
"2026-09-29T10:35:00.659042","190","2026-09-29T10:35:27.539787","1","0.9893174171447754","0.9958990216255188","6.067950248718262","-0.5470070838928223","-5.103621006011963","475.38410110131827","0.09689013908423191","118.19991075412761","73.48623194773504","REAL"
"2026-09-29T10:35:00.659042","191","2026-09-29T10:35:27.681159","1","0.1954095959663391","0.021324872970581055","6.240508556365967","-0.25178414583206177","-3.044020175933838","439.15603893468545","0.08587662337662337","119.2766285890707","73.41537279253868","REAL"
"2026-09-29T10:35:00.659042","192","2026-09-29T10:35:27.842995","1","0.19043755531311035","0.021324872970581055","7.183413028717041","0.09974053502082825","-1.479346513748169","438.1620618727863","0.0849025974025974","118.31098609157681","73.69700891445737","REAL"
"2026-09-29T10:35:00.659042","193","2026-09-29T10:35:28.002698","1","0.007300853729248047","0.004566192626953125","7.1173295974731445","-0.8585376739501953","-1.6179977655410767","406.8147946424958","0.08173152055008595","115.93087349397591","73.78673403205025","REAL"
"2026-09-29T10:35:00.659042","194","2026-09-29T10:35:28.210576","1","0.9840072393417358","0.9952638149261475","6.421880722045898","-0.5638689398765564","-1.5912691354751587","483.25760674093453","0.08813877168307548","115.36807228915663","74.11349204775635","REAL"
"2026-09-29T10:35:00.659042","195","2026-09-29T10:35:28.332316","1","0.9863588809967041","0.9965211153030396","4.828750133514404","-0.23260922729969025","-1.4947408437728882","473.71623428054295","0.08586243709013268","112.49940476190476","73.93773924972265","REAL"
"2026-09-29T10:35:00.659042","196","2026-09-29T10:35:28.501456","1","0.9898386597633362","0.997727632522583","4.613598823547363","-0.7829954624176025","-1.4298042058944702","494.9638496069556","0.09028519139850541","111.40074404761904","73.01033418808542","REAL"
"2026-09-29T10:35:00.659042","197","2026-09-29T10:35:28.642757","1","0.9903543591499329","0.9955831170082092","4.741794109344482","-0.1918482929468155","-1.160395860671997","466.93690721286936","0.08662498093640385","110.43586309523809","73.34536936907483","REAL"
"2026-09-29T10:35:34.342737","1","2026-09-29T10:35:36.530532","1","0.19043755531311035","0.22126847505569458","17.8947696685791","-2.6526570320129395","1.7813389301300049","7.372549019607843","0.0","184.78490566037735","6.0895021399006515","REAL"
"2026-09-29T10:35:34.342737","2","2026-09-29T10:35:36.637624","1","0.43315184116363525","0.08612668514251709","15.48318862915039","-2.877291202545166","2.1870880126953125","4.9066128045605995","0.0","187.25548245614036","2.9686727991289255","REAL"
"2026-09-29T10:35:34.342737","3","2026-09-29T10:35:36.760885","1","0.2554110884666443","0.25589215755462646","10.072907447814941","1.0891159772872925","4.159457206726074","26.39300228194492","0.06717325227963526","146.48866213151928","73.13938395943194","REAL"
"2026-09-29T10:35:34.342737","4","2026-09-29T10:35:36.906620","1","0.5735950469970703","0.22126847505569458","6.154094696044922","-0.9848713874816895","2.2358126640319824","137.43589894095078","0.039627596084984486","99.67146118721462","74.88106891825073","REAL"
"2026-09-29T10:35:34.342737","5","2026-09-29T10:35:37.034151","1","0.7024589776992798","0.022249281406402588","4.3064866065979","-2.795384645462036","0.8915978074073792","178.84047007393676","0.04353715170278638","81.84761904761905","68.63900793340461","REAL"
"2026-09-29T10:35:34.342737","6","2026-09-29T10:35:37.156162","1","0.03194314241409302","0.012393414974212646","4.004725933074951","-2.464487314224243","0.7936158180236816","288.2350325156801","0.053475935828877004","86.36817359855334","68.20120270472736","REAL"
"2026-09-29T10:35:34.342737","7","2026-09-29T10:35:37.276439","1","0.2012934684753418","0.021324872970581055","3.917048931121826","-2.665597915649414","1.2759639024734497","401.57146925041445","0.06962025316455696","95.37395833333333","67.70731857412657","REAL"
"2026-09-29T10:35:34.342737","8","2026-09-29T10:35:37.398901","1","0.0","0.008479773998260498","2.7238175868988037","-3.062016487121582","1.6721628904342651","388.7506141036276","0.07606679035250463","107.90770042194093","69.55454322760541","REAL"
"2026-09-29T10:35:34.342737","9","2026-09-29T10:35:37.519098","1","0.9850823879241943","0.936539888381958","3.7931761741638184","-2.6386773586273193","1.5558980703353882","470.33549910180363","0.08715277777777777","114.21054387721054","72.08776383431835","REAL"
"2026-09-29T10:35:34.342737","10","2026-09-29T10:35:37.624975","1","0.9858568906784058","0.9363188147544861","3.618072986602783","-2.520686626434326","1.4293421506881714","454.66966133777004","0.08802083333333334","116.08075148319051","73.04823001055685","REAL"
"2026-09-29T10:35:34.342737","11","2026-09-29T10:35:37.762019","1","0.9845510721206665","0.9946150779724121","3.7614128589630127","-2.818558692932129","1.859971046447754","502.6304395759054","0.0898972602739726","116.46275543836519","73.96086614076084","REAL"
"2026-09-29T10:35:34.342737","12","2026-09-29T10:35:37.879411","1","0.9856016635894775","0.994285523891449","2.7098116874694824","-3.270169258117676","1.6667550802230835","473.18977338032465","0.08784246575342466","115.72227642276422","73.7404166551589","REAL"
"2026-09-29T10:35:34.342737","13","2026-09-29T10:35:38.017599","1","0.9877196550369263","0.9955831170082092","2.538546562194824","-2.835988759994507","1.2304364442825317","450.93802548991147","0.08674698795180723","110.65306122448979","73.55009091385662","REAL"
"2026-09-29T10:35:34.342737","14","2026-09-29T10:35:38.123506","1","0.9861093163490295","0.9952638149261475","3.0183568000793457","-2.7889671325683594","1.2616015672683716","434.29924839028376","0.08433734939759036","108.5530303030303","74.29895279411905","REAL"
"2026-09-29T10:35:34.342737","15","2026-09-29T10:35:38.242888","1","0.018253028392791748","0.006523013114929199","3.5145444869995117","-2.2118630409240723","1.3162766695022583","383.2467673843589","0.07127594627594627","106.23871928518243","74.42869959133482","REAL"
"2026-09-29T10:35:34.342737","16","2026-09-29T10:35:38.364151","1","0.7805240750312805","0.47919273376464844","2.808591604232788","-2.733142137527466","1.4696078300476074","409.1392371640197","0.07310744810744811","107.0521047983515","74.2962959179069","REAL"
"2026-09-29T10:35:34.342737","17","2026-09-29T10:35:38.483307","1","0.9942908883094788","0.9962117075920105","0.7786959409713745","-2.629559278488159","1.1927921772003174","446.65628794663826","0.07921245421245421","104.36355607889314","73.94879842839109","REAL"
"2026-09-29T10:35:34.342737","18","2026-09-29T10:35:38.605989","1","0.9938164353370667","0.9952638149261475","0.9866931438446045","-2.3066985607147217","1.2845454216003418","448.6070554525853","0.07937453462397617","101.06795977011494","73.31210134288013","REAL"
"2026-09-29T10:35:34.342737","19","2026-09-29T10:35:38.727185","1","0.9928528666496277","0.9965211153030396","2.3243625164031982","-2.3852272033691406","1.5090259313583374","422.2901300641089","0.07833209233060313","100.5193699446573","73.14789152937112","REAL"
"2026-09-29T10:35:34.342737","20","2026-09-29T10:35:38.848168","1","0.9947605133056641","0.9968274235725403","1.8367681503295898","-2.3981549739837646","1.5396995544433594","454.7206201650099","0.07714072970960537","98.77508159500496","72.99891481659287","REAL"
"2026-09-29T10:35:34.342737","21","2026-09-29T10:35:38.967696","1","0.9947605133056641","0.9965211153030396","1.5357455015182495","-2.6166865825653076","1.63558828830719","420.8504885374039","0.07401340282948622","98.08173690932311","72.94432302326605","REAL"
"2026-09-29T10:35:34.342737","22","2026-09-29T10:35:39.090568","1","0.9942908883094788","0.9965211153030396","0.9706600904464722","-2.367013931274414","1.6275993585586548","434.67267320943927","0.0722473604826546","97.37974683544304","73.0256645855771","REAL"
"2026-09-29T10:35:34.342737","23","2026-09-29T10:35:39.207080","1","0.9952254295349121","0.9968274235725403","1.4312814474105835","-2.1779026985168457","1.9889342784881592","426.94619904427077","0.07416232315711095","97.8801724137931","72.7469654774491","REAL"
"2026-09-29T10:35:34.342737","24","2026-09-29T10:35:39.310675","1","0.9970390796661377","0.9958990216255188","1.8540486097335815","-1.7054907083511353","2.0528745651245117","447.3628315487104","0.0759493670886076","99.83534482758621","73.12832889089799","REAL"
"2026-09-29T10:35:34.342737","25","2026-09-29T10:35:39.450863","1","0.9956856369972229","0.9974306225776672","2.060122013092041","-1.7887942790985107","2.356598138809204","452.4817330381089","0.0757020757020757","104.52863372093023","74.78015682337548","REAL"
"2026-09-29T10:35:34.342737","26","2026-09-29T10:35:39.575203","1","0.9938164353370667","0.9900364875793457","2.6219348907470703","-2.0557913780212402","2.5415945053100586","413.6001709252625","0.07310744810744811","105.3485465116279","75.7817687867307","REAL"
"2026-09-29T10:35:34.342737","27","2026-09-29T10:35:39.727947","1","0.9840072393417358","0.9861172437667847","3.5354442596435547","-1.9056777954101562","3.4293885231018066","383.42155791612066","0.06654456654456654","108.1","76.5339691263465","REAL"
"2026-09-29T10:35:34.342737","28","2026-09-29T10:35:39.853173","1","0.9913694858551025","0.9946150779724121","3.2332584857940674","2.461831569671631","8.154266357421875","386.54077486243233","0.07661782661782662","120.27005813953488","75.7880538309633","REAL"
"2026-09-29T10:35:34.342737","29","2026-09-29T10:35:39.975620","1","0.9903543591499329","0.9922314882278442","2.4984662532806396","5.0138468742370605","10.657159805297852","459.433582690966","0.08318070818070818","122.42970588235295","76.24849892390532","REAL"
"2026-09-29T10:35:34.342737","30","2026-09-29T10:35:40.099400","1","0.9923635125160217","0.9668617844581604","2.236855983734131","4.5765814781188965","11.523039817810059","461.9927142400048","0.07479267720231576","117.40220012055455","77.27476509219541","REAL"
"2026-09-29T10:35:34.342737","31","2026-09-29T10:35:40.221006","1","0.9515752792358398","0.7058058977127075","2.7869198322296143","4.102827548980713","11.686992645263672","432.8037657740611","0.07371794871794872","113.04724757138652","77.39069117529684","REAL"
"2026-09-29T10:35:34.342737","32","2026-09-29T10:35:40.354527","1","0.9856016635894775","0.9354024529457092","3.2143049240112305","3.537545680999756","11.713732719421387","426.550742722115","0.07073715562174236","109.88649425287356","77.04813797050018","REAL"
"2026-09-29T10:35:34.342737","33","2026-09-29T10:35:40.497476","1","0.9858568906784058","0.9872773885726929","3.1506154537200928","2.8968098163604736","11.576225280761719","449.9705591054579","0.07207743857036486","108.53879310344827","76.51117746254022","REAL"
"2026-09-29T10:35:34.342737","34","2026-09-29T10:35:40.619197","1","0.44215482473373413","0.026871562004089355","3.3934686183929443","2.527970790863037","11.071834564208984","412.66483479212417","0.06471306471306472","107.57065057403591","76.16459427204178","REAL"
"2026-09-29T10:35:34.342737","35","2026-09-29T10:35:40.738147","1","0.18340229988098145","0.023173749446868896","4.097960472106934","1.1099891662597656","8.84160327911377","362.6402453599644","0.06586270871985157","104.52941176470588","75.80531255749761","REAL"
"2026-09-29T10:35:34.342737","36","2026-09-29T10:35:40.857715","1","0.9861093163490295","0.9847822189331055","3.3531014919281006","-0.1665312796831131","4.086822032928467","306.309181288119","0.06822344322344322","100.53547247571386","73.75344396157188","REAL"
"2026-09-29T10:35:34.342737","37","2026-09-29T10:35:40.978374","1","0.986605703830719","0.9834141135215759","3.748109817504883","-1.1088534593582153","0.9789707064628601","314.4259950944453","0.06988249845392702","99.74448042390344","71.71884030338303","REAL"
"2026-09-29T10:35:34.342737","38","2026-09-29T10:35:41.100434","1","0.9837305545806885","0.9892709851264954","3.4785094261169434","-0.6523467898368835","-0.07157710194587708","384.5484630234538","0.07615075687364845","100.01537070524412","70.08446900482572","REAL"
"2026-09-29T10:35:34.342737","39","2026-09-29T10:35:41.224096","1","0.9868497848510742","0.9892709851264954","3.409926414489746","0.05855377018451691","-0.26702436804771423","378.00517078270053","0.07264957264957266","101.17176920812481","69.88161963794605","REAL"
"2026-09-29T10:35:34.342737","40","2026-09-29T10:35:41.350576","1","0.9903543591499329","0.9876855611801147","2.754514217376709","0.051435139030218124","-0.5767800211906433","347.03470439027353","0.07050092764378478","102.0307624374448","69.80257977230349","REAL"
"2026-09-29T10:35:34.342737","41","2026-09-29T10:35:41.467822","1","0.9848182797431946","0.9841023683547974","1.580116629600525","-0.7066330909729004","-0.9399887323379517","288.2457571716585","0.06136546184738956","101.73933209647495","67.5710973902479","REAL"
"2026-09-29T10:35:34.342737","42","2026-09-29T10:35:41.589190","1","0.9848182797431946","0.9841023683547974","-1.9966230392456055","-1.230156421661377","-2.196122646331787","267.8536754951533","0.0426706827309237","94.66473616473617","65.26157805207238","REAL"
"2026-09-29T10:35:34.342737","43","2026-09-29T10:35:41.704932","1","0.990864634513855","0.997727632522583","-6.635919094085693","-2.5949409008026123","-2.9543094635009766","290.90179891883474","0.033910034602076124","88.20541871921182","63.257001820670204","REAL"
"2026-09-29T10:35:34.342737","44","2026-09-29T10:35:41.831963","1","0.9928528666496277","0.994285523891449","-8.266780853271484","-1.392749309539795","-1.599913477897644","309.6143114675064","0.035854341736694675","87.51812555260831","64.61216389153357","REAL"
"2026-09-29T10:35:34.342737","45","2026-09-29T10:35:41.963845","1","0.9928528666496277","0.9929311275482178","-8.916085243225098","-1.9653130769729614","-0.7627535462379456","360.8426040047251","0.04189737910668143","90.24263649425288","65.39848729491143","REAL"
"2026-09-29T10:35:34.342737","46","2026-09-29T10:35:42.066747","1","0.9938164353370667","0.9915161728858948","-10.5861234664917","-2.3133201599121094","-0.7415331602096558","362.80716943548845","0.04245108896271687","94.51441202475685","65.50565148021902","REAL"
"2026-09-29T10:35:34.342737","47","2026-09-29T10:35:42.194558","1","0.9918690919876099","0.9922314882278442","-9.904108047485352","-3.135434627532959","-0.33099982142448425","352.19739123536124","0.047245564892623715","99.17842617152962","66.31444928183545","REAL"
"2026-09-29T10:35:34.342737","48","2026-09-29T10:35:42.314942","1","0.990864634513855","0.9958990216255188","-8.022845268249512","-1.945465087890625","0.1886870563030243","300.53462951209025","0.04452488687782805","107.5206724995711","65.87827632044413","REAL"
"2026-09-29T10:35:34.342737","49","2026-09-29T10:35:42.441116","1","0.9928528666496277","0.99802166223526","-2.232696533203125","-1.714424729347229","0.757375955581665","271.03258145905426","0.05228758169934641","114.5869941741458","67.75603852563214","REAL"
"2026-09-29T10:35:34.342737","50","2026-09-29T10:35:42.550601","1","0.990864634513855","0.994285523891449","1.8912746906280518","-0.9567320942878723","1.7620948553085327","288.64885304243234","0.06707410236822002","119.74799941801251","72.19289026873159","REAL"
"2026-09-29T10:35:34.342737","51","2026-09-29T10:35:42.674013","1","0.9903543591499329","0.994285523891449","5.404196262359619","0.859846293926239","2.8457484245300293","347.4181917649872","0.08913690476190476","118.51464254952627","73.13391765742911","REAL"
"2026-09-29T10:35:34.342737","52","2026-09-29T10:35:42.790723","1","0.9938164353370667","0.9932752251625061","5.6722564697265625","0.3266065716743469","3.1497886180877686","445.38892581637094","0.09452094090648308","108.38219822812846","73.30021188123851","REAL"
"2026-09-29T10:35:34.342737","53","2026-09-29T10:35:42.918709","1","0.9893174171447754","0.9900364875793457","5.809409141540527","-0.4947657585144043","3.198517084121704","364.93986326389677","0.09315310020570085","105.63884107860011","70.32949111841167","REAL"
"2026-09-29T10:35:34.342737","54","2026-09-29T10:35:43.048019","1","0.9845510721206665","0.9880889058113098","4.6942057609558105","-1.395666480064392","3.1196720600128174","512.4337351624667","0.09799651567944251","103.74138414121603","68.95551921772653","REAL"
"2026-09-29T10:35:34.342737","55","2026-09-29T10:35:43.163877","1","0.03877866268157959","0.004566192626953125","4.904293060302734","-2.4107298851013184","1.3303841352462769","361.4309331131855","0.0785363676929942","97.60873983739837","66.17678010018507","REAL"
"2026-09-29T10:35:34.342737","56","2026-09-29T10:35:43.282181","1","0.9858568906784058","0.9892709851264954","3.5966649055480957","-4.749528884887695","-2.9693946838378906","246.15884913636236","0.07260435038212816","88.24964976183804","62.8068651896557","REAL"
"2026-09-29T10:35:34.342737","57","2026-09-29T10:35:43.396212","1","0.9868497848510742","0.9925832152366638","0.970697283744812","-8.522089958190918","-9.486969947814941","248.74701449110265","0.06870007262164125","77.16978257859023","57.0461488638979","REAL"
"2026-09-29T10:35:34.342737","58","2026-09-29T10:35:43.523835","1","0.986605703830719","0.9925832152366638","1.4934260845184326","-11.843029022216797","-13.37444019317627","318.9233591116399","0.06460511033681765","71.72499299523676","53.11208346594789","REAL"
"2026-09-29T10:35:34.342737","59","2026-09-29T10:35:43.643169","1","0.9831671714782715","0.9955831170082092","1.7561227083206177","-16.410118103027344","-14.679049491882324","231.58761039497372","0.05488621151271754","67.33089500860585","51.47145439465197","REAL"
"2026-09-29T10:35:34.342737","60","2026-09-29T10:35:43.758675","1","0.9856016635894775","0.9958990216255188","2.264526844024658","-19.273277282714844","-14.752134323120117","265.51035984555887","0.05834803057025279","63.08419560595323","50.43165058047118","REAL"
"2026-09-29T10:35:34.342737","61","2026-09-29T10:35:43.883370","1","0.9606643915176392","0.9962117075920105","1.5910674333572388","-17.377647399902344","-14.113687515258789","267.6291893032522","0.054736245036868976","62.24927295388451","49.96067600373492","REAL"
"2026-09-29T10:35:34.342737","62","2026-09-29T10:35:44.002581","1","0.9850823879241943","0.9946150779724121","1.5772900581359863","-18.033218383789062","-13.404119491577148","214.20365517687344","0.0509581881533101","61.20678061081536","49.452469732594594","REAL"
"2026-09-29T10:35:34.342737","63","2026-09-29T10:35:44.125694","1","0.9485522508621216","0.3679760694503784","0.7148096561431885","-18.523176193237305","-12.00477123260498","163.4467360395838","0.0457516339869281","60.69990306051793","49.22602554729519","REAL"
"2026-09-29T10:35:34.342737","64","2026-09-29T10:35:44.247239","1","0.8898150324821472","0.2589155435562134","2.7552313804626465","-18.543292999267578","-9.934207916259766","127.95615158761395","0.042914479777709166","62.91534391534392","50.036784291168686","REAL"
"2026-09-29T10:35:34.342737","65","2026-09-29T10:35:44.358053","1","0.9035996794700623","0.16679900884628296","1.8714396953582764","-12.751158714294434","-6.431790828704834","145.29926445578232","0.05044642857142857","73.3433551198257","54.558062464527936","REAL"
"2026-09-29T10:35:34.342737","66","2026-09-29T10:35:44.489666","1","0.7024589776992798","0.047746360301971436","1.7887781858444214","-5.262974262237549","-2.5081369876861572","189.11199756855868","0.061755952380952384","85.63896766874646","60.10287410167193","REAL"
"2026-09-29T10:35:34.342737","67","2026-09-29T10:35:44.605314","1","0.04767268896102905","0.019214868545532227","4.251976013183594","-1.6017602682113647","0.05224578082561493","355.75785951557094","0.07661764705882353","92.1358024691358","62.0398451971553","REAL"
"2026-09-29T10:35:34.342737","68","2026-09-29T10:35:44.741885","1","0.04767268896102905","0.012393414974212646","3.549699068069458","-1.3448221683502197","0.6370577216148376","404.58897344431233","0.07701149425287357","92.45537694013304","62.55177415568812","REAL"
"2026-09-29T10:35:34.342737","69","2026-09-29T10:35:44.852254","1","0.029205143451690674","0.008479773998260498","4.18779182434082","-1.5461865663528442","0.4634877145290375","377.7644667186881","0.07600574712643678","92.52148004434589","62.462909915439965","REAL"
"2026-09-29T10:35:34.342737","70","2026-09-29T10:35:44.971920","1","0.02372908592224121","0.010436594486236572","3.7261154651641846","-1.7781598567962646","0.44379863142967224","397.3783258810609","0.07830459770114942","92.96119733924613","62.25440119177099","REAL"
"2026-09-29T10:35:34.342737","71","2026-09-29T10:35:45.086191","1","0.020991027355194092","0.012393414974212646","3.4215784072875977","-1.6923283338546753","0.5613805651664734","398.001771019124","0.07729885057471264","94.80113636363636","62.740364441038004","REAL"
"2026-09-29T10:35:34.342737","72","2026-09-29T10:35:45.217801","1","0.026467084884643555","0.019214868545532227","3.5393688678741455","-2.1206722259521484","0.4710388481616974","401.15378102705114","0.07816091954022988","97.04309866962306","62.729381287009495","REAL"
"2026-09-29T10:35:34.342737","73","2026-09-29T10:35:45.333456","1","0.018253028392791748","0.021324872970581055","3.2678062915802","-2.000598430633545","0.5516558289527893","476.1687617947802","0.08301404853128991","99.7816265060241","64.06242751100766","REAL"
"2026-09-29T10:35:34.342737","74","2026-09-29T10:35:45.450793","1","0.026467084884643555","0.021324872970581055","3.4827818870544434","-2.485694169998169","0.6301063895225525","396.09914484657816","0.08117816091954023","100.25983924611974","63.86956615039931","REAL"
"2026-09-29T10:35:34.342737","75","2026-09-29T10:35:45.575799","1","0.020991027355194092","0.021324872970581055","3.840970039367676","-2.7829222679138184","0.7585742473602295","474.8934037309428","0.08585213566056478","100.9750821467689","64.83695899752641","REAL"
"2026-09-29T10:35:34.342737","76","2026-09-29T10:35:45.699689","1","0.020991027355194092","0.0208626389503479","3.5432004928588867","-2.011484146118164","0.6122229695320129","404.95399912471925","0.08290229885057471","100.44983370288249","64.41860468594531","REAL"
"2026-09-29T10:35:34.342737","77","2026-09-29T10:35:45.811825","1","0.004562854766845703","0.004566192626953125","3.2684619426727295","-2.9207205772399902","0.873875081539154","474.4762105158437","0.0817099567099567","100.18235294117648","66.4086463951216","REAL"
"2026-09-29T10:35:34.342737","78","2026-09-29T10:35:45.931645","1","0.007300853729248047","0.012393414974212646","4.163960933685303","-2.7382938861846924","0.6643996238708496","467.70817761100216","0.08122895622895623","98.26961178045515","65.22010617322603","REAL"
"2026-09-29T10:35:34.342737","79","2026-09-29T10:35:46.048009","1","0.03877866268157959","0.0208626389503479","3.466456651687622","-2.0488839149475098","0.6467931270599365","459.5256162250702","0.08389450056116723","98.24979919678715","65.17380929713794","REAL"
"2026-09-29T10:35:34.342737","80","2026-09-29T10:35:46.188061","1","0.03877866268157959","0.0208626389503479","2.9720072746276855","-2.2676069736480713","0.5648326873779297","423.5974563457838","0.08287214417482616","99.33351588170865","64.80513544358976","REAL"
"2026-09-29T10:35:34.342737","81","2026-09-29T10:35:46.292554","1","0.08147144317626953","0.019214868545532227","2.941699266433716","-1.9531159400939941","0.46551916003227234","400.913597074845","0.08235129068462402","98.59665327978581","65.3379226692472","REAL"
"2026-09-29T10:35:34.342737","82","2026-09-29T10:35:46.415805","1","0.020991027355194092","0.0208626389503479","2.7962114810943604","-2.150347948074341","0.9324429631233215","393.4132275492171","0.08179012345679013","98.46345381526105","65.08691493458329","REAL"
"2026-09-29T10:35:34.342737","83","2026-09-29T10:35:46.555293","1","0.04767268896102905","0.012393414974212646","3.142791748046875","-2.119619846343994","0.8167768120765686","396.1422501463898","0.08244643110543494","99.76601861993429","65.20156119600318","REAL"
"2026-09-29T10:35:34.342737","84","2026-09-29T10:35:46.655484","1","0.15179461240768433","0.019214868545532227","2.595369577407837","-1.9659415483474731","0.6238414645195007","399.34594161695935","0.08315595288775365","101.01423877327491","65.25692809753778","REAL"
"2026-09-29T10:35:34.342737","85","2026-09-29T10:35:46.782998","1","0.15823310613632202","0.021324872970581055","3.532878875732422","-1.996403694152832","0.7222409844398499","393.37698405915575","0.08520114942528735","102.65659645232816","65.44022958611029","REAL"
"2026-09-29T10:35:34.342737","86","2026-09-29T10:35:46.897551","1","0.05803883075714111","0.012393414974212646","3.021735429763794","-2.1563384532928467","0.64207923412323","389.6061959968292","0.08477011494252873","102.76759977827051","65.57763892812468","REAL"
"2026-09-29T10:35:34.342737","87","2026-09-29T10:35:47.021819","1","0.08553206920623779","0.019214868545532227","2.779578924179077","-2.4793548583984375","0.6511768698692322","388.35239166336373","0.08548850574712644","102.94124168514412","66.14760116193311","REAL"
"2026-09-29T10:35:34.342737","88","2026-09-29T10:35:47.144560","1","0.044218361377716064","0.0208626389503479","3.203672170639038","-2.3185973167419434","0.7997958660125732","396.569528256705","0.08591954022988506","103.14537139689578","66.02412180286755","REAL"
"2026-09-29T10:35:34.342737","89","2026-09-29T10:35:47.264853","1","0.05539274215698242","0.021324872970581055","3.122124671936035","-1.8106160163879395","0.7551550269126892","389.3188639310015","0.08433908045977012","102.90396341463415","66.29710855623058","REAL"
"2026-09-29T10:35:34.342737","90","2026-09-29T10:35:47.386437","1","0.059361934661865234","0.022711515426635742","3.1891372203826904","-2.5728700160980225","0.6143108606338501","393.337494715286","0.08419540229885057","102.69456762749445","66.34083199994544","REAL"
"2026-09-29T10:35:34.342737","91","2026-09-29T10:35:47.508556","1","0.9863588809967041","0.994285523891449","2.1335182189941406","-2.251601457595825","0.7672774195671082","480.20968831274183","0.09603658536585366","102.04926372155288","66.77608277206434","REAL"
"2026-09-29T10:35:34.342737","92","2026-09-29T10:35:47.625829","1","0.9877196550369263","0.9946150779724121","2.995414972305298","-2.2969706058502197","0.7661996483802795","485.2444560713812","0.09714523281596453","102.0623828647925","66.95498990594021","REAL"
"2026-09-29T10:35:34.342737","93","2026-09-29T10:35:47.747407","1","0.9903543591499329","0.9936156272888184","2.460084915161133","-2.2096989154815674","0.6887897849082947","484.2847247977824","0.09451219512195122","101.49437751004017","67.072578787072","REAL"
"2026-09-29T10:35:34.342737","94","2026-09-29T10:35:47.862867","1","0.9928528666496277","0.9965211153030396","2.2587637901306152","-2.403493642807007","0.6782495975494385","555.2053534144068","0.10199556541019955","102.80251322751323","67.70230916033337","REAL"
"2026-09-29T10:35:34.342737","95","2026-09-29T10:35:47.989547","1","0.9956856369972229","0.9946150779724121","2.3640105724334717","-3.2553465366363525","0.7527878880500793","649.8157436389489","0.10350492880613363","103.46366013071895","68.5521569456247","REAL"
"2026-09-29T10:35:34.342737","96","2026-09-29T10:35:48.106371","1","0.9956856369972229","0.9952638149261475","1.9800399541854858","-2.247173547744751","0.48854342103004456","574.394556644381","0.10323110624315443","101.03098039215686","68.21083583407126","REAL"
"2026-09-29T10:35:34.342737","97","2026-09-29T10:35:48.233045","1","0.9956856369972229","0.9958990216255188","2.325820207595825","-2.3546035289764404","0.4704635441303253","577.7626849179699","0.10144124168514412","96.09892904953146","66.51548711109938","REAL"
"2026-09-29T10:35:34.342737","98","2026-09-29T10:35:48.351829","1","0.9947605133056641","0.9952638149261475","1.9740782976150513","-2.793070077896118","0.6091005206108093","555.6258473916076","0.09775465498357065","96.52352941176471","67.17568835894055","REAL"
"2026-09-29T10:35:34.342737","99","2026-09-29T10:35:48.473080","1","0.9952254295349121","0.9955831170082092","2.1877574920654297","-2.87685227394104","0.7540178894996643","567.6630848668394","0.0968680709534368","94.10462962962963","66.16103714203237","REAL"
"2026-09-29T10:35:34.342737","100","2026-09-29T10:35:48.587772","1","0.9961413145065308","0.9946150779724121","2.0321168899536133","-3.0668392181396484","0.6401742100715637","576.8652703741624","0.09714523281596453","93.01507936507936","65.70616236406407","REAL"
"2026-09-29T10:35:34.342737","101","2026-09-29T10:35:48.714622","1","0.9938164353370667","0.994285523891449","2.3659441471099854","-2.4173192977905273","0.8409855961799622","434.40632103741353","0.08298289879450518","91.18222891566265","64.33010224997282","REAL"
"2026-09-29T10:35:34.342737","102","2026-09-29T10:35:48.830737","1","0.9942908883094788","0.9929311275482178","1.5968780517578125","-2.5597031116485596","0.6514232158660889","499.4204028470493","0.08844967760022428","90.71279761904762","64.59100352722386","REAL"
"2026-09-29T10:35:34.342737","103","2026-09-29T10:35:48.932502","1","0.9942908883094788","0.9946150779724121","2.1844372749328613","-2.8576929569244385","0.9205337762832642","553.5751599266522","0.09307541351275582","91.1387987012987","64.84471084802374","REAL"
"2026-09-29T10:35:34.342737","104","2026-09-29T10:35:49.033937","1","0.9942908883094788","0.9949411749839783","1.4039233922958374","-2.2154042720794678","0.753361701965332","559.5289175538715","0.09811529933481153","92.98055555555555","65.25954707433576","REAL"
"2026-09-29T10:35:34.342737","105","2026-09-29T10:35:49.153597","1","0.9956856369972229","0.9962117075920105","2.407221555709839","-2.4832029342651367","0.7566380500793457","597.5455656510929","0.10137100124636476","96.25487012987013","65.64305598304102","REAL"
"2026-09-29T10:35:34.342737","106","2026-09-29T10:35:49.275870","1","0.9947605133056641","0.9958990216255188","2.7112975120544434","-2.5288710594177246","0.7727692723274231","629.3651422190304","0.10117743702081052","98.9234126984127","66.31090457535748","REAL"
"2026-09-29T10:35:34.342737","107","2026-09-29T10:35:49.393364","1","0.9965924024581909","0.9965211153030396","1.9170650243759155","-2.2796621322631836","0.5834639072418213","570.0051029124734","0.10171840354767184","99.96415343915343","66.87235064779496","REAL"
"2026-09-29T10:35:34.342737","108","2026-09-29T10:35:49.520185","1","0.9956856369972229","0.9962117075920105","3.1005048751831055","-2.8708932399749756","1.1297507286071777","576.7355848176754","0.1018569844789357","100.68584656084656","67.11256918444789","REAL"
"2026-09-29T10:35:34.342737","109","2026-09-29T10:35:49.634509","1","0.9947605133056641","0.9952638149261475","2.4274022579193115","-3.235299587249756","1.722227692604065","620.8930324754159","0.1041894852135816","100.65512227362855","68.10860191046746","REAL"
"2026-09-29T10:35:34.342737","110","2026-09-29T10:35:49.757602","1","0.9952254295349121","0.9965211153030396","3.351088047027588","-2.1123063564300537","5.05366325378418","407.7981274327977","0.09670014347202295","102.17255227807783","69.08793410939737","REAL"
"2026-09-29T10:35:34.342737","111","2026-09-29T10:35:49.879181","1","0.9913694858551025","0.997727632522583","4.36508846282959","-2.3620352745056152","11.555006980895996","384.99234513408305","0.0961764705882353","107.06363891225119","70.55087528411606","REAL"
"2026-09-29T10:35:34.342737","112","2026-09-29T10:35:50.001928","1","0.9861093163490295","0.7252373695373535","4.1203227043151855","-2.144449472427368","18.654645919799805","286.0537942864523","0.07997557997557997","111.67863372093024","72.4084029027293","REAL"
"2026-09-29T10:35:34.342737","113","2026-09-29T10:35:50.121458","1","0.986605703830719","0.7252373695373535","4.437315464019775","-3.899388551712036","23.768909454345703","336.82660939790543","0.07127396413110698","104.49034690799397","74.67222380426085","REAL"
"2026-09-29T10:35:34.342737","114","2026-09-29T10:35:50.242259","1","0.9498605728149414","0.6884933710098267","4.706847190856934","-4.674208641052246","25.3221492767334","434.3505853461004","0.07300150829562595","97.2226102138804","74.58182308705007","REAL"
"2026-09-29T10:35:34.342737","115","2026-09-29T10:35:50.366165","1","0.7805240750312805","0.4685542583465576","5.006629943847656","-4.893829345703125","24.90390968322754","354.33775923688887","0.06923076923076923","95.99199767205005","73.7495738629655","REAL"
"2026-09-29T10:35:34.342737","116","2026-09-29T10:35:50.480969","1","0.9022865295410156","0.6963686943054199","5.170819282531738","-4.180077075958252","24.148319244384766","411.095751952342","0.07238899312070043","96.00505952380952","73.43308201297988","REAL"
"2026-09-29T10:35:34.342737","117","2026-09-29T10:35:50.607170","1","0.16528689861297607","0.022711515426635742","5.8321852684021","-2.216383695602417","21.872209548950195","376.3987764680405","0.07054673721340388","101.25179197803874","72.59077323335156","REAL"
"2026-09-29T10:35:34.342737","118","2026-09-29T10:35:50.726344","1","0.010038912296295166","0.0208626389503479","5.182535171508789","-0.5993356704711914","18.453632354736328","341.0312254552928","0.0698490163184383","103.82524985302763","71.46776387355158","REAL"
"2026-09-29T10:35:34.342737","119","2026-09-29T10:35:50.840622","1","0.9923635125160217","0.9925832152366638","6.115986347198486","0.44965827465057373","15.76596736907959","400.3672558441289","0.08677567412507171","103.09607843137255","70.3558622402432","REAL"
"2026-09-29T10:35:34.342737","120","2026-09-29T10:35:50.968060","1","0.9928528666496277","0.9962117075920105","6.725597858428955","0.3929177224636078","14.021092414855957","509.3788354323237","0.08918601234205113","101.89484126984127","70.75115077650183","REAL"
"2026-09-29T10:35:34.342737","121","2026-09-29T10:35:51.088546","1","0.9947605133056641","0.9968274235725403","7.701655864715576","1.0736732482910156","12.298001289367676","517.5775398796767","0.09348236318769051","97.55654761904762","69.9127568550566","REAL"
"2026-09-29T10:35:34.342737","122","2026-09-29T10:35:51.203213","1","0.9928528666496277","0.9952638149261475","7.623331069946289","-0.20568160712718964","11.226327896118164","523.7056994915603","0.09565974742342866","95.57638888888889","69.620251547295","REAL"
"2026-09-29T10:35:34.342737","123","2026-09-29T10:35:51.330179","1","0.9918690919876099","0.9955831170082092","8.403977394104004","-0.297972708940506","10.498305320739746","518.3151355059526","0.09014370735955872","93.1327947845805","69.28035752006153","REAL"
"2026-09-29T10:35:34.342737","124","2026-09-29T10:35:51.453647","1","0.9882580041885376","0.9955831170082092","8.79704475402832","-0.5228627324104309","10.048868179321289","517.6828035277523","0.09115982000290318","95.61791383219955","69.54375111072451","REAL"
"2026-09-29T10:35:34.342737","125","2026-09-29T10:35:51.573901","1","0.32690995931625366","0.5363578200340271","8.886605262756348","-1.0498719215393066","7.24290132522583","396.56408065113766","0.08639240506329114","99.51851851851852","68.24670183522028","REAL"
"2026-09-29T10:35:34.342737","126","2026-09-29T10:35:51.693231","1","0.9918690919876099","0.9968274235725403","7.276524066925049","-2.1975183486938477","2.1668193340301514","430.00942696645336","0.0931920452895921","100.14824263038548","68.97079155421228","REAL"
"2026-09-29T10:35:34.342737","127","2026-09-29T10:35:51.813577","1","0.9918690919876099","0.9974306225776672","7.283349990844727","-4.082759380340576","-4.512221813201904","430.3328501825799","0.10123420511313547","104.91510770975057","68.36746301066373","REAL"
"2026-09-29T10:35:34.342737","128","2026-09-29T10:35:51.941416","1","0.9871754050254822","0.9968274235725403","6.625563144683838","-4.270074844360352","-10.495890617370605","407.48837138646263","0.10058840011207622","110.29570333880679","68.24217956550544","REAL"
"2026-09-29T10:35:34.342737","129","2026-09-29T10:35:52.056578","1","0.9871754050254822","0.9971305727958679","6.6671342849731445","-3.7068796157836914","-14.48277759552002","482.79806974168787","0.11018826135105204","111.43660477453581","66.24323934650154","REAL"
"2026-09-29T10:35:34.342737","130","2026-09-29T10:35:52.170","1","0.9868497848510742","0.9958990216255188","7.7349324226379395","-3.2915725708007812","-15.85853099822998","780.2306388792434","0.1207801950487622","116.77663352272727","67.39037157695802","REAL"
"2026-09-29T10:35:34.342737","131","2026-09-29T10:35:52.296042","1","0.9837305545806885","0.997727632522583","7.4900054931640625","-3.603492021560669","-15.654605865478516","788.4443891824419","0.11890472618154539","117.87842712842713","67.49187335490582","REAL"
"2026-09-29T10:35:34.342737","132","2026-09-29T10:35:52.417240","1","0.9863588809967041","0.9965211153030396","7.5958356857299805","-3.565059185028076","-15.288076400756836","688.7368587387845","0.12096774193548387","118.6548132183908","67.37551653434436","REAL"
"2026-09-29T10:35:34.342737","133","2026-09-29T10:35:52.542163","1","0.9858568906784058","0.9955831170082092","7.791282653808594","-3.640291929244995","-14.451704025268555","727.8568741025822","0.12030812324929972","123.93847194050034","69.73919443660833","REAL"
"2026-09-29T10:35:34.342737","134","2026-09-29T10:35:52.652921","1","0.9848182797431946","0.8745412826538086","9.09800910949707","-5.3130669593811035","-12.533329963684082","517.0973618883369","0.10771658060814687","123.92790697674418","70.03260820235616","REAL"
"2026-09-29T10:35:34.342737","135","2026-09-29T10:35:52.783774","1","0.9842807650566101","0.937804639339447","8.94879150390625","-7.019620418548584","-10.657306671142578","546.5903202278099","0.10739253309534434","117.77352266207689","70.07930860115954","REAL"
"2026-09-29T10:35:34.342737","136","2026-09-29T10:35:52.897077","1","0.9928528666496277","0.9974306225776672","9.227746963500977","-8.450451850891113","-9.367574691772461","569.9281763450693","0.10895061728395061","112.04224304625912","69.6837952880273","REAL"
"2026-09-29T10:35:34.342737","137","2026-09-29T10:35:53.015174","1","0.9903543591499329","0.9965211153030396","9.184216499328613","-8.136358261108398","-8.504996299743652","607.1303260695402","0.1120253164556962","106.58689024390245","68.8267248955056","REAL"
"2026-09-29T10:35:34.342737","138","2026-09-29T10:35:53.175767","1","0.9918690919876099","0.9958990216255188","9.021195411682129","-8.693713188171387","-7.887085437774658","605.7080077148437","0.1096875","101.79659741041854","68.38322831183324","REAL"
"2026-09-29T10:35:34.342737","139","2026-09-29T10:35:53.304008","1","0.9938164353370667","0.9958990216255188","9.188624382019043","-9.294389724731445","-7.593592643737793","550.247225","0.1034375","97.34428911362285","67.3606013948136","REAL"
"2026-09-29T10:35:34.342737","140","2026-09-29T10:35:53.424569","1","0.9933371543884277","0.9946150779724121","9.601677894592285","-10.649781227111816","-7.634022235870361","504.1435105551995","0.09430379746835443","93.02006172839506","64.9064466732641","REAL"
"2026-09-29T10:35:34.342737","141","2026-09-29T10:35:53.540658","1","0.007300853729248047","0.008479773998260498","11.960454940795898","-16.4714412689209","-6.748202800750732","217.5412308027193","0.061938061938061936","79.96362762377824","58.90447096615852","REAL"
"2026-09-29T10:35:34.342737","142","2026-09-29T10:35:53.665936","1","0.13616210222244263","0.3679760694503784","11.24743366241455","-32.86510467529297","-7.108637809753418","53.06919110495537","0.024210526315789474","58.50978407557355","51.67379162572665","REAL"
"2026-09-29T10:35:34.342737","143","2026-09-29T10:35:53.907175","1","0.990864634513855","0.7588732242584229","8.285093307495117","-46.66846466064453","-4.009705543518066","18.520703472441753","0.008981424780567463","33.626664094153966","33.614395278577746","REAL"
"2026-09-29T10:35:34.342737","144","2026-09-29T10:35:54.024865","1","0.9498605728149414","0.3970256447792053","7.23575496673584","-52.722442626953125","-1.8588428497314453","117.6235471417457","0.015113798008534851","37.93213675213675","41.64985518959979","REAL"
"2026-09-29T10:35:34.342737","145","2026-09-29T10:35:54.153304","1","0.986605703830719","0.8310790657997131","7.797323703765869","-49.65216827392578","-1.0160958766937256","118.22104761155151","0.01471861471861472","39.38757495003331","41.73640976711317","REAL"
"2026-09-29T10:35:34.342737","146","2026-09-29T10:35:54.279433","1","0.7952913045883179","0.006523013114929199","6.834893226623535","-52.29903030395508","-2.562077522277832","86.64154521841795","0.014025974025974027","41.99473943777741","41.917562002323606","REAL"
"2026-09-29T10:35:34.342737","147","2026-09-29T10:35:54.389835","1","0.9472037553787231","0.0888165831565857","8.094816207885742","-51.49477005004883","-1.6265612840652466","119.70554989766475","0.015825035561877667","43.527834008097166","43.00082659224322","REAL"
"2026-09-29T10:35:34.342737","148","2026-09-29T10:35:54.510871","1","0.9848182797431946","0.8628342747688293","7.134085655212402","-50.43909454345703","-2.176771402359009","109.70310543983653","0.014429223744292237","41.532539118065436","40.130136025815574","REAL"
"2026-09-29T10:35:34.342737","149","2026-09-29T10:35:54.624359","1","0.9856016635894775","0.5413478016853333","8.207923889160156","-52.94608688354492","-1.6411309242248535","109.23612530326238","0.013157894736842105","39.054871794871794","41.58013041701991","REAL"
"2026-09-29T10:35:34.342737","150","2026-09-29T10:35:54.754815","1","0.9510332942008972","0.8650642037391663","9.130173683166504","-52.12775802612305","-2.6498446464538574","96.52675678989179","0.013333333333333334","34.440078236130866","37.68794959290503","REAL"
"2026-09-29T10:35:34.342737","151","2026-09-29T10:35:54.873351","1","0.9840072393417358","0.767783522605896","8.281096458435059","-46.53216552734375","-1.5690325498580933","48.18308771664038","0.010818534394774443","32.75110939610264","35.30909497761635","REAL"
"2026-09-29T10:35:34.342737","152","2026-09-29T10:35:54.988292","1","0.4151104688644409","0.022711515426635742","6.793843746185303","-41.47524642944336","-0.054510630667209625","65.33922283775584","0.010064412238325281","39.131584024696124","43.479571469726324","REAL"
"2026-09-29T10:35:34.342737","153","2026-09-29T10:35:55.118631","1","0.9825901985168457","0.9713870286941528","10.085627555847168","-25.822261810302734","3.64414119720459","111.27333373812336","0.028051948051948054","66.24662618083671","65.26331156779803","REAL"
"2026-09-29T10:35:34.342737","154","2026-09-29T10:35:55.229664","1","0.9947605133056641","0.9955831170082092","6.15515661239624","-9.50861644744873","6.540063858032227","238.62100952883202","0.05469604625722769","87.18373493975903","70.868656983724","REAL"
"2026-09-29T10:35:34.342737","155","2026-09-29T10:35:55.358157","1","0.9947605133056641","0.9974306225776672","4.457525253295898","-4.396986484527588","5.568385601043701","356.036030643462","0.071104860134396","96.30873493975903","71.5240913720153","REAL"
"2026-09-29T10:35:34.342737","156","2026-09-29T10:35:55.480298","1","0.9933371543884277","0.9968274235725403","5.375656604766846","-2.442655563354492","4.954220771789551","394.90131586587313","0.08087349397590361","100.92504409171076","70.84292991583825","REAL"
"2026-09-29T10:35:34.342737","157","2026-09-29T10:35:55.610669","1","0.9938164353370667","0.9968274235725403","3.9406869411468506","-2.42134428024292","4.243541240692139","409.0923065561821","0.0819697437480704","103.31863609641387","70.32266817855097","REAL"
"2026-09-29T10:35:34.342737","158","2026-09-29T10:35:55.711803","1","0.9918690919876099","0.998312771320343","5.528099060058594","-2.3127942085266113","2.965172290802002","413.04781706519066","0.07986738999397228","102.7352214960058","69.59954998308929","REAL"
"2026-09-29T10:35:34.342737","159","2026-09-29T10:35:55.843409","1","0.9923635125160217","0.997727632522583","3.661912441253662","-1.7093979120254517","2.1654140949249268","435.10665015218285","0.08755274261603375","103.68561584840654","69.175129977014","REAL"
"2026-09-29T10:35:34.342737","160","2026-09-29T10:35:55.972483","1","0.9918690919876099","0.9968274235725403","4.821569919586182","-2.23779034614563","1.7192597389221191","421.55007839874906","0.08802376485303315","106.77380952380952","68.5576488717405","REAL"
"2026-09-29T10:35:34.342737","161","2026-09-29T10:35:56.074591","1","0.001824796199798584","0.0026093721389770508","5.60140323638916","-0.23492462933063507","0.49044474959373474","256.0333864628448","0.0690454124189064","109.15","68.39405997947622","REAL"
"2026-09-29T10:35:34.342737","162","2026-09-29T10:35:56.204361","1","0.012776970863342285","0.004566192626953125","3.8995018005371094","12.451241493225098","-0.3360558748245239","230.95664461987587","0.05468025949953661","113.05560578661844","62.485953191195605","REAL"
"2026-09-29T10:35:34.342737","163","2026-09-29T10:35:56.330165","1","0.6711785793304443","0.3513319492340088","5.489175319671631","35.092586517333984","1.4083808660507202","350.18719181884586","0.058738738738738736","99.5939393939394","64.45918173895168","REAL"
"2026-09-29T10:35:34.342737","164","2026-09-29T10:35:56.446656","1","0.7734758257865906","0.41945070028305054","2.883516788482666","48.08570861816406","2.652517795562744","446.0074724197958","0.07741013071895425","92.65146771037182","68.04427916009733","REAL"
"2026-09-29T10:35:34.342737","165","2026-09-29T10:35:56.558838","1","0.8972601294517517","0.9880889058113098","4.017376899719238","54.93387222290039","1.1393698453903198","412.74197101133785","0.07104761904761905","86.95102339181287","66.43314208566174","REAL"
"2026-09-29T10:35:34.342737","166","2026-09-29T10:35:56.698395","1","0.29744672775268555","0.6963686943054199","4.3436689376831055","54.74091339111328","1.1245486736297607","480.0588272301831","0.07237783684318136","85.43517430473952","64.65257877731383","REAL"
"2026-09-29T10:35:34.342737","167","2026-09-29T10:35:56.800198","1","0.27911096811294556","0.8650642037391663","4.445432662963867","52.96817398071289","1.1046142578125","585.3743703486876","0.07636443661971831","88.21495726495726","63.02450302389088","REAL"
"2026-09-29T10:35:34.342737","168","2026-09-29T10:35:56.926840","1","0.9497048854827881","0.8661791086196899","3.0817508697509766","56.2219352722168","0.21254950761795044","544.8880060424674","0.08186026936026936","92.11920129084308","63.43418665923939","REAL"
"2026-09-29T10:35:34.342737","169","2026-09-29T10:35:57.045634","1","0.986605703830719","0.6780469417572021","1.6145572662353516","51.505985260009766","-1.1478009223937988","546.7347806706271","0.08340048348106366","94.68457142857143","63.89240606234339","REAL"
"2026-09-29T10:35:34.342737","170","2026-09-29T10:35:57.168948","1","0.9918690919876099","0.6702355742454529","1.8382185697555542","48.32282638549805","-1.4700123071670532","496.47479484643753","0.09078099838969404","96.6973734297678","64.38013833755441","REAL"
"2026-09-29T10:35:34.342737","171","2026-09-29T10:35:57.282022","1","0.9942908883094788","0.9918758273124695","0.8461411595344543","41.64457321166992","-0.27229198813438416","485.5022014190631","0.08124106960604205","102.70833333333333","64.20286741668016","REAL"
"2026-09-29T10:35:34.342737","172","2026-09-29T10:35:57.404083","1","0.7338244915008545","0.7337781190872192","2.719872236251831","23.2620792388916","-1.1366732120513916","417.7311591496754","0.07505794259226244","114.7404109589041","64.81305368981033","REAL"
"2026-09-29T10:35:34.342737","173","2026-09-29T10:35:57.530815","1","0.9942908883094788","0.9946150779724121","1.8343318700790405","12.443744659423828","-1.9983186721801758","319.8407174351222","0.08793650793650794","121.25657894736842","64.85263720775495","REAL"
"2026-09-29T10:35:34.342737","174","2026-09-29T10:35:57.648290","1","0.9956856369972229","0.9946150779724121","1.2525203227996826","6.0928168296813965","-1.1083452701568604","434.72049123241806","0.09539270253555968","120.18306499701849","66.8234388010206","REAL"
"2026-09-29T10:35:34.342737","175","2026-09-29T10:35:57.766246","1","0.9918690919876099","0.994285523891449","2.4771804809570312","3.755894660949707","-0.44177791476249695","569.6126249206977","0.10009398496240601","116.48731501057082","67.62541447521681","REAL"
"2026-09-29T10:35:34.342737","176","2026-09-29T10:35:57.894378","1","0.9965924024581909","0.9965211153030396","2.4174699783325195","2.892317771911621","-0.1320170760154724","464.6329372491133","0.09353202282815472","115.16465677179963","67.7210958369484","REAL"
"2026-09-29T10:35:34.342737","177","2026-09-29T10:35:58.008988","1","0.9961413145065308","0.9958990216255188","2.5885093212127686","1.8775596618652344","0.16053932905197144","533.8535189045339","0.09895582329317269","114.7200061842919","69.05215681222776","REAL"
"2026-09-29T10:35:34.342737","178","2026-09-29T10:35:58.127333","1","0.9961413145065308","0.9952638149261475","3.582435131072998","1.3805700540542603","0.39369094371795654","516.4186499185497","0.09526104417670683","112.5669449598021","68.92675346147145","REAL"
"2026-09-29T10:35:34.342737","179","2026-09-29T10:35:58.274785","1","0.9952254295349121","0.9932752251625061","2.76073956489563","1.7176666259765625","0.36782246828079224","523.0228195287173","0.09959839357429719","111.42594310451453","68.64884420415943","REAL"
"2026-09-29T10:35:34.342737","180","2026-09-29T10:35:58.409235","1","0.9961413145065308","0.9946150779724121","3.0786266326904297","1.939051628112793","0.14354631304740906","546.3859109756679","0.10038986354775828","109.53606634329526","67.81734218174446","REAL"
"2026-09-29T10:35:34.342737","181","2026-09-29T10:35:58.538862","1","0.9965924024581909","0.9936156272888184","3.2739408016204834","1.8184477090835571","0.5264570116996765","515.3500511851167","0.0926302613049601","106.41697191697192","67.97498376382843","REAL"
"2026-09-29T10:35:34.342737","182","2026-09-29T10:35:58.660363","1","0.02372908592224121","0.004566192626953125","3.53513240814209","1.5150163173675537","0.5457351207733154","373.4250841097595","0.07736207989854153","107.10405071119357","67.15045892063287","REAL"
"2026-09-29T10:35:34.342737","183","2026-09-29T10:35:58.785148","1","0.001824796199798584","0.0026093721389770508","1.9601315259933472","0.8829825520515442","0.07159493863582611","318.54668542275385","0.06587837837837837","108.09837398373983","65.87094981762748","REAL"
"2026-09-29T10:35:34.342737","184","2026-09-29T10:35:58.898285","1","0.007300853729248047","0.004566192626953125","-0.7649828195571899","1.971207857131958","-0.20220312476158142","315.84048313137754","0.04089285714285714","105.34112466124661","65.32682450432708","REAL"
"2026-09-29T10:35:34.342737","185","2026-09-29T10:35:59.022441","1","0.015514969825744629","0.006523013114929199","-4.86749792098999","2.158465623855591","0.11533760279417038","324.4542742347871","0.03608736942070275","101.44722172271175","65.69065488961562","REAL"
"2026-09-29T10:35:34.342737","186","2026-09-29T10:35:59.138657","1","0.018253028392791748","0.004566192626953125","-5.097248554229736","0.9031512141227722","0.8628482818603516","341.90281131081167","0.03996940141518455","101.35751488095238","66.89975740055233","REAL"
"2026-09-29T10:35:34.342737","187","2026-09-29T10:35:59.265334","1","0.029205143451690674","0.021787047386169434","-6.852668285369873","0.7953894138336182","0.6047284603118896","362.041895198864","0.04430625728721337","103.42441421012849","67.14622130163164","REAL"
"2026-09-29T10:35:34.342737","188","2026-09-29T10:35:59.377113","1","0.007300853729248047","0.006523013114929199","-7.002883434295654","0.9408855438232422","0.8416295647621155","398.356600739498","0.04089861751152074","106.37647058823529","67.55877481973475","REAL"
"2026-09-29T10:35:34.342737","189","2026-09-29T10:35:59.505838","1","0.9868497848510742","0.9958990216255188","-7.7301154136657715","0.8805733919143677","0.8773723840713501","363.2285237010705","0.049080882352941176","109.75879752431477","67.1810136432399","REAL"
"2026-09-29T10:35:34.342737","190","2026-09-29T10:35:59.616698","1","0.9938164353370667","0.997727632522583","-6.205522537231445","0.7047210931777954","1.0819132328033447","342.130005934991","0.053117380703587604","112.58141112618725","67.1570979196823","REAL"
"2026-09-29T10:35:34.342737","191","2026-09-29T10:35:59.750137","1","0.9970390796661377","0.9965211153030396","-3.1950743198394775","0.21648752689361572","0.8960031270980835","340.1123940117223","0.05714285714285714","118.91630241217419","67.0371602389106","REAL"
"2026-09-29T10:35:34.342737","192","2026-09-29T10:35:59.861519","1","0.9970390796661377","0.9955831170082092","-0.59224534034729","-1.0214823484420776","1.2341963052749634","399.0266907946306","0.083994708994709","124.95119236883943","68.87774937288272","REAL"
"2026-09-29T10:35:34.342737","193","2026-09-29T10:35:59.986441","1","0.9947605133056641","0.9962117075920105","1.7071242332458496","-0.8013389110565186","1.5291481018066406","400.60769487164777","0.0900358189514816","124.95535714285714","70.5291407326005","REAL"
"2026-09-29T10:35:34.342737","194","2026-09-29T10:36:00.100750","1","0.9947605133056641","0.9952638149261475","3.6556384563446045","-1.409377098083496","1.46279776096344","578.4694479584847","0.10076670317634173","122.08562271062272","72.30007904169389","REAL"
"2026-09-29T10:35:34.342737","195","2026-09-29T10:36:00.231228","1","0.9952254295349121","0.997727632522583","5.305619716644287","-0.946840763092041","1.6757601499557495","509.054033941388","0.10136546184738955","122.00108225108225","74.12738391746859","REAL"
"2026-09-29T10:35:34.342737","196","2026-09-29T10:36:00.433601","1","0.9938164353370667","0.9968274235725403","4.760107517242432","-0.4477638900279999","1.489014983177185","446.4694944127363","0.09603976270642937","117.81170837194934","74.30676576910601","REAL"
"2026-09-29T10:35:34.342737","197","2026-09-29T10:36:00.742980","1","0.092304527759552","0.012393414974212646","6.223796844482422","0.07571559399366379","1.6458561420440674","459.1713579163068","0.08427983539094651","113.63902362697543","74.60016220378112","REAL"
"2026-09-29T10:36:08.750186","1","2026-09-29T10:36:10.416652","1","0.9861093163490295","0.9911525249481201","5.113373756408691","-1.9169806241989136","2.8457202911376953","417.3445424398457","0.07337854286211094","105.57649777190956","64.17035280757932","REAL"
"2026-09-29T10:36:08.750186","2","2026-09-29T10:36:10.720245","1","0.9850823879241943","0.9949411749839783","5.328015327453613","-1.1127861738204956","2.6099205017089844","416.90497173179926","0.07165492957746479","104.50188614540467","63.8411361787687","REAL"
"2026-09-29T10:36:08.750186","3","2026-09-29T10:36:10.829246","1","0.0","0.004566192626953125","5.571644306182861","-2.183339834213257","2.8539071083068848","381.6928069517457","0.0658450704225352","104.85305212620027","63.77259284650643","REAL"
"2026-09-29T10:36:08.750186","4","2026-09-29T10:36:10.949579","1","0.03877866268157959","0.010436594486236572","6.158276081085205","-1.8523533344268799","2.7534966468811035","394.626857239387","0.07095070422535212","104.94615912208505","64.17053739322625","REAL"
"2026-09-29T10:36:08.750186","5","2026-09-29T10:36:11.070684","1","0.2012934684753418","0.021324872970581055","5.161741733551025","-1.3834162950515747","2.7053611278533936","407.1162988184388","0.0727112676056338","106.02417695473251","64.71433162181407","REAL"
"2026-09-29T10:36:08.750186","6","2026-09-29T10:36:11.191199","1","0.6711785793304443","0.029933273792266846","5.768892288208008","-1.4099757671356201","2.830263614654541","427.2564966958441","0.0727112676056338","106.54166666666667","64.99718770295799","REAL"
"2026-09-29T10:36:08.750186","7","2026-09-29T10:36:11.312316","1","0.9868497848510742","0.9872773885726929","5.098382472991943","-1.8842443227767944","2.6843690872192383","450.05439864982145","0.07676056338028169","108.06595636732624","65.78604615673213","REAL"
"2026-09-29T10:36:08.750186","8","2026-09-29T10:36:11.432217","1","0.986605703830719","0.9929311275482178","4.579593658447266","-1.7532341480255127","2.782522201538086","455.19885949087325","0.08311597982959486","109.61264235022281","66.48562241853689","REAL"
"2026-09-29T10:36:08.750186","9","2026-09-29T10:36:11.553683","1","0.9856016635894775","0.9932752251625061","4.941342353820801","-1.9381803274154663","2.7675018310546875","473.5370786397267","0.08127572016460906","111.25350048844025","67.2003283150428","REAL"
"2026-09-29T10:36:08.750186","10","2026-09-29T10:36:11.674366","1","0.9898386597633362","0.9988862872123718","3.742751121520996","-1.660688877105713","2.2869033813476562","513.3269676216406","0.09233891425672247","113.74522088353413","67.96624713968261","REAL"
"2026-09-29T10:36:08.750186","11","2026-09-29T10:36:11.795443","1","0.9933371543884277","0.998312771320343","4.567688941955566","-1.2898850440979004","2.408944845199585","539.7577323648577","0.0968739824161511","114.94548872180451","69.37443471069021","REAL"
"2026-09-29T10:36:08.750186","12","2026-09-29T10:36:11.919386","1","0.9952254295349121","0.9974306225776672","4.1869049072265625","-1.5697077512741089","2.6775190830230713","552.9986131170461","0.09589710192119831","115.6115873015873","70.6406764359016","REAL"
"2026-09-29T10:36:08.750186","13","2026-09-29T10:36:12.039862","1","0.9493870735168457","0.012393414974212646","5.340649604797363","-1.1034904718399048","4.978688716888428","439.00357643694787","0.0806697108066971","119.5325626831651","71.4348990634893","REAL"
"2026-09-29T10:36:08.750186","14","2026-09-29T10:36:12.207629","1","0.1603792905807495","0.14842408895492554","5.016251087188721","1.5746486186981201","12.197237968444824","426.78202162100257","0.08018710324089542","124.05558232931728","71.00401342637512","REAL"
"2026-09-29T10:36:08.750186","15","2026-09-29T10:36:12.317578","1","0.9903543591499329","0.9880889058113098","3.3598806858062744","1.1255460977554321","22.046852111816406","338.13900634566323","0.07696428571428572","123.43215389900378","73.02837843715818","REAL"
"2026-09-29T10:36:08.750186","16","2026-09-29T10:36:12.439535","1","0.9952254295349121","0.9971305727958679","2.0329325199127197","-1.3636140823364258","24.387372970581055","437.224514413691","0.0779848171152519","111.45265780730897","77.52010510566835","REAL"
"2026-09-29T10:36:08.750186","17","2026-09-29T10:36:12.558546","1","0.9923635125160217","0.9962117075920105","1.8767175674438477","-2.016146421432495","23.499677658081055","403.70242249621515","0.07523939808481532","108.26995073891625","76.39164084913473","REAL"
"2026-09-29T10:36:08.750186","18","2026-09-29T10:36:12.680891","1","0.9938164353370667","0.9946150779724121","0.6741484999656677","-2.167680263519287","21.414457321166992","478.18422752734284","0.07392449517120281","111.33333333333333","75.29972095573791","REAL"
"2026-09-29T10:36:08.750186","19","2026-09-29T10:36:12.812122","1","0.9882580041885376","0.9918758273124695","1.1812154054641724","-1.494383692741394","19.95203399658203","527.7555509800744","0.0748663101604278","114.1710615280595","74.22854179806313","REAL"
"2026-09-29T10:36:08.750186","20","2026-09-29T10:36:12.923625","1","0.9903543591499329","0.9907847046852112","0.27868708968162537","-2.1135146617889404","19.071945190429688","532.2982426688242","0.07558342041100662","117.32870989304813","73.41204451600649","REAL"
"2026-09-29T10:36:08.750186","21","2026-09-29T10:36:13.041436","1","0.6711785793304443","0.47919273376464844","1.1464732885360718","-2.127162456512451","18.154661178588867","513.3609782632872","0.07878787878787878","120.69506423258959","73.18329343581665","REAL"
"2026-09-29T10:36:08.750186","22","2026-09-29T10:36:13.172823","1","0.015514969825744629","0.004566192626953125","1.4600285291671753","-0.7709605693817139","16.611371994018555","480.53331145986806","0.07342597358037399","125.71557971014492","73.79988409867259","REAL"
"2026-09-29T10:36:08.750186","23","2026-09-29T10:36:13.282941","1","0.9863588809967041","0.9971305727958679","0.481743186712265","-0.28907617926597595","11.596136093139648","407.3331186344783","0.06935908691834942","131.20106613359988","72.60412779250134","REAL"
"2026-09-29T10:36:08.750186","24","2026-09-29T10:36:13.403915","1","0.9858568906784058","0.9974306225776672","1.5526057481765747","0.03249165043234825","6.279932022094727","350.79799088716675","0.07058823529411765","133.82319134550372","70.47218923376916","REAL"
"2026-09-29T10:36:08.750186","25","2026-09-29T10:36:13.526323","1","0.9861093163490295","0.9363188147544861","0.4994339942932129","1.4668203592300415","1.5995638370513916","350.0340486377119","0.07265425337714494","136.13690476190476","66.95262411686181","REAL"
"2026-09-29T10:36:08.750186","26","2026-09-29T10:36:13.646158","1","0.8463578224182129","0.9371852278709412","0.7990442514419556","2.4596877098083496","0.14275182783603668","384.8726793234301","0.07517006802721088","129.00556829348182","65.91066298184627","REAL"
"2026-09-29T10:36:08.750186","27","2026-09-29T10:36:13.766356","1","0.9537659883499146","0.8684090375900269","1.9495112895965576","2.4370338916778564","-1.0762741565704346","527.0347933666922","0.0873015873015873","125.01478991596639","66.19152081888743","REAL"
"2026-09-29T10:36:08.750186","28","2026-09-29T10:36:13.887124","1","0.7466771602630615","0.36242806911468506","2.303215265274048","1.957739233970642","-1.3631075620651245","460.13044584422005","0.07865546218487394","114.79391290270358","66.85895772780411","REAL"
"2026-09-29T10:36:08.750186","29","2026-09-29T10:36:14.011004","1","0.7952913045883179","0.24035435914993286","1.9903547763824463","0.8880392909049988","-2.0808331966400146","363.51175786047514","0.07398608518581368","112.62797619047619","65.56249157856075","REAL"
"2026-09-29T10:36:08.750186","30","2026-09-29T10:36:14.141749","1","0.9485522508621216","0.3679760694503784","3.1652798652648926","0.25190672278404236","-2.693002700805664","407.7960392189669","0.0755420054200542","112.07062419562419","66.15546847879615","REAL"
"2026-09-29T10:36:08.750186","31","2026-09-29T10:36:14.250472","1","0.44215482473373413","0.7058058977127075","3.6107516288757324","-0.807281494140625","-3.1918978691101074","438.6950810160807","0.07615786040443574","108.00518541797612","65.46300651041753","REAL"
"2026-09-29T10:36:08.750186","32","2026-09-29T10:36:14.370839","1","0.3822312355041504","0.26193898916244507","3.8519480228424072","-0.4362877905368805","-2.7341902256011963","400.34015647918017","0.07436399217221135","106.01033386327504","64.76759765200424","REAL"
"2026-09-29T10:36:08.750186","33","2026-09-29T10:36:14.494606","1","0.27911096811294556","0.16679900884628296","4.171773910522461","-0.9710314273834229","-2.526109457015991","372.43508171392654","0.07289628180039139","104.3035294117647","64.16137457647906","REAL"
"2026-09-29T10:36:08.750186","34","2026-09-29T10:36:14.611930","1","0.5394124984741211","0.3436095714569092","3.0488412380218506","-1.3423534631729126","-3.2082009315490723","397.177748181829","0.07294933157286682","102.17712355212355","63.05624032951142","REAL"
"2026-09-29T10:36:08.750186","35","2026-09-29T10:36:14.731945","1","0.007300853729248047","0.0026093721389770508","2.8957059383392334","-4.2108378410339355","-8.016637802124023","263.52202636553943","0.06321175111404523","99.4984126984127","62.859961496848186","REAL"
"2026-09-29T10:36:08.750186","36","2026-09-29T10:36:14.854164","1","0.9837305545806885","0.9884875416755676","3.0095582008361816","-5.78585147857666","-15.902912139892578","234.70172414214952","0.06653620352250489","91.15612082670906","58.53563138286634","REAL"
"2026-09-29T10:36:08.750186","37","2026-09-29T10:36:14.975273","1","0.9506080746650696","0.9880889058113098","2.1139984130859375","-4.980688571929932","-21.211627960205078","251.84055531526334","0.06862745098039216","88.713430955755","55.87436765219018","REAL"
"2026-09-29T10:36:08.750186","38","2026-09-29T10:36:15.097265","1","0.029205143451690674","0.004566192626953125","-0.1907482147216797","-3.8021020889282227","-20.837785720825195","516.8746526620852","0.06717687074829932","88.3431051424828","55.42822631985768","REAL"
"2026-09-29T10:36:08.750186","39","2026-09-29T10:36:15.217763","1","0.9840072393417358","0.9369730353355408","0.8260695338249207","-3.229311943054199","-20.70720672607422","530.1412936657015","0.07478991596638655","88.42383033835195","55.76293575843416","REAL"
"2026-09-29T10:36:08.750186","40","2026-09-29T10:36:15.338033","1","0.9842807650566101","0.9958990216255188","0.004259254317730665","-2.698939323425293","-20.409748077392578","544.8538444742602","0.07630252100840336","90.15676883780333","56.77975819579432","REAL"
"2026-09-29T10:36:08.750186","41","2026-09-29T10:36:15.458328","1","0.980856716632843","0.9971305727958679","1.2816544771194458","-4.021677494049072","-19.786205291748047","443.46624292483625","0.07730101539469375","91.98419540229885","56.975252065399765","REAL"
"2026-09-29T10:36:08.750186","42","2026-09-29T10:36:15.577706","1","0.2853690981864929","0.0888165831565857","2.304375410079956","-4.201570510864258","-14.078948020935059","257.9769613976635","0.074239417989418","98.51524198617221","59.22860175717911","REAL"
"2026-09-29T10:36:08.750186","43","2026-09-29T10:36:15.705062","1","0.27911096811294556","0.08343684673309326","4.278991222381592","-2.1616079807281494","-6.271360874176025","229.72866326219784","0.07745550428477257","106.91964285714286","63.069852988672785","REAL"
"2026-09-29T10:36:08.750186","44","2026-09-29T10:36:15.825305","1","0.9850823879241943","0.9946150779724121","7.066125392913818","-0.9391089677810669","-0.3594311773777008","317.93769659199046","0.09156626506024096","109.81106988249846","66.29545980871292","REAL"
"2026-09-29T10:36:08.750186","45","2026-09-29T10:36:15.942343","1","0.9918690919876099","0.99802166223526","6.268650054931641","-0.5788841247558594","2.3781018257141113","458.75318281603535","0.09575142675967026","110.4812925170068","67.84640463724489","REAL"
"2026-09-29T10:36:08.750186","46","2026-09-29T10:36:16.069952","1","0.9933371543884277","0.9971305727958679","5.355517387390137","-0.3933376669883728","2.756373882293701","531.8323646473825","0.09492888064316636","108.66087724462761","68.77213044532898","REAL"
"2026-09-29T10:36:08.750186","47","2026-09-29T10:36:16.187776","1","0.9942908883094788","0.9958990216255188","5.566739082336426","-1.1955405473709106","2.2786977291107178","508.9914616040378","0.0966295609152752","107.27496229260935","67.82226766714909","REAL"
"2026-09-29T10:36:08.750186","48","2026-09-29T10:36:16.300115","1","0.9933371543884277","0.9952638149261475","5.496356964111328","-1.591731309890747","2.095456600189209","497.5003519539035","0.09539270253555968","106.58205128205128","67.25379865479447","REAL"
"2026-09-29T10:36:08.750186","49","2026-09-29T10:36:16.428835","1","0.9938164353370667","0.9965211153030396","5.521646022796631","-1.2951855659484863","1.409895420074463","524.5183647797119","0.09879406307977737","106.24955277280858","66.3178459077683","REAL"
"2026-09-29T10:36:08.750186","50","2026-09-29T10:36:16.548631","1","0.9903543591499329","0.997727632522583","7.466203689575195","-0.8692104816436768","0.9663732647895813","538.8283985093922","0.09899749373433583","107.1892177589852","66.3269223827075","REAL"
"2026-09-29T10:36:08.750186","51","2026-09-29T10:36:16.672438","1","0.9938164353370667","0.9965211153030396","5.354017734527588","-1.1401288509368896","1.1204516887664795","521.6716284422354","0.10173160173160173","106.80045248868778","66.69712388579347","REAL"
"2026-09-29T10:36:08.750186","52","2026-09-29T10:36:16.786206","1","0.9923635125160217","0.9958990216255188","6.177335739135742","-1.4408304691314697","1.4109032154083252","509.6627615944231","0.09868421052631579","107.88388082505729","66.81588415767538","REAL"
"2026-09-29T10:36:08.750186","53","2026-09-29T10:36:16.907543","1","0.0","0.004566192626953125","4.758470058441162","-0.9794275164604187","1.15500009059906","322.0257646544849","0.06815068493150685","109.5109465020576","65.26173958635063","REAL"
"2026-09-29T10:36:08.750186","54","2026-09-29T10:36:17.025209","1","0.026467084884643555","0.0208626389503479","-2.0383167266845703","-1.1803592443466187","0.6724851131439209","312.9537725551348","0.035634328358208955","101.66786226685797","65.51682141447718","REAL"
"2026-09-29T10:36:08.750186","55","2026-09-29T10:36:17.154098","1","0.007300853729248047","0.012393414974212646","-5.401998996734619","-1.322502851486206","1.507540225982666","322.7494857714651","0.030387844862055178","93.52992615623785","66.22586734436474","REAL"
"2026-09-29T10:36:08.750186","56","2026-09-29T10:36:17.307922","1","0.020991027355194092","0.019214868545532227","-7.721352577209473","-0.8068593740463257","1.5109020471572876","345.0349458117065","0.03595408273770847","92.6828670614662","67.00517124647122","REAL"
"2026-09-29T10:36:08.750186","57","2026-09-29T10:36:17.440285","1","0.012776970863342285","0.012393414974212646","-8.81548023223877","-0.5251766443252563","1.634472370147705","399.58550923202426","0.0424857324032974","96.3468801313629","66.95079708879284","REAL"
"2026-09-29T10:36:08.750186","58","2026-09-29T10:36:17.554390","1","0.004562854766845703","0.0208626389503479","-8.284566879272461","-0.9599340558052063","1.5072176456451416","418.92481784795734","0.04715413377648525","103.01977401129943","67.11847917376744","REAL"
"2026-09-29T10:36:08.750186","59","2026-09-29T10:36:17.681035","1","0.018253028392791748","0.0208626389503479","-9.530651092529297","-0.7930837869644165","1.526655673980713","366.4658723894231","0.04819277108433735","108.56362889983579","67.52392429368957","REAL"
"2026-09-29T10:36:08.750186","60","2026-09-29T10:36:17.784125","1","0.007300853729248047","0.006523013114929199","-9.945152282714844","-1.0343987941741943","1.4838231801986694","380.77454652795564","0.046501796660325515","113.97538337368846","68.4019876922633","REAL"
"2026-09-29T10:36:08.750186","61","2026-09-29T10:36:17.913983","1","0.007300853729248047","0.008479773998260498","-9.229750633239746","-0.6733637452125549","0.9876399040222168","322.95607090626305","0.04071458246780224","112.4015873015873","67.45218351523202","REAL"
"2026-09-29T10:36:08.750186","62","2026-09-29T10:36:18.032950","1","0.9938164353370667","0.9955831170082092","-6.579628944396973","-0.32143908739089966","1.0620898008346558","313.2579529882539","0.03936251920122888","114.06535947712419","66.5379613701994","REAL"
"2026-09-29T10:36:08.750186","63","2026-09-29T10:36:18.164797","1","0.9956856369972229","0.9974306225776672","0.03714558482170105","-0.4800474941730499","0.5286245346069336","337.248048615814","0.058285509325681495","121.8131469979296","66.45860212787112","REAL"
"2026-09-29T10:36:08.750186","64","2026-09-29T10:36:18.275780","1","0.9965924024581909","0.9958990216255188","3.707657814025879","-1.185832142829895","0.3925947844982147","377.7857708977021","0.08422120750887874","126.91582546401824","67.09253256543852","REAL"
"2026-09-29T10:36:08.750186","65","2026-09-29T10:36:18.393643","1","0.9918690919876099","0.9958990216255188","4.771853446960449","-0.5118981599807739","0.3032902777194977","557.7751414981282","0.1089527027027027","126.48230452674898","68.89685359899549","REAL"
"2026-09-29T10:36:08.750186","66","2026-09-29T10:36:18.524608","1","0.9918690919876099","0.9971305727958679","5.394588947296143","-1.0125991106033325","-0.026545021682977676","586.3903826388888","0.1115","122.73480840147506","70.71869015062097","REAL"
"2026-09-29T10:36:08.750186","67","2026-09-29T10:36:18.651131","1","0.9918690919876099","0.997727632522583","5.989871978759766","-1.2196398973464966","-0.1209641769528389","561.6198717775744","0.1099165596919127","117.38335158817087","71.48021095646246","REAL"
"2026-09-29T10:36:08.750186","68","2026-09-29T10:36:18.760741","1","0.9913694858551025","0.9971305727958679","5.879238128662109","-1.0623388290405273","-0.12164086103439331","586.2623019552891","0.11134868421052632","117.00929934263267","70.55258820570194","REAL"
"2026-09-29T10:36:08.750186","69","2026-09-29T10:36:18.886005","1","0.9882580041885376","0.9971305727958679","5.42028284072876","-0.8304650783538818","-0.010536188259720802","572.4715304709141","0.10855263157894737","114.62939499524866","70.44564328354215","REAL"
"2026-09-29T10:36:08.750186","70","2026-09-29T10:36:18.998383","1","0.986605703830719","0.9968274235725403","5.487161636352539","-1.2067371606826782","0.19137674570083618","547.0455135203862","0.10345394736842105","113.56319290465632","70.35982148848079","REAL"
"2026-09-29T10:36:08.750186","71","2026-09-29T10:36:19.129579","1","0.9877196550369263","0.9974306225776672","7.065507888793945","-0.96431565284729","0.18321801722049713","505.42893367557315","0.10826115922718188","114.34123376623377","69.70511254822661","REAL"
"2026-09-29T10:36:08.750186","72","2026-09-29T10:36:19.246013","1","0.9928528666496277","0.997727632522583","8.9525146484375","-1.6222630739212036","1.0627660751342773","357.87241587599084","0.09747229916897507","118.1973026973027","70.40168181642657","REAL"
"2026-09-29T10:36:08.750186","73","2026-09-29T10:36:19.360599","1","0.9942908883094788","0.9834141135215759","10.58764934539795","-2.0108566284179688","1.8273675441741943","464.21775943367186","0.10280701754385965","118.1641363022942","72.443911590145","REAL"
"2026-09-29T10:36:08.750186","74","2026-09-29T10:36:19.489803","1","0.9882580041885376","0.8684090375900269","15.695324897766113","-2.7157156467437744","2.2700181007385254","699.8502307802828","0.12067474048442907","115.05408163265307","74.00411001874696","REAL"
"2026-09-29T10:36:08.750186","75","2026-09-29T10:36:19.609458","1","0.9965924024581909","0.9369730353355408","20.51726531982422","-2.9471006393432617","1.8384392261505127","892.756892712959","0.12946428571428573","114.9983173076923","73.14499067352519","REAL"
"2026-09-29T10:36:08.750186","76","2026-09-29T10:36:19.731788","1","0.9918690919876099","0.9922314882278442","19.60592269897461","-2.5893771648406982","1.946663737297058","977.7630984563248","0.130568356374808","118.55753968253968","71.98756825199563","REAL"
"2026-09-29T10:36:08.750186","77","2026-09-29T10:36:19.853150","1","0.9974813461303711","0.9900364875793457","20.296628952026367","-2.7556118965148926","1.8509072065353394","946.3457754014511","0.1349206349206349","117.89254807692308","71.50624799387218","REAL"
"2026-09-29T10:36:08.750186","78","2026-09-29T10:36:19.970212","1","0.9970390796661377","0.9369730353355408","20.401172637939453","-2.8403358459472656","1.4886054992675781","959.0056931860207","0.13125","114.28321678321679","71.09015401617802","REAL"
"2026-09-29T10:36:08.750186","79","2026-09-29T10:36:20.088075","1","0.9965924024581909","0.990412712097168","20.083906173706055","-3.189239740371704","1.4318958520889282","865.1549426486489","0.12564102564102564","113.00384441429217","70.50966640276403","REAL"
"2026-09-29T10:36:08.750186","80","2026-09-29T10:36:20.215212","1","0.9942908883094788","0.9847822189331055","19.705307006835938","-3.7121989727020264","0.8493926525115967","842.4667690805289","0.12379807692307693","109.77365967365968","68.2598067504525","REAL"
"2026-09-29T10:36:08.750186","81","2026-09-29T10:36:20.333627","1","0.03194314241409302","0.042649805545806885","21.11862564086914","-3.9505631923675537","0.07942713052034378","575.0671027108091","0.12307692307692308","106.93283582089552","65.93317041296659","REAL"
"2026-09-29T10:36:08.750186","82","2026-09-29T10:36:20.453627","1","0.9514423608779907","0.9735729098320007","18.35808563232422","-3.0134096145629883","0.14215804636478424","502.58541035899657","0.1185121107266436","106.84057971014492","64.44876830715928","REAL"
"2026-09-29T10:36:08.750186","83","2026-09-29T10:36:20.574056","1","0.9938164353370667","0.9925832152366638","13.289152145385742","-3.545948028564453","0.3319963812828064","449.76943532999564","0.10646457268078889","106.4101754385965","64.81098159306754","REAL"
"2026-09-29T10:36:08.750186","84","2026-09-29T10:36:20.704146","1","0.9913694858551025","0.9955831170082092","10.557979583740234","-3.347614049911499","0.38574838638305664","376.0877098664068","0.08846952908587258","108.137902695595","63.018621820800156","REAL"
"2026-09-29T10:36:08.750186","85","2026-09-29T10:36:20.815056","1","0.9928528666496277","0.997727632522583","6.776674270629883","-2.620187520980835","0.9194561243057251","353.9613046925323","0.08353375020041687","102.17747914735867","60.99264488753412","REAL"
"2026-09-29T10:36:08.750186","86","2026-09-29T10:36:20.930635","1","0.990864634513855","0.99802166223526","6.34586763381958","-2.0875086784362793","1.1135247945785522","402.7477682230932","0.08273092369477912","101.75185528756957","61.29657963772486","REAL"
"2026-09-29T10:36:08.750186","87","2026-09-29T10:36:21.054719","1","0.9938164353370667","0.998600959777832","3.381589889526367","-2.1773171424865723","1.270032525062561","427.2455584597066","0.08270676691729323","100.82920567804288","61.922216471348435","REAL"
"2026-09-29T10:36:08.750186","88","2026-09-29T10:36:21.172152","1","0.9918690919876099","0.99802166223526","4.365206241607666","-2.2576513290405273","1.5111650228500366","460.4131669046957","0.0893188854489164","103.38378862516794","62.84556508949004","REAL"
"2026-09-29T10:36:08.750186","89","2026-09-29T10:36:21.300275","1","0.9918690919876099","0.997727632522583","4.2990546226501465","-1.872568130493164","1.5364547967910767","496.4537049861496","0.09117647058823529","107.64666368114644","64.00078912053308","REAL"
"2026-09-29T10:36:08.750186","90","2026-09-29T10:36:21.410452","1","0.05803883075714111","0.012393414974212646","5.788618564605713","-2.5951988697052","1.6571550369262695","419.849842680776","0.07888888888888888","113.05089096949563","64.43713482589143","REAL"
"2026-09-29T10:36:08.750186","91","2026-09-29T10:36:21.542622","1","0.9903543591499329","0.99802166223526","5.104681968688965","-2.222673177719116","1.2323455810546875","505.029514183328","0.09398496240601503","116.59121111446693","65.2678476529801","REAL"
"2026-09-29T10:36:08.750186","92","2026-09-29T10:36:21.662751","1","0.9923635125160217","0.99802166223526","4.823727607727051","-1.6798690557479858","0.9795295596122742","537.0578733801923","0.09774436090225563","118.21141649048626","65.8942757368859","REAL"
"2026-09-29T10:36:08.750186","93","2026-09-29T10:36:21.782385","1","0.9923635125160217","0.998312771320343","4.894580841064453","-1.7834542989730835","0.8665475845336914","530.1981673563932","0.10068754774637127","116.05378720895962","66.66222505945554","REAL"
"2026-09-29T10:36:08.750186","94","2026-09-29T10:36:21.906441","1","0.9913694858551025","0.998312771320343","5.258904933929443","-1.7556852102279663","0.912874698638916","537.4924517345604","0.09837092731829573","113.46481425551193","66.49761987747384","REAL"
"2026-09-29T10:36:08.750186","95","2026-09-29T10:36:22.018169","1","0.990864634513855","0.9968274235725403","4.890348434448242","-2.5181307792663574","1.1369365453720093","516.2115847238429","0.09848484848484848","110.28920691711389","66.12904225349901","REAL"
"2026-09-29T10:36:08.750186","96","2026-09-29T10:36:22.138179","1","0.9913694858551025","0.9968274235725403","4.595536231994629","-2.515058755874634","1.052161455154419","501.3675733550591","0.09167303284950344","107.62334217506631","65.86937620676603","REAL"
"2026-09-29T10:36:08.750186","97","2026-09-29T10:36:22.267034","1","0.990864634513855","0.9974306225776672","5.416889667510986","-1.999760627746582","0.8978294730186462","494.7735536256311","0.09472880061115355","106.66462971046123","65.95060293118736","REAL"
"2026-09-29T10:36:08.750186","98","2026-09-29T10:36:22.433637","1","0.986605703830719","0.99802166223526","5.152437210083008","-2.0754642486572266","0.8567728996276855","506.9524500349867","0.09226819691935971","106.21795431398225","65.58889408261584","REAL"
"2026-09-29T10:36:08.750186","99","2026-09-29T10:36:22.547040","1","0.0","0.000652611255645752","6.53056001663208","-2.4554507732391357","1.0468850135803223","402.2124280363745","0.07683982683982683","105.87462731067382","64.80647025564552","REAL"
"2026-09-29T10:36:08.750186","100","2026-09-29T10:36:22.669236","1","0.9868497848510742","0.9884875416755676","5.43768835067749","-2.471471071243286","1.1321518421173096","419.1805171427653","0.08364254792826221","104.1665175909362","64.43333910184384","REAL"
"2026-09-29T10:36:08.750186","101","2026-09-29T10:36:22.784198","1","0.9877196550369263","0.9974306225776672","5.366328239440918","-2.296656608581543","1.132630705833435","452.87016220197364","0.09121466768525592","103.20602357049323","64.93000660251033","REAL"
"2026-09-29T10:36:08.750186","102","2026-09-29T10:36:22.912116","1","0.9903543591499329","0.9968274235725403","5.766787528991699","-1.783952236175537","0.8123757839202881","455.1995900757333","0.09049773755656108","101.39225956641933","64.34493977223075","REAL"
"2026-09-29T10:36:08.750186","103","2026-09-29T10:36:23.030110","1","0.9903543591499329","0.9974306225776672","4.408316135406494","-2.0746192932128906","0.8462345004081726","454.2474282469429","0.08983957219251337","102.0666375672923","64.58491341096453","REAL"
"2026-09-29T10:36:08.750186","104","2026-09-29T10:36:23.148432","1","0.990864634513855","0.99802166223526","5.142536163330078","-1.768416166305542","1.049774408340454","462.28105997010704","0.09004524886877828","101.13211115961006","64.27484456822832","REAL"
"2026-09-29T10:36:08.750186","105","2026-09-29T10:36:23.268020","1","0.9893174171447754","0.9974306225776672","5.2659173011779785","-1.9349627494812012","1.0967435836791992","442.55884002215373","0.0907563025210084","102.17837916484795","64.64273922482823","REAL"
"2026-09-29T10:36:08.750186","106","2026-09-29T10:36:23.384261","1","0.9893174171447754","0.997727632522583","5.968963146209717","-2.1886825561523438","0.9393754005432129","470.3691189105686","0.09152024446142093","102.06926024167403","64.49533101638306","REAL"
"2026-09-29T10:36:08.750186","107","2026-09-29T10:36:23.512305","1","0.990864634513855","0.9974306225776672","4.898257732391357","-2.5978822708129883","1.1614125967025757","464.4403302050037","0.09136745607333843","103.22115524516222","65.07301726989525","REAL"
"2026-09-29T10:36:08.750186","108","2026-09-29T10:36:23.638899","1","0.9898386597633362","0.997727632522583","4.950723171234131","-2.2116479873657227","1.1820480823516846","472.08209647495363","0.08951762523191095","103.89976449808654","65.08398000948065","REAL"
"2026-09-29T10:36:08.750186","109","2026-09-29T10:36:23.755446","1","0.9903543591499329","0.9488520622253418","6.203455448150635","-2.2288825511932373","1.3590155839920044","405.7912043267861","0.0839517625231911","104.47510435301133","64.88938898607023","REAL"
"2026-09-29T10:36:08.750186","110","2026-09-29T10:36:23.866576","1","0.015514969825744629","0.006523013114929199","6.974668979644775","-2.705522298812866","1.2593501806259155","394.76388912792305","0.07962275819418677","104.57558139534883","64.98558929314304","REAL"
"2026-09-29T10:36:08.750186","111","2026-09-29T10:36:23.998903","1","0.9928528666496277","0.9955831170082092","5.105468273162842","-2.4252123832702637","1.1923812627792358","427.8108131102157","0.0868408699734001","103.7239010989011","64.58990281734127","REAL"
"2026-09-29T10:36:08.750186","112","2026-09-29T10:36:24.117195","1","0.9942908883094788","0.9955831170082092","5.628986358642578","-4.044162750244141","1.4516087770462036","339.79862239231596","0.07324032974001268","101.03045763760049","64.1467847020216","REAL"
"2026-09-29T10:36:08.750186","113","2026-09-29T10:36:24.234357","1","0.0","0.0026093721389770508","8.579976081848145","-11.306421279907227","2.4575893878936768","266.40951842943343","0.04174788823911631","88.99358472852448","63.655890571658446","REAL"
"2026-09-29T10:36:08.750186","114","2026-09-29T10:36:24.358982","1","0.2012934684753418","0.675443172454834","10.937846183776855","-25.19667625427246","2.4067506790161133","211.83182242124704","0.030821917808219176","70.56188034188034","61.69785226603996","REAL"
"2026-09-29T10:36:08.750186","115","2026-09-29T10:36:24.471648","1","0.601551353931427","0.9929311275482178","10.837170600891113","-34.74314498901367","2.8169801235198975","177.74709603473738","0.02034428794992175","56.312476860422066","57.75404664233731","REAL"
"2026-09-29T10:36:08.750186","116","2026-09-29T10:36:24.601999","1","0.9488933086395264","0.9383997917175293","8.7225980758667","-40.96125030517578","3.6148300170898438","191.47256678906436","0.026559356136820925","52.65316358024691","56.495855694650494","REAL"
"2026-09-29T10:36:08.750186","117","2026-09-29T10:36:24.722176","1","0.986605703830719","0.9861172437667847","9.718659400939941","-42.09925842285156","4.176199913024902","185.07361417349514","0.023972602739726026","53.844046749452154","57.828915730002024","REAL"
"2026-09-29T10:36:08.750186","118","2026-09-29T10:36:24.837223","1","0.7805240750312805","0.9382040500640869","8.708975791931152","-43.80042266845703","4.442187309265137","198.4174148673504","0.02308125351848377","54.701424397370346","57.89293730112217","REAL"
"2026-09-29T10:36:08.750186","119","2026-09-29T10:36:24.960489","1","0.8972601294517517","0.9488520622253418","8.5676851272583","-43.05506134033203","4.577528953552246","207.95734891748924","0.024065161051462423","57.43928888888889","59.72018831131366","REAL"
"2026-09-29T10:36:08.750186","120","2026-09-29T10:36:25.083996","1","0.9918690919876099","0.9847822189331055","10.10529899597168","-42.30329895019531","4.559805870056152","195.92026315996122","0.023456558453743667","54.11267348429511","58.34251507344361","REAL"
"2026-09-29T10:36:08.750186","121","2026-09-29T10:36:25.197613","1","0.9503150582313538","0.9880889058113098","9.313169479370117","-41.91831588745117","4.842425346374512","204.09540957131816","0.02308125351848377","49.802593133674215","56.53429633750818","REAL"
"2026-09-29T10:36:08.750186","122","2026-09-29T10:36:25.325758","1","0.6711785793304443","0.9861172437667847","8.692708015441895","-42.00700378417969","4.472302436828613","197.6814633695094","0.02195533871270407","48.67969320672023","56.13792980246347","REAL"
"2026-09-29T10:36:08.750186","123","2026-09-29T10:36:25.467057","1","0.7338244915008545","0.4685542583465576","9.338922500610352","-37.681766510009766","5.00017786026001","186.107177734375","0.02044753086419753","48.587727528617","56.323518686682604","REAL"
"2026-09-29T10:36:08.750186","124","2026-09-29T10:36:25.602012","1","0.9840072393417358","0.9884875416755676","11.878852844238281","-26.993539810180664","5.394232273101807","211.9100359844155","0.022569444444444444","63.04128354287859","63.928125275811865","REAL"
"2026-09-29T10:36:08.750186","125","2026-09-29T10:36:25.720479","1","0.9861093163490295","0.9949411749839783","10.199187278747559","-14.829724311828613","6.544351577758789","253.34254722922893","0.05046635576282479","80.6198051948052","68.4322012373986","REAL"
"2026-09-29T10:36:08.750186","126","2026-09-29T10:36:25.844114","1","0.9903543591499329","0.9965211153030396","6.097626209259033","-6.853789806365967","6.556393146514893","310.98839713400156","0.06501831501831502","94.28950111690246","68.75461802382583","REAL"
"2026-09-29T10:36:08.750186","127","2026-09-29T10:36:25.970467","1","0.9923635125160217","0.9965211153030396","4.672719478607178","-3.264457941055298","5.256451606750488","320.1728676670533","0.07390228818800247","103.31145128054166","67.39457468703363","REAL"
"2026-09-29T10:36:08.750186","128","2026-09-29T10:36:26.094213","1","0.9947605133056641","0.99802166223526","5.749345302581787","-1.4173966646194458","3.7366092205047607","371.01084249407864","0.08766233766233766","103.54783632617016","65.53698274508152","REAL"
"2026-09-29T10:36:08.750186","129","2026-09-29T10:36:26.209508","1","0.9933371543884277","0.9958990216255188","5.888593673706055","-0.8793284893035889","2.0966880321502686","421.9886314036451","0.0854726668680157","102.00189145933362","64.44626188948331","REAL"
"2026-09-29T10:36:08.750186","130","2026-09-29T10:36:26.333292","1","0.9918690919876099","0.9968274235725403","3.663348913192749","-0.2978202700614929","1.1866480112075806","460.5195131822308","0.09110105580693816","101.27091517532374","63.230349111271224","REAL"
"2026-09-29T10:36:08.750186","131","2026-09-29T10:36:26.478938","1","0.9903543591499329","0.9965211153030396","6.591704845428467","-0.67375648021698","0.7490464448928833","497.75765330209066","0.09210138520483348","102.03178941311853","63.457432946090336","REAL"
"2026-09-29T10:36:08.750186","132","2026-09-29T10:36:26.612133","1","0.007300853729248047","0.02456045150756836","8.523001670837402","-1.1029744148254395","0.8361095786094666","411.2286447529911","0.08311688311688312","106.46762694602066","63.885866247190094","REAL"
"2026-09-29T10:36:08.750186","133","2026-09-29T10:36:26.742646","1","0.9871754050254822","0.99802166223526","4.6361083984375","-0.06995789706707001","0.6482077240943909","462.98209397127835","0.09014514896867838","106.4671904554052","64.49185910708407","REAL"
"2026-09-29T10:36:08.750186","134","2026-09-29T10:36:26.856510","1","0.9868497848510742","0.9968274235725403","5.469020366668701","-0.1913323849439621","0.3118378221988678","504.21589309228125","0.09784065524944155","105.27183908045977","64.75801960772375","REAL"
"2026-09-29T10:36:08.750186","135","2026-09-29T10:36:26.975807","1","0.9903543591499329","0.9965211153030396","5.430774688720703","-0.3761054277420044","0.6304467916488647","501.52871588118995","0.09631892914302342","104.08920454545455","65.27049701959862","REAL"
"2026-09-29T10:36:08.750186","136","2026-09-29T10:36:27.107409","1","0.9903543591499329","0.9958990216255188","5.239172458648682","0.16095088422298431","0.5297056436538696","509.36422907438873","0.09230769230769231","105.91764877055144","64.72743936568905","REAL"
"2026-09-29T10:36:08.750186","137","2026-09-29T10:36:27.217919","1","0.9933371543884277","0.9974306225776672","3.777886152267456","2.1790835857391357","0.2992745041847229","485.92201372253277","0.09441930618401206","106.09631892914302","64.6688935969199","REAL"
"2026-09-29T10:36:08.750186","138","2026-09-29T10:36:27.336033","1","0.9928528666496277","0.9952638149261475","2.7250678539276123","7.364134311676025","1.0226669311523438","357.6113926709737","0.07905982905982906","108.20356196644097","64.00272922706857","REAL"
"2026-09-29T10:36:08.750186","139","2026-09-29T10:36:27.450895","1","0.9510332942008972","0.6171776056289673","5.3742146492004395","22.461626052856445","2.048056125640869","217.2458928888889","0.0755","116.74582798459564","64.30022673225136","REAL"
"2026-09-29T10:36:08.750186","140","2026-09-29T10:36:27.574024","1","0.9938164353370667","0.6963686943054199","5.870738506317139","43.45687484741211","1.338634967803955","318.3079736722916","0.07418803418803419","119.08745684695052","70.6732024238647","REAL"
"2026-09-29T10:36:08.750186","141","2026-09-29T10:36:27.700588","1","0.9898386597633362","0.6444942951202393","3.9643943309783936","46.02047348022461","-0.8284898996353149","158.96190122666667","0.06631111111111111","107.00461380724539","71.62486870773593","REAL"
"2026-09-29T10:36:08.750186","142","2026-09-29T10:36:27.812494","1","0.9903543591499329","0.6832545399665833","5.8698554039001465","49.03449249267578","-1.91830575466156","330.75234152046784","0.06771929824561404","95.93899521531101","71.23012874354684","REAL"
"2026-09-29T10:36:08.750186","143","2026-09-29T10:36:27.943938","1","0.9871754050254822","0.9351650476455688","5.492947578430176","73.51646423339844","0.10810068994760513","265.86639446098906","0.05907830907830908","86.50782811459027","68.99524048710308","REAL"
"2026-09-29T10:36:08.750186","144","2026-09-29T10:36:28.063179","1","0.059361934661865234","0.000652611255645752","1.9605263471603394","83.03931427001953","2.050227403640747","308.10006120228326","0.06630552546045504","81.33375420875421","65.37044250201527","REAL"
"2026-09-29T10:36:08.750186","145","2026-09-29T10:36:28.418982","1","0.060685038566589355","0.012393414974212646","1.6241852045059204","82.96725463867188","2.51238751411438","490.93025154744794","0.0653489310205728","89.02031733746131","64.01362940612333","REAL"
"2026-09-29T10:36:08.750186","146","2026-09-29T10:36:28.885963","1","0.012776970863342285","0.6806507110595703","3.9400737285614014","65.50243377685547","0.5301882028579712","297.2399756682702","0.06056338028169014","98.10586842550313","66.6444480052021","REAL"
"2026-09-29T10:36:08.750186","147","2026-09-29T10:36:28.986362","1","0.05671572685241699","0.6858682632446289","7.654333114624023","35.635250091552734","-0.9186556935310364","306.2078651585103","0.07245614035087719","117.46570096570096","66.4550234037846","REAL"
"2026-09-29T10:36:08.750186","148","2026-09-29T10:36:29.106666","1","0.972050666809082","0.9922314882278442","6.929934024810791","15.566426277160645","-1.2338037490844727","270.99778332526944","0.08903908316191596","130.9206349206349","67.12155981416944","REAL"
"2026-09-29T10:36:08.750186","149","2026-09-29T10:36:29.227986","1","0.9868497848510742","0.9965211153030396","5.756327152252197","4.699694633483887","0.2525928020477295","343.6845338077167","0.09868043602983362","122.37397923875433","71.51158592519047","REAL"
"2026-09-29T10:36:08.750186","150","2026-09-29T10:36:29.354064","1","0.9898386597633362","0.9952638149261475","4.669695854187012","1.401158332824707","1.186732530593872","364.3743098452663","0.08196496989600438","110.52673796791444","72.30112373702929","REAL"
"2026-09-29T10:36:08.750186","151","2026-09-29T10:36:29.473711","1","0.9913694858551025","0.998600959777832","5.78802490234375","0.5701302289962769","1.6100283861160278","400.43304706009405","0.07672067580667498","104.05411255411255","72.08301899968221","REAL"
"2026-09-29T10:36:08.750186","152","2026-09-29T10:36:29.589404","1","0.9933371543884277","0.998312771320343","4.716411113739014","0.14012984931468964","2.171715021133423","439.94836538351956","0.07598576122672508","99.83531746031746","71.3335187379267","REAL"
"2026-09-29T10:36:08.750186","153","2026-09-29T10:36:29.715956","1","0.9938164353370667","0.997727632522583","3.169339418411255","-1.1146317720413208","1.9366755485534668","403.651138330195","0.07414079822616408","98.73611111111111","70.40538938687729","REAL"
"2026-09-29T10:36:08.750186","154","2026-09-29T10:36:29.832475","1","0.9942908883094788","0.9988862872123718","3.0090842247009277","-1.2148635387420654","1.6442655324935913","394.76946605898746","0.07561728395061729","98.61419009370816","68.93819486776917","REAL"
"2026-09-29T10:36:08.750186","155","2026-09-29T10:36:29.950103","1","0.9918690919876099","0.997727632522583","4.668944358825684","-0.6745666265487671","1.2395927906036377","381.6108916496908","0.07109408258833547","98.76656626506023","68.18632761194863","REAL"
"2026-09-29T10:36:08.750186","156","2026-09-29T10:36:30.076313","1","0.9918690919876099","0.9952638149261475","3.9710891246795654","-1.1122835874557495","1.5317637920379639","375.6326393494428","0.06888327721661056","95.66224899598393","68.35667625024523","REAL"
"2026-09-29T10:36:08.750186","157","2026-09-29T10:36:30.197382","1","0.9938164353370667","0.9962117075920105","4.36086893081665","-0.5711123943328857","1.315015196800232","419.1113035203009","0.0723905723905724","95.21726907630521","68.52361045946247","REAL"
"2026-09-29T10:36:08.750186","158","2026-09-29T10:36:30.315653","1","0.9942908883094788","0.9958990216255188","3.1331946849823","-0.8651826977729797","1.6329606771469116","402.71762913837694","0.07150776053215077","93.73703703703704","68.19199206429623","REAL"
"2026-09-29T10:36:08.750186","159","2026-09-29T10:36:30.437023","1","0.9923635125160217","0.998312771320343","4.792402267456055","-0.7309644818305969","1.686462163925171","411.24781663975966","0.07206208425720621","93.37671957671958","68.3060505956023","REAL"
"2026-09-29T10:36:08.750186","160","2026-09-29T10:36:30.557121","1","0.9938164353370667","0.9955831170082092","3.0325520038604736","-0.7713038921356201","1.7733643054962158","424.9044411727394","0.07235142118863049","93.4104600219058","67.91701277612563","REAL"
"2026-09-29T10:36:08.750186","161","2026-09-29T10:36:30.681829","1","0.9942908883094788","0.9958990216255188","3.7465062141418457","-0.9403054714202881","1.6000920534133911","435.88038749494586","0.07464169149992905","93.30996714129245","67.78749597384592","REAL"
"2026-09-29T10:36:08.750186","162","2026-09-29T10:36:30.803404","1","0.9928528666496277","0.9965211153030396","4.994068145751953","-0.10967586934566498","1.3107560873031616","414.0733246571735","0.07414079822616408","91.60820105820106","67.73391713629327","REAL"
"2026-09-29T10:36:08.750186","163","2026-09-29T10:36:30.916600","1","0.9923635125160217","0.9965211153030396","3.962364435195923","-1.0594825744628906","1.5100045204162598","424.37714714410487","0.07421597843053782","92.14142935377875","67.18225577203035","REAL"
"2026-09-29T10:36:08.750186","164","2026-09-29T10:36:31.041912","1","0.010038912296295166","0.000652611255645752","5.882235050201416","-0.7912577986717224","1.2505477666854858","351.66658958244756","0.05892857142857143","94.71525808281339","66.43993470176672","REAL"
"2026-09-29T10:36:08.750186","165","2026-09-29T10:36:31.162770","1","0.9923635125160217","0.9965211153030396","4.734841823577881","-0.2593657970428467","1.390335202217102","418.0444186634948","0.07205882352941176","93.20945083014048","66.1742122960765","REAL"
"2026-09-29T10:36:08.750186","166","2026-09-29T10:36:31.278972","1","0.9913694858551025","0.997727632522583","4.299862861633301","-0.5816981792449951","1.1329987049102783","426.9231007233452","0.07471264367816093","92.46909645232816","65.9500742479322","REAL"
"2026-09-29T10:36:08.750186","167","2026-09-29T10:36:31.525482","1","0.9918690919876099","0.9968274235725403","5.10249662399292","0.20364682376384735","1.083109736442566","223.0554748956144","0.07550260610573344","94.88236128849155","64.98329514035035","REAL"
"2026-09-29T10:36:08.750186","168","2026-09-29T10:36:31.890204","1","0.15394079685211182","0.024098217487335205","5.89345121383667","-0.6450530886650085","0.41895195841789246","391.5668153481396","0.0708433734939759","103.02208646616542","65.93053785395522","REAL"
"2026-09-29T10:39:14.161685","2","2026-09-29T10:39:22.284112","1","0.44215482473373413","0.026871562004089355","14.786625862121582","-0.07958430051803589","4.463479995727539","21.505169441141497","0.004597701149425287","196.68217874140666","14.355131442912718","REAL"
"2026-09-29T10:39:14.161685","3","2026-09-29T10:39:22.392740","1","0.245616614818573","0.042649805545806885","9.532634735107422","-1.6784930229187012","2.6068737506866455","65.45823477885935","0.04318272690923631","158.54346182917612","61.931381645012394","REAL"
"2026-09-29T10:39:14.161685","4","2026-09-29T10:39:22.512679","1","0.1492120623588562","0.10733461380004883","6.1511664390563965","-3.421416759490967","1.723729133605957","67.8836886957019","0.07540106951871657","107.0859649122807","71.37348818397234","REAL"
"2026-09-29T10:39:14.161685","5","2026-09-29T10:39:22.615868","1","0.026467084884643555","0.03290921449661255","5.5070719718933105","-3.3518714904785156","2.6057140827178955","364.55939621388336","0.05501195912154816","85.62732263513513","66.64512655608296","REAL"
"2026-09-29T10:39:14.161685","6","2026-09-29T10:39:22.738191","1","0.1603792905807495","0.022249281406402588","-0.16129301488399506","-3.149867057800293","4.158288478851318","315.1426799075494","0.036084529505582136","79.94928355957768","62.98976633657874","REAL"
"2026-09-29T10:39:14.161685","7","2026-09-29T10:39:22.852939","1","0.9848182797431946","0.9383997917175293","-2.2654545307159424","-3.2601053714752197","2.8556289672851562","496.06143843228","0.0769382911392405","86.08","65.44288572723313","REAL"
"2026-09-29T10:39:14.161685","8","2026-09-29T10:39:22.973433","1","0.990864634513855","0.994285523891449","-1.341535210609436","-3.1891748905181885","2.9647769927978516","572.4547575702222","0.09656741108354011","98.25155716294957","69.28379705924867","REAL"
"2026-09-29T10:39:14.161685","9","2026-09-29T10:39:23.092957","1","0.990864634513855","0.9939523935317993","-2.1352484226226807","-1.8671090602874756","2.4193222522735596","790.6731059075869","0.11293859649122807","116.421815889029","73.16172900432157","REAL"
"2026-09-29T10:39:14.161685","10","2026-09-29T10:39:23.221302","1","0.990864634513855","0.9958990216255188","-1.9673795700073242","-1.789483666419983","0.9157701134681702","808.8373699825279","0.12079378774805867","124.4086284086284","72.12535930626686","REAL"
"2026-09-29T10:39:14.161685","11","2026-09-29T10:39:23.332121","1","0.9868497848510742","0.99802166223526","-0.749291181564331","-1.3589568138122559","0.7101449966430664","933.2848932483225","0.12597066436583262","130.019943019943","72.10500308860561","REAL"
"2026-09-29T10:39:14.161685","12","2026-09-29T10:39:23.495715","1","0.9877196550369263","0.9958990216255188","-1.3917571306228638","-0.9309884309768677","0.6634230017662048","919.924331431003","0.12054329371816638","127.7999592999593","72.40306609849009","REAL"
"2026-09-29T10:39:14.161685","13","2026-09-29T10:39:23.614284","1","0.020991027355194092","0.012393414974212646","-1.2624965906143188","-0.7114945650100708","0.8561182022094727","857.9150664816742","0.11634408602150538","122.41311612364244","70.80613049272237","REAL"
"2026-09-29T10:39:14.161685","14","2026-09-29T10:39:23.744295","1","0.9837305545806885","0.9872773885726929","-1.1823251247406006","-0.9124797582626343","1.1086983680725098","740.4799304092286","0.1152376910016978","116.31908831908832","70.30163754896951","REAL"
"2026-09-29T10:39:14.161685","15","2026-09-29T10:39:23.862567","1","0.9893174171447754","0.9958990216255188","-1.6948347091674805","-0.8077109456062317","1.0815622806549072","790.6788477651243","0.11257309941520467","112.75220352564102","69.45575756383535","REAL"
"2026-09-29T10:39:14.161685","16","2026-09-29T10:39:23.977820","1","0.9965924024581909","0.9949411749839783","-1.0464638471603394","-1.1668939590454102","1.0404748916625977","739.7060157267996","0.116750208855472","111.45452724358974","68.77143558266195","REAL"
"2026-09-29T10:39:14.161685","17","2026-09-29T10:39:24.109091","1","0.9974813461303711","0.9939523935317993","-0.8427950739860535","-1.8363099098205566","1.0448787212371826","736.329371636482","0.11438879456706282","113.13369963369964","69.09274726578433","REAL"
"2026-09-29T10:39:14.161685","18","2026-09-29T10:39:24.242362","1","0.8972601294517517","0.3513319492340088","-0.9566481113433838","-0.2592572271823883","0.8793982863426208","772.6490960675847","0.11006683375104427","113.51943108974359","68.25958552953219","REAL"
"2026-09-29T10:39:14.161685","19","2026-09-29T10:39:24.345119","1","0.9503150582313538","0.994285523891449","-2.156784772872925","-1.3647361993789673","0.8290325999259949","833.3807682275407","0.11591397849462366","115.96846282372599","68.05345556935607","REAL"
"2026-09-29T10:39:14.161685","20","2026-09-29T10:39:24.469960","1","0.9942908883094788","0.9974306225776672","-1.534156322479248","-0.8363786935806274","0.9734151363372803","859.0813708107227","0.12294407894736842","117.40808678500986","68.05441706559851","REAL"
"2026-09-29T10:39:14.161685","21","2026-09-29T10:39:24.606909","1","0.9956856369972229","0.9958990216255188","-1.8336459398269653","-1.1530311107635498","0.723002552986145","917.8119041886686","0.12438322368421052","119.77613412228797","67.96903650572462","REAL"
"2026-09-29T10:39:14.161685","22","2026-09-29T10:39:24.707836","1","0.9938164353370667","0.9968274235725403","-0.8024359345436096","-1.6920897960662842","0.8868820071220398","844.9594590881854","0.12726151315789475","122.20433925049309","67.7994930897141","REAL"
"2026-09-29T10:39:14.161685","23","2026-09-29T10:39:24.829507","1","0.9942908883094788","0.9968274235725403","-1.2355570793151855","-1.5474344491958618","0.9176480174064636","831.0036898372576","0.12972861842105263","123.05996055226825","68.01724716302127","REAL"
"2026-09-29T10:39:14.161685","24","2026-09-29T10:39:24.961752","1","0.9918690919876099","0.9968274235725403","-0.5769140124320984","-2.0601274967193604","1.3832716941833496","567.7060207039365","0.12088815789473684","123.69644970414201","68.09771062615545","REAL"
"2026-09-29T10:39:14.161685","25","2026-09-29T10:39:25.065941","1","0.018253028392791748","0.021787047386169434","-0.4646458923816681","-7.706911563873291","2.1696581840515137","399.65870555555557","0.081875","116.99180819180819","67.87279143375616","REAL"
"2026-09-29T10:39:14.161685","26","2026-09-29T10:39:25.195500","1","0.23656463623046875","0.41945070028305054","0.6805523633956909","-20.170841217041016","2.2080588340759277","304.9605297590425","0.05008561643835616","87.57043407043408","67.1917092543602","REAL"
"2026-09-29T10:39:14.161685","27","2026-09-29T10:39:25.306633","1","0.9062259197235107","0.6384210586547852","5.266831398010254","-38.332584381103516","1.935611367225647","215.77901132978624","0.022743425728500355","58.275815217391305","58.842111065643344","REAL"
"2026-09-29T10:39:14.161685","28","2026-09-29T10:39:25.425325","1","0.9485522508621216","0.11680018901824951","5.5687479972839355","-47.05485534667969","0.4169089198112488","177.8936092437445","0.028985507246376812","47.100483498002944","55.34346284171385","REAL"
"2026-09-29T10:39:14.161685","29","2026-09-29T10:39:25.535084","1","0.9498605728149414","0.27962368726730347","1.2423679828643799","-42.27354049682617","1.1713709831237793","186.770584649982","0.026143790849673203","41.753626373626375","51.6552834763806","REAL"
"2026-09-29T10:39:14.161685","30","2026-09-29T10:39:25.680657","1","0.9488933086395264","0.44997191429138184","3.777557134628296","-49.35765075683594","1.960080623626709","195.06879170735678","0.021701388888888888","39.533614330874606","48.945480278867684","REAL"
"2026-09-29T10:39:14.161685","31","2026-09-29T10:39:25.794912","1","0.9511713981628418","0.3970256447792053","4.8564066886901855","-52.122982025146484","1.2681951522827148","197.0668722508474","0.022306397306397305","39.879165814761805","48.47716041798519","REAL"
"2026-09-29T10:39:14.161685","32","2026-09-29T10:39:26.289157","1","0.9515752792358398","0.41945070028305054","1.9605543613433838","-46.617740631103516","1.2888308763504028","195.00032916724177","0.0224159402241594","36.435810810810814","48.22842703080454","REAL"
"2026-09-29T10:39:14.161685","33","2026-09-29T10:39:26.395205","1","0.9606643915176392","0.6528555154800415","1.6864125728607178","-47.80772018432617","2.6451492309570312","167.67191646288288","0.016882799119158305","32.250233426704014","44.87836489148196","REAL"
"2026-09-29T10:39:14.161685","34","2026-09-29T10:39:26.559681","1","0.9831671714782715","0.023173749446868896","1.9726176261901855","-42.71544647216797","2.5075159072875977","154.7290394205802","0.014225746268656716","38.282805429864254","48.720150377057","REAL"
"2026-09-29T10:39:14.161685","35","2026-09-29T10:39:26.675608","1","0.9828804135322571","0.9952638149261475","-0.9481817483901978","-23.42633628845215","5.063636779785156","232.59065726822934","0.03241273494438052","70.35551470588236","65.27731065051998","REAL"
"2026-09-29T10:39:14.161685","36","2026-09-29T10:39:26.799907","1","0.990864634513855","0.997727632522583","-3.0895726680755615","-9.090730667114258","6.9016008377075195","426.40498533526505","0.07443793689778953","99.64742647058823","70.34007434992814","REAL"
"2026-09-29T10:39:14.161685","37","2026-09-29T10:39:26.919433","1","0.990864634513855","0.994285523891449","-0.5795475244522095","-4.609804153442383","7.329128265380859","469.6404717256517","0.09996276991809382","108.26464285714286","69.32397003418818","REAL"
"2026-09-29T10:39:14.161685","38","2026-09-29T10:39:27.035548","1","0.9877196550369263","0.9952638149261475","-0.8200657963752747","-2.5994462966918945","5.550931453704834","604.8000825453455","0.10765460030165913","108.04274445055952","66.77620295134047","REAL"
"2026-09-29T10:39:14.161685","39","2026-09-29T10:39:27.166555","1","0.9882580041885376","0.9958990216255188","-0.7034685611724854","-1.7185286283493042","4.220458030700684","704.7479190585763","0.11725955204216074","107.54846292947559","65.50052594509503","REAL"
"2026-09-29T10:39:14.161685","40","2026-09-29T10:39:27.286066","1","0.9882580041885376","0.9971305727958679","-1.1772770881652832","-1.830970287322998","3.512190103530884","807.4018151095732","0.12","106.49143610013175","64.59187755167652","REAL"
"2026-09-29T10:39:14.161685","41","2026-09-29T10:39:27.401075","1","0.9498605728149414","0.5413478016853333","-0.2696380317211151","-2.3831043243408203","2.9679670333862305","726.3803376817568","0.11493808049535603","107.48241758241758","64.53931322017498","REAL"
"2026-09-29T10:39:14.161685","42","2026-09-29T10:39:27.529469","1","0.9868497848510742","0.9968274235725403","-0.2538035213947296","-1.6750750541687012","2.2975125312805176","802.2717829160036","0.12403250773993808","111.53681318681319","64.64133448995895","REAL"
"2026-09-29T10:39:14.161685","43","2026-09-29T10:39:27.646569","1","0.9882580041885376","0.994285523891449","-0.6381332278251648","-1.48604154586792","2.466201066970825","823.8859587219278","0.1296439628482972","114.17875457875458","64.97697751696468","REAL"
"2026-09-29T10:39:14.161685","44","2026-09-29T10:39:27.766913","1","0.990864634513855","0.9962117075920105","0.33315742015838623","-2.3803341388702393","2.4783406257629395","867.2811220618787","0.13293343653250775","118.4584249084249","65.04237497642622","REAL"
"2026-09-29T10:39:14.161685","45","2026-09-29T10:39:27.891310","1","0.9923635125160217","0.9974306225776672","-0.2986682951450348","-2.4791347980499268","2.3731777667999268","874.0781396771272","0.13332043343653252","120.08589743589744","65.06835615934106","REAL"
"2026-09-29T10:39:14.161685","46","2026-09-29T10:39:28.015979","1","0.9485522508621216","0.8684090375900269","-0.09595581889152527","-2.782212972640991","2.7929577827453613","874.9661880924767","0.12906346749226005","120.93150183150183","65.38608131969092","REAL"
"2026-09-29T10:39:14.161685","47","2026-09-29T10:39:28.125417","1","0.026467084884643555","0.004566192626953125","-0.7896350026130676","-1.0264496803283691","2.752817392349243","827.0755621299501","0.12294117647058823","122.44546147978642","65.48524123495429","REAL"
"2026-09-29T10:39:14.161685","48","2026-09-29T10:39:28.243656","1","0.9114788770675659","0.15379184484481812","-0.49681922793388367","-0.5454816222190857","2.564208745956421","815.0702051518647","0.13019607843137254","123.2490465293669","66.68665234168057","REAL"
"2026-09-29T10:39:14.161685","49","2026-09-29T10:39:28.366365","1","0.9903543591499329","0.9872773885726929","-1.3336882591247559","1.8923330307006836","2.2421038150787354","720.2008995351775","0.12185354691075514","125.62820512820512","66.98250995870623","REAL"
"2026-09-29T10:39:14.161685","50","2026-09-29T10:39:28.497478","1","0.9498605728149414","0.9892709851264954","1.1287568807601929","13.864511489868164","2.6162445545196533","492.7088880113888","0.09739130434782609","132.53525046382188","64.6330656319907","REAL"
"2026-09-29T10:39:14.161685","51","2026-09-29T10:39:28.606866","1","0.9497048854827881","0.3436095714569092","1.7079570293426514","30.969608306884766","2.8243768215179443","438.62233479319747","0.0922266139657444","133.15535001051083","66.44738545583867","REAL"
"2026-09-29T10:39:14.161685","52","2026-09-29T10:39:28.735938","1","0.9472037553787231","0.7588732242584229","4.621382713317871","44.817527770996094","2.3866848945617676","473.97210059171596","0.1045673076923077","123.06130536130536","69.94082559904136","REAL"
"2026-09-29T10:39:14.161685","53","2026-09-29T10:39:28.856294","1","0.4603421688079834","0.9065451622009277","0.6344952583312988","48.41845703125","1.7411532402038574","565.1766313040489","0.10864793678665496","119.84658385093168","74.41695987408619","REAL"
"2026-09-29T10:39:14.161685","54","2026-09-29T10:39:28.975517","1","0.2554110884666443","0.9735729098320007","3.2295725345611572","47.307403564453125","-0.22363243997097015","497.4889886492684","0.10815850815850817","116.8254183627318","73.28479730356442","REAL"
"2026-09-29T10:39:14.161685","55","2026-09-29T10:39:29.090883","1","0.5857317447662354","0.9952638149261475","5.2069597244262695","43.38417053222656","-1.2402511835098267","877.3643160491413","0.11445221445221446","110.78629579375848","71.64327405742544","REAL"
"2026-09-29T10:39:14.161685","56","2026-09-29T10:39:29.216998","1","0.15823310613632202","0.9065451622009277","3.413879156112671","51.98931121826172","-0.46457844972610474","501.7228587644402","0.10606060606060606","116.43348475016224","72.5217881386416","REAL"
"2026-09-29T10:39:14.161685","57","2026-09-29T10:39:29.351820","1","0.3822312355041504","0.9841023683547974","2.4054505825042725","45.503475189208984","-0.8145524859428406","792.6175902929916","0.11108597285067873","115.8315565031983","72.14829393422924","REAL"
"2026-09-29T10:39:14.161685","58","2026-09-29T10:39:29.451821","1","0.7466771602630615","0.9900364875793457","4.205659866333008","45.77554702758789","-0.8869295120239258","773.4056189240262","0.11386593204775022","108.46112719982179","69.01797472136822","REAL"
"2026-09-29T10:39:14.161685","59","2026-09-29T10:39:29.596305","1","0.5938228368759155","0.9021314382553101","1.7214176654815674","52.28287887573242","-0.8021989464759827","807.9631623553461","0.11150131694468832","111.53046218487395","70.55898894396651","REAL"
"2026-09-29T10:39:14.161685","60","2026-09-29T10:39:29.739715","1","0.8114630579948425","0.9354024529457092","-1.3555744886398315","49.815513610839844","-1.586472988128662","610.9348532105698","0.11072664359861592","112.37536231884059","69.33868101507362","REAL"
"2026-09-29T10:39:14.161685","61","2026-09-29T10:39:29.862417","1","0.5816861391067505","0.6937435865402222","2.468240261077881","45.619529724121094","-1.4520764350891113","404.81543704935314","0.10256410256410256","119.63711294274894","68.67950280046824","REAL"
"2026-09-29T10:39:14.161685","62","2026-09-29T10:39:29.982035","1","0.03194314241409302","0.15379184484481812","-0.2974458336830139","32.31370544433594","-0.38856032490730286","365.3897236505683","0.08570782451379466","129.55353666450358","66.60331052825913","REAL"
"2026-09-29T10:39:14.161685","63","2026-09-29T10:39:30.097994","1","0.004562854766845703","0.0208626389503479","0.29140082001686096","19.902294158935547","0.5062010288238525","406.41557820165303","0.09237779618889809","139.5272979948382","62.82447872734528","REAL"
"2026-09-29T10:39:14.161685","64","2026-09-29T10:39:30.228850","1","0.004562854766845703","0.02363598346710205","0.08062759041786194","9.008394241333008","0.6825436949729919","383.01294087283867","0.09012256669069935","129.02702702702703","68.49494240524388","REAL"
"2026-09-29T10:39:14.161685","65","2026-09-29T10:39:30.366686","1","0.020991027355194092","0.021324872970581055","-0.4517098069190979","1.154511570930481","2.3350582122802734","430.8954958989359","0.09823359769286229","116.75658350658351","75.06683900864817","REAL"
"2026-09-29T10:39:14.161685","66","2026-09-29T10:39:30.508316","1","0.9903543591499329","0.9922314882278442","-1.5289018154144287","0.3175104856491089","3.277289390563965","719.1887616343604","0.11169652265542676","109.03291139240507","77.17136893086084","REAL"
"2026-09-29T10:39:14.161685","67","2026-09-29T10:39:30.619900","1","0.9952254295349121","0.9974306225776672","-1.4736868143081665","-0.8986195921897888","3.4657530784606934","712.8472511018231","0.11271024796254552","107.5765","77.16549842870194","REAL"
"2026-09-29T10:39:14.161685","68","2026-09-29T10:39:30.747367","1","0.9961413145065308","0.9958990216255188","-2.286480188369751","-0.3332364857196808","3.340740919113159","680.6230482869457","0.11670521259562355","111.91053711939787","75.84903417608784","REAL"
"2026-09-29T10:39:14.161685","69","2026-09-29T10:39:30.869495","1","0.9928528666496277","0.9867727756500244","-2.7903265953063965","-0.41967353224754333","2.7544455528259277","747.2247692648489","0.11652730830813023","117.17400843881856","75.00036972882097","REAL"
"2026-09-29T10:39:14.161685","70","2026-09-29T10:39:30.981841","1","0.9970390796661377","0.9922314882278442","-0.13056819140911102","-0.5202897191047668","2.2599833011627197","425.67069879772174","0.08682246024018175","124.54762658227848","73.8661910985321","REAL"
"2026-09-29T10:39:14.161685","71","2026-09-29T10:39:31.101108","1","0.9979193210601807","0.9457477331161499","3.713594675064087","-0.31303995847702026","2.067228078842163","506.2964738555462","0.11165321823981986","127.88970051132213","76.11041556687726","REAL"
"2026-09-29T10:39:14.161685","72","2026-09-29T10:39:31.233962","1","0.9965924024581909","0.9932752251625061","6.448746681213379","-1.0745149850845337","0.9800867438316345","523.5568984698145","0.10586011342155009","122.6891489783773","78.51780817398156","REAL"
"2026-09-29T10:39:14.161685","73","2026-09-29T10:39:31.363924","1","0.9947605133056641","0.9974306225776672","8.67613410949707","-1.3464900255203247","0.4241095185279846","728.4890918945415","0.10414201183431952","116.59633649932158","78.757504808705","REAL"
"2026-09-29T10:39:14.161685","74","2026-09-29T10:39:31.464290","1","0.9868497848510742","0.9974306225776672","13.507140159606934","-1.0643343925476074","-0.08408605307340622","904.4105534010597","0.11602497398543184","116.47190728143109","79.13482013334193","REAL"
"2026-09-29T10:39:14.161685","75","2026-09-29T10:39:31.595055","1","0.9850823879241943","0.9939523935317993","13.422566413879395","-1.6770819425582886","-0.2945578992366791","1061.8261983889886","0.1325270849080373","119.50048828125","77.46679290939977","REAL"
"2026-09-29T10:39:14.161685","76","2026-09-29T10:39:31.711254","1","0.9871754050254822","0.99802166223526","16.433073043823242","-1.2696222066879272","-1.4317800998687744","1049.8833558603433","0.13293444328824142","113.74653565129756","74.96320255418281","REAL"
"2026-09-29T10:39:14.161685","77","2026-09-29T10:39:31.834342","1","0.9947605133056641","0.994285523891449","15.0531005859375","-0.7743325233459473","-1.0341373682022095","885.5823082403365","0.13529856386999245","111.0185546875","73.3635641606143","REAL"
"2026-09-29T10:39:14.161685","78","2026-09-29T10:39:31.954337","1","0.9918690919876099","0.9968274235725403","10.750709533691406","1.2111257314682007","-1.1042407751083374","721.9869756102562","0.13330078125","111.24382284382284","71.96949781462212","REAL"
"2026-09-29T10:39:14.161685","79","2026-09-29T10:39:32.073943","1","0.9913694858551025","0.9884875416755676","10.183979988098145","0.30463263392448425","-1.0134544372558594","651.3543527800871","0.11981351981351981","109.03698752228163","71.21800006939242","REAL"
"2026-09-29T10:39:14.161685","80","2026-09-29T10:39:32.197795","1","0.13616210222244263","0.02363598346710205","8.476112365722656","-1.461676836013794","0.33640187978744507","425.93193351377323","0.08710180441078191","105.64876385336743","71.69271294990376","REAL"
"2026-09-29T10:39:14.161685","81","2026-09-29T10:39:32.323021","1","0.7550646662712097","0.434387743473053","3.7336344718933105","-2.0668201446533203","1.6835600137710571","406.1104786748876","0.08352623456790123","107.84660336011687","73.1919925742879","REAL"
"2026-09-29T10:39:14.161685","82","2026-09-29T10:39:32.433037","1","0.9842807650566101","0.9958990216255188","0.6584560871124268","-2.3394675254821777","2.235616683959961","417.4081724888783","0.0772744575561477","105.93168949771689","73.2961671512461","REAL"
"2026-09-29T10:39:14.161685","83","2026-09-29T10:39:32.558369","1","0.9942908883094788","0.9974306225776672","-1.0871472358703613","-1.4370542764663696","2.242055654525757","542.1306111181335","0.09597523219814241","108.49633699633699","73.00773069450356","REAL"
"2026-09-29T10:39:14.161685","84","2026-09-29T10:39:32.674346","1","0.9956856369972229","0.9958990216255188","-2.523061752319336","-1.936718225479126","2.1511549949645996","643.9012498387872","0.10251374705420267","108.90761689291101","72.78106533566756","REAL"
"2026-09-29T10:39:14.161685","85","2026-09-29T10:39:32.798253","1","0.9928528666496277","0.9968274235725403","-1.587458848953247","-1.4086576700210571","2.1638152599334717","737.7294260028422","0.10428626100267892","111.96481757259866","73.2888393577649","REAL"
"2026-09-29T10:39:14.161685","86","2026-09-29T10:39:32.921901","1","0.8997346758842468","0.8706389665603638","-1.997305154800415","-1.3572756052017212","1.9576432704925537","757.4322100308315","0.10065059318790662","114.9138123603872","73.30213576563753","REAL"
"2026-09-29T10:39:14.161685","87","2026-09-29T10:39:33.039883","1","0.9918690919876099","0.9962117075920105","-1.5049642324447632","-0.7631242275238037","2.0561583042144775","774.3763863789183","0.10409491006505932","118.2475800446761","73.82920701937891","REAL"
"2026-09-29T10:39:14.161685","88","2026-09-29T10:39:33.155125","1","0.9903543591499329","0.9965211153030396","-1.797942042350769","-1.2309385538101196","1.8651182651519775","760.2346786535081","0.10845295055821372","123.14027149321267","73.96620803955904","REAL"
"2026-09-29T10:39:14.161685","89","2026-09-29T10:39:33.286133","1","0.010038912296295166","0.006523013114929199","-2.064330816268921","-1.2432146072387695","1.6247236728668213","501.20596315104166","0.08375","122.27572427572427","74.65418844410308","REAL"
"2026-09-29T10:39:14.161685","90","2026-09-29T10:39:33.420013","1","0.03877866268157959","0.0026093721389770508","-5.86763334274292","-1.3307390213012695","2.150601863861084","446.1333257904157","0.049786628733997154","115.12367816091954","79.2711213540215","REAL"
"2026-09-29T10:39:14.161685","91","2026-09-29T10:39:33.523027","1","0.03194314241409302","0.11680018901824951","-8.149334907531738","-0.8349427580833435","3.587568759918213","519.7387484549638","0.04897435897435897","112.20632197990689","84.09263202746581","REAL"
"2026-09-29T10:39:14.161685","92","2026-09-29T10:39:33.667486","1","0.020991027355194092","0.3436095714569092","-11.684138298034668","-1.5133676528930664","3.82975435256958","595.9018209027633","0.06015037593984962","115.08102564102565","84.8675837300605","REAL"
"2026-09-29T10:39:14.161685","93","2026-09-29T10:39:33.803997","1","0.0873914361000061","0.5363578200340271","-12.624775886535645","-0.566450297832489","2.484959840774536","678.2154586059241","0.06873977086743044","119.21234823043142","84.8364595224997","REAL"
"2026-09-29T10:39:14.161685","94","2026-09-29T10:39:33.931092","1","0.08553206920623779","0.434387743473053","-11.99024772644043","-0.6929498314857483","2.824373245239258","782.9046073397068","0.07501363884342607","121.18618143459915","84.87654001745224","REAL"
"2026-09-29T10:39:14.161685","95","2026-09-29T10:39:34.068352","1","0.062496304512023926","0.0264093279838562","-11.909852027893066","-1.1478191614151","3.3098304271698","764.7699429951407","0.07528641571194762","124.1345905450788","85.16148272301895","REAL"
"2026-09-29T10:39:14.161685","96","2026-09-29T10:39:34.207748","1","0.1118159294128418","0.6025388240814209","-13.224719047546387","-1.1857894659042358","3.0257914066314697","763.6779189013969","0.08062709966405375","127.90920983778126","84.67568797424995","REAL"
"2026-09-29T10:39:14.161685","97","2026-09-29T10:39:34.351950","1","0.9928528666496277","0.9065451622009277","-13.556939125061035","-1.2043306827545166","3.328658103942871","454.08630762656145","0.054615384615384614","129.1881694255112","82.43413697557585","REAL"
"2026-09-29T10:39:14.161685","98","2026-09-29T10:39:34.491809","1","0.9877196550369263","0.998312771320343","-5.480591297149658","-3.0963056087493896","3.5126113891601562","352.690398011106","0.059756627553237726","135.6901846856194","77.06997713065188","REAL"
"2026-09-29T10:39:14.161685","99","2026-09-29T10:39:34.606594","1","0.9842807650566101","0.9968274235725403","-2.2658286094665527","-2.3704841136932373","3.222388505935669","412.93020969361294","0.08041958041958042","141.43112434847356","75.57450786487989","REAL"
"2026-09-29T10:39:14.161685","100","2026-09-29T10:39:34.759531","1","0.9868497848510742","0.9946150779724121","0.3513581156730652","-1.5352730751037598","3.2689576148986816","489.6358314384375","0.10637509266123055","142.8405338953284","76.45549773535932","REAL"
"2026-09-29T10:39:14.161685","101","2026-09-29T10:39:34.905177","1","0.007300853729248047","0.012393414974212646","2.0186142921447754","-2.1795125007629395","2.5188558101654053","668.1035662208504","0.1174074074074074","143.8980343980344","76.68370047745692","REAL"
"2026-09-29T10:39:14.161685","102","2026-09-29T10:39:35.019001","1","0.007300853729248047","0.006523013114929199","2.7215750217437744","-2.0376105308532715","2.220034122467041","725.4979178582598","0.12602739726027398","140.37855387855387","77.20356009274462","REAL"
"2026-09-29T10:39:14.161685","103","2026-09-29T10:39:35.147828","1","0.14638656377792358","0.042649805545806885","1.9424947500228882","-1.1984244585037231","2.1229546070098877","740.8922215967141","0.11908675799086758","136.17763157894737","76.31916626750802","REAL"
"2026-09-29T10:39:14.161685","104","2026-09-29T10:39:35.273517","1","0.9868497848510742","0.9929311275482178","2.1604113578796387","-1.720279574394226","2.2007319927215576","741.0841805212619","0.125","132.3694879089616","76.25220912328754","REAL"
"2026-09-29T10:39:14.161685","105","2026-09-29T10:39:35.382453","1","0.9887905716896057","0.9918758273124695","1.0990060567855835","-1.3660434484481812","2.166207790374756","707.4319651915237","0.12361008154188288","128.9768177028451","76.56838618219646","REAL"
"2026-09-29T10:39:14.161685","106","2026-09-29T10:39:35.509219","1","0.020991027355194092","0.019214868545532227","0.5292709469795227","-1.440901279449463","2.362849712371826","735.8400600938967","0.11943661971830986","128.27575164561466","75.59135376307323","REAL"
"2026-09-29T10:39:14.161685","107","2026-09-29T10:39:35.629343","1","0.03194314241409302","0.0208626389503479","0.2588834762573242","-1.3530255556106567","2.3419644832611084","779.8421666247879","0.12131455399061034","128.04416005767845","75.27112754924893","REAL"
"2026-09-29T10:39:14.161685","108","2026-09-29T10:39:35.744912","1","0.9837305545806885","0.9929311275482178","0.08821897953748703","-0.7816733121871948","2.2319419384002686","795.0320557278911","0.1219047619047619","124.45723684210526","75.67068057961751","REAL"
"2026-09-29T10:39:14.161685","109","2026-09-29T10:39:35.869677","1","0.9913694858551025","0.9936156272888184","-0.19150887429714203","-0.9334030747413635","2.0167579650878906","815.8120997732426","0.1300952380952381","122.43058350100604","75.21855286050202","REAL"
"2026-09-29T10:39:14.161685","110","2026-09-29T10:39:35.981488","1","0.9942908883094788","0.9922314882278442","0.18201087415218353","-0.958433985710144","1.8500465154647827","754.9405598548752","0.1295238095238095","121.2257179440278","74.38514441678645","REAL"
"2026-09-29T10:39:14.161685","111","2026-09-29T10:39:36.104567","1","0.9942908883094788","0.9946150779724121","1.0299099683761597","-2.2112457752227783","1.5944163799285889","778.5383382857143","0.12666666666666668","120.57600146332541","73.27708771713274","REAL"
"2026-09-29T10:39:14.161685","112","2026-09-29T10:39:36.234722","1","0.9933371543884277","0.9952638149261475","-1.234426498413086","-2.3271701335906982","1.2533717155456543","787.0157076099773","0.12628571428571428","120.7094298245614","71.57329442889922","REAL"
"2026-09-29T10:39:14.161685","113","2026-09-29T10:39:36.348020","1","0.9923635125160217","0.9925832152366638","-0.9591214060783386","-1.4504705667495728","1.240582823753357","691.7470006744694","0.13370892018779343","120.4524152847873","71.49350008727201","REAL"
"2026-09-29T10:39:14.161685","114","2026-09-29T10:39:36.469855","1","0.9887905716896057","0.9952638149261475","-0.3835737705230713","-1.5226398706436157","1.550313115119934","766.8300418699993","0.13370892018779343","119.29037490987743","72.24919975210653","REAL"
"2026-09-29T10:39:14.161685","115","2026-09-29T10:39:36.593324","1","0.9877196550369263","0.9952638149261475","1.181435465812683","-1.3671916723251343","1.3133280277252197","780.8353339155103","0.1290204678362573","117.04469854469855","72.79816750863507","REAL"
"2026-09-29T10:39:14.161685","116","2026-09-29T10:39:36.718037","1","0.018253028392791748","0.008479773998260498","0.5370321273803711","-1.1601194143295288","1.590108871459961","665.4623066425855","0.11878154289834174","115.69490644490645","72.48112729034733","REAL"
"2026-09-29T10:39:14.161685","117","2026-09-29T10:39:36.834566","1","0.9868497848510742","0.9965211153030396","1.9802154302597046","-1.2863764762878418","1.3012006282806396","732.3650575788752","0.13","116.83197012802276","72.6814600310799","REAL"
"2026-09-29T10:39:14.161685","118","2026-09-29T10:39:36.957316","1","0.9893174171447754","0.99802166223526","2.058669090270996","-1.0362138748168945","1.5223509073257446","768.7196644052107","0.12863849765258217","116.3518946806618","73.53192713016458","REAL"
"2026-09-29T10:39:14.161685","119","2026-09-29T10:39:37.085509","1","0.9871754050254822","0.9946150779724121","0.1894770711660385","-0.9485716223716736","2.0050628185272217","725.9650651325795","0.12450704225352113","116.50773883650596","73.144026088649","REAL"
"2026-09-29T10:39:14.161685","120","2026-09-29T10:39:37.194055","1","0.9858568906784058","0.9939523935317993","0.9900848865509033","-1.561004638671875","2.346691846847534","709.8552401269842","0.12838095238095237","117.30829678362574","71.95689004348806","REAL"
"2026-09-29T10:39:14.161685","121","2026-09-29T10:39:37.321955","1","0.775982677936554","0.12644684314727783","1.5141750574111938","-1.5234811305999756","2.754301071166992","704.3116726047614","0.12393822393822394","119.22","71.12941601209883","REAL"
"2026-09-29T10:39:14.161685","122","2026-09-29T10:39:37.442313","1","0.2853690981864929","0.02363598346710205","1.6915202140808105","-2.023427963256836","2.619198799133301","690.9230376726289","0.1227967097532315","120.28933333333333","68.80153860774954","REAL"
"2026-09-29T10:39:14.161685","123","2026-09-29T10:39:37.553804","1","0.29744672775268555","0.023173749446868896","1.3930059671401978","-2.1540908813476562","2.574277877807617","732.0114929725618","0.12769291030160596","118.40057142857142","68.03497503670373","REAL"
"2026-09-29T10:39:14.161685","124","2026-09-29T10:39:37.684496","1","0.9510332942008972","0.6884933710098267","1.9257394075393677","-2.265679121017456","2.187939167022705","543.2474273658627","0.10998610283899146","116.27200772200773","66.74018913500322","REAL"
"2026-09-29T10:39:14.161685","125","2026-09-29T10:39:37.798119","1","0.9514423608779907","0.990412712097168","0.6980931758880615","-2.026125192642212","1.8684414625167847","568.3100985749902","0.12191780821917808","116.57841644461362","67.39955403679986","REAL"
"2026-09-29T10:39:14.161685","126","2026-09-29T10:39:37.922756","1","0.9840072393417358","0.9946150779724121","1.5039795637130737","-2.21152400970459","2.2800686359405518","572.7123464870748","0.11153406928054815","113.5503196347032","69.99265830637388","REAL"
"2026-09-29T10:39:14.161685","127","2026-09-29T10:39:38.041673","1","0.9893174171447754","0.9949411749839783","1.3793691396713257","-2.1202073097229004","2.004716634750366","593.4491443213296","0.11210526315789474","107.16017316017316","71.03491179373076","REAL"
"2026-09-29T10:39:14.161685","128","2026-09-29T10:39:38.307632","1","0.9903543591499329","0.9974306225776672","1.099554181098938","-1.5763576030731201","1.0060412883758545","643.364216288395","0.11555555555555555","105.03571428571429","70.47689752955965","REAL"
"2026-09-29T10:39:48.298497","1","2026-09-29T10:39:55.288111","1","0.27598196268081665","0.12001985311508179","9.9114408493042","1.1929819583892822","0.5757670402526855","5.515252525252525","0.007575757575757576","192.22902603664417","11.326576146812707","REAL"
"2026-09-29T10:39:48.298497","2","2026-09-29T10:39:55.426184","1","0.5394124984741211","0.029933273792266846","8.044034004211426","-2.216224431991577","0.7486416101455688","25.187773222222223","0.07","131.51880424300867","76.81526690583155","REAL"
"2026-09-29T10:39:48.298497","3","2026-09-29T10:39:55.551685","1","0.21113640069961548","0.022249281406402588","3.747000217437744","-5.19204044342041","1.8140113353729248","221.93500889814752","0.05188246097337006","59.35030728709394","64.0348259572499","REAL"
"2026-09-29T10:39:48.298497","4","2026-09-29T10:39:55.668831","1","0.05671572685241699","0.019214868545532227","3.0043535232543945","-5.401402473449707","0.1934315264225006","209.6860982393354","0.06961770623742455","52.28786149162862","51.34732927856811","REAL"
"2026-09-29T10:39:48.298497","5","2026-09-29T10:39:55.781301","1","0.14356094598770142","0.042649805545806885","2.5849902629852295","-5.179360389709473","-0.33848369121551514","674.6352593532417","0.10524256651017215","64.1854006380184","54.86319467787713","REAL"
"2026-09-29T10:39:48.298497","6","2026-09-29T10:39:55.897300","1","0.7684621810913086","0.6884933710098267","2.356731653213501","-5.192010402679443","-1.1244239807128906","721.7671179277456","0.12206572769953052","72.45580784387315","57.067023048997754","REAL"
"2026-09-29T10:39:48.298497","7","2026-09-29T10:39:56.016973","1","0.9845510721206665","0.936539888381958","3.5464320182800293","-4.497274875640869","-0.6868416666984558","831.5100746016","0.14583333333333334","82.38603500761035","59.279360383999304","REAL"
"2026-09-29T10:39:48.298497","8","2026-09-29T10:39:56.142522","1","0.9537659883499146","0.994285523891449","1.3936320543289185","-4.89569616317749","0.433336079120636","924.3136849264602","0.15533199195171027","91.43207762557077","61.31553083112012","REAL"
"2026-09-29T10:39:48.298497","9","2026-09-29T10:39:56.251051","1","0.9863588809967041","0.9949411749839783","1.015207290649414","-4.412498474121094","0.6334312558174133","856.7852179925031","0.16346938775510203","93.30979938271605","61.28673700212111","REAL"
"2026-09-29T10:39:48.298497","10","2026-09-29T10:39:56.381755","1","0.9903543591499329","0.9939523935317993","0.8978400230407715","-0.367908239364624","1.3377764225006104","687.1055759173526","0.14795524691358025","112.76934468715291","64.30043705725072","REAL"
"2026-09-29T10:39:48.298497","11","2026-09-29T10:39:56.504092","1","0.9918690919876099","0.994285523891449","-1.6185877323150635","0.30710238218307495","1.130299687385559","865.1445751925795","0.14317019722425128","115.72586666666666","65.20535668029466","REAL"
"2026-09-29T10:39:48.298497","12","2026-09-29T10:39:56.622516","1","0.010038912296295166","0.004566192626953125","-1.6862901449203491","-0.45368266105651855","1.9179108142852783","860.9512118689375","0.14718772826880935","114.37457777777777","65.3529681578729","REAL"
"2026-09-29T10:39:48.298497","13","2026-09-29T10:39:56.752231","1","0.9868497848510742","0.9872773885726929","-1.327501893043518","0.08204426616430283","1.655160665512085","927.3736003571139","0.15603603603603602","114.07861471861472","66.32199860815186","REAL"
"2026-09-29T10:39:48.298497","14","2026-09-29T10:39:56.888647","1","0.9877196550369263","0.9974306225776672","-0.7436902523040771","-0.30409663915634155","1.5780287981033325","829.8846151111111","0.15324444444444443","114.09347231715653","66.65544517596982","REAL"
"2026-09-29T10:39:48.298497","15","2026-09-29T10:39:56.999330","1","0.9913694858551025","0.9958990216255188","-0.38017287850379944","-0.47788915038108826","1.4383994340896606","916.1705517511111","0.15253333333333333","114.50837320574162","66.8437474034527","REAL"
"2026-09-29T10:39:48.298497","16","2026-09-29T10:39:57.109383","1","0.9952254295349121","0.9949411749839783","0.7951561212539673","-1.2163950204849243","1.0537221431732178","1065.732422868575","0.15543859649122807","113.62304362304363","67.89496080533276","REAL"
"2026-09-29T10:39:48.298497","17","2026-09-29T10:39:57.226366","1","0.9933371543884277","0.9952638149261475","1.4274842739105225","-1.0228374004364014","1.1191660165786743","1026.8998916424691","0.16266666666666665","112.99965823650034","67.47233300401123","REAL"
"2026-09-29T10:39:48.298497","18","2026-09-29T10:39:57.357982","1","0.9913694858551025","0.9952638149261475","1.2442424297332764","-2.0449562072753906","0.5178239941596985","1117.8265710617284","0.17084444444444444","114.42469219092595","68.711096722402","REAL"
"2026-09-29T10:39:48.298497","19","2026-09-29T10:39:57.478739","1","0.40602678060531616","0.012393414974212646","0.5751816034317017","-1.2176463603973389","0.7878178358078003","989.9738237155556","0.16355555555555557","113.43335611756665","68.99564486548611","REAL"
"2026-09-29T10:39:48.298497","20","2026-09-29T10:39:57.590230","1","0.010038912296295166","0.0026093721389770508","2.5821986198425293","-2.2119555473327637","1.212397813796997","780.0283290550939","0.15421052631578946","112.52430902430902","71.30176750799365","REAL"
"2026-09-29T10:39:48.298497","21","2026-09-29T10:39:57.719411","1","0.9868497848510742","0.9892709851264954","3.184556245803833","-1.925078272819519","1.745166301727295","695.6214008927847","0.13675675675675675","97.1880701754386","71.8073646088286","REAL"
"2026-09-29T10:39:48.298497","22","2026-09-29T10:39:57.836989","1","0.03194314241409302","0.010436594486236572","4.805548191070557","-2.3749101161956787","2.549203395843506","953.9335222206192","0.13210733721148432","92.89463111760409","70.92538981756356","REAL"
"2026-09-29T10:39:48.298497","23","2026-09-29T10:39:57.952500","1","0.9472037553787231","0.5810842514038086","2.886996269226074","-1.8409215211868286","2.0372602939605713","861.813173113887","0.12463824040131198","82.75453535727509","67.56985568186838","REAL"
"2026-09-29T10:39:48.298497","24","2026-09-29T10:39:58.078124","1","0.9850823879241943","0.9958990216255188","1.3400912284851074","-1.7932542562484741","2.1900293827056885","906.2659941901069","0.13389928612772525","79.09811181044057","65.10678438505433","REAL"
"2026-09-29T10:39:48.298497","25","2026-09-29T10:39:58.201020","1","0.9893174171447754","0.9952638149261475","1.5277811288833618","-2.2968742847442627","2.3966989517211914","923.2630660469429","0.13098142240570462","77.00566106647187","64.11379758108146","REAL"
"2026-09-29T10:39:48.298497","26","2026-09-29T10:39:58.322385","1","0.9856016635894775","0.99802166223526","1.20095956325531","-2.029226779937744","2.8100149631500244","770.0694500549045","0.1251388374676046","75.3390990990991","63.97006593810353","REAL"
"2026-09-29T10:39:48.298497","27","2026-09-29T10:39:58.441810","1","0.9923635125160217","0.9965211153030396","0.8970300555229187","-2.4999027252197266","3.0015406608581543","927.6257215895539","0.127100073046019","76.45777777777778","63.993944466606074","REAL"
"2026-09-29T10:39:48.298497","28","2026-09-29T10:39:58.563943","1","0.007300853729248047","0.0026093721389770508","1.960302472114563","-2.1273391246795654","2.6661505699157715","891.1938706273842","0.12036036036036037","80.6378947368421","65.38829582314855","REAL"
"2026-09-29T10:39:48.298497","29","2026-09-29T10:39:58.677571","1","0.9861093163490295","0.997727632522583","0.5030251145362854","-2.039019823074341","2.0249850749969482","1008.5363304900166","0.1362308254200146","80.87964444444444","64.06521332973685","REAL"
"2026-09-29T10:39:48.298497","30","2026-09-29T10:39:58.801498","1","0.9942908883094788","0.9911525249481201","1.963284969329834","-2.4198050498962402","1.8825583457946777","937.90451541271","0.14198198198198198","84.25561403508772","65.01599070559472","REAL"
"2026-09-29T10:39:48.298497","31","2026-09-29T10:39:58.918463","1","0.9983530044555664","0.9952638149261475","0.7340294122695923","-1.6180566549301147","1.468104600906372","1157.8473910044443","0.14524444444444445","87.44847360431775","65.41451892612218","REAL"
"2026-09-29T10:39:48.298497","32","2026-09-29T10:39:59.024789","1","0.9987824559211731","0.9958990216255188","1.5994279384613037","-2.036677360534668","1.9123767614364624","1029.1516453534616","0.14216216216216215","87.61419913419914","65.57668579962325","REAL"
"2026-09-29T10:39:48.298497","33","2026-09-29T10:39:59.167931","1","0.9965924024581909","0.9932752251625061","0.9172096252441406","-2.374239683151245","2.063793420791626","1009.9829947733334","0.14044444444444446","85.32775119617224","64.60472824296632","REAL"
"2026-09-29T10:39:48.298497","34","2026-09-29T10:39:59.289320","1","0.029205143451690674","0.021324872970581055","1.054172396659851","-2.5752782821655273","2.3789491653442383","1064.7640843377778","0.12764444444444445","85.49468713105077","64.63992157116243","REAL"
"2026-09-29T10:39:48.298497","35","2026-09-29T10:39:59.402503","1","0.9942908883094788","0.9900364875793457","-1.4689488410949707","-2.4235503673553467","1.7147674560546875","1051.2050497199903","0.14036036036036037","86.07736842105263","64.29116454606208","REAL"
"2026-09-29T10:39:48.298497","36","2026-09-29T10:39:59.531132","1","0.9961413145065308","0.9896559715270996","-0.685699462890625","-2.0098073482513428","1.2415540218353271","1014.9381445012581","0.14576576576576578","87.61894736842105","64.73181700080185","REAL"
"2026-09-29T10:39:48.298497","37","2026-09-29T10:39:59.666563","1","0.9952254295349121","0.9880889058113098","-1.0881198644638062","-2.271674156188965","1.5966200828552246","999.6133826054321","0.14204444444444445","89.67532467532467","66.39193998310986","REAL"
"2026-09-29T10:39:48.298497","38","2026-09-29T10:39:59.812221","1","0.9956856369972229","0.9918758273124695","-1.266270399093628","-2.080974817276001","1.4122759103775024","1027.8288881502","0.13807017543859648","90.68531468531468","67.84770614812987","REAL"
"2026-09-29T10:39:48.298497","39","2026-09-29T10:39:59.930638","1","0.9956856369972229","0.9834141135215759","-0.5053662657737732","-2.6437528133392334","1.2989318370819092","1112.6286754078178","0.14350877192982456","90.07456140350877","67.89342168283748","REAL"
"2026-09-29T10:39:48.298497","40","2026-09-29T10:40:00.054636","1","0.9938164353370667","0.9918758273124695","1.2683416604995728","-2.5513463020324707","1.2378188371658325","1068.0601484747276","0.1440443213296399","90.86653517422748","68.40056300563192","REAL"
"2026-09-29T10:39:48.298497","41","2026-09-29T10:40:00.175813","1","0.2853690981864929","0.0208626389503479","0.00786194484680891","-2.718977689743042","1.7085654735565186","1052.9632976544112","0.13855855855855856","88.66964912280702","66.68306677570946","REAL"
"2026-09-29T10:39:48.298497","42","2026-09-29T10:40:00.294230","1","0.9868497848510742","0.9968274235725403","0.830183744430542","-2.270878553390503","1.1369510889053345","1071.7217298861187","0.14087719298245613","89.96592442645074","68.3464065989986","REAL"
"2026-09-29T10:39:48.298497","43","2026-09-29T10:40:00.411292","1","0.9918690919876099","0.9936156272888184","0.8820707201957703","-2.6621041297912598","1.0293599367141724","1095.514103385657","0.14491228070175438","90.7805330634278","68.81784650478828","REAL"
"2026-09-29T10:39:48.298497","44","2026-09-29T10:40:00.534673","1","0.9923635125160217","0.990412712097168","0.03510218858718872","-2.3503971099853516","1.1267790794372559","1031.8421934133578","0.14333333333333334","90.91447368421052","69.23020142367736","REAL"
"2026-09-29T10:39:48.298497","45","2026-09-29T10:40:00.658238","1","0.990864634513855","0.9922314882278442","0.016317317262291908","-2.6090145111083984","1.0369338989257812","1081.8616195444752","0.14491228070175438","91.03137651821862","69.45701561550972","REAL"
"2026-09-29T10:39:48.298497","46","2026-09-29T10:40:00.770359","1","0.9893174171447754","0.9932752251625061","0.8173046708106995","-2.4429566860198975","0.9941835999488831","1059.2863653739612","0.14543859649122806","90.47186147186147","69.58044518693724","REAL"
"2026-09-29T10:39:48.298497","47","2026-09-29T10:40:00.893729","1","0.990864634513855","0.9907847046852112","1.020701289176941","-1.9108036756515503","1.115074872970581","1055.1570895135858","0.1419667590027701","90.21794871794872","69.53700196070508","REAL"
"2026-09-29T10:39:48.298497","48","2026-09-29T10:40:01.016743","1","0.015514969825744629","0.012393414974212646","2.3882250785827637","-2.6435554027557373","1.7349668741226196","973.3534025955556","0.12995555555555555","89.52420306965762","68.82083085420844","REAL"
"2026-09-29T10:39:48.298497","49","2026-09-29T10:40:01.134596","1","0.020991027355194092","0.010436594486236572","0.7905009984970093","-2.4337239265441895","1.6005550622940063","517.8776294150456","0.1111111111111111","87.80679327976625","67.18243153174444","REAL"
"2026-09-29T10:39:48.298497","50","2026-09-29T10:40:01.264305","1","0.02372908592224121","0.0208626389503479","-2.686715841293335","-2.2400248050689697","1.5560015439987183","439.87850317912296","0.07318446237568024","90.38257852447042","68.88952936952869","REAL"
"2026-09-29T10:39:48.298497","51","2026-09-29T10:40:01.380783","1","0.020991027355194092","0.024098217487335205","-5.193723201751709","-2.2305071353912354","2.036543130874634","428.55001800156396","0.0614957349732196","94.26236681887367","72.11674430401057","REAL"
"2026-09-29T10:39:48.298497","52","2026-09-29T10:40:01.503095","1","0.08553206920623779","0.0888165831565857","-7.012894153594971","-2.387669086456299","2.8783657550811768","443.8909449479112","0.07226792009400705","93.31295238095238","72.4055230979859","REAL"
"2026-09-29T10:39:48.298497","53","2026-09-29T10:40:01.625653","1","0.27911096811294556","0.0595439076423645","-8.63854694366455","-2.8705968856811523","4.212767601013184","561.2330941059442","0.08476658476658476","97.53764705882352","74.67894914528497","REAL"
"2026-09-29T10:39:48.298497","54","2026-09-29T10:40:01.775520","1","0.1954095959663391","0.02456045150756836","-11.47950267791748","-4.342154026031494","5.256171226501465","767.4006343329489","0.09568627450980392","104.07698099002447","74.34157121278054","REAL"
"2026-09-29T10:39:48.298497","55","2026-09-29T10:40:01.896991","1","0.46944624185562134","0.08612668514251709","-12.432282447814941","-2.7194201946258545","4.750483512878418","517.4521300393536","0.09602784602784603","110.02882352941177","75.79286111933718","REAL"
"2026-09-29T10:39:48.298497","56","2026-09-29T10:40:02.020627","1","0.40602678060531616","0.0888165831565857","-12.343896865844727","-3.666863441467285","4.8850908279418945","547.6100333637189","0.09377559377559377","112.58746268656716","75.10389726974445","REAL"
"2026-09-29T10:39:48.298497","57","2026-09-29T10:40:02.127551","1","0.40602678060531616","0.025484859943389893","-9.319950103759766","-3.0982747077941895","2.914865255355835","707.0480909344017","0.1036708350141186","118.73797101449276","73.80661071513308","REAL"
"2026-09-29T10:39:48.298497","58","2026-09-29T10:40:02.255420","1","0.074978768825531","0.03290921449661255","-9.764949798583984","-2.878084897994995","1.9661873579025269","674.8937665396154","0.10651828298887123","120.34183574879228","72.23456730359942","REAL"
"2026-09-29T10:39:48.298497","59","2026-09-29T10:40:02.378330","1","0.05671572685241699","0.26193898916244507","-9.456918716430664","-2.2695562839508057","1.543151617050171","613.3962883965514","0.10453100158982512","119.68850241545894","72.26126492712642","REAL"
"2026-09-29T10:39:48.298497","60","2026-09-29T10:40:02.497956","1","0.9511713981628418","0.7252373695373535","-9.313810348510742","-1.7968443632125854","1.9620890617370605","414.7248794195011","0.08647619047619047","117.66360028860029","72.64723023173282","REAL"
"2026-09-29T10:39:48.298497","61","2026-09-29T10:40:02.620368","1","0.9923635125160217","0.9955831170082092","-8.624922752380371","-2.6979663372039795","3.0474977493286133","306.22482028316404","0.06824561403508772","115.53711201079622","72.67945568432046","REAL"
"2026-09-29T10:39:48.298497","62","2026-09-29T10:40:02.758642","1","0.986605703830719","0.9974306225776672","-5.040103435516357","-2.295707941055298","3.607816457748413","265.8382562326119","0.06876456876456877","113.03108476205736","72.92590393734383","REAL"
"2026-09-29T10:39:48.298497","63","2026-09-29T10:40:02.908","1","0.9868497848510742","0.9965211153030396","0.8705345392227173","-2.298232078552246","2.8676986694335938","352.6707551689674","0.09054709141274238","109.84105851413544","73.14157430700878","REAL"
"2026-09-29T10:39:48.298497","64","2026-09-29T10:40:03.030515","1","0.9903543591499329","0.9971305727958679","5.119067668914795","-1.435827612876892","0.9368286728858948","391.08345887965527","0.09368421052631579","113.36063936063935","77.7126344659295","REAL"
"2026-09-29T10:39:48.298497","65","2026-09-29T10:40:03.170877","1","0.9871754050254822","0.9991688132286072","5.653245449066162","-1.535578966140747","-0.6110990047454834","662.0690815917563","0.1006468797564688","105.35246205109219","78.22838069960069","REAL"
"2026-09-29T10:39:48.298497","66","2026-09-29T10:40:03.291353","1","0.986605703830719","0.9988862872123718","7.110489845275879","-1.5425608158111572","-0.12591217458248138","567.7283012530839","0.09818672839506173","95.26601258793039","76.10983939481655","REAL"
"2026-09-29T10:39:48.298497","67","2026-09-29T10:40:03.414381","1","0.9863588809967041","0.9968274235725403","8.923632621765137","-1.1706678867340088","0.028376776725053787","519.0623069901703","0.0958904109589041","89.38152536097742","72.88229350938586","REAL"
"2026-09-29T10:39:48.298497","68","2026-09-29T10:40:03.532353","1","0.9882580041885376","0.9991688132286072","7.221427917480469","-2.4732749462127686","0.03586692363023758","549.9933614639414","0.09215465465465465","84.73117117117117","70.76904309647348","REAL"
"2026-09-29T10:39:48.298497","69","2026-09-29T10:40:03.657150","1","0.9840072393417358","0.9994485974311829","5.770379543304443","-2.1113698482513428","0.5668390989303589","565.7244576754588","0.09181784524250278","79.72018018018018","68.34019096306679","REAL"
"2026-09-29T10:39:48.298497","70","2026-09-29T10:40:03.773751","1","0.9840072393417358","0.998600959777832","4.5142693519592285","-2.530681848526001","1.591951608657837","492.71618619606704","0.08527879606405557","75.36023694927805","65.46829425419604","REAL"
"2026-09-29T10:39:48.298497","71","2026-09-29T10:40:03.916772","1","0.02372908592224121","0.021787047386169434","6.998552322387695","-3.8836748600006104","1.6830828189849854","519.9831481443996","0.0903420523138833","70.71064814814815","61.29751868640987","REAL"
"2026-09-29T10:39:48.298497","72","2026-09-29T10:40:04.058848","1","0.9868497848510742","0.99802166223526","8.869434356689453","-2.364394187927246","1.8865575790405273","546.4686101645248","0.0918387034535983","75.44872269529803","64.48793586349187","REAL"
"2026-09-29T10:39:48.298497","73","2026-09-29T10:40:04.181992","1","0.9858568906784058","0.9991688132286072","5.2577290534973145","-2.462862253189087","2.3695919513702393","545.3951400598427","0.09370109546165885","77.71326702946143","63.969114732902206","REAL"
"2026-09-29T10:39:48.298497","74","2026-09-29T10:40:04.297031","1","0.9858568906784058","0.9997256398200989","7.3142499923706055","-2.772038221359253","2.1573970317840576","637.34559312962","0.10223765432098765","80.54813285794708","64.71536174199484","REAL"
"2026-09-29T10:39:48.298497","75","2026-09-29T10:40:04.417360","1","0.9868497848510742","0.9991688132286072","7.224087715148926","-2.247891426086426","1.4805854558944702","618.5810455729071","0.09311424100156494","81.03903171326704","64.76226698961372","REAL"
"2026-09-29T10:39:48.298497","76","2026-09-29T10:40:04.534953","1","0.9903543591499329","0.9994485974311829","6.367274284362793","-3.083329200744629","1.9984750747680664","630.0386367164061","0.10121765601217655","82.58496853017401","65.81930812178055","REAL"
"2026-09-29T10:39:48.298497","77","2026-09-29T10:40:04.661610","1","0.9848182797431946","0.936539888381958","8.297294616699219","-3.8865485191345215","2.3786628246307373","554.8016240183842","0.09029519583252943","80.47963717141799","65.10782254158701","REAL"
"2026-09-29T10:39:48.298497","78","2026-09-29T10:40:04.779935","1","0.004562854766845703","0.006523013114929199","8.641885757446289","-7.746730327606201","2.9560606479644775","341.64221088435374","0.07678571428571429","74.1331811263318","61.54475913465615","REAL"
"2026-09-29T10:39:48.298497","79","2026-09-29T10:40:04.901609","1","0.29744672775268555","0.15379184484481812","7.0113396644592285","-18.50625991821289","1.917575716972351","205.80889214665075","0.049689440993788817","61.69405320813772","52.84405390858328","REAL"
"2026-09-29T10:39:48.298497","80","2026-09-29T10:40:05.022457","1","0.7952913045883179","0.23023617267608643","6.9983954429626465","-33.53022384643555","-0.6788758039474487","68.39462172227324","0.03397612488521579","49.272827041264264","45.13378774609835","REAL"
"2026-09-29T10:39:48.298497","81","2026-09-29T10:40:05.139273","1","0.9850823879241943","0.6832545399665833","9.260419845581055","-50.10596466064453","-2.01143217086792","30.296094674556212","0.01658653846153846","39.770608495981634","34.44466381294153","REAL"
"2026-09-29T10:39:48.298497","82","2026-09-29T10:40:05.257798","1","0.9022865295410156","0.2589155435562134","7.544409275054932","-48.24164962768555","-2.624511957168579","27.60795448940757","0.009232954545454546","34.811251435132036","28.5673408249585","REAL"
"2026-09-29T10:39:48.298497","83","2026-09-29T10:40:05.506707","1","0.9153648614883423","0.15379184484481812","2.894622564315796","-52.685096740722656","-2.4822869300842285","21.52589648280124","0.005879692446856626","32.59525899912204","25.927727850025057","REAL"
"2026-09-29T10:39:48.298497","84","2026-09-29T10:40:05.627085","1","0.972050666809082","0.29507261514663696","0.9285688400268555","-50.770843505859375","-2.913123846054077","21.605993114470298","0.005541346973572037","31.18672032193159","25.436751258677365","REAL"
"2026-09-29T10:39:48.298497","85","2026-09-29T10:40:05.986180","1","0.9831671714782715","0.9971305727958679","-0.06898096948862076","-63.24027633666992","-0.6684144735336304","70.43374393992002","0.009316770186335404","28.640845070422536","27.73646588550779","REAL"
"2026-09-29T10:39:48.298497","86","2026-09-29T10:40:06.111544","1","0.7550646662712097","0.8684090375900269","-0.8296865820884705","-64.14797973632812","-1.0052475929260254","69.95925887848882","0.008999122036874451","26.979836168872087","24.20553688766701","REAL"
"2026-09-29T10:39:48.298497","87","2026-09-29T10:40:06.224256","1","0.9022865295410156","0.9209686517715454","-0.541806161403656","-61.23548126220703","-1.6071220636367798","81.06536887722953","0.008281573498964804","29.460093896713616","28.372093962151087","REAL"
"2026-09-29T10:39:48.298497","88","2026-09-29T10:40:06.349658","1","0.8264715671539307","0.026871562004089355","-3.456130266189575","-46.8132438659668","-3.434786796569824","58.52200849589994","0.005383022774327122","31.43153364632238","30.128467880630065","REAL"
"2026-09-29T10:39:48.298497","89","2026-09-29T10:40:06.471198","1","0.245616614818573","0.022249281406402588","-2.5221610069274902","-24.877029418945312","-1.6405020952224731","100.01854215406463","0.013427109974424553","39.49989793835476","38.857995509983304","REAL"
"2026-09-29T10:39:48.298497","90","2026-09-29T10:40:06.589749","1","0.8898150324821472","0.02363598346710205","1.201697587966919","-15.516359329223633","0.04897979274392128","173.7102401106173","0.04604444444444444","66.27904989747095","60.44241554270153","REAL"
"2026-09-29T10:39:48.298497","91","2026-09-29T10:40:06.714033","1","0.6711785793304443","0.026871562004089355","1.5620235204696655","-9.262304306030273","0.6755512356758118","325.6593495582007","0.08774558774558774","81.65710623297548","66.6352585666138","REAL"
"2026-09-29T10:39:48.298497","92","2026-09-29T10:40:06.833057","1","0.8972601294517517","0.6911184787750244","3.7031190395355225","-4.482079982757568","0.9253726005554199","560.0453865853939","0.10831689677843524","85.50825188271111","66.55126560914152","REAL"
"2026-09-29T10:39:48.298497","93","2026-09-29T10:40:06.963250","1","0.986605703830719","0.8745412826538086","2.3374011516571045","-2.905653953552246","0.711496889591217","693.2435043311666","0.11338661338661339","86.01666399615446","67.10626501205886","REAL"
"2026-09-29T10:39:48.298497","94","2026-09-29T10:40:07.074022","1","0.504286527633667","0.024098217487335205","3.2453181743621826","-2.6729018688201904","0.9469202160835266","589.468762655663","0.11358655953250547","87.17350877192982","67.28815672209294","REAL"
"2026-09-29T10:39:48.298497","95","2026-09-29T10:40:07.196555","1","0.5816861391067505","0.025947093963623047","1.9064768552780151","-2.3087360858917236","1.4867366552352905","717.4813304126486","0.10810810810810811","85.80035555555556","67.4225979911304","REAL"
"2026-09-29T10:39:48.298497","96","2026-09-29T10:40:07.314737","1","0.004562854766845703","0.0026093721389770508","2.7380383014678955","-3.070610284805298","2.3039445877075195","677.0362064345059","0.1050036523009496","85.04693333333333","65.9267898466507","REAL"
"2026-09-29T10:39:48.298497","97","2026-09-29T10:40:07.436135","1","0.9868497848510742","0.9382040500640869","1.0119209289550781","-1.531745433807373","1.6553394794464111","683.8248573155556","0.11235555555555556","82.35201640464798","64.94725085858977","REAL"
"2026-09-29T10:39:48.298497","98","2026-09-29T10:40:07.566584","1","0.9942908883094788","0.9965211153030396","0.6177178025245667","-2.6149168014526367","1.6448884010314941","768.6747074054321","0.11875555555555556","80.43694463431305","63.02164907647908","REAL"
"2026-09-29T10:39:48.298497","99","2026-09-29T10:40:07.674609","1","0.9947605133056641","0.9965211153030396","1.2352696657180786","-2.2516653537750244","1.5809860229492188","786.1312159920988","0.11768888888888888","79.55827067669173","62.67820408682293","REAL"
"2026-09-29T10:39:48.298497","100","2026-09-29T10:40:07.800706","1","0.9961413145065308","0.9949411749839783","-0.14233002066612244","-2.6030824184417725","1.8474385738372803","790.638766728224","0.12105263157894737","80.98618048618049","63.289299569964186","REAL"
"2026-09-29T10:39:48.298497","101","2026-09-29T10:40:07.918224","1","0.9942908883094788","0.9939523935317993","0.14281539618968964","-2.4460535049438477","1.5110880136489868","865.5774365556971","0.12534626038781163","82.86324786324786","63.62726899168009","REAL"
"2026-09-29T10:39:48.298497","102","2026-09-29T10:40:08.040898","1","0.062496304512023926","0.023173749446868896","1.8130912780761719","-1.6261342763900757","1.39968740940094","892.2919727718","0.11997922437673131","87.48126232741618","64.55599995987527","REAL"
"2026-09-29T10:39:48.298497","103","2026-09-29T10:40:08.184059","1","0.9903543591499329","0.9958990216255188","0.5101892352104187","-2.4288177490234375","1.5930166244506836","992.6499096461814","0.13763850415512466","90.47896120973044","65.49901543924153","REAL"
"2026-09-29T10:39:48.298497","104","2026-09-29T10:40:08.328565","1","0.9933371543884277","0.994285523891449","-0.4266220033168793","-2.719313383102417","1.136149287223816","1083.3600146165525","0.13902354570637118","94.45414201183432","67.13950195538719","REAL"
"2026-09-29T10:39:48.298497","105","2026-09-29T10:40:08.443777","1","0.9933371543884277","0.9892709851264954","0.8355783820152283","-3.014723539352417","0.9596285223960876","979.1305451718737","0.1440443213296399","95.24457593688363","68.1492494145045","REAL"
"2026-09-29T10:39:48.298497","106","2026-09-29T10:40:08.566609","1","0.990864634513855","0.9939523935317993","1.0437599420547485","-2.594789505004883","0.9583556652069092","1010.9472190003434","0.14490997229916897","95.62179487179488","68.48401478494881","REAL"
"2026-09-29T10:39:48.298497","107","2026-09-29T10:40:08.681673","1","0.9913694858551025","0.9952638149261475","1.24296236038208","-2.8127148151397705","1.0573097467422485","1042.9794430306176","0.1423444976076555","97.16163583252191","69.53881206048403","REAL"
"2026-09-29T10:39:48.298497","108","2026-09-29T10:40:08.802223","1","0.9898386597633362","0.9925832152366638","0.5966248512268066","-2.6641886234283447","1.0666121244430542","1064.0671072371165","0.1433697881066302","96.99399545602077","70.33126602832952","REAL"
"2026-09-29T10:39:48.298497","109","2026-09-29T10:40:08.947445","1","0.9893174171447754","0.9929311275482178","1.4907989501953125","-2.668123960494995","1.189310908317566","974.8447031367784","0.14319446786979254","96.73786252203172","70.6661633347674","REAL"
"2026-09-29T10:39:48.298497","110","2026-09-29T10:40:09.086636","1","0.9893174171447754","0.9952638149261475","2.0949411392211914","-2.5450310707092285","1.2670693397521973","1021.8289504417381","0.1413630229419703","98.02320675105486","71.57457495176098","REAL"
"2026-09-29T10:39:48.298497","111","2026-09-29T10:40:09.219869","1","0.03877866268157959","0.02456045150756836","2.2469322681427","-2.8232882022857666","1.3448082208633423","1053.5813646968297","0.13491228070175437","98.21928071928072","71.52519496210934","REAL"
"2026-09-29T10:39:48.298497","112","2026-09-29T10:40:09.323348","1","0.9887905716896057","0.9962117075920105","2.073495626449585","-2.366279125213623","1.2362536191940308","1004.7598676515851","0.1463157894736842","98.66059379217273","71.63922572917167","REAL"
"2026-09-29T10:39:48.298497","113","2026-09-29T10:40:09.447535","1","0.9923635125160217","0.9939523935317993","2.8311970233917236","-2.727797031402588","0.8777542114257812","1088.901467651585","0.15350877192982457","97.11521592442645","71.59465708885912","REAL"
"2026-09-29T10:39:48.298497","114","2026-09-29T10:40:09.572651","1","0.9942908883094788","0.9952638149261475","1.5268051624298096","-2.4037721157073975","1.2932051420211792","1089.4706854724532","0.14736842105263157","91.27539127539127","70.9377045433471","REAL"
"2026-09-29T10:39:48.298497","115","2026-09-29T10:40:09.684343","1","0.9947605133056641","0.9958990216255188","0.5188432931900024","-1.2494211196899414","2.265378475189209","706.4670453150298","0.13279085872576177","88.01512163050624","70.11016573964928","REAL"
"2026-09-29T10:39:48.298497","116","2026-09-29T10:40:09.813043","1","0.029205143451690674","0.006523013114929199","2.403057813644409","5.586448669433594","3.063157081604004","409.1788632740849","0.1","87.96872863978128","67.12461411778517","REAL"
"2026-09-29T10:39:48.298497","117","2026-09-29T10:40:09.925485","1","0.020991027355194092","0.008479773998260498","1.5948489904403687","20.857542037963867","2.4345648288726807","443.9344708134747","0.0945179584120983","82.15412474849094","55.239482170193426","REAL"
"2026-09-29T10:39:48.298497","118","2026-09-29T10:40:10.055011","1","0.1603792905807495","0.886478841304779","1.3401049375534058","31.52335548400879","0.2440679520368576","409.4282609152341","0.10106508875739645","78.63885119855269","50.58726187569878","REAL"
"2026-09-29T10:39:48.298497","119","2026-09-29T10:40:10.174036","1","0.5938228368759155","0.8734263181686401","-0.11003714054822922","44.07506561279297","-2.902421712875366","570.5417280604911","0.11601085481682497","73.91109669046074","49.89284746051166","REAL"
"2026-09-29T10:39:48.298497","120","2026-09-29T10:40:10.287789","1","0.5700273513793945","0.6937435865402222","2.0933966636657715","35.84453201293945","-5.117675304412842","542.7886950311193","0.11524334251606978","75.48200175592625","51.45758570374532","REAL"
"2026-09-29T10:39:48.298497","121","2026-09-29T10:40:10.419145","1","0.6711785793304443","0.7252373695373535","-1.172561764717102","38.495182037353516","-6.040553569793701","727.3440117120704","0.1094017094017094","76.2985321969697","50.65017740670216","REAL"
"2026-09-29T10:39:48.298497","122","2026-09-29T10:40:10.537534","1","0.8114630579948425","0.6728394031524658","-0.4885013699531555","38.636680603027344","-5.625042915344238","781.003869346943","0.11183261183261184","78.94169776119404","52.727344962733504","REAL"
"2026-09-29T10:39:48.298497","123","2026-09-29T10:40:10.659783","1","0.9503150582313538","0.6384210586547852","3.2717440128326416","34.775840759277344","-5.290510654449463","876.9296511255129","0.12618371212121213","81.76371986222732","53.338840322660744","REAL"
"2026-09-29T10:39:48.298497","124","2026-09-29T10:40:10.769363","1","0.9114788770675659","0.6780469417572021","2.6878373622894287","36.21004867553711","-5.0765838623046875","941.6474233334452","0.12827168505299588","84.45526097763049","55.98898677132135","REAL"
"2026-09-29T10:39:48.298497","125","2026-09-29T10:40:10.901528","1","0.9488933086395264","0.9488520622253418","2.054180383682251","36.607486724853516","-5.432826042175293","740.4734354333449","0.12262443438914027","82.94635518061865","54.49259127643015","REAL"
"2026-09-29T10:39:48.298497","126","2026-09-29T10:40:11.011384","1","0.9062259197235107","0.8310790657997131","3.7149674892425537","35.325416564941406","-4.611717700958252","839.00958532188","0.12902462121212122","82.66360505166476","52.73687947980679","REAL"
"2026-09-29T10:39:48.298497","127","2026-09-29T10:40:11.141254","1","0.7466771602630615","0.7209669351577759","1.6591699123382568","34.40111541748047","-4.502540588378906","865.126496622385","0.12618371212121213","82.07784156142365","52.92871234518273","REAL"
"2026-09-29T10:39:48.298497","128","2026-09-29T10:40:11.251702","1","0.7659553289413452","0.3970256447792053","1.6703377962112427","35.21015548706055","-4.296981334686279","971.8698576011326","0.12733208955223882","80.82737556561086","53.43658077202878","REAL"
"2026-09-29T10:39:48.298497","129","2026-09-29T10:40:11.382959","1","0.8114630579948425","0.6528555154800415","2.80562686920166","34.05381774902344","-4.229172229766846","802.7558187046284","0.12258064516129032","79.76142376142376","52.69311200716238","REAL"
"2026-09-29T10:39:48.298497","130","2026-09-29T10:40:11.501182","1","0.8972601294517517","0.623405933380127","1.3038522005081177","31.026887893676758","-4.800328731536865","851.3283360398996","0.12047898338220919","79.62947168917319","53.657703396517476","REAL"
"2026-09-29T10:39:48.298497","131","2026-09-29T10:40:11.629724","1","0.947841465473175","0.47919273376464844","1.3626846075057983","35.35405731201172","-4.707575798034668","802.0049159683599","0.12313612313612314","78.73484141791045","53.85085451823633","REAL"
"2026-09-29T10:39:48.298497","132","2026-09-29T10:40:11.742164","1","0.9828804135322571","0.6171776056289673","1.5188854932785034","35.59279251098633","-4.336129188537598","804.2154798864756","0.12962962962962962","79.02425373134328","53.30280709161639","REAL"
"2026-09-29T10:39:48.298497","133","2026-09-29T10:40:11.862908","1","0.9848182797431946","0.6528555154800415","1.3524945974349976","34.43801498413086","-3.879607677459717","871.0854619581909","0.1339366515837104","80.91320346320346","55.42761004714789","REAL"
"2026-09-29T10:39:48.298497","134","2026-09-29T10:40:12.003687","1","0.9515752792358398","0.6884933710098267","1.142878770828247","33.25995635986328","-4.182644844055176","860.1161079318605","0.12850678733031673","80.68939393939394","55.86985356041421","REAL"
"2026-09-29T10:39:48.298497","135","2026-09-29T10:40:12.103833","1","0.9514423608779907","0.6780469417572021","0.8385195136070251","33.242286682128906","-4.354825496673584","789.674420665011","0.11986940298507463","79.52352285395763","55.83447181322633","REAL"
"2026-09-29T10:39:48.298497","136","2026-09-29T10:40:12.258021","1","0.9606643915176392","0.32518619298934937","1.9261775016784668","34.923614501953125","-4.47896146774292","880.646023233909","0.11868131868131868","79.61426767676768","57.3081485982578","REAL"
"2026-09-29T10:39:48.298497","137","2026-09-29T10:40:12.386451","1","0.9508934020996094","0.26849472522735596","2.118122100830078","30.490432739257812","-3.9920153617858887","802.0476773668051","0.12024456521739131","81.36814734561213","58.00307369906792","REAL"
"2026-09-29T10:39:48.298497","138","2026-09-29T10:40:12.508651","1","0.02372908592224121","0.29507261514663696","3.085704803466797","30.57472038269043","-2.0432512760162354","434.8670170694338","0.10055096418732783","83.9297629499561","54.621174270580276","REAL"
"2026-09-29T10:39:48.298497","139","2026-09-29T10:40:12.628266","1","0.08147144317626953","0.0208626389503479","2.3160738945007324","15.24893856048584","-1.5237656831741333","424.59309258004424","0.11093961026432568","94.92669381710478","61.13057227046622","REAL"
"2026-09-29T10:39:48.298497","140","2026-09-29T10:40:12.744296","1","0.9887905716896057","0.9929311275482178","1.807227373123169","7.950080871582031","0.2518771290779114","478.9461074515477","0.12253469685902119","90.84842105263158","64.17608047025362","REAL"
"2026-09-29T10:39:48.298497","141","2026-09-29T10:40:12.870537","1","0.9947605133056641","0.9968274235725403","1.469215750694275","2.18705153465271","1.8446017503738403","678.6423512701891","0.13531531531531532","84.79578947368421","64.756285746443","REAL"
"2026-09-29T10:39:48.298497","142","2026-09-29T10:40:12.983057","1","0.9918690919876099","0.9958990216255188","2.036775827407837","-0.24141432344913483","1.3366212844848633","816.5159108529097","0.1362308254200146","79.65831111111112","62.74772243616043","REAL"
"2026-09-29T10:39:48.298497","143","2026-09-29T10:40:13.110289","1","0.9942908883094788","0.9974306225776672","1.4127804040908813","-1.425449013710022","1.598458170890808","973.2707543201998","0.13239590942293644","76.6144","62.024669835441735","REAL"
"2026-09-29T10:39:48.298497","144","2026-09-29T10:40:13.237134","1","0.9942908883094788","0.9971305727958679","3.1541357040405273","-2.2058396339416504","1.8495639562606812","516.754733224498","0.1137173953837493","73.43791088385683","60.38427571930838","REAL"
"2026-09-29T10:39:48.298497","145","2026-09-29T10:40:13.350404","1","0.060685038566589355","0.026871562004089355","3.068765640258789","-2.504288911819458","3.002746343612671","597.816654903548","0.10014809329877823","69.08378378378379","58.632881406932206","REAL"
"2026-09-29T10:39:48.298497","146","2026-09-29T10:40:13.466645","1","0.9856016635894775","0.8734263181686401","3.405905246734619","-2.7776498794555664","3.6733620166778564","661.5244276622223","0.10755555555555556","70.81254272043746","59.498093502607546","REAL"
"2026-09-29T10:39:48.298497","147","2026-09-29T10:40:13.597923","1","0.9918690919876099","0.9965211153030396","2.489692211151123","-2.9716897010803223","4.056637763977051","643.8396078485688","0.10491228070175439","73.41058941058941","61.79910289505514","REAL"
"2026-09-29T10:39:48.298497","148","2026-09-29T10:40:13.710669","1","0.9903543591499329","0.9949411749839783","1.22878897190094","-2.581303596496582","3.1489365100860596","716.7000571252694","0.11736842105263158","74.22893772893772","61.88270543971001","REAL"
"2026-09-29T10:39:48.298497","149","2026-09-29T10:40:13.841280","1","0.9918690919876099","0.9965211153030396","1.5531165599822998","-2.774104595184326","3.245441198348999","876.4727934441368","0.12228070175438596","75.35081585081585","61.86267303352","REAL"
"2026-09-29T10:39:48.298497","150","2026-09-29T10:40:13.958525","1","0.9868497848510742","0.9929311275482178","1.5508149862289429","-2.6198554039001465","3.331178903579712","820.3869023084026","0.11789473684210526","73.99666999667","61.54518269304757","REAL"
"2026-09-29T10:39:48.298497","151","2026-09-29T10:40:14.079732","1","0.05803883075714111","0.010436594486236572","3.2150697708129883","-2.671801805496216","3.8221590518951416","776.9350435355295","0.10595567867036011","73.80078895463511","61.01052462559961","REAL"
"2026-09-29T10:39:48.298497","152","2026-09-29T10:40:14.198024","1","0.9882580041885376","0.9929311275482178","1.8231027126312256","-2.7261509895324707","3.5036473274230957","881.8906615952383","0.1162280701754386","75.4086335605323","62.059316963078324","REAL"
"2026-09-29T10:39:48.298497","153","2026-09-29T10:40:14.313240","1","0.9863588809967041","0.9974306225776672","1.2273894548416138","-2.929875135421753","3.6625349521636963","894.989132637079","0.1170715249662618","74.98539435248296","62.08030873893123","REAL"
"2026-09-29T10:39:48.298497","154","2026-09-29T10:40:14.440969","1","0.9856016635894775","0.9949411749839783","0.9843468070030212","-2.832880735397339","3.725120782852173","853.9860327699829","0.1162280701754386","73.75527426160338","61.4614728972194","REAL"
"2026-09-29T10:39:48.298497","155","2026-09-29T10:40:14.563359","1","0.9848182797431946","0.9946150779724121","2.1009232997894287","-2.992069721221924","3.4816741943359375","812.419410262688","0.12032548476454294","73.61226166995398","60.780360234345984","REAL"
"2026-09-29T10:39:48.298497","156","2026-09-29T10:40:14.684978","1","0.9861093163490295","0.9949411749839783","1.7533940076828003","-2.4051566123962402","3.5462727546691895","869.5741217539288","0.11738227146814405","73.30325443786982","60.58847331964077","REAL"
"2026-09-29T10:39:48.298497","157","2026-09-29T10:40:14.796553","1","0.14356094598770142","0.06604921817779541","2.725498676300049","-2.852386236190796","3.914644956588745","780.5025896392369","0.11357340720221606","72.78024326101249","60.536310066733705","REAL"
"2026-09-29T10:39:48.298497","158","2026-09-29T10:40:14.924644","1","0.9893174171447754","0.9974306225776672","2.11763596534729","-3.258268117904663","3.810364007949829","830.7319009407539","0.11911357340720222","72.3560157790927","60.331185014415794","REAL"
"2026-09-29T10:39:48.298497","159","2026-09-29T10:40:15.042901","1","0.9848182797431946","0.9955831170082092","1.611683964729309","-2.531238317489624","3.5654752254486084","926.0307049516194","0.12032548476454294","72.98405654174886","60.76243531934537","REAL"
"2026-09-29T10:39:48.298497","160","2026-09-29T10:40:15.158658","1","0.9848182797431946","0.9952638149261475","1.138698935508728","-2.604778528213501","3.7613630294799805","853.6932950356716","0.11634349030470914","72.29355687047995","60.34048922255202","REAL"
"2026-09-29T10:39:48.298497","161","2026-09-29T10:40:15.301277","1","0.9845510721206665","0.9946150779724121","1.3360941410064697","-2.665325403213501","3.7657723426818848","847.3400640293967","0.11772853185595568","71.59089414858646","59.85896850412105","REAL"
"2026-09-29T10:39:48.298497","162","2026-09-29T10:40:15.405777","1","0.9882580041885376","0.9376009702682495","3.022129535675049","-2.308152437210083","5.243956565856934","723.7098122499231","0.11228070175438597","71.92440892440892","60.515275055918906","REAL"
"2026-09-29T10:39:48.298497","163","2026-09-29T10:40:15.524368","1","0.9877196550369263","0.9965211153030396","2.552640914916992","-1.632423996925354","10.365961074829102","467.62299816573335","0.10324324324324324","71.24087719298245","59.89909098629895","REAL"
"2026-09-29T10:39:48.298497","164","2026-09-29T10:40:15.648908","1","0.9913694858551025","0.9936156272888184","3.028611660003662","-2.355694055557251","16.784095764160156","345.59865423063644","0.08618721461187215","74.90796201607013","63.5260562843096","REAL"
"2026-09-29T10:39:48.298497","165","2026-09-29T10:40:15.772188","1","0.9861093163490295","0.9988862872123718","1.27414071559906","-4.842926979064941","19.025104522705078","430.41575253540117","0.08582907231555881","70.98044444444444","64.16663009368848","REAL"
"2026-09-29T10:39:48.298497","166","2026-09-29T10:40:15.891574","1","0.9933371543884277","0.9974306225776672","-0.35469505190849304","-5.752419948577881","18.961164474487305","442.79670171993575","0.08119806094182826","69.78254437869822","64.32115717290316","REAL"
"2026-09-29T10:39:48.298497","167","2026-09-29T10:40:16.013028","1","0.9898386597633362","0.9958990216255188","2.0889501571655273","-6.490390300750732","18.506973266601562","498.0384510890417","0.08067867036011081","71.8293885601578","65.62027028800011","REAL"
"2026-09-29T10:39:48.298497","168","2026-09-29T10:40:16.124676","1","0.9858568906784058","0.9949411749839783","0.850497305393219","-6.1818342208862305","18.40319061279297","563.1208754488915","0.08483379501385041","74.05374753451676","66.31378675930333","REAL"
"2026-09-29T10:39:48.298497","169","2026-09-29T10:40:16.254296","1","0.9845510721206665","0.9962117075920105","0.19392052292823792","-5.790064334869385","18.048948287963867","558.0351593373287","0.08639196675900276","75.53385930309007","66.52930625343028","REAL"
"2026-09-29T10:39:48.298497","170","2026-09-29T10:40:16.369023","1","0.02372908592224121","0.008479773998260498","2.4953901767730713","-5.067285537719727","18.147621154785156","534.7466911288889","0.08782222222222222","75.4771018455229","65.72149643964642","REAL"
"2026-09-29T10:39:48.298497","171","2026-09-29T10:40:16.493940","1","0.059361934661865234","0.012393414974212646","2.267286539077759","-5.0068511962890625","17.92685317993164","538.1355647891659","0.08894736842105264","76.57659007659008","66.6668301719999","REAL"
"2026-09-29T10:39:48.298497","172","2026-09-29T10:40:16.618242","1","0.40602678060531616","0.025947093963623047","3.8158047199249268","-5.09898042678833","18.171457290649414","554.6260895288889","0.09084444444444445","76.76725905673274","66.52370337868953","REAL"
"2026-09-29T10:39:48.298497","173","2026-09-29T10:40:16.733401","1","0.9831671714782715","0.8695240020751953","1.730250358581543","-5.616385459899902","18.158050537109375","533.0150893934497","0.08552631578947369","74.9431295200526","66.52309036773094","REAL"
"2026-09-29T10:39:48.298497","174","2026-09-29T10:40:16.857827","1","0.9918690919876099","0.9936156272888184","0.1136639416217804","-5.230899810791016","18.186294555664062","533.1399995012315","0.08344875346260387","73.72731755424063","66.28800327864046","REAL"
"2026-09-29T10:39:48.298497","175","2026-09-29T10:40:16.979229","1","0.9861093163490295","0.8684090375900269","2.5463201999664307","-4.9536662101745605","18.40945053100586","481.3144837180671","0.08473684210526315","70.83198380566802","64.58871836311053","REAL"
"2026-09-29T10:39:48.298497","176","2026-09-29T10:40:17.093696","1","0.9893174171447754","0.77680504322052","2.4992012977600098","-3.8985435962677","17.01601791381836","402.5285336177778","0.08284444444444444","70.92703349282297","63.07496684744371","REAL"
"2026-09-29T10:39:48.298497","177","2026-09-29T10:40:17.218333","1","0.990864634513855","0.9949411749839783","3.191936731338501","-2.2539074420928955","13.433677673339844","359.9922908805469","0.09141274238227147","70.51462853385931","61.673276070533724","REAL"
"2026-09-29T10:39:48.298497","178","2026-09-29T10:40:17.341351","1","0.9952254295349121","0.9965211153030396","3.5731523036956787","-0.70504230260849","9.664021492004395","511.30526707358024","0.10648888888888888","72.27542587282846","61.497771666768706","REAL"
"2026-09-29T10:39:48.298497","179","2026-09-29T10:40:17.462169","1","0.9923635125160217","0.9968274235725403","3.349323272705078","-1.081189513206482","5.926238536834717","572.0021574220617","0.11805555555555555","73.78162162162162","60.76485074167985","REAL"
"2026-09-29T10:39:48.298497","180","2026-09-29T10:40:17.580101","1","0.9952254295349121","0.9965211153030396","3.6940362453460693","-1.1887810230255127","2.442633628845215","822.2285142115088","0.1264864864864865","77.05627705627705","63.50945215120829","REAL"
"2026-09-29T10:39:48.298497","181","2026-09-29T10:40:17.699737","1","0.29744672775268555","0.05664175748825073","4.3522233963012695","-1.3153516054153442","1.133380651473999","887.1660669989665","0.12984757862241944","80.7115883006294","62.67757543593468","REAL"
"2026-09-29T10:39:48.298497","182","2026-09-29T10:40:17.815488","1","0.5735950469970703","0.029933273792266846","4.984714508056641","-0.7420384287834167","0.5820799469947815","986.0245617752882","0.1325435024065161","85.40594594594594","64.29995643138616","REAL"
"2026-09-29T10:39:48.298497","183","2026-09-29T10:40:17.945482","1","0.16528689861297607","0.02502262592315674","5.806036949157715","-1.5289684534072876","0.7597770094871521","924.9522721574866","0.1386523509811181","87.28486486486487","64.54278367161457","REAL"
"2026-09-29T10:39:48.298497","184","2026-09-29T10:40:18.081010","1","0.7338244915008545","0.6937435865402222","3.2127432823181152","-1.9187190532684326","-0.17183002829551697","968.3684695330661","0.13513513513513514","88.21765765765765","65.06620477269627","REAL"
"2026-09-29T10:39:48.298497","185","2026-09-29T10:40:18.227355","1","0.775982677936554","0.17585158348083496","4.426609992980957","-2.878777503967285","-4.478196144104004","789.3208929222196","0.13677867056245435","89.52551111111111","65.25037261932675","REAL"
"2026-09-29T10:39:48.298497","186","2026-09-29T10:40:18.377114","1","0.5735950469970703","0.24035435914993286","4.142563819885254","-5.451994895935059","-9.996025085449219","697.2052229891133","0.12699000370233246","86.26288288288288","64.14523702606786","REAL"
"2026-09-29T10:39:48.298497","187","2026-09-29T10:40:18.508374","1","0.044218361377716064","0.022249281406402588","3.445274829864502","-8.242802619934082","-19.496749877929688","527.002175968395","0.10115555555555555","91.17583732057416","67.30860064670759","REAL"
"2026-09-29T10:39:48.298497","188","2026-09-29T10:40:18.626743","1","0.7805240750312805","0.029933273792266846","2.6085660457611084","-7.7131757736206055","-23.103029251098633","864.0655023091358","0.10951111111111111","93.74245235284197","68.64834544416752","REAL"
"2026-09-29T10:39:48.298497","189","2026-09-29T10:40:18.750716","1","0.908852219581604","0.6444942951202393","2.4863975048065186","-7.515262126922607","-23.275402069091797","826.8004164884152","0.11458718992965568","97.34954954954955","68.15682746744983","REAL"
"2026-09-29T10:39:48.298497","190","2026-09-29T10:40:18.863885","1","0.980856716632843","0.9939523935317993","1.8569141626358032","-6.384692668914795","-24.01071548461914","880.7154030669459","0.11662347278785636","102.43332147937411","69.31551262752798","REAL"
"2026-09-29T10:39:48.298497","191","2026-09-29T10:40:18.991609","1","0.062496304512023926","0.02363598346710205","1.7833211421966553","-6.471821308135986","-23.769393920898438","819.8873459577378","0.10920379839298758","101.59631578947368","68.9938976740056","REAL"
"2026-09-29T10:39:48.298497","192","2026-09-29T10:40:19.117653","1","0.9501656293869019","0.9949411749839783","3.27624773979187","-6.559217929840088","-24.004770278930664","816.1556418054322","0.11573333333333333","101.21616541353383","69.10458154486396","REAL"
"2026-09-29T10:39:48.298497","193","2026-09-29T10:40:19.230703","1","0.986605703830719","0.9946150779724121","2.9248697757720947","-6.4233527183532715","-23.796749114990234","662.4560563590618","0.110990990990991","101.91298245614036","68.4842955993309","REAL"
"2026-09-29T10:39:48.298497","194","2026-09-29T10:40:19.352216","1","0.986605703830719","0.9971305727958679","2.1947789192199707","-6.9227519035339355","-23.917938232421875","945.8663452695893","0.12738095238095237","110.09950532724505","66.01269560842414","REAL"
"2026-09-29T10:39:48.298497","195","2026-09-29T10:40:19.496513","1","0.986605703830719","0.994285523891449","1.5755552053451538","-7.0404534339904785","-23.81163787841797","974.5106625286845","0.12852112676056338","107.94051416776131","65.90491986044037","REAL"
"2026-09-29T10:39:48.298497","196","2026-09-29T10:40:19.609735","1","0.9938164353370667","0.9925832152366638","1.8828879594802856","-6.683624267578125","-23.188522338867188","899.1562002731084","0.12028523175079753","105.96986851716582","66.81693046339039","REAL"
"2026-09-29T10:39:48.298497","197","2026-09-29T10:40:19.754158","1","0.9938164353370667","0.9922314882278442","2.4391252994537354","-7.321343421936035","-23.271411895751953","905.8551640437304","0.12363067292644757","107.6083693000563","66.42987329933582","REAL"
"2026-09-29T10:39:48.298497","198","2026-09-29T10:40:19.861080","1","0.9913694858551025","0.9965211153030396","2.445056676864624","-7.604404449462891","-22.491329193115234","855.759820364912","0.11717882265827471","100.07855855855856","66.67321915789879","REAL"
"2026-09-29T10:39:48.298497","199","2026-09-29T10:40:19.965776","1","0.9868497848510742","0.9965211153030396","3.140421152114868","-8.73628044128418","-21.60050392150879","832.7356165553572","0.12460876369327073","101.12143650499814","66.60771999651789","REAL"
"2026-09-29T10:39:48.298497","200","2026-09-29T10:40:20.084362","1","0.9606643915176392","0.9929311275482178","3.1006476879119873","-8.024219512939453","-17.785131454467773","740.1255026323637","0.11972227434790768","100.85482103725347","67.26182662133937","REAL"
"2026-09-29T10:39:48.298497","201","2026-09-29T10:40:20.193261","1","0.5554949641227722","0.029933273792266846","4.878093242645264","-6.385488033294678","-11.45832347869873","549.5495077002678","0.11298798798798798","97.52","67.18765609493707","REAL"
"2026-09-29T10:39:48.298497","202","2026-09-29T10:40:20.335756","1","0.9861093163490295","0.9952638149261475","8.086545944213867","-5.169443607330322","-5.274051189422607","485.1036918523499","0.12709284627092846","88.15401703072936","64.262010904634","REAL"
"2026-09-29T10:39:48.298497","203","2026-09-29T10:40:20.471141","1","0.9868497848510742","0.9946150779724121","8.805047035217285","-4.382894992828369","-1.5374743938446045","655.3274803631824","0.12773865414710486","81.75924188403077","61.985812617973565","REAL"
"2026-09-29T10:39:48.298497","204","2026-09-29T10:40:20.595477","1","0.9893174171447754","0.9968274235725403","7.674063682556152","-4.535400390625","0.539398729801178","790.7819160317575","0.12365790447982229","77.66288288288288","61.83001727910184","REAL"
"2026-09-29T10:39:48.298497","205","2026-09-29T10:40:20.739197","1","0.9887905716896057","0.9971305727958679","7.3344268798828125","-4.424930095672607","1.3664697408676147","848.3530525444363","0.129009009009009","77.5430303030303","62.24431552406764","REAL"
"2026-09-29T10:39:48.298497","206","2026-09-29T10:40:20.919865","1","0.9850823879241943","0.9958990216255188","10.158493041992188","-4.681990623474121","2.8630940914154053","847.4289478056107","0.12773047019622363","74.73081081081081","59.837229411687424","REAL"
"2026-09-29T10:39:48.298497","207","2026-09-29T10:40:21.038588","1","0.9848182797431946","0.9968274235725403","7.070417881011963","-3.4455370903015137","4.1998090744018555","789.7732080512945","0.12036036036036037","74.50315789473684","60.558544883845684","REAL"
"2026-09-29T10:39:48.298497","208","2026-09-29T10:40:21.363775","1","0.9868497848510742","0.9958990216255188","5.783905029296875","-3.918086528778076","4.546494483947754","389.41175624691357","0.09137777777777778","76.92464114832536","62.065154075657745","REAL"
"2026-09-29T10:39:48.298497","209","2026-09-29T10:40:21.734703","1","0.9887905716896057","0.9958990216255188","6.540048122406006","-2.839439630508423","4.654478073120117","727.7648962259557","0.12018018018018017","78.2339393939394","62.313577832737806","REAL"
"2026-09-29T10:41:07.948977","2","2026-09-29T10:41:15.589250","1","0.9497048854827881","0.7209669351577759","7.035996437072754","-9.727730751037598","10.525949478149414","16.294111783552864","0.007547169811320755","190.33164983164983","11.415895423567564","REAL"
"2026-09-29T10:41:07.948977","3","2026-09-29T10:41:15.718738","1","0.6402992010116577","0.44997191429138184","2.001014232635498","-2.041940450668335","4.671143531799316","20.965568657543667","0.007401315789473684","146.78647214854112","43.383934949381825","REAL"
"2026-09-29T10:41:07.948977","4","2026-09-29T10:41:15.841311","1","0.9856016635894775","0.3513319492340088","7.656948089599609","-10.881795883178711","3.5645828247070312","60.429764688285815","0.047322540473225407","167.74900635930047","51.610732658651166","REAL"
"2026-09-29T10:41:07.948977","5","2026-09-29T10:41:15.966407","1","0.9893174171447754","0.9876855611801147","7.241782188415527","-10.533834457397461","4.703002452850342","123.7080756937501","0.0597165991902834","164.584003061615","54.81635768433782","REAL"
"2026-09-29T10:41:07.948977","6","2026-09-29T10:41:16.083362","1","0.9842807650566101","0.9991688132286072","6.78413724899292","-10.726446151733398","6.1006693840026855","116.12386355247982","0.06352941176470588","159.64943609022558","55.250725845448564","REAL"
"2026-09-29T10:41:07.948977","7","2026-09-29T10:41:16.224489","1","0.029205143451690674","0.012393414974212646","3.9038283824920654","-5.639573574066162","5.512499809265137","150.51845428681278","0.08098039215686274","149.25582706766917","57.073427213238475","REAL"
"2026-09-29T10:41:07.948977","8","2026-09-29T10:41:16.329662","1","0.17988473176956177","0.8745412826538086","2.5332155227661133","-2.4382874965667725","6.831226825714111","200.9316172593962","0.0819988423692842","141.76576576576576","58.90323233888915","REAL"
"2026-09-29T10:41:07.948977","9","2026-09-29T10:41:16.446488","1","0.9856016635894775","0.998600959777832","1.1297122240066528","-2.7719478607177734","6.173620223999023","178.0486640061717","0.08054794520547945","133.07423657423658","60.173330423587565","REAL"
"2026-09-29T10:41:07.948977","10","2026-09-29T10:41:16.576426","1","0.9947605133056641","0.998312771320343","0.328571081161499","-3.0745911598205566","4.606797218322754","207.0308347064277","0.09919517102615694","122.73211567732116","59.43858478528346","REAL"
"2026-09-29T10:41:07.948977","11","2026-09-29T10:41:16.695874","1","0.9952254295349121","0.9974306225776672","-1.5888891220092773","-2.7955455780029297","4.944656848907471","178.40770594554112","0.1012392354547364","118.62209878992263","57.04323264364822","REAL"
"2026-09-29T10:41:07.948977","12","2026-09-29T10:41:16.805060","1","0.9947605133056641","0.9958990216255188","-1.7115287780761719","-2.294773578643799","5.591322422027588","277.7105163811304","0.11103573043871551","115.29236172080773","53.73982247231959","REAL"
"2026-09-29T10:41:07.948977","13","2026-09-29T10:41:16.931492","1","0.9923635125160217","0.998312771320343","-0.11460074782371521","-1.4225823879241943","4.870466232299805","337.8363210371602","0.11188811188811189","122.5220588235294","55.09924568687068","REAL"
"2026-09-29T10:41:07.948977","14","2026-09-29T10:41:17.056329","1","0.9903543591499329","0.998600959777832","0.26457512378692627","-0.6721842885017395","3.839658737182617","535.3420118343196","0.13964497041420118","125.27961432506888","54.73662507288114","REAL"
"2026-09-29T10:41:07.948977","15","2026-09-29T10:41:17.170193","1","0.9893174171447754","0.998600959777832","-0.0923381894826889","-1.0781365633010864","3.3656094074249268","540.5554828047752","0.138671875","126.74745562130178","54.769091475941984","REAL"
"2026-09-29T10:41:07.948977","16","2026-09-29T10:41:17.288734","1","0.9903543591499329","0.99802166223526","-0.7839491367340088","0.6902159452438354","2.3935813903808594","509.75393724309373","0.1332544378698225","127.11593204775023","55.64707936004372","REAL"
"2026-09-29T10:41:07.948977","17","2026-09-29T10:41:17.414903","1","0.9933371543884277","0.99802166223526","-1.821134090423584","1.160581350326538","1.391226053237915","580.1399572283883","0.1339644970414201","126.67194674012856","56.74922727331516","REAL"
"2026-09-29T10:41:07.948977","18","2026-09-29T10:41:17.586168","1","0.9923635125160217","0.99802166223526","-1.883486270904541","0.29481902718544006","1.127630352973938","555.9975767251782","0.1349862258953168","127.63959613696225","56.69102489780299","REAL"
"2026-09-29T10:41:07.948977","19","2026-09-29T10:41:17.697554","1","0.9928528666496277","0.99802166223526","-1.981455683708191","-0.9085371494293213","2.4895408153533936","513.5826520945701","0.13319764812302126","133.67748215444516","55.459218180773576","REAL"
"2026-09-29T10:41:07.948977","20","2026-09-29T10:41:17.810104","1","0.9868497848510742","0.99802166223526","-0.24837365746498108","-3.1962890625","3.2567877769470215","538.3151244006112","0.13274536408864768","139.0036231884058","54.741150429862756","REAL"
"2026-09-29T10:41:07.948977","21","2026-09-29T10:41:17.940220","1","0.9887905716896057","0.998312771320343","-0.16104769706726074","-2.967630386352539","3.3977372646331787","545.9011927922026","0.1412341278681221","142.58328082335643","54.35995078115451","REAL"
"2026-09-29T10:41:07.948977","22","2026-09-29T10:41:18.061357","1","0.9861093163490295","0.998600959777832","-0.36080634593963623","-2.526902198791504","3.158674716949463","517.8891405827857","0.13301141352063214","145.25610766045548","54.622855610413026","REAL"
"2026-09-29T10:41:07.948977","23","2026-09-29T10:41:18.171901","1","0.9850823879241943","0.998312771320343","-0.2781051695346832","-2.6667165756225586","3.1462152004241943","477.38715238031904","0.12169650468883206","146.40538885486833","54.18914222306205","REAL"
"2026-09-29T10:41:07.948977","24","2026-09-29T10:41:18.303566","1","0.9840072393417358","0.99802166223526","-0.27660268545150757","-2.9159491062164307","3.532823324203491","454.51061576504617","0.12221501189703655","146.07470912431108","54.53838395895273","REAL"
"2026-09-29T10:41:07.948977","25","2026-09-29T10:41:18.424163","1","0.9868497848510742","0.99802166223526","0.5973686575889587","-2.3466997146606445","3.725710868835449","500.88705794412357","0.12020460358056266","143.85588895693","54.66597760483258","REAL"
"2026-09-29T10:41:07.948977","26","2026-09-29T10:41:18.542150","1","0.9842807650566101","0.9968274235725403","0.8769885301589966","-2.6432785987854004","3.8845038414001465","534.4524445947726","0.12478373702422145","142.2648033126294","54.84992194321369","REAL"
"2026-09-29T10:41:07.948977","27","2026-09-29T10:41:18.663449","1","0.9537659883499146","0.997727632522583","1.0137476921081543","-2.4671454429626465","3.8639934062957764","511.89437659028914","0.12446717817561807","140.88102040816327","54.666651467162644","REAL"
"2026-09-29T10:41:07.948977","28","2026-09-29T10:41:18.781638","1","0.9506080746650696","0.9974306225776672","1.3919050693511963","-2.25412917137146","3.804408311843872","506.3036735802223","0.12024221453287197","141.01884057971014","54.54916919947972","REAL"
"2026-09-29T10:41:07.948977","29","2026-09-29T10:41:18.898063","1","0.9537659883499146","0.9968274235725403","1.4593144655227661","-2.021697759628296","3.695726156234741","509.7224784127669","0.12745098039215685","139.85613682092554","54.670588685036165","REAL"
"2026-09-29T10:41:07.948977","30","2026-09-29T10:41:19.032280","1","0.9503150582313538","0.9955831170082092","1.2725979089736938","-2.6228737831115723","3.5109944343566895","517.846690830375","0.1282439446366782","138.73850931677018","54.57497499692063","REAL"
"2026-09-29T10:41:07.948977","31","2026-09-29T10:41:19.157298","1","0.9514423608779907","0.9958990216255188","1.3773969411849976","-2.8685073852539062","3.5515854358673096","525.5836905011087","0.11786018755328219","138.74020408163264","54.867086672780026","REAL"
"2026-09-29T10:41:07.948977","32","2026-09-29T10:41:19.263574","1","0.9511713981628418","0.9971305727958679","1.7244218587875366","-2.8968892097473145","3.633969783782959","512.6725824879046","0.12361466325660699","138.28840579710146","54.80226690299374","REAL"
"2026-09-29T10:41:07.948977","33","2026-09-29T10:41:19.390148","1","0.9506080746650696","0.998312771320343","1.9538428783416748","-3.3213822841644287","4.019803524017334","536.5691438273083","0.12539382482671707","138.4717317992462","54.87197091576355","REAL"
"2026-09-29T10:41:07.948977","34","2026-09-29T10:41:19.506826","1","0.9514423608779907","0.997727632522583","1.7706838846206665","-2.9927453994750977","3.9185807704925537","543.4214927427263","0.12539382482671707","138.51307847082495","54.84759871212962","REAL"
"2026-09-29T10:41:07.948977","35","2026-09-29T10:41:19.642260","1","0.9903543591499329","0.998600959777832","1.184065580368042","-2.728640079498291","3.5447652339935303","552.3881291320587","0.12539382482671707","137.60940289625074","55.047615886064314","REAL"
"2026-09-29T10:41:07.948977","36","2026-09-29T10:41:19.747782","1","0.9928528666496277","0.998312771320343","1.179878830909729","-2.3598289489746094","3.0894064903259277","531.3609365018108","0.12233589087809037","137.09295774647887","55.25818502973936","REAL"
"2026-09-29T10:41:07.948977","37","2026-09-29T10:41:19.870687","1","0.9882580041885376","0.998600959777832","0.514345109462738","-2.612642288208008","3.201819658279419","555.2949658577987","0.12525879917184266","136.41999217527388","55.417905271907124","REAL"
"2026-09-29T10:41:07.948977","38","2026-09-29T10:41:20.014879","1","0.990864634513855","0.997727632522583","0.6858410835266113","-2.964733123779297","3.344106674194336","576.3503706887261","0.12178956089478045","137.36986301369862","55.780915728163066","REAL"
"2026-09-29T10:41:07.948977","39","2026-09-29T10:41:20.126378","1","0.004562854766845703","0.02363598346710205","0.9363234639167786","-3.39508318901062","3.735586166381836","552.2821800682849","0.11257995735607676","138.33615136876006","55.73352284832691","REAL"
"2026-09-29T10:41:07.948977","40","2026-09-29T10:41:20.227688","1","0.0","0.021787047386169434","1.186720371246338","-3.5861592292785645","3.8241500854492188","562.9398689826468","0.10936205468102735","137.4104267310789","55.54990093184423","REAL"
"2026-09-29T10:41:07.948977","41","2026-09-29T10:41:20.348434","1","0.012776970863342285","0.024098217487335205","0.6127009987831116","-3.3448398113250732","3.767787456512451","401.01624032533124","0.09891774891774892","139.25592320261438","56.158310035061604","REAL"
"2026-09-29T10:41:07.948977","42","2026-09-29T10:41:20.471244","1","0.504286527633667","0.3436095714569092","0.8966315984725952","-3.0374324321746826","3.3187122344970703","464.20406552747977","0.10234113712374582","139.22684592402902","56.57131868628294","REAL"
"2026-09-29T10:41:07.948977","43","2026-09-29T10:41:20.612633","1","0.9511713981628418","0.997727632522583","-0.03826560825109482","-2.6605381965637207","2.995272636413574","419.744479815662","0.10345596432552955","137.60435339308577","56.61802751350504","REAL"
"2026-09-29T10:41:07.948977","44","2026-09-29T10:41:20.725383","1","0.9918690919876099","0.998600959777832","-0.5686902403831482","-2.3197734355926514","3.018092155456543","422.6392898911148","0.10234113712374582","137.0806658130602","56.91715402012348","REAL"
"2026-09-29T10:41:07.948977","45","2026-09-29T10:41:20.832961","1","0.9871754050254822","0.9988862872123718","0.20805607736110687","-2.3663737773895264","3.243988037109375","404.3794419144611","0.10691964285714285","137.6338383838384","57.17929683265534","REAL"
"2026-09-29T10:41:07.948977","46","2026-09-29T10:41:20.956671","1","0.9868497848510742","0.99802166223526","0.4248367249965668","-2.415546178817749","2.9054064750671387","402.5568443189391","0.1007591442374051","138.04335387323943","57.24136655197404","REAL"
"2026-09-29T10:41:07.948977","47","2026-09-29T10:41:21.075686","1","0.986605703830719","0.99802166223526","-0.0820850059390068","-3.045344352722168","3.1732428073883057","394.5891344017174","0.10121552127162226","138.03102992957747","57.49388099862726","REAL"
"2026-09-29T10:41:07.948977","48","2026-09-29T10:41:21.191813","1","0.9606643915176392","0.9974306225776672","0.3663841187953949","-2.885829210281372","3.037782669067383","370.23567619627124","0.09934548854604956","137.26892605633802","57.4997079224807","REAL"
"2026-09-29T10:41:07.948977","49","2026-09-29T10:41:21.318808","1","0.9501656293869019","0.99802166223526","0.0209719967097044","-3.1862001419067383","3.173144817352295","407.71642049775","0.09788548348776431","137.7171920411357","57.56215402207504","REAL"
"2026-09-29T10:41:07.948977","50","2026-09-29T10:41:21.437617","1","0.9510332942008972","0.99802166223526","0.34750860929489136","-3.2184882164001465","3.297165632247925","424.6528685574126","0.0956221198156682","136.453125","57.65724625569565","REAL"
"2026-09-29T10:41:07.948977","51","2026-09-29T10:41:21.565867","1","0.9493870735168457","0.9955831170082092","0.5860269069671631","-3.2704217433929443","3.2380211353302","346.70331627343967","0.09308755760368663","135.84244791666666","57.385426342475725","REAL"
"2026-09-29T10:41:07.948977","52","2026-09-29T10:41:21.675596","1","0.947841465473175","0.9958990216255188","0.7993795871734619","-3.4147279262542725","3.438096284866333","384.9227756915854","0.09233286582515195","136.69894366197184","57.766807037978325","REAL"
"2026-09-29T10:41:07.948977","53","2026-09-29T10:41:21.797795","1","0.9492247700691223","0.9918758273124695","0.7612377405166626","-3.154674530029297","3.2224037647247314","358.1618168452006","0.09420289855072464","139.2096513507273","58.186147111417874","REAL"
"2026-09-29T10:41:07.948977","54","2026-09-29T10:41:21.924629","1","0.8463578224182129","0.8628342747688293","0.18359042704105377","-3.1862637996673584","3.1937830448150635","355.60072317907066","0.09492753623188406","139.14984991918726","58.531939445159594","REAL"
"2026-09-29T10:41:07.948977","55","2026-09-29T10:41:22.040230","1","0.001824796199798584","0.023173749446868896","0.3261653482913971","-4.464963436126709","3.7230067253112793","270.07279049686105","0.08985507246376812","142.06633348477965","57.58786943211019","REAL"
"2026-09-29T10:41:07.948977","56","2026-09-29T10:41:22.160725","1","0.020991027355194092","0.0026093721389770508","3.1449806690216064","-17.095705032348633","3.1310439109802246","183.99308206984233","0.06156530408773679","145.28761904761905","52.83688862047964","REAL"
"2026-09-29T10:41:07.948977","57","2026-09-29T10:41:22.281350","1","0.8186739683151245","0.021787047386169434","1.4938757419586182","-46.15083312988281","1.4035593271255493","292.14624185863755","0.06516227180527383","148.90193236714975","45.999239083553945","REAL"
"2026-09-29T10:41:07.948977","58","2026-09-29T10:41:22.420865","1","0.7634485363960266","0.32518619298934937","3.133096694946289","-58.87020492553711","3.9989309310913086","247.53425623629232","0.07520661157024794","146.5998952605394","42.851933457999245","REAL"
"2026-09-29T10:41:07.948977","59","2026-09-29T10:41:22.522297","1","0.986605703830719","0.3970256447792053","2.364225387573242","-83.88450622558594","2.2796549797058105","564.7879225376415","0.12413594470046083","142.30979748221128","42.46106207280836","REAL"
"2026-09-29T10:41:07.948977","60","2026-09-29T10:41:22.650525","1","0.7805240750312805","0.8227906227111816","2.564884901046753","-81.03736877441406","3.054497003555298","704.7008494949495","0.13242424242424242","136.0831381733021","42.199746622180356","REAL"
"2026-09-29T10:41:07.948977","61","2026-09-29T10:41:22.763185","1","0.8264715671539307","0.6937435865402222","1.5581620931625366","-81.81893920898438","2.118136167526245","592.277644550363","0.1210134128166915","129.08885116015847","42.366592443495584","REAL"
"2026-09-29T10:41:07.948977","62","2026-09-29T10:41:22.891082","1","0.7659553289413452","0.7209669351577759","1.4551770687103271","-82.4283218383789","2.1901988983154297","603.4488366181783","0.11930783242258652","122.43433179723502","41.73901600747676","REAL"
"2026-09-29T10:41:07.948977","63","2026-09-29T10:41:23.008997","1","0.2012934684753418","0.008479773998260498","5.471049785614014","-70.22369384765625","4.613686561584473","410.1432767176879","0.09230769230769231","122.39962121212122","41.4338868605879","REAL"
"2026-09-29T10:41:07.948977","64","2026-09-29T10:41:23.124192","1","0.8997346758842468","0.006523013114929199","4.279821395874023","-48.50128173828125","6.41953182220459","169.31804113802383","0.061764705882352944","122.27251128534094","44.980105497929024","REAL"
"2026-09-29T10:41:07.948977","65","2026-09-29T10:41:23.256914","1","0.504286527633667","0.029933273792266846","7.362810134887695","-24.144126892089844","8.33789348602295","197.2944799044212","0.07020872865275142","118.12380952380953","50.93109123533253","REAL"
"2026-09-29T10:41:07.948977","66","2026-09-29T10:41:23.365269","1","0.9898386597633362","0.998312771320343","3.566096544265747","-11.056955337524414","10.3130464553833","264.10318026992934","0.08520074696545285","120.07362637362637","53.92400907741638","REAL"
"2026-09-29T10:41:07.948977","67","2026-09-29T10:41:23.487726","1","0.990864634513855","0.9991688132286072","5.271854877471924","-8.566534996032715","11.766839027404785","378.427379357361","0.09191176470588236","122.30930735930735","54.49690209191243","REAL"
"2026-09-29T10:41:07.948977","68","2026-09-29T10:41:23.616938","1","0.9942908883094788","0.997727632522583","4.518791675567627","-9.260539054870605","11.3635835647583","362.946511153037","0.10258152173913043","127.3384549722578","54.43463584600482","REAL"
"2026-09-29T10:41:07.948977","69","2026-09-29T10:41:23.740577","1","0.9961413145065308","0.9991688132286072","5.841436386108398","-9.531525611877441","11.036005973815918","491.7815384118249","0.1117056856187291","130.87345283824158","54.48798643083274","REAL"
"2026-09-29T10:41:07.948977","70","2026-09-29T10:41:23.854801","1","0.9965924024581909","0.9988862872123718","5.6209797859191895","-9.20779037475586","10.84575080871582","506.48001256957576","0.11141304347826086","134.56508749466497","55.0319924962175","REAL"
"2026-09-29T10:41:07.948977","71","2026-09-29T10:41:23.979209","1","0.9928528666496277","0.998600959777832","3.857454538345337","-8.973339080810547","10.339447021484375","455.89600727263183","0.10733695652173914","136.55313700384124","55.52028053956558","REAL"
"2026-09-29T10:41:07.948977","72","2026-09-29T10:41:24.095164","1","0.9938164353370667","0.9988862872123718","4.52558708190918","-8.217206001281738","10.114031791687012","467.56656988216434","0.10869565217391304","136.21596244131456","55.723153872600136","REAL"
"2026-09-29T10:41:07.948977","73","2026-09-29T10:41:24.218441","1","0.9918690919876099","0.998600959777832","3.0798275470733643","-8.540526390075684","9.928862571716309","429.35596801335424","0.109375","135.53293807641634","55.513460563654476","REAL"
"2026-09-29T10:41:07.948977","74","2026-09-29T10:41:24.342268","1","0.9933371543884277","0.997727632522583","4.285787582397461","-7.978941440582275","10.075751304626465","456.85473689219697","0.11367753623188406","135.33824157063594","55.45043675406447","REAL"
"2026-09-29T10:41:07.948977","75","2026-09-29T10:41:24.455993","1","0.9882580041885376","0.998312771320343","3.4077470302581787","-8.216412544250488","9.736381530761719","466.65248876778776","0.11277173913043478","135.6513017498933","55.52578816472946","REAL"
"2026-09-29T10:41:07.948977","76","2026-09-29T10:41:24.589414","1","0.679590106010437","0.9911525249481201","4.301834583282471","-2.3889548778533936","9.583671569824219","247.881075121312","0.09253393665158371","137.16904761904763","55.22258575089585","REAL"
"2026-09-29T10:41:07.948977","77","2026-09-29T10:41:24.695575","1","0.007300853729248047","0.0208626389503479","5.804182529449463","17.595552444458008","11.177849769592285","207.03649381109224","0.08560140474100088","136.72421142369993","55.07299103320239","REAL"
"2026-09-29T10:41:07.948977","78","2026-09-29T10:41:24.820741","1","0.0","0.1860300898551941","4.570330619812012","47.4695930480957","13.027124404907227","214.44389064599508","0.06381381381381382","154.46198198198198","49.60719120747689","REAL"
"2026-09-29T10:41:07.948977","79","2026-09-29T10:41:24.944790","1","0.05539274215698242","0.5363578200340271","1.1384658813476562","76.01429748535156","14.590742111206055","195.31742819658476","0.05326530612244898","167.6670524691358","42.94160398415293","REAL"
"2026-09-29T10:41:07.948977","80","2026-09-29T10:41:25.061740","1","0.14356094598770142","0.6884933710098267","0.849672257900238","83.6358413696289","10.40450382232666","439.84854493417737","0.0744047619047619","164.9674533688618","45.035733041396796","REAL"
"2026-09-29T10:41:07.948977","81","2026-09-29T10:41:25.178203","1","0.074978768825531","0.6702355742454529","0.8089310526847839","83.8699722290039","10.139102935791016","316.37671140475715","0.06756756756756757","160.21683489545782","45.78169915568065","REAL"
"2026-09-29T10:41:07.948977","82","2026-09-29T10:41:25.305759","1","0.14638656377792358","0.6384210586547852","0.3816412389278412","83.96472930908203","10.412059783935547","409.90889602904406","0.0675146771037182","152.4545795795796","44.9762262197863","REAL"
"2026-09-29T10:41:07.948977","83","2026-09-29T10:41:25.433376","1","0.001824796199798584","0.6858682632446289","0.48605969548225403","69.98072052001953","9.565988540649414","211.12831775360414","0.05150905432595573","144.95442097026603","44.785920048628356","REAL"
"2026-09-29T10:41:07.948977","84","2026-09-29T10:41:25.542801","1","0.018253028392791748","0.22126847505569458","1.8798390626907349","47.4047966003418","9.873353958129883","185.87011357417427","0.05349531116794544","133.67364185110665","49.72478107072657","REAL"
"2026-09-29T10:41:07.948977","85","2026-09-29T10:41:25.660601","1","0.5211077928543091","0.6937435865402222","4.558080196380615","20.181291580200195","10.456647872924805","157.02154005270714","0.08367254635911352","113.85532006920415","53.57955838160802","REAL"
"2026-09-29T10:41:07.948977","86","2026-09-29T10:41:25.792071","1","0.9370447397232056","0.9949411749839783","3.21895170211792","4.838456630706787","9.602987289428711","234.65499959034537","0.09111160614836267","111.942242114237","53.934326969597564","REAL"
"2026-09-29T10:41:07.948977","87","2026-09-29T10:41:25.911085","1","0.9458995461463928","0.9965211153030396","2.977949619293213","1.3980648517608643","9.328824996948242","391.56152003500614","0.11180795847750866","113.15424430641822","53.909110090252106","REAL"
"2026-09-29T10:41:07.948977","88","2026-09-29T10:41:26.030833","1","0.9287917613983154","0.997727632522583","2.8684210777282715","1.6542329788208008","9.072199821472168","409.04874653530254","0.11310553633217993","115.05486542443064","54.47582034451213","REAL"
"2026-09-29T10:41:07.948977","89","2026-09-29T10:41:26.155046","1","0.980856716632843","0.998600959777832","1.9173599481582642","2.016355276107788","8.723109245300293","379.1766110679401","0.11049231454666963","118.88277919863597","55.325614315949366","REAL"
"2026-09-29T10:41:07.948977","90","2026-09-29T10:41:26.273705","1","0.9887905716896057","0.9991688132286072","1.9915274381637573","1.247218132019043","7.925479412078857","428.3581453359344","0.11806638449543329","124.05293005671078","55.84550255634733","REAL"
"2026-09-29T10:41:07.948977","91","2026-09-29T10:41:26.389290","1","0.9856016635894775","0.9988862872123718","3.8620994091033936","1.7544173002243042","7.8524699211120605","454.6702918413323","0.1240810871018044","129.20502983802217","56.07626102527302","REAL"
"2026-09-29T10:41:07.948977","92","2026-09-29T10:41:26.511241","1","0.9938164353370667","0.99802166223526","4.684760093688965","1.540978193283081","8.408814430236816","435.7102887578423","0.12802768166089964","133.1262939958592","55.5023789628025","REAL"
"2026-09-29T10:41:07.948977","93","2026-09-29T10:41:26.635294","1","0.9947605133056641","0.9971305727958679","5.907872200012207","1.4923017024993896","8.179255485534668","470.2820768410789","0.1245674740484429","135.83374741200828","56.404876041317635","REAL"
"2026-09-29T10:41:07.948977","94","2026-09-29T10:41:26.762950","1","0.9956856369972229","0.997727632522583","6.25154972076416","2.701908826828003","8.130533218383789","476.1851198253437","0.12296725328580976","135.46781756180732","57.17796909025722","REAL"
"2026-09-29T10:41:07.948977","95","2026-09-29T10:41:26.872006","1","0.9947605133056641","0.99802166223526","6.521389007568359","2.8143086433410645","7.613053321838379","452.9031151210747","0.12052341597796143","134.789485408777","57.39147761440564","REAL"
"2026-09-29T10:41:07.948977","96","2026-09-29T10:41:26.995639","1","0.990864634513855","0.9974306225776672","6.73154354095459","2.6292147636413574","7.195592403411865","363.185532172885","0.11753902662993572","133.9545555803074","57.30379802671514","REAL"
"2026-09-29T10:41:07.948977","97","2026-09-29T10:41:27.118534","1","0.9514423608779907","0.994285523891449","11.614602088928223","-0.2900276482105255","7.2871246337890625","240.67293900689842","0.09159779614325068","128.66549604916594","53.05056687893388","REAL"
"2026-09-29T10:41:07.948977","98","2026-09-29T10:41:27.229889","1","0.9970390796661377","0.9952638149261475","15.30615234375","-3.518449544906616","7.3437089920043945","420.4364834884507","0.12135176651305683","128.53497023809524","48.81994135502258","REAL"
"2026-09-29T10:41:07.948977","99","2026-09-29T10:41:27.360729","1","0.9863588809967041","0.9962117075920105","21.9351806640625","-6.138204097747803","5.919817924499512","616.0760248510727","0.14942219833378123","131.83512544802866","47.2708037161464","REAL"
"2026-09-29T10:41:07.948977","100","2026-09-29T10:41:27.472144","1","0.9918690919876099","0.9735729098320007","29.9482479095459","-7.988442420959473","5.6966471672058105","662.609242455042","0.159288824383164","128.7318244170096","45.40555811099667","REAL"
"2026-09-29T10:41:07.948977","101","2026-09-29T10:41:27.592360","1","0.9923635125160217","0.937804639339447","35.35768127441406","-8.070335388183594","6.991238117218018","885.822144","0.1928","128.60361399461746","45.012247152365845","REAL"
"2026-09-29T10:41:07.948977","102","2026-09-29T10:41:27.722138","1","0.9492247700691223","0.8734263181686401","34.05223083496094","-8.312124252319336","7.856204509735107","1031.1371298502438","0.20030757400999616","129.40273668639054","45.06698014745537","REAL"
"2026-09-29T10:41:07.948977","103","2026-09-29T10:41:27.834607","1","0.9488933086395264","0.8745412826538086","32.57615661621094","-7.338784694671631","7.992023468017578","752.0147963083432","0.18031526336024606","123.10133136094674","44.85835793176101","REAL"
"2026-09-29T10:41:07.948977","104","2026-09-29T10:41:27.962765","1","0.9903543591499329","0.9936156272888184","21.41530418395996","-6.806119918823242","8.259271621704102","419.3491422609967","0.14001189060642094","121.73926553672317","47.149468851938146","REAL"
"2026-09-29T10:41:07.948977","105","2026-09-29T10:41:28.081868","1","0.9882580041885376","0.9939523935317993","12.827390670776367","-4.8842597007751465","9.46924877166748","417.49777590330916","0.11030176899063475","121.91811539430587","50.288941864470665","REAL"
"2026-09-29T10:41:07.948977","106","2026-09-29T10:41:28.204111","1","0.9825901985168457","0.9892709851264954","7.430984973907471","-4.932093620300293","9.264972686767578","388.9579437291975","0.11153846153846154","121.91574839302112","53.15449544109071","REAL"
"2026-09-29T10:41:07.948977","107","2026-09-29T10:41:28.317086","1","0.9882580041885376","0.9900364875793457","5.6455769538879395","-5.554922580718994","8.4164457321167","409.7736062913496","0.1213784021071115","122.7739970594413","54.32665640032268","REAL"
"2026-09-29T10:41:07.948977","108","2026-09-29T10:41:28.455169","1","0.9831671714782715","0.9925832152366638","4.885127067565918","-6.1113409996032715","8.380475044250488","456.73105822498826","0.11764705882352941","125.06805293005671","54.1621135226597","REAL"
"2026-09-29T10:41:07.948977","109","2026-09-29T10:41:28.558946","1","0.9903543591499329","0.9955831170082092","6.564121246337891","-5.537693500518799","8.98935317993164","464.038937784156","0.12341278681220762","130.75575447570333","53.88428149000591","REAL"
"2026-09-29T10:41:07.948977","110","2026-09-29T10:41:28.687753","1","0.9848182797431946","0.9958990216255188","5.977084636688232","-5.636554718017578","10.066303253173828","472.2678734529319","0.12731795567616463","135.94290657439447","53.91424155789354","REAL"
"2026-09-29T10:41:07.948977","111","2026-09-29T10:41:28.804829","1","0.9893174171447754","0.998312771320343","4.464795112609863","-5.265378475189209","10.393881797790527","446.95583610378617","0.12445127304653204","136.45966386554622","54.5530276591297","REAL"
"2026-09-29T10:41:07.948977","112","2026-09-29T10:41:28.930863","1","0.9903543591499329","0.997727632522583","-1.2925386428833008","-3.5515995025634766","10.616680145263672","311.3257270377974","0.09912087912087912","127.5307239057239","57.44846086161246","REAL"
"2026-09-29T10:41:07.948977","113","2026-09-29T10:41:29.046831","1","0.9983530044555664","0.9999999403953552","-5.450554847717285","-2.622323513031006","10.222500801086426","282.08957125693615","0.08045977011494253","122.50045808520385","61.38137933122486","REAL"
"2026-09-29T10:41:07.948977","114","2026-09-29T10:41:29.168023","1","0.9938164353370667","0.9997256398200989","-6.100632667541504","-2.189281940460205","9.493690490722656","282.1909492453382","0.08632101489244347","129.7552","64.66141409650734","REAL"
"2026-09-29T10:41:07.948977","115","2026-09-29T10:41:29.290434","1","0.9868497848510742","0.998312771320343","-14.429519653320312","-5.49409818649292","10.744333267211914","331.42073752331737","0.08323095823095823","137.79415204678364","64.11438764149236","REAL"
"2026-09-29T10:41:07.948977","116","2026-09-29T10:41:29.409011","1","0.9506080746650696","0.9965211153030396","-16.467239379882812","-5.144477367401123","11.513906478881836","449.52630354947456","0.08780487804878048","147.99296205630355","63.29698422832838","REAL"
"2026-09-29T10:41:07.948977","117","2026-09-29T10:41:29.531336","1","0.9840072393417358","0.9929311275482178","-21.659826278686523","-5.74094295501709","11.69433879852295","509.359853169107","0.09586466165413533","156.73106738223018","63.659100247793376","REAL"
"2026-09-29T10:41:07.948977","118","2026-09-29T10:41:29.653987","1","0.9445556402206421","0.9911525249481201","-21.733034133911133","-6.333858966827393","13.980035781860352","587.1923366530361","0.10401002506265664","165.02713178294573","62.73122411631794","REAL"
"2026-09-29T10:41:07.948977","119","2026-09-29T10:41:29.822325","1","0.9606643915176392","0.9915161728858948","-21.1917781829834","-6.602597713470459","13.60767650604248","488.96971153175895","0.0951937984496124","170.35930735930737","61.897479970097955","REAL"
"2026-09-29T10:41:07.948977","120","2026-09-29T10:41:29.930900","1","0.9952254295349121","0.9974306225776672","-14.274755477905273","-1.0829445123672485","9.2657470703125","259.23265615772846","0.07284939292172565","169.35825","60.241471653151876","REAL"
"2026-09-29T10:41:07.948977","121","2026-09-29T10:41:30.070247","1","0.9928528666496277","0.9994485974311829","-10.194473266601562","-1.5220906734466553","9.612436294555664","160.1025027020422","0.056354359925788494","170.62358427714858","55.89995142443126","REAL"
"2026-09-29T10:41:07.948977","122","2026-09-29T10:41:30.217432","1","0.9882580041885376","0.998600959777832","-4.062197208404541","-1.4868143796920776","9.608623504638672","415.9499184992284","0.09259259259259259","174.406018414552","52.194775740258734","REAL"
"2026-09-29T10:41:07.948977","123","2026-09-29T10:41:30.336287","1","0.9877196550369263","0.998600959777832","-1.9285043478012085","-0.7481100559234619","9.983569145202637","453.88128662109375","0.11852678571428571","174.25747863247864","51.246464831686374","REAL"
"2026-09-29T10:41:07.948977","124","2026-09-29T10:41:30.456110","1","0.9893174171447754","0.998312771320343","-0.4780481159687042","-0.8150722980499268","10.09797191619873","503.7038086325159","0.12597547380156077","171.88369611609048","52.146465514344975","REAL"
"2026-09-29T10:41:07.948977","125","2026-09-29T10:41:30.581500","1","0.9898386597633362","0.998312771320343","1.8582112789154053","0.203302800655365","9.406570434570312","543.4243686560801","0.14425863991081384","168.80870296405297","53.58096574926376","REAL"
"2026-09-29T10:41:07.948977","126","2026-09-29T10:41:30.703053","1","0.9893174171447754","0.998312771320343","2.1348869800567627","0.36250975728034973","8.728432655334473","517.2730223293255","0.13304442036836403","165.86318407960198","53.86886313755183","REAL"
"2026-09-29T10:41:07.948977","127","2026-09-29T10:41:30.835386","1","0.9898386597633362","0.998600959777832","1.3619016408920288","0.9241254925727844","7.921424388885498","527.7453181386516","0.12799145299145298","165.73640514736405","53.30922666558854","REAL"
"2026-09-29T10:41:07.948977","128","2026-09-29T10:41:30.937818","1","0.9903543591499329","0.998312771320343","0.9815530776977539","1.0498507022857666","7.816018104553223","484.25505474677465","0.13129610115911486","165.87407862407863","53.27888080386144","REAL"
"2026-09-29T10:41:07.948977","129","2026-09-29T10:41:31.059184","1","0.9882580041885376","0.998312771320343","0.42143821716308594","0.43987149000167847","8.225789070129395","496.5111387704222","0.12318354571875699","166.71158854166666","53.07767847703269","REAL"
"2026-09-29T10:41:07.948977","130","2026-09-29T10:41:31.180005","1","0.9898386597633362","0.9974306225776672","0.45361432433128357","-0.31669268012046814","8.86179256439209","534.909578457814","0.12442396313364056","164.47569444444446","53.979442616723894","REAL"
"2026-09-29T10:41:07.948977","131","2026-09-29T10:41:31.296078","1","0.9913694858551025","0.99802166223526","0.117908775806427","0.32539573311805725","8.897767066955566","454.4180607404269","0.12363067292644757","158.81098090277777","54.968331247943695","REAL"
"2026-09-29T10:41:07.948977","132","2026-09-29T10:41:31.426297","1","0.986605703830719","0.997727632522583","0.003009323962032795","0.1344223916530609","8.724892616271973","421.4628159394732","0.11517492049068605","156.59830729166666","55.44152690105901","REAL"
"2026-09-29T10:41:07.948977","133","2026-09-29T10:41:31.539947","1","0.9062259197235107","0.8745412826538086","-0.5614102482795715","-2.930070161819458","11.855303764343262","344.82945599663935","0.11400966183574879","154.16492503407542","55.969754489671374","REAL"
"2026-09-29T10:41:07.948977","134","2026-09-29T10:41:31.658900","1","0.2012934684753418","0.8227906227111816","-1.5921112298965454","-6.483108997344971","15.682534217834473","380.9602525424379","0.11713106295149639","154.45689655172413","54.71221497267224","REAL"
"2026-09-29T10:41:07.948977","135","2026-09-29T10:41:31.793245","1","0.4151104688644409","0.7209669351577759","-1.9247057437896729","-7.670917510986328","17.862476348876953","429.49598940961425","0.12255639097744361","153.38771186440678","53.390171951909416","REAL"
"2026-09-29T10:41:07.948977","136","2026-09-29T10:41:31.900234","1","0.43315184116363525","0.8650642037391663","-0.7739363312721252","-7.357931613922119","17.96518325805664","554.5584287796751","0.12423469387755103","151.81489463601534","54.81057137166619","REAL"
"2026-09-29T10:41:07.948977","137","2026-09-29T10:41:32.031799","1","0.44215482473373413","0.41945070028305054","-1.3870102167129517","-6.5209641456604","16.193721771240234","628.2654809957223","0.13759398496240602","146.99717514124293","56.846201067655514","REAL"
"2026-09-29T10:41:07.948977","138","2026-09-29T10:41:32.149261","1","0.23656463623046875","0.019214868545532227","-1.1533737182617188","-4.654819488525391","14.361676216125488","600.705906055503","0.14075165806927045","143.4774647887324","57.799391691934616","REAL"
"2026-09-29T10:41:07.948977","139","2026-09-29T10:41:32.273585","1","0.05671572685241699","0.004566192626953125","-1.2226104736328125","-1.5778963565826416","8.53085708618164","401.76657572463625","0.13518650510810168","139.58064516129033","59.47643723242617","REAL"
"2026-09-29T10:41:07.948977","140","2026-09-29T10:41:32.393592","1","0.05803883075714111","0.021324872970581055","-2.578651189804077","0.44958415627479553","3.3839004039764404","516.0158797830912","0.12629877626414224","137.60640681003585","60.92514697743127","REAL"
"2026-09-29T10:41:07.948977","141","2026-09-29T10:41:32.514944","1","0.004562854766845703","0.021787047386169434","-1.46457839012146","0.3018646240234375","-0.280738890171051","363.9906259954554","0.11244239631336406","137.55794270833334","60.147144024543785","REAL"
"2026-09-29T10:41:07.948977","142","2026-09-29T10:41:32.634989","1","0.012776970863342285","0.012393414974212646","0.16717945039272308","1.3249871730804443","-7.374905586242676","458.63588264299807","0.10961538461538461","133.35984461255367","60.34138665004745","REAL"
"2026-09-29T10:41:07.948977","143","2026-09-29T10:41:32.752001","1","0.9153648614883423","0.9369730353355408","-0.900020956993103","2.2586777210235596","-11.759950637817383","507.0108033175477","0.11043083900226758","132.43858506944446","61.9987304900106","REAL"
"2026-09-29T10:41:07.948977","144","2026-09-29T10:41:32.880574","1","0.9497048854827881","0.994285523891449","-0.7205796837806702","0.32552072405815125","-11.816810607910156","401.94896628222915","0.10416666666666667","132.86708047945206","61.80491993873897","REAL"
"2026-09-29T10:41:07.948977","145","2026-09-29T10:41:32.998253","1","0.9840072393417358","0.9932752251625061","-2.1986401081085205","0.8704094886779785","-11.089031219482422","386.35629118973293","0.0931899641577061","132.6611729452055","61.375784033668225","REAL"
"2026-09-29T10:41:07.948977","146","2026-09-29T10:41:33.115002","1","0.9493870735168457","0.9841023683547974","-3.3529276847839355","0.4420040249824524","-11.879666328430176","364.6211258619772","0.08955938697318008","135.85890410958905","62.3049006089803","REAL"
"2026-09-29T10:41:07.948977","147","2026-09-29T10:41:33.228945","1","0.7338244915008545","0.9884875416755676","-3.2591869831085205","1.6731420755386353","-11.745522499084473","446.4149902429094","0.08644973288003885","132.78639424193173","63.27989332820585","REAL"
"2026-09-29T10:41:07.948977","148","2026-09-29T10:41:33.360688","1","0.9863588809967041","0.9936156272888184","-2.471482992172241","0.49748390913009644","-10.668496131896973","558.6677521274219","0.09807909604519774","132.1754311262508","63.097137526610055","REAL"
"2026-09-29T10:41:07.948977","149","2026-09-29T10:41:33.477079","1","0.9837305545806885","0.9936156272888184","-1.7528290748596191","0.38337835669517517","-10.461475372314453","546.8011866148469","0.09413650939074668","131.54298245614035","63.1789847767495","REAL"
"2026-09-29T10:41:07.948977","150","2026-09-29T10:41:33.590306","1","0.9856016635894775","0.9936156272888184","-1.774588942527771","0.7976700067520142","-10.358580589294434","530.5139900817504","0.08962154631994428","131.18671171171172","62.948667446827656","REAL"
"2026-09-29T10:41:07.948977","151","2026-09-29T10:41:33.720378","1","0.9898386597633362","0.997727632522583","-2.5871472358703613","0.564913809299469","-9.912123680114746","516.4405686383916","0.08703618873110398","130.52733333333333","62.91947170435838","REAL"
"2026-09-29T10:41:07.948977","152","2026-09-29T10:41:33.844317","1","0.9913694858551025","0.997727632522583","-2.5705373287200928","0.3029034435749054","-10.242999076843262","402.8219300381462","0.0876126126126126","129.0294623655914","62.67052772992669","REAL"
"2026-09-29T10:41:07.948977","153","2026-09-29T10:41:33.957032","1","0.9928528666496277","0.99802166223526","-2.1708104610443115","0.24036289751529694","-9.88172435760498","460.1842833176516","0.09326539654408507","128.76408602150536","62.13790802249429","REAL"
"2026-09-29T10:41:07.948977","154","2026-09-29T10:41:34.084256","1","0.9918690919876099","0.998600959777832","-2.5410587787628174","0.749514102935791","-9.680328369140625","485.7691287635326","0.10060633280934202","128.69420226678292","61.753327047489805","REAL"
"2026-09-29T10:41:07.948977","155","2026-09-29T10:41:34.213255","1","0.986605703830719","0.998600959777832","-2.692918539047241","0.6294656991958618","-10.131159782409668","416.54070628838497","0.1003817651021783","129.07476024411508","61.902219484268294","REAL"
"2026-09-29T10:41:07.948977","156","2026-09-29T10:41:34.323882","1","0.9903543591499329","0.9965211153030396","-2.4464223384857178","1.0740829706192017","-10.386883735656738","457.01991799466896","0.10713461094435466","128.81241714538223","61.52636096597554","REAL"
"2026-09-29T10:41:07.948977","157","2026-09-29T10:41:34.441421","1","0.9913694858551025","0.9962117075920105","-3.2668697834014893","2.828795909881592","-10.769512176513672","494.204104332766","0.09585610200364299","131.175255490324","61.5842783569192","REAL"
"2026-09-29T10:41:07.948977","158","2026-09-29T10:41:34.574540","1","0.9918690919876099","0.9974306225776672","-2.981207847595215","2.2950737476348877","-10.758010864257812","474.8800120105773","0.10678506375227687","135.55403348554034","60.832748163425684","REAL"
"2026-09-29T10:41:07.948977","159","2026-09-29T10:41:34.679356","1","0.9923635125160217","0.9971305727958679","-3.2229843139648438","2.647268295288086","-9.931408882141113","452.05810484827526","0.10632969034608379","140.38091029606716","60.118878606313","REAL"
"2026-09-29T10:41:07.948977","160","2026-09-29T10:41:34.807489","1","0.9913694858551025","0.998600959777832","-2.9718360900878906","2.9877586364746094","-9.176568984985352","441.3442090898705","0.10736550450242438","142.9615554573575","59.99005166945539","REAL"
"2026-09-29T10:41:07.948977","161","2026-09-29T10:41:34.924347","1","0.9928528666496277","0.99802166223526","-3.1377756595611572","2.275902032852173","-9.448943138122559","468.24576713358414","0.10782729161856384","144.3126380910296","59.832895554480025","REAL"
"2026-09-29T10:41:07.948977","162","2026-09-29T10:41:35.049942","1","0.9933371543884277","0.9991688132286072","-2.8531761169433594","2.372340440750122","-9.614934921264648","444.370822367696","0.10892018779342723","147.27684489615555","60.03665494233377","REAL"
"2026-09-29T10:41:07.948977","163","2026-09-29T10:41:35.169931","1","0.9923635125160217","0.99802166223526","-2.5580780506134033","2.8633527755737305","-9.233207702636719","477.87531018985317","0.101456194795894","151.063103525713","59.913207807421486","REAL"
"2026-09-29T10:41:07.948977","164","2026-09-29T10:41:35.285016","1","0.9938164353370667","0.998312771320343","-2.6173086166381836","3.2623496055603027","-8.627249717712402","459.9289388679495","0.10633802816901408","151.28965974370306","59.6375620766428","REAL"
"2026-09-29T10:41:07.948977","165","2026-09-29T10:41:35.407104","1","0.001824796199798584","0.0208626389503479","-1.8584040403366089","2.5139248371124268","-8.015753746032715","425.20888578815607","0.0973365617433414","153.68472222222223","58.92833569744679","REAL"
"2026-09-29T10:41:07.948977","166","2026-09-29T10:41:35.534320","1","0.0","0.019214868545532227","-1.2734456062316895","2.8284668922424316","-8.136842727661133","425.28311623375106","0.10217391304347827","153.5386746709767","58.59145220138623","REAL"
"2026-09-29T10:41:07.948977","167","2026-09-29T10:41:35.642748","1","0.08553206920623779","0.06604921817779541","-1.447601318359375","2.8971173763275146","-7.9835357666015625","404.488112244898","0.10857142857142857","153.10997267759564","58.84462476824735","REAL"
"2026-09-29T10:41:07.948977","168","2026-09-29T10:41:35.766537","1","0.9837305545806885","0.9929311275482178","-1.7340049743652344","3.6079933643341064","-7.945451259613037","406.90904671201815","0.10714285714285714","152.17691256830602","59.46994453533706","REAL"
"2026-09-29T10:41:07.948977","169","2026-09-29T10:41:35.895590","1","0.9887905716896057","0.998312771320343","-1.5284788608551025","3.5162055492401123","-8.032851219177246","410.4705301020408","0.10357142857142858","151.75478142076503","59.56712951662366","REAL"
"2026-09-29T10:41:07.948977","170","2026-09-29T10:41:36.010826","1","0.9828804135322571","0.9958990216255188","-0.48444294929504395","2.1215219497680664","-8.002307891845703","352.7831768011356","0.09930771067080449","151.75365296803653","60.09592254676808","REAL"
"2026-09-29T10:41:07.948977","171","2026-09-29T10:41:36.140922","1","0.9842807650566101","0.9974306225776672","-0.886300265789032","2.610666513442993","-7.8417253494262695","414.1635536398467","0.09794061302681992","148.89784072440213","61.06293032924653","REAL"
"2026-09-29T10:41:07.948977","172","2026-09-29T10:41:36.268722","1","0.9831671714782715","0.9974306225776672","-1.0274426937103271","2.7940495014190674","-7.738718509674072","350.2574969920485","0.09486817325800377","145.40936073059362","60.87809702811717","REAL"
"2026-09-29T10:41:07.948977","173","2026-09-29T10:41:36.418666","1","0.9842807650566101","0.9974306225776672","-1.123808741569519","2.151731014251709","-7.604363918304443","385.9664045351474","0.10142857142857142","141.92372495446267","60.5214917792116","REAL"
"2026-09-29T10:41:07.948977","174","2026-09-29T10:41:36.535097","1","0.9828804135322571","0.997727632522583","-0.6792096495628357","2.8243415355682373","-7.90709924697876","437.14981853741494","0.10547619047619047","141.01001821493625","60.889052181748184","REAL"
"2026-09-29T10:41:07.948977","175","2026-09-29T10:41:36.671438","1","0.9606643915176392","0.998312771320343","-1.0377057790756226","1.9727082252502441","-7.686705589294434","358.59669656503746","0.10026134473746733","138.3895956383462","60.41184347651425","REAL"
"2026-09-29T10:41:07.948977","176","2026-09-29T10:41:36.781437","1","0.9831671714782715","0.9974306225776672","-0.8705190420150757","2.2268564701080322","-7.918912410736084","339.6811022957571","0.10453789498693276","136.482673820702","60.25733419255365","REAL"
"2026-09-29T10:41:07.948977","177","2026-09-29T10:41:36.900668","1","0.9828804135322571","0.9971305727958679","-0.7491440176963806","1.8576053380966187","-7.793762683868408","397.6075485008818","0.10770975056689343","134.57747395833334","60.099318012466306","REAL"
"2026-09-29T10:41:07.948977","178","2026-09-29T10:41:37.016780","1","0.9850823879241943","0.9962117075920105","0.3595394194126129","1.5101048946380615","-7.502631187438965","395.53626199734333","0.10725274725274725","133.64414983164983","59.638401227403115","REAL"
"2026-09-29T10:41:07.948977","179","2026-09-29T10:41:37.144898","1","0.9840072393417358","0.9965211153030396","-0.28468504548072815","1.8727710247039795","-7.062179088592529","410.23100959596525","0.10992196209587514","134.30644472897993","59.460144111902345","REAL"
"2026-09-29T10:41:07.948977","180","2026-09-29T10:41:37.265598","1","0.9850823879241943","0.9971305727958679","1.234671711921692","1.6468476057052612","-6.783197402954102","454.47015283199664","0.11326644370122631","133.98759722514188","59.42401034704339","REAL"
"2026-09-29T10:41:07.948977","181","2026-09-29T10:41:37.376482","1","0.9887905716896057","0.9974306225776672","1.5516250133514404","1.7022138833999634","-6.1459527015686035","399.28306103711054","0.11680726800778715","133.93371996686","59.01099203629768","REAL"
"2026-09-29T10:41:07.948977","182","2026-09-29T10:41:37.507897","1","0.9898386597633362","0.997727632522583","2.084540843963623","4.658236503601074","-3.641080141067505","302.37249122422287","0.11194029850746269","136.14411764705883","58.39854222757179","REAL"
"2026-09-29T10:41:07.948977","183","2026-09-29T10:41:37.625","1","0.770969033241272","0.9488520622253418","5.503462791442871","25.233671188354492","3.1306636333465576","316.1843508549496","0.10699062233589088","146.01183915084712","56.059192379854466","REAL"
"2026-09-29T10:41:07.948977","184","2026-09-29T10:41:37.744854","1","0.9837305545806885","0.3970256447792053","4.665473937988281","47.21796798706055","6.0394368171691895","357.09846394541813","0.09017713365539452","159.66737410765967","52.19143318633729","REAL"
"2026-09-29T10:41:07.948977","185","2026-09-29T10:41:37.867087","1","0.980856716632843","0.15379184484481812","3.698073148727417","47.86067581176758","6.11644172668457","485.3747463041144","0.11018437225636524","160.20931677018635","52.1277165871788","REAL"
"2026-09-29T10:41:07.948977","186","2026-09-29T10:41:37.984722","1","0.9928528666496277","0.5043434500694275","3.3801817893981934","43.64742660522461","4.521955490112305","655.6214135884305","0.11867254778407897","154.0682404284864","54.30902731029092","REAL"
"2026-09-29T10:41:07.948977","187","2026-09-29T10:41:38.125513","1","0.9928528666496277","0.632347822189331","4.419129848480225","43.21692657470703","3.905073881149292","682.616957479274","0.12318840579710146","147.74831598285365","54.539196160763","REAL"
"2026-09-29T10:41:07.948977","188","2026-09-29T10:41:38.230013","1","0.9938164353370667","0.6025388240814209","4.159307479858398","43.05680465698242","3.67792010307312","636.3079049547665","0.12073958565382045","143.52195225916452","54.66042723782999","REAL"
"2026-09-29T10:41:07.948977","189","2026-09-29T10:41:38.347166","1","0.9942908883094788","0.767783522605896","3.3223772048950195","41.40331268310547","3.2272746562957764","611.8137006971273","0.11538461538461539","140.25418362731796","54.53635067883389","REAL"
"2026-09-29T10:41:07.948977","190","2026-09-29T10:41:38.467460","1","0.9445556402206421","0.9872773885726929","8.968457221984863","29.378795623779297","4.652094841003418","239.85467359359313","0.08710180441078191","129.5589161940769","55.25289992210405","REAL"
"2026-09-29T10:41:07.948977","191","2026-09-29T10:41:38.592055","1","0.9850823879241943","0.9965211153030396","2.4370992183685303","5.279536724090576","-0.6602569222450256","179.74021324650133","0.07123473541383989","115.58757682177348","57.23892913121123","REAL"
"2026-09-29T10:41:07.948977","192","2026-09-29T10:41:38.709222","1","0.9514423608779907","0.9896559715270996","4.891783237457275","0.948350727558136","-0.7297202348709106","320.94300697360177","0.09811237928007023","115.97058823529412","57.0461811342961","REAL"
"2026-09-29T10:41:07.948977","193","2026-09-29T10:41:38.848861","1","0.1407354474067688","0.029933273792266846","4.753260612487793","-5.470043182373047","1.1729437112808228","259.45583014780954","0.09701492537313433","119.39876385336743","54.97362173152667","REAL"
"2026-09-29T10:41:07.948977","194","2026-09-29T10:41:38.970550","1","0.7805240750312805","0.02363598346710205","8.566232681274414","-42.4788703918457","1.6377698183059692","133.1124301253977","0.06346450617283951","130.40626759241883","46.73800248685569","REAL"
"2026-09-29T10:41:07.948977","195","2026-09-29T10:41:39.126006","1","0.0873914361000061","0.029933273792266846","-0.06775563210248947","-83.8812026977539","0.3119718134403229","638.5899502862285","0.14743856726364016","129.28258362168395","43.39546296221251","REAL"
"2026-09-29T10:41:07.948977","196","2026-09-29T10:41:39.237576","1","0.11876147985458374","0.3133024573326111","-0.017982982099056244","-85.53364562988281","1.934281587600708","698.4906310987656","0.16224529027297194","131.61516553933785","43.977343733091104","REAL"
"2026-09-29T10:41:07.948977","197","2026-09-29T10:41:39.479887","1","0.074978768825531","0.02733379602432251","0.1452486515045166","-86.95235443115234","1.481485366821289","515.28301139907","0.1384083044982699","125.80206479174083","43.3350263620386","REAL"
"2026-09-29T10:41:07.948977","198","2026-09-29T10:41:39.875530","1","0.651045560836792","0.012393414974212646","8.30829906463623","-56.86250305175781","5.167540550231934","236.7883639399963","0.07932692307692307","126.27118254879449","44.04433820065686","REAL"
"2026-09-29T10:41:42.959836","1","2026-09-29T10:41:47.497957","1","0.9485522508621216","0.5810842514038086","8.901957511901855","-6.003918647766113","10.391411781311035","67.43795578322703","0.029508196721311476","183.1765475152572","35.486428624226406","REAL"
"2026-09-29T10:41:42.959836","2","2026-09-29T10:41:47.599133","1","0.9868497848510742","0.9735729098320007","9.699348449707031","-3.166762590408325","4.141727924346924","82.65390000000001","0.06037037037037037","180.94903777619388","46.25218960894204","REAL"
"2026-09-29T10:41:42.959836","3","2026-09-29T10:41:47.703543","1","0.9842807650566101","0.997727632522583","8.576424598693848","-4.281535625457764","0.936026930809021","98.99579336740648","0.07045088566827697","179.76041666666666","47.295761209624466","REAL"
"2026-09-29T10:41:42.959836","4","2026-09-29T10:41:47.820961","1","0.9903543591499329","0.9929311275482178","9.615182876586914","-3.802747964859009","0.714314341545105","218.19828025457468","0.0962566844919786","163.57783018867926","54.19464278268772","REAL"
"2026-09-29T10:41:42.959836","5","2026-09-29T10:41:47.941619","1","0.9952254295349121","0.9988862872123718","9.47232723236084","-5.196746826171875","1.810988426208496","729.4430559532486","0.13169642857142858","148.46165279429252","59.65993615923435","REAL"
"2026-09-29T10:41:42.959836","6","2026-09-29T10:41:48.062122","1","0.9918690919876099","0.997727632522583","9.550230979919434","-4.502048015594482","2.2019619941711426","652.1427348743674","0.12984774490089054","137.20437158469946","60.23176351461495","REAL"
"2026-09-29T10:41:42.959836","7","2026-09-29T10:41:48.173466","1","0.9923635125160217","0.99802166223526","6.903338432312012","-3.8343448638916016","2.670253038406372","562.9582289728736","0.12899758129535072","131.74635796045786","59.98925436860514","REAL"
"2026-09-29T10:41:42.959836","8","2026-09-29T10:41:48.303474","1","0.9871754050254822","0.997727632522583","2.9813311100006104","-1.1411441564559937","2.3211073875427246","412.8310329678197","0.1044420941300899","126.15167548500882","59.60071368824921","REAL"
"2026-09-29T10:41:42.959836","9","2026-09-29T10:41:48.423965","1","0.9871754050254822","0.998600959777832","0.021333768963813782","-0.8450557589530945","1.6992521286010742","375.0789493815104","0.09270833333333334","123.25447667087012","60.026207460601526","REAL"
"2026-09-29T10:41:42.959836","10","2026-09-29T10:41:48.545219","1","0.9952254295349121","0.99802166223526","-1.2414604425430298","-0.20757445693016052","1.0541754961013794","473.26438020214033","0.09779094827586207","122.6974358974359","60.71706762614353","REAL"
"2026-09-29T10:41:42.959836","11","2026-09-29T10:41:48.666541","1","0.9956856369972229","0.997727632522583","-2.6301217079162598","0.18283411860466003","-0.06318734586238861","479.5609653220563","0.09176788124156546","125.90267077555212","61.00521189902865","REAL"
"2026-09-29T10:41:42.959836","12","2026-09-29T10:41:48.790206","1","0.9947605133056641","0.998312771320343","-3.042851448059082","-0.02218034118413925","-0.8887057900428772","473.2734799541118","0.09285714285714286","131.67756512493355","61.00010433597317","REAL"
"2026-09-29T10:41:42.959836","13","2026-09-29T10:41:48.909","1","0.9938164353370667","0.9988862872123718","-2.4876480102539062","0.9832831025123596","-1.026373267173767","414.10970127339266","0.10016741071428571","136.12944297082228","60.800837701523164","REAL"
"2026-09-29T10:41:42.959836","14","2026-09-29T10:41:49.026771","1","0.9903543591499329","0.9988862872123718","-0.9399794936180115","0.7553755640983582","-0.03683743253350258","473.0837801828436","0.1214146477304372","143.3874470338983","59.373905353400566","REAL"
"2026-09-29T10:41:42.959836","15","2026-09-29T10:41:49.151263","1","0.990864634513855","0.9997256398200989","1.7207794189453125","-0.949593722820282","1.1765936613082886","397.02779838780714","0.12187247780468119","149.91484375","57.29699025396612","REAL"
"2026-09-29T10:41:42.959836","16","2026-09-29T10:41:49.268861","1","0.012776970863342285","0.025484859943389893","3.4052860736846924","-1.8570727109909058","2.0075135231018066","430.40687274090374","0.11945117029862792","152.66536458333334","56.51977206006093","REAL"
"2026-09-29T10:41:42.959836","17","2026-09-29T10:41:49.391048","1","0.9514423608779907","0.998312771320343","2.7861080169677734","-2.054849624633789","3.594719409942627","398.94262163050627","0.11641025641025642","154.99751614505712","56.11447735737429","REAL"
"2026-09-29T10:41:42.959836","18","2026-09-29T10:41:49.509625","1","0.9898386597633362","0.9991688132286072","4.3647942543029785","-2.796433210372925","2.514251708984375","458.49496473574123","0.11338383838383838","159.38493018777083","54.65628912955059","REAL"
"2026-09-29T10:41:42.959836","19","2026-09-29T10:41:49.630743","1","0.9938164353370667","0.9994485974311829","4.737027168273926","-2.328063488006592","1.8320221900939941","415.95770306518045","0.10270009643201543","161.54124423963134","53.60514801194698","REAL"
"2026-09-29T10:41:42.959836","20","2026-09-29T10:41:49.751862","1","0.9933371543884277","0.9994485974311829","4.8863525390625","-0.9686327576637268","0.7316009998321533","341.62791251634235","0.09152542372881356","161.04421296296297","54.27413389478194","REAL"
"2026-09-29T10:41:42.959836","21","2026-09-29T10:41:49.874561","1","0.9938164353370667","0.9974306225776672","1.8518341779708862","-1.585796594619751","-0.19195659458637238","400.4465766542181","0.09175141242937854","155.9195427092321","56.386418298709664","REAL"
"2026-09-29T10:41:42.959836","22","2026-09-29T10:41:49.998846","1","0.9952254295349121","0.997727632522583","-0.5799345374107361","-0.3479065001010895","-1.1126081943511963","410.24719098598746","0.0856497175141243","151.55800865800865","57.93824794028154","REAL"
"2026-09-29T10:41:42.959836","23","2026-09-29T10:41:50.119091","1","0.9961413145065308","0.998312771320343","-1.8336477279663086","1.7490344047546387","-0.1945362240076065","261.21637607227495","0.0798611111111111","152.86439070649598","58.913423534993974","REAL"
"2026-09-29T10:41:42.959836","24","2026-09-29T10:41:50.221915","1","0.9942908883094788","0.998312771320343","-1.9498003721237183","1.6583218574523926","0.2945809066295624","288.90209386035247","0.07995018679950187","152.90611664295875","59.25597408864822","REAL"
"2026-09-29T10:41:42.959836","25","2026-09-29T10:41:50.362979","1","0.9893174171447754","0.9965211153030396","-0.4633858799934387","1.546949028968811","1.1264967918395996","442.8967900197334","0.09688674181427805","155.5472837022133","58.94351367617095","REAL"
"2026-09-29T10:41:42.959836","26","2026-09-29T10:41:50.482521","1","0.990864634513855","0.998312771320343","0.12305805087089539","1.1504120826721191","1.466078281402588","423.68351006195314","0.09486166007905138","156.43340746231777","58.330838599577355","REAL"
"2026-09-29T10:41:42.959836","27","2026-09-29T10:41:50.599236","1","0.990864634513855","0.998312771320343","0.6953198313713074","1.443871021270752","1.7187917232513428","439.91080099516716","0.09385026737967915","157.54586466165412","57.69856660405123","REAL"
"2026-09-29T10:41:42.959836","28","2026-09-29T10:41:50.725436","1","0.9928528666496277","0.998312771320343","0.4102502465248108","1.4650875329971313","1.4318368434906006","448.55169435785984","0.10213903743315508","159.7254004576659","56.93079609031309","REAL"
"2026-09-29T10:41:42.959836","29","2026-09-29T10:41:50.841942","1","0.9918690919876099","0.9988862872123718","0.14193087816238403","1.57435142993927","1.1425542831420898","436.08257914152534","0.10454545454545454","162.0686498855835","56.280108961937735","REAL"
"2026-09-29T10:41:42.959836","30","2026-09-29T10:41:50.970827","1","0.9928528666496277","0.998600959777832","0.2623603940010071","1.4109526872634888","1.2600678205490112","456.89286796877235","0.10561497326203209","165.14111365369948","55.81293599643022","REAL"
"2026-09-29T10:41:42.959836","31","2026-09-29T10:41:51.088445","1","0.9928528666496277","0.998312771320343","0.2323492020368576","1.4870091676712036","1.1304397583007812","431.588459956152","0.09986824769433465","167.5611167002012","55.75940237195631","REAL"
"2026-09-29T10:41:42.959836","32","2026-09-29T10:41:51.206836","1","0.012776970863342285","0.022249281406402588","-1.2730597257614136","1.3388469219207764","1.1729661226272583","336.7956771425509","0.08268590455049944","168.03121693121693","55.55360230630333","REAL"
"2026-09-29T10:41:42.959836","33","2026-09-29T10:41:51.331518","1","0.007300853729248047","0.0208626389503479","-5.647985935211182","0.8915576338768005","1.6134049892425537","263.91992219407103","0.06159420289855073","169.26013222190284","58.02409422215548","REAL"
"2026-09-29T10:41:42.959836","34","2026-09-29T10:41:51.448569","1","0.245616614818573","0.047746360301971436","-10.578851699829102","0.16853263974189758","2.7075798511505127","277.1201826726775","0.07311157311157311","179.316","56.994065281688194","REAL"
"2026-09-29T10:41:42.959836","35","2026-09-29T10:41:51.568313","1","0.010038912296295166","0.0208626389503479","-20.354284286499023","-4.814581871032715","6.610169887542725","172.12332195609727","0.07341269841269842","197.33288288288287","40.64709135760064","REAL"
"2026-09-29T10:41:42.959836","36","2026-09-29T10:41:51.691375","1","0.15394079685211182","0.6025388240814209","-19.805761337280273","-3.0274806022644043","4.1338396072387695","280.015072299169","0.061052631578947365","201.00712250712252","35.65293085055918","REAL"
"2026-09-29T10:41:42.959836","37","2026-09-29T10:41:51.809371","1","0.5857317447662354","0.7588732242584229","-24.463790893554688","0.09727752208709717","1.118147611618042","242.54610689299966","0.05548996458087367","204.71876719867913","28.981284550143872","REAL"
"2026-09-29T10:41:42.959836","38","2026-09-29T10:41:51.923353","1","0.1407354474067688","0.44997191429138184","-32.20591735839844","5.703625679016113","-3.864240884780884","221.85268524930748","0.04671052631578947","208.92857142857142","24.920197942242623","REAL"
"2026-09-29T10:41:42.959836","39","2026-09-29T10:41:52.055683","1","0.245616614818573","0.44997191429138184","-33.254451751708984","1.2532235383987427","1.0811704397201538","132.1913394744214","0.0433996383363472","214.7983695652174","24.135196596112063","REAL"
"2026-09-29T10:41:42.959836","40","2026-09-29T10:41:52.184036","1","0.5627611875534058","0.9915161728858948","-15.739819526672363","0.023046543821692467","5.772869110107422","139.0587861921628","0.03593073593073593","203.28868926092284","46.959348799209096","REAL"
"2026-09-29T10:41:42.959836","41","2026-09-29T10:41:52.288128","1","0.9918690919876099","0.9974306225776672","-6.6927170753479","-0.6880918741226196","7.273828506469727","172.85256751684116","0.042511261261261264","180.35918367346937","54.71306445870918","REAL"
"2026-09-29T10:41:42.959836","42","2026-09-29T10:41:52.415365","1","0.9882580041885376","0.99802166223526","-0.7342336773872375","0.4651927053928375","4.997397422790527","270.12153900554745","0.07875307629204266","182.89540949400103","51.03649992170809","REAL"
"2026-09-29T10:41:42.959836","43","2026-09-29T10:41:52.535528","1","0.9903543591499329","0.9991688132286072","2.0845301151275635","-0.3792712688446045","4.903048515319824","361.96121617219876","0.10103485838779956","181.5109693877551","51.671720664278546","REAL"
"2026-09-29T10:41:42.959836","44","2026-09-29T10:41:52.662192","1","0.9928528666496277","0.9991688132286072","1.9311977624893188","-0.5926119685173035","5.177562713623047","429.44077056960526","0.10620915032679738","181.39923469387756","51.64325774815988","REAL"
"2026-09-29T10:41:42.959836","45","2026-09-29T10:41:52.780200","1","0.9923635125160217","0.9991688132286072","1.9065821170806885","-0.5389971137046814","5.046792984008789","435.9024303923942","0.10403050108932461","181.2622448979592","51.5788291391787","REAL"
"2026-09-29T10:41:42.959836","46","2026-09-29T10:41:52.893101","1","0.9918690919876099","0.9991688132286072","1.6867115497589111","-0.5552440285682678","4.832535266876221","406.03358565497126","0.10049019607843138","180.77959183673468","51.84675114136891","REAL"
"2026-09-29T10:41:42.959836","47","2026-09-29T10:41:53.018662","1","0.9928528666496277","0.9988862872123718","4.774535179138184","-0.2612377107143402","5.8349738121032715","325.26541639174053","0.09138655462184873","179.37293233082707","51.09902685508576","REAL"
"2026-09-29T10:41:42.959836","48","2026-09-29T10:41:53.151489","1","0.9893174171447754","0.9968274235725403","13.488094329833984","1.578894853591919","9.145605087280273","299.9121861686205","0.08325559701492537","177.39240228370664","47.49033551016951","REAL"
"2026-09-29T10:41:42.959836","49","2026-09-29T10:41:53.274964","1","0.9933371543884277","0.990412712097168","20.39480209350586","5.3818159103393555","10.386785507202148","491.4593118612297","0.10749798441279226","176.35275754422477","46.87303699884186","REAL"
"2026-09-29T10:41:42.959836","50","2026-09-29T10:41:53.379479","1","0.9506080746650696","0.9834141135215759","27.231197357177734","4.511353015899658","7.9803032875061035","713.9720501182776","0.11989795918367346","174.2377495462795","48.40612974106018","REAL"
"2026-09-29T10:41:42.959836","51","2026-09-29T10:41:53.515186","1","0.9842807650566101","0.9892709851264954","28.171005249023438","3.659169912338257","7.377535820007324","797.8128121230767","0.12174211248285323","173.15816326530611","48.882347662044005","REAL"
"2026-09-29T10:41:42.959836","52","2026-09-29T10:41:53.621118","1","0.9515752792358398","0.9713870286941528","27.945446014404297","3.522613763809204","7.511340618133545","757.4103303326276","0.12363636363636364","171.39766081871346","49.47319964370824","REAL"
"2026-09-29T10:41:42.959836","53","2026-09-29T10:41:53.742820","1","0.9856016635894775","0.9900364875793457","24.574016571044922","2.790738582611084","7.275559902191162","746.3173887040654","0.12574316290130796","163.29905199655272","51.18774183684533","REAL"
"2026-09-29T10:41:42.959836","54","2026-09-29T10:41:53.864906","1","0.9842807650566101","0.9900364875793457","26.402477264404297","4.490630626678467","8.052976608276367","584.071722782088","0.12435064935064935","151.114188981225","51.06562394481117","REAL"
"2026-09-29T10:41:42.959836","55","2026-09-29T10:41:53.978068","1","0.9868497848510742","0.9925832152366638","32.5042839050293","5.8583269119262695","8.447993278503418","461.03890895936894","0.11690821256038647","137.1595744680851","51.1425943956801","REAL"
"2026-09-29T10:41:42.959836","56","2026-09-29T10:41:54.575738","1","0.9898386597633362","0.9354024529457092","42.31956100463867","5.955280780792236","12.9495267868042","692.9887170854737","0.12585034013605442","146.45646295294753","53.02653368727672","REAL"
"2026-09-29T10:41:42.959836","57","2026-09-29T10:41:54.697377","1","0.5816861391067505","0.9915161728858948","41.000572204589844","2.9352869987487793","9.668846130371094","837.9362309505473","0.14057971014492754","151.79492983250339","53.99664704315616","REAL"
"2026-09-29T10:41:42.959836","58","2026-09-29T10:41:54.810794","1","0.029205143451690674","0.47919273376464844","27.26889419555664","4.612823963165283","10.373549461364746","358.06913369082844","0.1261094674556213","155.36667853328586","50.59153229842772","REAL"
"2026-09-29T10:41:42.959836","59","2026-09-29T10:41:54.941382","1","0.08553206920623779","0.05664175748825073","19.894344329833984","3.2241897583007812","10.260217666625977","390.49465444073854","0.11028537455410226","162.192760700948","45.89588174751286","REAL"
"2026-09-29T10:41:42.959836","60","2026-09-29T10:41:55.057194","1","0.044218361377716064","0.6911184787750244","15.50301456451416","0.22816051542758942","10.86871337890625","513.7561822300935","0.1187805579522577","161.9143492769744","49.88433122284974","REAL"
"2026-09-29T10:41:42.959836","61","2026-09-29T10:41:55.176128","1","0.060685038566589355","0.8650642037391663","14.494287490844727","-1.6438989639282227","10.37942886352539","560.1230617532793","0.11434450323339213","160.73948863636363","51.94235252760645","REAL"
"2026-09-29T10:41:42.959836","62","2026-09-29T10:41:55.308144","1","0.05671572685241699","0.9907847046852112","11.453902244567871","-1.5789291858673096","9.416790962219238","500.19948926384063","0.1111111111111111","158.18269230769232","52.81206444547718","REAL"
"2026-09-29T10:41:42.959836","63","2026-09-29T10:41:55.423904","1","0.044218361377716064","0.6780469417572021","7.861345291137695","-3.545623779296875","9.971033096313477","311.56940085507006","0.1015625","157.5851851851852","53.767469246582806","REAL"
"2026-09-29T10:41:42.959836","64","2026-09-29T10:41:55.531958","1","0.015514969825744629","0.004566192626953125","6.809574604034424","-14.843399047851562","9.924055099487305","82.84254987398009","0.052881758764111705","149.58629300776914","51.64621325663565","REAL"
"2026-09-29T10:41:42.959836","65","2026-09-29T10:41:55.662865","1","0.5394124984741211","0.022711515426635742","5.691684722900391","-48.519649505615234","5.639911651611328","80.34733369505129","0.02771493212669683","138.67520215633422","45.97701763452695","REAL"
"2026-09-29T10:41:42.959836","66","2026-09-29T10:41:55.780963","1","0.8264715671539307","0.0888165831565857","1.7071666717529297","-83.84117889404297","-0.7579593658447266","130.56979660770963","0.04045893719806763","130.37042253521128","45.17421642263345","REAL"
"2026-09-29T10:41:42.959836","67","2026-09-29T10:41:56.510604","1","0.775982677936554","0.7209669351577759","4.620458126068115","-87.4976806640625","-0.10525834560394287","164.22091027681864","0.06747512437810946","131.48169267707084","43.64084525219139","REAL"
"2026-09-29T10:41:42.959836","68","2026-09-29T10:41:56.619603","1","0.6233029365539551","0.6832545399665833","7.332681179046631","-62.322662353515625","2.4049761295318604","228.38339511888412","0.05720470006184292","135.21424452133795","43.00675832837014","REAL"
"2026-09-29T10:41:42.959836","69","2026-09-29T10:41:56.740548","1","0.29744672775268555","0.02456045150756836","10.709142684936523","-32.49201583862305","4.974119186401367","52.66771405658275","0.019402985074626865","142.8579141801648","44.50276246838441","REAL"
"2026-09-29T10:41:42.959836","70","2026-09-29T10:41:56.870050","1","0.062496304512023926","0.6858682632446289","9.05156421661377","-12.107808113098145","8.702284812927246","93.80766818511917","0.07338086749851455","141.13457269700334","50.893737450897156","REAL"
"2026-09-29T10:41:42.959836","71","2026-09-29T10:41:56.993466","1","0.1407354474067688","0.8573482036590576","8.950692176818848","-5.8418707847595215","9.378767967224121","380.28344011221225","0.08972073677956031","144.81779780343564","52.51060724850845","REAL"
"2026-09-29T10:41:42.959836","72","2026-09-29T10:41:57.106644","1","0.1603792905807495","0.9841023683547974","9.002213478088379","-6.869399547576904","9.079061508178711","403.11140237153376","0.08946078431372549","146.1967455621302","52.21767753737041","REAL"
"2026-09-29T10:41:42.959836","73","2026-09-29T10:41:57.246808","1","0.5627611875534058","0.9354024529457092","7.917688846588135","-5.611222743988037","8.437310218811035","212.7627116561905","0.09321266968325792","149.6663752913753","51.72407799729585","REAL"
"2026-09-29T10:41:42.959836","74","2026-09-29T10:41:57.349779","1","0.007300853729248047","0.004566192626953125","12.18931770324707","5.629665374755859","9.057184219360352","108.22326141180268","0.07598039215686274","154.68115942028984","50.73345106945983","REAL"
"2026-09-29T10:41:42.959836","75","2026-09-29T10:41:57.476374","1","0.004562854766845703","0.16679900884628296","15.044239044189453","37.054569244384766","14.368180274963379","276.09032686093394","0.06951871657754011","169.23576604554864","43.831050971641126","REAL"
"2026-09-29T10:41:42.959836","76","2026-09-29T10:41:57.594201","1","0.074978768825531","0.22126847505569458","0.6201344728469849","64.07186126708984","14.895401954650879","251.13568510044092","0.046556473829201105","184.36087420042645","32.05320809751155","REAL"
"2026-09-29T10:41:42.959836","77","2026-09-29T10:41:57.714273","1","0.504286527633667","0.7252373695373535","1.0105592012405396","78.18779754638672","15.393628120422363","302.439704944007","0.04895104895104895","185.85795454545453","31.33370359688598","REAL"
"2026-09-29T10:41:42.959836","78","2026-09-29T10:41:57.838047","1","0.9511713981628418","0.9369730353355408","2.866180181503296","80.40357208251953","15.458426475524902","337.36726823164105","0.05730277185501066","176.8919878296146","34.4859011774985","REAL"
"2026-09-29T10:41:42.959836","79","2026-09-29T10:41:57.949812","1","0.9877196550369263","0.9376009702682495","2.117702007293701","82.956787109375","15.51136302947998","407.56864446880684","0.054653679653679656","163.96603190941843","34.60387376166781","REAL"
"2026-09-29T10:41:42.959836","80","2026-09-29T10:41:58.059951","1","0.9903543591499329","0.9872773885726929","1.3466702699661255","86.1452407836914","14.521279335021973","351.965759740595","0.05106048703849175","152.5502028397566","34.105031288477996","REAL"
"2026-09-29T10:41:42.959836","81","2026-09-29T10:41:58.198139","1","0.9928528666496277","0.998600959777832","1.2297426462173462","83.2265396118164","14.272587776184082","282.1509756274976","0.04717484008528785","143.72574819401444","34.389183799815626","REAL"
"2026-09-29T10:41:42.959836","82","2026-09-29T10:41:58.367869","1","0.9856016635894775","0.12644684314727783","4.045483589172363","61.40614318847656","12.909635543823242","212.81169921231017","0.04643449419568822","141.7427536231884","36.46434025203121","REAL"
"2026-09-29T10:41:42.959836","83","2026-09-29T10:41:58.493005","1","0.9928528666496277","0.9371852278709412","11.53873062133789","30.78765296936035","11.169319152832031","282.36305617800497","0.06597633136094674","131.99799885648943","48.118080015255","REAL"
"2026-09-29T10:41:42.959836","84","2026-09-29T10:41:58.599312","1","0.9918690919876099","0.994285523891449","7.7658514976501465","14.387124061584473","7.969876289367676","273.01875673940833","0.07152914671923402","134.3296442687747","50.37873062460433","REAL"
"2026-09-29T10:41:42.959836","85","2026-09-29T10:41:58.711857","1","0.990864634513855","0.998312771320343","5.666207313537598","7.09921407699585","6.460515975952148","215.31344958616705","0.06881243063263041","141.12089947089947","52.04854711069089","REAL"
"2026-09-29T10:41:42.959836","86","2026-09-29T10:41:58.842421","1","0.9837305545806885","0.998600959777832","7.792654514312744","4.933022975921631","5.835339069366455","289.88941347418285","0.08867924528301886","147.1848484848485","53.40943124757241","REAL"
"2026-09-29T10:41:42.959836","87","2026-09-29T10:41:58.956460","1","0.9850823879241943","0.9997256398200989","8.001116752624512","3.171490430831909","5.56111478805542","298.41815782663355","0.08722996992070002","154.002304737516","53.2283582809951","REAL"
"2026-09-29T10:41:42.959836","88","2026-09-29T10:41:59.073210","1","0.9893174171447754","0.998312771320343","8.532604217529297","1.895869255065918","4.954164028167725","298.72688657688275","0.08657047724750278","158.5164021164021","53.42513424471502","REAL"
"2026-09-29T10:41:42.959836","89","2026-09-29T10:41:59.205264","1","0.9918690919876099","0.9997256398200989","6.7224531173706055","-0.3720059394836426","4.964189052581787","305.4308135657253","0.08221024258760108","161.3647119341564","53.88626577826735","REAL"
"2026-09-29T10:41:42.959836","90","2026-09-29T10:41:59.319803","1","0.9933371543884277","0.9991688132286072","6.304238796234131","-1.0332365036010742","5.071708679199219","327.39279306545103","0.08324175824175824","161.79795597484278","54.34832437801801","REAL"
"2026-09-29T10:41:42.959836","91","2026-09-29T10:41:59.438953","1","0.9913694858551025","0.9997256398200989","5.522144794464111","-1.4052903652191162","5.322783470153809","306.9837802572009","0.07703081232492998","160.01939203354297","54.345342860411726","REAL"
"2026-09-29T10:41:42.959836","92","2026-09-29T10:41:59.569266","1","0.9952254295349121","0.9991688132286072","3.9315080642700195","-1.0797842741012573","4.642792701721191","262.02564078700334","0.06876175127585281","157.22920997920997","54.46287010011673","REAL"
"2026-09-29T10:41:42.959836","93","2026-09-29T10:41:59.681449","1","0.9938164353370667","0.9988862872123718","0.7966752648353577","-4.08928918838501","5.97366189956665","185.26242182100947","0.06283566058002148","153.52102564102563","55.99859722578555","REAL"
"2026-09-29T10:41:42.959836","94","2026-09-29T10:41:59.805119","1","0.9956856369972229","0.998312771320343","-3.926163911819458","-4.577062606811523","4.96635627746582","239.4447079030098","0.056411667583929556","152.10130208333334","57.814987769648255","REAL"
"2026-09-29T10:41:42.959836","95","2026-09-29T10:41:59.921377","1","0.9947605133056641","0.998312771320343","-4.388970375061035","-4.518730640411377","4.562973976135254","281.6850737654321","0.06416666666666666","153.7483582873654","57.656667319378926","REAL"
"2026-09-29T10:41:42.959836","96","2026-09-29T10:42:00.042928","1","0.9952254295349121","0.9965211153030396","-4.7918314933776855","-3.7234833240509033","3.946312189102173","305.95472877776467","0.06304347826086956","154.90543735224585","58.310577476239295","REAL"
"2026-09-29T10:41:42.959836","97","2026-09-29T10:42:00.169891","1","0.9952254295349121","0.9965211153030396","-3.99448823928833","-3.186811685562134","3.7893190383911133","316.82871507266066","0.0641304347826087","160.96678775298392","57.62008454908576","REAL"
"2026-09-29T10:41:42.959836","98","2026-09-29T10:42:00.283747","1","0.9947605133056641","0.997727632522583","-3.8584177494049072","-3.4211769104003906","4.116586685180664","345.27376988080226","0.06631810676940011","165.01276595744682","57.131961346019736","REAL"
"2026-09-29T10:41:42.959836","99","2026-09-29T10:42:00.402485","1","0.3822312355041504","0.632347822189331","-1.829094648361206","-2.8595829010009766","3.903895616531372","330.980808691358","0.06696296296296296","170.88198757763976","55.01938129538951","REAL"
"2026-09-29T10:41:42.959836","100","2026-09-29T10:42:00.531028","1","0.7856113910675049","0.9911525249481201","-0.07182599604129791","-2.7253575325012207","3.517406702041626","262.32841253671285","0.0681551116333725","171.03166666666667","54.780193069920614","REAL"
"2026-09-29T10:41:42.959836","101","2026-09-29T10:42:00.649349","1","0.9825901985168457","0.9962117075920105","3.555743455886841","-2.961979866027832","3.3413636684417725","223.6185993425378","0.07487179487179488","170.01788777260475","53.96033850327064","REAL"
"2026-09-29T10:41:42.959836","102","2026-09-29T10:42:00.768838","1","0.9882580041885376","0.9952638149261475","7.11404275894165","-2.560699939727783","3.7766265869140625","241.9680109739369","0.07901234567901234","170.0716635338346","52.89712659073231","REAL"
"2026-09-29T10:41:42.959836","103","2026-09-29T10:42:00.889024","1","0.9947605133056641","0.9962117075920105","8.970720291137695","0.10473243147134781","3.8779661655426025","361.0826562106324","0.09722222222222222","166.64936313386204","53.692434610863","REAL"
"2026-09-29T10:41:42.959836","104","2026-09-29T10:42:01.018236","1","0.9947605133056641","0.9968274235725403","8.862930297851562","0.726590096950531","4.1142401695251465","357.9899531427154","0.09027777777777778","164.0814708002884","54.46583009352436","REAL"
"2026-09-29T10:41:42.959836","105","2026-09-29T10:42:01.133506","1","0.9928528666496277","0.9958990216255188","8.620969772338867","0.537919282913208","3.985365867614746","401.74603062624226","0.09444444444444444","162.82242063492063","54.55966601845441","REAL"
"2026-09-29T10:41:42.959836","106","2026-09-29T10:42:01.260599","1","0.9918690919876099","0.9952638149261475","8.939752578735352","0.39453357458114624","4.115048885345459","366.72957387526765","0.09176587301587301","159.37130497476568","54.993100731359995","REAL"
"2026-09-29T10:41:42.959836","107","2026-09-29T10:42:01.377585","1","0.9863588809967041","0.9939523935317993","9.369091987609863","-0.24880874156951904","4.292861461639404","217.65802140639386","0.08523555123846527","153.3970280938008","55.53450323816135","REAL"
"2026-09-29T10:41:42.959836","108","2026-09-29T10:42:01.496543","1","0.986605703830719","0.9946150779724121","8.96993637084961","-0.8840246200561523","4.606179714202881","241.87712046151412","0.09394673123486683","147.7712962962963","56.67809942010381","REAL"
"2026-09-29T10:41:42.959836","109","2026-09-29T10:42:01.608310","1","0.972050666809082","0.9911525249481201","8.382438659667969","-1.118641972541809","4.7686896324157715","188.41656379646275","0.06972928630024611","156.24891165172855","54.53293723992833","REAL"
"2026-09-29T10:41:42.959836","110","2026-09-29T10:42:01.742595","1","0.9840072393417358","0.9939523935317993","8.713701248168945","0.0768783688545227","4.379461288452148","258.47779573745834","0.07601301390121266","167.68281690140844","51.36494900641163","REAL"
"2026-09-29T10:41:42.959836","111","2026-09-29T10:42:01.855817","1","0.9871754050254822","0.9939523935317993","9.030653953552246","0.07012574374675751","4.533911228179932","269.0784151562326","0.06649616368286446","176.81517857142856","48.32828039851658","REAL"
"2026-09-29T10:41:42.959836","112","2026-09-29T10:42:01.976782","1","0.9863588809967041","0.994285523891449","9.1275634765625","0.12031807750463486","4.036735534667969","234.674495093406","0.06585677749360613","181.3032738095238","47.96471906512595","REAL"
"2026-09-29T10:41:42.959836","113","2026-09-29T10:42:02.100253","1","0.9511713981628418","0.9939523935317993","8.86543083190918","0.9890114665031433","3.16461181640625","238.64166654751352","0.06550802139037433","188.16571428571427","46.36371561983689","REAL"
"2026-09-29T10:41:42.959836","114","2026-09-29T10:42:02.218794","1","0.9606643915176392","0.994285523891449","7.309555530548096","1.148970603942871","3.3613040447235107","255.29741162701077","0.07345191040843214","189.90266040688576","47.03311764785047","REAL"
"2026-09-29T10:41:42.959836","115","2026-09-29T10:42:02.335714","1","0.980856716632843","0.9936156272888184","7.9282002449035645","1.3727666139602661","3.877653121948242","343.459132368999","0.07104984093319194","192.7952380952381","47.399706984560794","REAL"
"2026-09-29T10:41:42.959836","116","2026-09-29T10:42:02.459639","1","0.980856716632843","0.9968274235725403","7.813309192657471","0.9110034108161926","3.552978038787842","203.62701319671234","0.06306620209059234","192.33979328165375","46.968667525875475","REAL"
"2026-09-29T10:41:42.959836","117","2026-09-29T10:42:02.587717","1","0.9831671714782715","0.997727632522583","6.012977600097656","1.1350536346435547","3.0395779609680176","215.9765329771631","0.07060572277963582","188.118661971831","47.46948245353917","REAL"
"2026-09-29T10:41:42.959836","118","2026-09-29T10:42:02.703206","1","0.5938228368759155","0.9939523935317993","5.1602091789245605","-1.0187305212020874","11.138463020324707","52.59174050083141","0.056511056511056514","191.1764705882353","37.71116219448945","REAL"
"2026-09-29T10:41:42.959836","119","2026-09-29T10:42:02.823607","1","0.1603792905807495","0.9735729098320007","3.6861660480499268","-3.5586283206939697","31.227272033691406","17.28388019913848","0.015966386554621848","195.41119691119692","25.367500225275773","REAL"
"2026-09-29T10:41:42.959836","120","2026-09-29T10:42:02.945763","1","0.990864634513855","0.994285523891449","2.5660741329193115","-1.5843887329101562","43.282466888427734","193.0563653754459","0.016129032258064516","196.44715073529412","21.979664757169832","REAL"
"2026-09-29T10:41:42.959836","121","2026-09-29T10:42:03.066140","1","0.9952254295349121","0.9958990216255188","1.3103702068328857","0.29839247465133667","47.40434265136719","140.03345041322314","0.014141414141414142","196.48861480075902","20.262002168031344","REAL"
"2026-09-29T10:41:42.959836","122","2026-09-29T10:42:03.183959","1","0.9942908883094788","0.9946150779724121","2.9588468074798584","1.4316614866256714","47.48337173461914","160.94311702787823","0.019412878787878788","193.86375432525952","23.828976162147395","REAL"
"2026-09-29T10:41:42.959836","123","2026-09-29T10:42:03.298485","1","0.9942908883094788","0.9958990216255188","1.816161036491394","0.706791341304779","47.50682830810547","175.91742040816328","0.03469387755102041","188.53866366366367","30.08711087586915","REAL"
"2026-09-29T10:41:42.959836","124","2026-09-29T10:42:03.443437","1","0.9942908883094788","0.9958990216255188","1.5802786350250244","1.2136929035186768","49.38384246826172","319.42636093919697","0.033801580333625986","186.36634460547504","30.787952152574317","REAL"
"2026-09-29T10:41:42.959836","125","2026-09-29T10:42:03.589007","1","0.9923635125160217","0.9955831170082092","2.3437676429748535","1.1632965803146362","50.18535614013672","78.53736250318669","0.04468864468864469","182.24424119241192","33.31991041780835","REAL"
"2026-09-29T10:41:42.959836","126","2026-09-29T10:42:03.704546","1","0.9153648614883423","0.9867727756500244","1.7365033626556396","8.178581237792969","50.48451614379883","80.05652496292635","0.04089635854341737","167.27510683760684","46.84271007497403","REAL"
"2026-09-29T10:41:42.959836","127","2026-09-29T10:42:03.832151","1","0.9952254295349121","0.9949411749839783","2.237917423248291","10.569042205810547","49.34600830078125","671.4218914160388","0.10385674931129477","157.7704831932773","54.49522327553636","REAL"
"2026-09-29T10:41:42.959836","128","2026-09-29T10:42:03.943815","1","0.9938164353370667","0.9949411749839783","0.6251031756401062","6.405619144439697","49.761085510253906","573.3180440133659","0.09292929292929293","160.80701754385964","54.268002638121","REAL"
"2026-09-29T10:41:42.959836","129","2026-09-29T10:42:04.068811","1","0.9952254295349121","0.9958990216255188","-0.6229247450828552","5.275354862213135","50.59791564941406","426.3811916495981","0.09233176838810642","162.74070450097847","53.706405310015334","REAL"
"2026-09-29T10:41:42.959836","130","2026-09-29T10:42:04.194024","1","0.9961413145065308","0.9965211153030396","0.5722765326499939","4.932929515838623","50.14950942993164","423.9623172713207","0.10192709542605062","151.04164820558262","58.112212830421036","REAL"
"2026-09-29T10:41:42.959836","131","2026-09-29T10:42:04.307273","1","0.9965924024581909","0.9958990216255188","0.47243764996528625","5.140350818634033","49.642547607421875","612.5439286086612","0.10342465753424658","147.7332170880558","58.854155031350025","REAL"
"2026-09-29T10:41:42.959836","132","2026-09-29T10:42:04.427085","1","0.9961413145065308","0.9958990216255188","-0.16392381489276886","5.566223621368408","49.82346725463867","588.4065203004315","0.10060633280934202","145.25697471665214","59.167418007779375","REAL"
"2026-09-29T10:41:42.959836","133","2026-09-29T10:42:04.557503","1","0.9956856369972229","0.9952638149261475","0.7328945994377136","5.3498945236206055","49.08122634887695","514.6069824318533","0.10500664599025254","144.7284656084656","58.77575827786241","REAL"
"2026-09-29T10:41:42.959836","134","2026-09-29T10:42:04.672904","1","0.9837305545806885","0.9880889058113098","0.6869919300079346","5.216312885284424","40.52095413208008","210.18988465001192","0.09902491874322861","138.38826415865876","57.12310932508839","REAL"
"2026-09-29T10:41:42.959836","135","2026-09-29T10:42:04.800036","1","0.9863588809967041","0.994285523891449","1.9684858322143555","3.956449031829834","23.300640106201172","166.3745730523397","0.10743639921722113","125.92367719832508","55.82908074698179","REAL"
"2026-09-29T10:41:42.959836","136","2026-09-29T10:42:04.918566","1","0.9887905716896057","0.998312771320343","3.5795295238494873","1.5651839971542358","6.433818340301514","205.4734630889393","0.11686507936507937","120.4996194824962","55.75581069301035","REAL"
"2026-09-29T10:41:42.959836","137","2026-09-29T10:42:05.034851","1","0.9918690919876099","0.9968274235725403","2.666796922683716","-0.21290960907936096","1.101180076599121","367.7670860110287","0.12152777777777778","118.82041658847814","56.29486536881891","REAL"
"2026-09-29T10:41:42.959836","138","2026-09-29T10:42:05.282284","1","0.9928528666496277","0.9968274235725403","4.518690586090088","-0.38315078616142273","-14.498944282531738","152.85855306122448","0.11142857142857143","122.34239969135803","56.41821767478572","REAL"
"2026-09-29T10:41:42.959836","139","2026-09-29T10:42:05.403649","1","0.9938164353370667","0.9991688132286072","2.148698568344116","4.801278114318848","-33.9691047668457","115.57871657388294","0.05589041095890411","135.83134433134433","60.014449122923544","REAL"
"2026-09-29T10:41:42.959836","140","2026-09-29T10:42:05.518173","1","0.9956856369972229","0.998312771320343","1.4264153242111206","5.516602039337158","-39.827091217041016","339.93247884080193","0.09275184275184276","143.99058823529413","62.39113428131339","REAL"
"2026-09-29T10:41:42.959836","141","2026-09-29T10:42:05.641239","1","0.9956856369972229","0.997727632522583","-0.6499478816986084","6.577919960021973","-40.53580856323242","610.1954761606321","0.09937629937629938","143.8899502487562","63.31214331423558","REAL"
"2026-09-29T10:41:42.959836","142","2026-09-29T10:42:05.767415","1","0.9965924024581909","0.9988862872123718","-1.2332470417022705","7.055049896240234","-40.55077362060547","485.49097072678603","0.09699820788530467","138.6064189189189","63.93243365978141","REAL"
"2026-09-29T10:41:42.959836","143","2026-09-29T10:42:05.885855","1","0.9882580041885376","0.9735729098320007","-1.9800708293914795","4.904036045074463","-31.112281799316406","128.4934505833327","0.07814992025518341","128.68646304675715","60.87006410074437","REAL"
"2026-09-29T10:41:42.959836","144","2026-09-29T10:42:06.005090","1","0.9877196550369263","0.998312771320343","-0.6923481225967407","1.600584864616394","-7.357658386230469","147.8009889609098","0.10927287581699346","120.9119373776908","55.82826681968562","REAL"
"2026-09-29T10:41:42.959836","145","2026-09-29T10:42:06.120813","1","0.9887905716896057","0.9974306225776672","-2.2949321269989014","2.0155982971191406","23.440046310424805","172.63463354667311","0.08901098901098901","133.2906144781145","58.94625980423702","REAL"
"2026-09-29T10:41:42.959836","146","2026-09-29T10:42:06.245970","1","0.9903543591499329","0.9971305727958679","-1.7093932628631592","0.7310965061187744","42.5788459777832","475.9444533215648","0.11418918918918919","147.83064516129033","61.36984801947541","REAL"
"2026-09-29T10:41:42.959836","147","2026-09-29T10:42:06.367661","1","0.9871754050254822","0.9958990216255188","-1.8124170303344727","1.3083394765853882","41.176910400390625","186.62005813754658","0.09473684210526316","155.01917930419268","59.925329596490016","REAL"
"2026-09-29T10:41:42.959836","148","2026-09-29T10:42:06.500677","1","0.19043755531311035","0.17585158348083496","-2.33711314201355","4.427787780761719","23.34144401550293","72.93206780045352","0.06571428571428571","145.97768670309654","59.49838859402983","REAL"
"2026-09-29T10:41:42.959836","149","2026-09-29T10:42:06.603172","1","0.8049881458282471","0.14842408895492554","0.06895778328180313","7.976471424102783","-6.206820487976074","86.76146908640908","0.07230392156862746","152.15714285714284","57.26007383453998","REAL"
"2026-09-29T10:41:42.959836","150","2026-09-29T10:42:06.720964","1","0.03877866268157959","0.32518619298934937","-3.867992877960205","12.165767669677734","-33.27619934082031","31.939581152343752","0.034375","176.56508875739644","50.74615641280231","REAL"
"2026-09-29T10:41:42.959836","151","2026-09-29T10:42:06.841624","1","0.9498605728149414","0.6989938020706177","-2.3408374786376953","10.028708457946777","-31.26643943786621","185.17115837099593","0.05035405192761605","177.79365079365078","53.72117108483515","REAL"
"2026-09-29T10:41:42.959836","152","2026-09-29T10:42:06.962235","1","0.08147144317626953","0.08612668514251709","-1.964516520500183","7.7225165367126465","-22.38502311706543","123.55022018274765","0.060805860805860805","162.14658210007048","62.521903200325134","REAL"
"2026-09-29T10:41:42.959836","153","2026-09-29T10:42:07.086135","1","0.02372908592224121","0.019214868545532227","-1.3966842889785767","2.541274309158325","-12.324775695800781","114.88246562142184","0.057912457912457915","165.29785853341986","57.998944266014","REAL"
"2026-09-29T10:41:42.959836","154","2026-09-29T10:42:07.204728","1","0.13616210222244263","0.02456045150756836","-2.0301735401153564","0.3379078209400177","-6.080284595489502","222.42774704000558","0.07036247334754797","170.6725955204216","57.048117129023936","REAL"
"2026-09-29T10:41:42.959836","155","2026-09-29T10:42:07.338921","1","0.16252541542053223","0.023173749446868896","-0.9550878405570984","0.9123055934906006","-2.7231996059417725","194.61385956209128","0.06958393113342898","174.648033126294","56.96203315164489","REAL"
"2026-09-29T10:41:42.959836","156","2026-09-29T10:42:07.455548","1","0.12273192405700684","0.024098217487335205","-1.338536262512207","0.026309167966246605","-0.6434109210968018","219.62456819176595","0.06901311249137336","176.7078283655421","55.51619240983867","REAL"
"2026-09-29T10:41:42.959836","157","2026-09-29T10:42:07.573723","1","0.8947855234146118","0.15379184484481812","-0.5948770046234131","-0.5999401211738586","0.8198140859603882","361.9299829866539","0.08122682844624199","175.7433489827856","55.88848035750875","REAL"
"2026-09-29T10:41:42.959836","158","2026-09-29T10:42:07.693914","1","0.15823310613632202","0.36242806911468506","0.5433623194694519","-1.0960423946380615","1.0396153926849365","215.08522983526117","0.06087551299589603","175.69772727272726","55.22418767103437","REAL"
"2026-09-29T10:41:42.959836","159","2026-09-29T10:42:07.915031","1","0.15823310613632202","0.36242806911468506","-0.9282863736152649","-1.3834378719329834","0.5310024619102478","117.48108843537416","0.05272108843537415","179.56881313131314","52.91618049984663","REAL"
"2026-09-29T10:42:16.509675","1","2026-09-29T10:42:18.024021","2","0.9983530044555664","0.998600959777832","-2.1998062133789062","14.12111759185791","-7.86899995803833","1395.3947860751048","0.25287356321839083","57.50476190476191","36.03179781130465","REAL"
"2026-09-29T10:42:16.509675","2","2026-09-29T10:42:18.390646","2","0.1118159294128418","0.08612668514251709","2.0852458477020264","3.3116822242736816","-0.004803507123142481","1946.4099470770902","0.33459357277882795","100.4832","51.82453586632494","REAL"
"2026-09-29T10:42:16.509675","3","2026-09-29T10:42:18.505986","2","0.14356094598770142","0.2589155435562134","1.7467035055160522","3.379145622253418","0.5869958996772766","1306.9279698114285","0.32325141776937616","107.5072","50.25611552995318","REAL"
"2026-09-29T10:42:16.509675","4","2026-09-29T10:42:18.622693","2","0.2554110884666443","0.0888165831565857","1.4894846677780151","3.470287322998047","1.1204124689102173","2840.0603985834814","0.41398865784499056","90.405","58.33724632113975","REAL"
"2026-09-29T10:42:16.509675","5","2026-09-29T10:42:18.730206","1","0.5627611875534058","0.936539888381958","1.7174866199493408","3.5093190670013428","0.6934517025947571","3619.8702120132507","0.44801512287334594","89.32465277777777","61.493765068017666","REAL"
"2026-09-29T10:42:16.509675","6","2026-09-29T10:42:18.864543","1","0.9510332942008972","0.936539888381958","4.212813854217529","3.6570303440093994","-0.864590585231781","3258.1727159288193","0.4288194444444444","102.95384615384616","66.28712156374796","REAL"
"2026-09-29T10:42:16.509675","7","2026-09-29T10:42:18.988193","1","0.7805240750312805","0.3679760694503784","4.231349468231201","5.234907627105713","-0.14268814027309418","2185.7248143325614","0.4010416666666667","96.58579881656804","63.04790636136336","REAL"
"2026-09-29T10:42:16.509675","8","2026-09-29T10:42:19.105108","1","0.060685038566589355","0.36242806911468506","5.538763523101807","6.8723673820495605","3.4315717220306396","1497.077045621652","0.33136094674556216","96.77091906721536","48.42822731567389","REAL"
"2026-09-29T10:42:16.509675","9","2026-09-29T10:42:19.225880","1","0.947841465473175","0.9457477331161499","7.490861892700195","4.953536510467529","6.0612311363220215","1549.5158597097327","0.37448559670781895","107.36330049261083","43.79359652387449","REAL"
"2026-09-29T10:42:16.509675","10","2026-09-29T10:42:19.348733","1","0.9508934020996094","0.8650642037391663","8.571873664855957","5.018942832946777","8.09114933013916","3112.201530612245","0.375","104.08333333333333","46.01249528358816","REAL"
"2026-09-29T10:42:16.509675","11","2026-09-29T10:42:19.468975","1","0.8114630579948425","0.6937435865402222","8.384564399719238","3.020599365234375","9.085369110107422","3445.6564420647524","0.4244946492271106","103.10613943808532","47.51126898230968","REAL"
"2026-09-29T10:42:16.509675","12","2026-09-29T10:42:19.599248","1","0.8997346758842468","0.8745412826538086","7.4506754875183105","2.202162265777588","8.504098892211914","3421.850439506173","0.4177777777777778","104.21875","47.62330828688301","REAL"
"2026-09-29T10:42:16.509675","13","2026-09-29T10:42:19.735665","1","0.947841465473175","0.9369730353355408","5.750974178314209","2.775007486343384","7.59871768951416","3526.5742067586984","0.4172736732570239","106.091796875","47.42862000109997","REAL"
"2026-09-29T10:42:16.509675","14","2026-09-29T10:42:19.871667","1","0.9492247700691223","0.9488520622253418","4.832069396972656","2.5300068855285645","6.9023895263671875","3809.4162209876545","0.41555555555555557","108.166015625","48.51163457163916","REAL"
"2026-09-29T10:42:16.509675","15","2026-09-29T10:42:19.990754","1","0.004562854766845703","0.004566192626953125","4.186477184295654","2.282254695892334","4.936070442199707","4006.5651555555555","0.44555555555555554","114.4786680541103","48.44819596962133","REAL"
"2026-09-29T10:42:16.509675","16","2026-09-29T10:42:20.112936","1","0.02372908592224121","0.025484859943389893","5.966082572937012","2.849538803100586","4.811460971832275","4020.2454950617284","0.4677777777777778","115.6767578125","48.33101204636336","REAL"
"2026-09-29T10:42:16.509675","17","2026-09-29T10:42:20.233133","1","0.05803883075714111","0.27962368726730347","8.078180313110352","4.310600280761719","5.092727184295654","4705.018206932007","0.5242346938775511","111.00222222222222","50.785627839593865","REAL"
"2026-09-29T10:42:16.509675","18","2026-09-29T10:42:20.352413","1","0.5857317447662354","0.9861172437667847","9.650257110595703","5.167019367218018","5.188453674316406","4228.249561685554","0.5123152709359606","98.73333333333333","53.95292186506472","REAL"
"2026-09-29T10:42:16.509675","19","2026-09-29T10:42:20.473364","1","0.16252541542053223","0.9382040500640869","9.607194900512695","4.600865364074707","4.181760787963867","4827.240499886184","0.4863258026159334","95.86559139784946","53.295727994837556","REAL"
"2026-09-29T10:42:16.509675","20","2026-09-29T10:42:20.595409","1","0.1954095959663391","0.9021314382553101","8.594337463378906","3.6577908992767334","3.642033338546753","4496.972725591228","0.47701149425287354","90.16337148803329","52.893836211155545","REAL"
"2026-09-29T10:42:16.509675","21","2026-09-29T10:42:20.715165","1","0.8264715671539307","0.9376009702682495","7.855647087097168","3.8931965827941895","3.9167869091033936","3804.3155691358024","0.47333333333333333","85.84287200832466","50.31552135838745","REAL"
"2026-09-29T10:42:16.509675","22","2026-09-29T10:42:20.960375","1","0.7024589776992798","0.9668617844581604","6.012904644012451","4.593182563781738","2.7814579010009766","3649.2342449464923","0.4470868014268728","74.89777777777778","45.43951529910155","REAL"
"2026-09-29T10:42:16.509675","23","2026-09-29T10:42:21.077710","1","0.9840072393417358","0.9892709851264954","5.742359161376953","5.139855861663818","2.6234569549560547","3589.869401270499","0.4447086801426873","72.4088888888889","44.618674825793235","REAL"
"2026-09-29T10:42:16.509675","24","2026-09-29T10:42:21.199519","1","0.9863588809967041","0.9847822189331055","5.787875652313232","5.534529685974121","1.7039371728897095","3387.5436410705224","0.44946492271105826","68.13440860215054","44.15866065305597","REAL"
"2026-09-29T10:42:16.509675","25","2026-09-29T10:42:21.321073","1","0.9928528666496277","0.9929311275482178","7.018165111541748","5.891469478607178","0.9447498321533203","3424.960688333994","0.44482758620689655","66.85119667013528","44.6054704363128","REAL"
"2026-09-29T10:42:16.509675","26","2026-09-29T10:42:21.443603","1","0.9952254295349121","0.9949411749839783","7.608919143676758","6.196739196777344","0.7700457572937012","3337.71552516845","0.4218390804597701","67.22996878251821","44.62849512831885","REAL"
"2026-09-29T10:42:16.509675","27","2026-09-29T10:42:21.561081","1","0.026467084884643555","0.012393414974212646","7.556946277618408","6.575245380401611","0.30331405997276306","3402.4316777777776","0.43444444444444447","72.54526534859521","46.40910107734044","REAL"
"2026-09-29T10:42:16.509675","28","2026-09-29T10:42:21.684996","1","0.007300853729248047","0.010436594486236572","6.275651931762695","5.609216213226318","1.64446222782135","3949.5186617283953","0.45666666666666667","77.97086368366286","48.12279627705066","REAL"
"2026-09-29T10:42:16.509675","29","2026-09-29T10:42:21.800946","1","0.9497048854827881","0.9369730353355408","4.525202751159668","5.76997709274292","1.7893389463424683","4212.437891399128","0.49885057471264366","82.89698231009365","50.793831522718115","REAL"
"2026-09-29T10:42:16.509675","30","2026-09-29T10:42:21.923922","1","0.026467084884643555","0.006523013114929199","5.97600793838501","5.844832897186279","1.3291736841201782","3952.5981469135804","0.48","84.21436004162331","50.279322203464304","REAL"
"2026-09-29T10:42:16.509675","31","2026-09-29T10:42:22.045200","1","0.004562854766845703","0.004566192626953125","5.897466659545898","4.9818220138549805","1.854783058166504","3937.835061728395","0.4922222222222222","87.59209157127992","51.32905921981424","REAL"
"2026-09-29T10:42:16.509675","32","2026-09-29T10:42:22.163749","1","0.9918690919876099","0.9841023683547974","5.203146457672119","5.058260917663574","1.862608790397644","4644.456415642753","0.47011494252873565","88.8763440860215","51.07206356665915","REAL"
"2026-09-29T10:42:16.509675","33","2026-09-29T10:42:22.284622","1","0.9947605133056641","0.9907847046852112","5.492124557495117","5.1454548835754395","1.994096040725708","4300.341288888889","0.4911111111111111","89.71279916753382","51.777084961672394","REAL"
"2026-09-29T10:42:16.509675","34","2026-09-29T10:42:22.405821","1","0.9938164353370667","0.9929311275482178","5.671962738037109","5.240644931793213","1.8773494958877563","4278.474433333334","0.49777777777777776","90.28095733610822","51.83558957950003","REAL"
"2026-09-29T10:42:16.509675","35","2026-09-29T10:42:22.526543","1","0.9913694858551025","0.9929311275482178","5.710611820220947","5.678997039794922","1.7377413511276245","4102.991733333333","0.49333333333333335","87.58568548387096","51.5358346664925","REAL"
"2026-09-29T10:42:16.509675","36","2026-09-29T10:42:22.650328","1","0.007300853729248047","0.006523013114929199","5.488377094268799","5.570773124694824","1.128935694694519","4018.771322222222","0.5022222222222222","86.44657258064517","51.0758761978865","REAL"
"2026-09-29T10:42:16.509675","37","2026-09-29T10:42:22.791726","1","0.001824796199798584","0.006523013114929199","6.223269462585449","5.329349994659424","1.3815728425979614","4188.585524691358","0.48333333333333334","88.11446409989594","51.78145270132476","REAL"
"2026-09-29T10:42:16.509675","38","2026-09-29T10:42:22.930880","1","0.015514969825744629","0.008479773998260498","5.666850566864014","5.654723644256592","1.1544709205627441","4340.412309876543","0.46555555555555556","87.92403746097814","50.90399703752251","REAL"
"2026-09-29T10:42:16.509675","39","2026-09-29T10:42:23.050415","1","0.1118159294128418","0.012393414974212646","5.682447910308838","5.122373580932617","1.3571152687072754","4147.127677777778","0.4855555555555556","88.06659729448491","51.166046821291346","REAL"
"2026-09-29T10:42:16.509675","40","2026-09-29T10:42:23.173202","1","0.8049881458282471","0.14226526021957397","6.034358978271484","5.134706020355225","1.3079509735107422","4153.294053375611","0.4747126436781609","83.18418314255983","49.473422789636565","REAL"
"2026-09-29T10:42:16.509675","41","2026-09-29T10:42:23.295105","1","0.8997346758842468","0.7588732242584229","4.933642864227295","3.9155423641204834","1.5518102645874023","4016.4065230085357","0.469678953626635","80.8225806451613","47.36397303570898","REAL"
"2026-09-29T10:42:16.509675","42","2026-09-29T10:42:23.412675","1","0.245616614818573","0.3436095714569092","4.848510265350342","-0.15631522238254547","3.654374361038208","4026.975289075202","0.479064039408867","82.78555555555556","45.34903664568143","REAL"
"2026-09-29T10:42:16.509675","43","2026-09-29T10:42:23.538978","1","0.8997346758842468","0.2589155435562134","5.437588691711426","-7.000320911407471","4.723333358764648","3529.181651988389","0.4054696789536266","85.14193548387097","44.11072656853932","REAL"
"2026-09-29T10:42:16.509675","44","2026-09-29T10:42:23.660870","1","0.9537659883499146","0.8717538714408875","6.658045768737793","-12.761090278625488","4.975945949554443","3258.9226347095428","0.3983353151010702","89.00888888888889","43.15159233432359","REAL"
"2026-09-29T10:42:16.509675","45","2026-09-29T10:42:23.773658","1","0.9837305545806885","0.9358671307563782","7.392209053039551","-18.379776000976562","5.80786657333374","3459.8487875828096","0.4064039408866995","91.43555555555555","42.19211698649962","REAL"
"2026-09-29T10:42:16.509675","46","2026-09-29T10:42:23.897145","1","0.9515752792358398","0.9735729098320007","7.209194183349609","-22.10803985595703","6.599609375","3430.620599167799","0.36741973840665876","93.45785639958376","42.809703345197725","REAL"
"2026-09-29T10:42:16.509675","47","2026-09-29T10:42:23.998014","1","0.9493870735168457","0.9884875416755676","7.329468250274658","-23.91358184814453","7.172796726226807","3293.3231657573156","0.3947681331747919","96.33194588969823","43.63133211112212","REAL"
"2026-09-29T10:42:16.509675","48","2026-09-29T10:42:24.268477","1","0.986605703830719","0.9884875416755676","4.149529457092285","-25.611732482910156","8.476387977600098","3410.241645765862","0.3803418803418803","107.59056122448979","44.47200980175596","REAL"
"2026-09-29T10:42:16.509675","49","2026-09-29T10:42:24.858839","1","0.9501656293869019","0.9354024529457092","6.066798210144043","-24.23768424987793","8.574052810668945","3736.6751093271273","0.4054696789536266","111.03954214360041","47.55819587843723","REAL"
"2026-09-29T10:42:16.509675","50","2026-09-29T10:42:24.982710","1","0.9831671714782715","0.9363188147544861","6.595364093780518","-19.128171920776367","7.326416492462158","3851.616825561552","0.4268727705112961","111.72424557752342","48.577452719057426","REAL"
"2026-09-29T10:42:16.509675","51","2026-09-29T10:42:25.110110","1","0.9850823879241943","0.9003492593765259","6.443160057067871","-13.77298355102539","7.41052770614624","3771.822356319483","0.43876337693222356","110.2330905306972","50.30537120664574","REAL"
"2026-09-29T10:42:16.509675","52","2026-09-29T10:42:25.222916","1","0.9511713981628418","0.3970256447792053","3.5813441276550293","-6.730247974395752","6.441704273223877","4308.320960757795","0.49323621227887615","97.7998046875","53.61651265840919","REAL"
"2026-09-29T10:42:16.509675","53","2026-09-29T10:42:25.345489","1","0.8114630579948425","0.23023617267608643","2.6325385570526123","1.4062081575393677","5.842795372009277","4697.318383950617","0.49","93.61592741935483","54.98341638132787","REAL"
"2026-09-29T10:42:16.509675","54","2026-09-29T10:42:25.607880","1","0.9114788770675659","0.623405933380127","3.681532621383667","23.328590393066406","6.6734161376953125","5267.891020343087","0.5280612244897959","101.18222222222222","55.95307672560758","REAL"
"2026-09-29T10:42:16.509675","55","2026-09-29T10:42:25.751543","1","0.1118159294128418","0.5413478016853333","7.257474422454834","52.635746002197266","7.940004825592041","5418.299744897959","0.5051020408163265","100.02378121284185","54.838553710855535","REAL"
"2026-09-29T10:42:16.509675","56","2026-09-29T10:42:25.866290","1","0.27911096811294556","0.6911184787750244","-1.8562140464782715","63.29391860961914","4.171734809875488","5642.157753424735","0.5315101070154578","99.06867845993756","55.85958189898015","REAL"
"2026-09-29T10:42:16.509675","57","2026-09-29T10:42:25.995989","1","0.060685038566589355","0.47919273376464844","0.4947763979434967","70.86823272705078","5.6005144119262695","5370.45946377748","0.5184304399524375","101.28387096774193","56.04074034632303","REAL"
"2026-09-29T10:42:16.509675","58","2026-09-29T10:42:26.114442","1","0.12273192405700684","0.23023617267608643","1.211673617362976","70.71923065185547","4.583626747131348","5695.140542443526","0.5219976218787158","107.98126951092613","57.74304975363147","REAL"
"2026-09-29T10:42:16.509675","59","2026-09-29T10:42:26.248626","1","0.9515752792358398","0.7337781190872192","1.2952367067337036","68.308837890625","4.259200096130371","5546.237266376447","0.5231866825208086","113.90555555555555","56.88210978488972","REAL"
"2026-09-29T10:42:16.509675","60","2026-09-29T10:42:26.348950","1","0.9606643915176392","0.6911184787750244","-0.9782408475875854","65.21208190917969","3.175645351409912","5814.561530351936","0.5369897959183674","117.14444444444445","57.70820490693022","REAL"
"2026-09-29T10:42:16.509675","61","2026-09-29T10:42:26.501546","1","0.9606643915176392","0.7209669351577759","-0.08483197540044785","62.278411865234375","3.373044490814209","5357.436255983875","0.5502645502645502","119.66349583828776","57.40953457668693","REAL"
"2026-09-29T10:42:16.509675","62","2026-09-29T10:42:26.645264","1","0.012776970863342285","0.02456045150756836","3.7380270957946777","38.555110931396484","5.319892406463623","5264.331616906022","0.5423280423280423","119.45422116527944","55.60133369424613","REAL"
"2026-09-29T10:42:16.509675","63","2026-09-29T10:42:26.749093","1","0.029205143451690674","0.26849472522735596","3.3049259185791016","23.226198196411133","4.0402936935424805","5540.140090809704","0.5390946502057613","119.36224489795919","55.939598466498545","REAL"
"2026-09-29T10:42:16.509675","64","2026-09-29T10:42:27.212519","1","0.9825901985168457","0.937804639339447","12.52515697479248","7.517246723175049","4.066164016723633","4460.706581966715","0.5124851367419738","94.7010752688172","55.56699820186777","REAL"
"2026-09-29T10:42:16.509675","65","2026-09-29T10:42:27.452318","1","0.9942908883094788","0.9946150779724121","15.27196216583252","10.316351890563965","5.2208943367004395","4580.057397959184","0.4897959183673469","89.98444444444445","56.676800880295716","REAL"
"2026-09-29T10:42:16.509675","66","2026-09-29T10:42:27.573252","1","0.9974813461303711","0.9968274235725403","15.021402359008789","10.644018173217773","5.517270088195801","4187.712251874591","0.479064039408867","83.72555555555556","54.49182621908866","REAL"
"2026-09-29T10:42:16.509675","67","2026-09-29T10:42:27.699552","1","0.9974813461303711","0.9974306225776672","13.97210693359375","10.07460880279541","5.322182655334473","4066.9455370158266","0.46811224489795916","78.74827586206897","54.167300145690525","REAL"
"2026-09-29T10:42:16.509675","68","2026-09-29T10:42:27.815787","1","0.9970390796661377","0.9955831170082092","14.066690444946289","10.078534126281738","5.266741752624512","3823.4402836708664","0.46811224489795916","76.44946492271106","52.73533520686822","REAL"
"2026-09-29T10:42:16.509675","69","2026-09-29T10:42:27.930609","1","0.020991027355194092","0.44997191429138184","15.203237533569336","10.444703102111816","5.0915703773498535","3967.782148063307","0.4604591836734694","75.03923900118906","51.949436968300034","REAL"
"2026-09-29T10:42:16.509675","70","2026-09-29T10:42:28.177427","1","0.010038912296295166","0.0208626389503479","10.026046752929688","7.914554119110107","4.882406234741211","3975.0204063165843","0.4625445897740785","75.33","50.474074643435614","REAL"
"2026-09-29T10:42:16.509675","71","2026-09-29T10:42:28.409613","1","0.9537659883499146","0.9834141135215759","1.9518852233886719","5.175880432128906","4.582406520843506","3517.9783524142927","0.43496357960457854","75.1884765625","46.012424273481706","REAL"
"2026-09-29T10:42:16.509675","72","2026-09-29T10:42:28.539378","1","0.9863588809967041","0.9936156272888184","0.18759512901306152","3.8685474395751953","3.2998952865600586","3626.7350913580244","0.44","77.07421875","45.75081496216377","REAL"
"2026-09-29T10:42:16.509675","73","2026-09-29T10:42:28.653634","1","0.9903543591499329","0.9949411749839783","0.5284544229507446","3.695970058441162","2.739255428314209","3514.1934061728393","0.43222222222222223","78.98828125","46.38579999090129","REAL"
"2026-09-29T10:42:16.509675","74","2026-09-29T10:42:28.776614","1","0.9842807650566101","0.9936156272888184","0.7102946639060974","4.982599258422852","2.9643666744232178","3802.461144640999","0.4483870967741935","80.546875","47.62272129965249","REAL"
"2026-09-29T10:42:16.509675","75","2026-09-29T10:42:28.899820","1","0.9831671714782715","0.6832545399665833","0.0066719274036586285","6.07477331161499","3.2358005046844482","3752.67429760666","0.4464099895941727","81.826171875","48.24199515238729","REAL"
"2026-09-29T10:42:16.509675","76","2026-09-29T10:42:29.033693","1","0.9850823879241943","0.6989938020706177","0.3897886872291565","7.179236888885498","3.398038625717163","3888.9467808528448","0.4432882414151925","83.3134765625","49.85228545670964","REAL"
"2026-09-29T10:42:16.509675","77","2026-09-29T10:42:29.136494","1","0.9861093163490295","0.8695240020751953","0.3209584951400757","7.896249294281006","3.648392677307129","4232.6371","0.47","83.833984375","50.32354088234706","REAL"
"2026-09-29T10:42:16.509675","78","2026-09-29T10:42:29.265337","1","0.9837305545806885","0.9003492593765259","-0.30503779649734497","7.255255699157715","3.72925066947937","4315.774720987654","0.45","84.166015625","50.60093734988766","REAL"
"2026-09-29T10:42:16.509675","79","2026-09-29T10:42:29.385056","1","0.9514423608779907","0.937804639339447","-0.13564197719097137","6.6268157958984375","3.723708391189575","4439.735420987655","0.4588888888888889","84.20703125","50.87152657613612","REAL"
"2026-09-29T10:42:16.509675","80","2026-09-29T10:42:29.497690","1","0.9488933086395264","0.936539888381958","-0.845709502696991","6.772428035736084","3.5625431537628174","4212.906809876543","0.4588888888888889","84.408203125","50.75132167203865","REAL"
"2026-09-29T10:42:16.509675","81","2026-09-29T10:42:29.630666","1","0.9845510721206665","0.9929311275482178","1.1781255006790161","6.086599349975586","3.2416021823883057","4041.026883950617","0.46111111111111114","84.1455078125","50.194848070185465","REAL"
"2026-09-29T10:42:16.509675","82","2026-09-29T10:42:29.738173","1","0.9918690919876099","0.994285523891449","-0.3405735492706299","6.074443340301514","3.3675243854522705","4163.934291358025","0.4722222222222222","84.9931640625","51.07987151102143","REAL"
"2026-09-29T10:42:16.509675","83","2026-09-29T10:42:29.860007","1","0.9938164353370667","0.9958990216255188","0.8537452816963196","5.394847393035889","3.8506674766540527","4497.135233333333","0.47555555555555556","85.6455078125","51.87882440096828","REAL"
"2026-09-29T10:42:16.509675","84","2026-09-29T10:42:29.986664","1","0.9918690919876099","0.9965211153030396","2.984004497528076","5.241681098937988","3.7208893299102783","4446.702561728395","0.47888888888888886","85.912109375","52.437109744560075","REAL"
"2026-09-29T10:42:16.509675","85","2026-09-29T10:42:30.102918","1","0.9903543591499329","0.9974306225776672","3.3618640899658203","5.04445743560791","3.439175844192505","4638.336211111111","0.49","86.173828125","53.03592770502802","REAL"
"2026-09-29T10:42:16.509675","86","2026-09-29T10:42:30.220983","1","0.9887905716896057","0.998600959777832","2.9290812015533447","4.419376850128174","3.736142158508301","4213.83340617284","0.48777777777777775","86.0283203125","52.85497717360589","REAL"
"2026-09-29T10:42:16.509675","87","2026-09-29T10:42:30.360557","1","0.9928528666496277","0.9971305727958679","3.771401882171631","3.5764853954315186","3.485367774963379","4509.542067803548","0.4953173777315297","85.328125","53.22216986589682","REAL"
"2026-09-29T10:42:16.509675","88","2026-09-29T10:42:30.470105","1","0.9882580041885376","0.9962117075920105","4.781554698944092","3.7493979930877686","2.6754720211029053","4480.758490602812","0.4890738813735692","86.091796875","53.55106145268029","REAL"
"2026-09-29T10:42:16.509675","89","2026-09-29T10:42:30.585269","1","0.9868497848510742","0.99802166223526","6.06633186340332","3.640407085418701","3.246837854385376","3998.500677299163","0.48074921956295524","80.978515625","51.02989633216622","REAL"
"2026-09-29T10:42:16.509675","90","2026-09-29T10:42:30.715043","1","0.9887905716896057","0.9958990216255188","6.4671525955200195","3.255089282989502","3.7594096660614014","3848.6216924141413","0.445369406867846","76.2216796875","48.60405516444744","REAL"
"2026-09-29T10:42:16.509675","91","2026-09-29T10:42:30.832780","1","0.9903543591499329","0.9939523935317993","5.624434471130371","4.3582634925842285","2.844261407852173","3639.4570302137145","0.4380853277835588","73.53787878787878","48.44438474872272","REAL"
"2026-09-29T10:42:16.509675","92","2026-09-29T10:42:30.950705","1","0.9882580041885376","0.997727632522583","6.507141590118408","4.485259532928467","2.5888724327087402","3513.011162713138","0.42455775234131116","70.13162878787878","46.4494746643003","REAL"
"2026-09-29T10:42:16.509675","93","2026-09-29T10:42:31.071212","1","0.9893174171447754","0.9949411749839783","6.326584339141846","4.858590602874756","2.763615608215332","3127.5520015246","0.4339229968782518","68.63728191000918","45.63789009433985","REAL"
"2026-09-29T10:42:16.509675","94","2026-09-29T10:42:31.186816","1","0.9918690919876099","0.9929311275482178","6.317603588104248","4.718559741973877","2.8439595699310303","3075.8177561744674","0.4380853277835588","68.01561065197428","45.47410422249467","REAL"
"2026-09-29T10:42:16.509675","95","2026-09-29T10:42:31.316350","1","0.02372908592224121","0.004566192626953125","6.212871074676514","5.358063220977783","2.7551419734954834","3543.9707336108218","0.40524193548387094","66.42607897153351","45.31903334820189","REAL"
"2026-09-29T10:42:16.509675","96","2026-09-29T10:42:31.439645","1","0.9947605133056641","0.990412712097168","5.439978122711182","4.557282447814941","3.229083776473999","3220.5204819381474","0.39021852237252863","64.3974609375","42.720124262350424","REAL"
"2026-09-29T10:42:16.509675","97","2026-09-29T10:42:31.554753","1","0.044218361377716064","0.008479773998260498","6.308332920074463","5.144442558288574","2.951443672180176","2939.673103264571","0.38605619146722164","62.609375","41.27039919372449","REAL"
"2026-09-29T10:42:16.509675","98","2026-09-29T10:42:31.673917","1","0.015514969825744629","0.008479773998260498","6.276839733123779","5.081160068511963","2.7128548622131348","3275.4730233530154","0.3964620187304891","62.203125","42.05978062810569","REAL"
"2026-09-29T10:42:16.509675","99","2026-09-29T10:42:31.804782","1","0.16252541542053223","0.047746360301971436","6.467596054077148","6.066803455352783","2.7617788314819336","3143.776388409143","0.39021852237252863","60.6630859375","41.04721420025955","REAL"
"2026-09-29T10:42:16.509675","100","2026-09-29T10:42:31.931063","1","0.012776970863342285","0.006523013114929199","4.188304901123047","5.418713092803955","2.5558762550354004","2983.832898223213","0.39438085327783556","59.63085399449036","41.675730180136654","REAL"
"2026-09-29T10:42:16.509675","101","2026-09-29T10:42:32.045319","1","0.05671572685241699","0.022711515426635742","5.49842643737793","4.976373672485352","2.672879695892334","2921.273528160161","0.3870967741935484","59.072916666666664","40.38457862520642","REAL"
"2026-09-29T10:42:16.509675","102","2026-09-29T10:42:32.171341","1","0.3822312355041504","0.767783522605896","4.291948318481445","5.236723899841309","2.5193939208984375","3100.3969482015027","0.39542143600416235","60.83712121212121","41.135032450976425","REAL"
"2026-09-29T10:42:16.509675","103","2026-09-29T10:42:32.277710","1","0.5394124984741211","0.5043434500694275","4.554660320281982","4.831201553344727","1.7211651802062988","3266.038667231173","0.4006243496357961","63.53219696969697","42.55138276808821","REAL"
"2026-09-29T10:42:16.509675","104","2026-09-29T10:42:32.644622","1","0.8114630579948425","0.9003492593765259","4.998166084289551","5.184874057769775","1.073127269744873","4273.765511111111","0.4666666666666667","72.18522372528616","47.356212406208265","REAL"
"2026-09-29T10:42:16.509675","105","2026-09-29T10:42:32.774071","1","0.4151104688644409","0.8723113536834717","6.751317977905273","5.01963472366333","0.8649186491966248","4163.6677473309755","0.4803804994054697","72.60457856399584","46.5705437605611","REAL"
"2026-09-29T10:42:16.509675","106","2026-09-29T10:42:32.879757","1","0.775982677936554","0.8639492392539978","6.349526882171631","5.467560291290283","0.9922221302986145","4431.999694605115","0.4768133174791914","75.29136316337149","47.808959255922964","REAL"
"2026-09-29T10:42:16.509675","107","2026-09-29T10:42:33.002640","1","0.8264715671539307","0.8706389665603638","7.195071697235107","5.279719829559326","0.7250606417655945","4488.858954220459","0.4863258026159334","76.54526534859521","47.86790574675223","REAL"
"2026-09-29T10:42:16.509675","108","2026-09-29T10:42:33.129615","1","0.9062259197235107","0.7588732242584229","7.405155658721924","5.754127025604248","0.7450800538063049","4546.070065504375","0.4768133174791914","77.8505376344086","47.88456352982799","REAL"
"2026-09-29T10:42:16.509675","109","2026-09-29T10:42:33.250069","1","0.775982677936554","0.77680504322052","7.340116024017334","5.703742504119873","0.674666702747345","4539.7802231362075","0.46730083234244946","78.56503642039542","48.330592656174964","REAL"
"2026-09-29T10:42:16.509675","110","2026-09-29T10:42:33.364952","1","0.9287917613983154","0.5810842514038086","6.863898754119873","5.348453521728516","0.4240146577358246","4484.770898695143","0.4863258026159334","78.43080124869927","48.69907648243954","REAL"
"2026-09-29T10:42:16.509675","111","2026-09-29T10:42:35.181819","1","0.9511713981628418","0.9376009702682495","5.655837059020996","5.43171501159668","-0.14976271986961365","4231.669118773946","0.4724137931034483","75.51404786680541","49.08651561209366","REAL"
"2026-09-29T10:42:16.509675","112","2026-09-29T10:42:35.303659","1","0.9370447397232056","0.8672940731048584","6.22951602935791","4.476966381072998","-0.07323459535837173","2632.614403610446","0.4780023781212842","75.45577523413111","48.537812270729354","REAL"
"2026-09-29T10:42:16.509675","113","2026-09-29T10:42:35.425018","1","0.010038912296295166","0.010436594486236572","7.864293575286865","2.4288151264190674","-0.9918481707572937","3406.1933106575966","0.49206349206349204","74.1985731272295","49.275558483268284","REAL"
"2026-09-29T10:42:16.509675","114","2026-09-29T10:42:35.543833","1","0.03877866268157959","0.022249281406402588","9.8803129196167","2.215839147567749","-2.3629727363586426","4621.187948601239","0.5369822485207101","82.44855967078189","50.952603396195634","REAL"
"2026-09-29T10:42:16.509675","115","2026-09-29T10:42:35.658057","1","0.03877866268157959","0.12644684314727783","11.025588989257812","2.456040382385254","-1.910259485244751","3448.4049305555554","0.49333333333333335","80.59763313609467","49.31292058284309","REAL"
"2026-09-29T10:42:16.509675","116","2026-09-29T10:42:35.787458","1","0.08553206920623779","0.025947093963623047","9.764754295349121","2.8819806575775146","-2.0159058570861816","4360.217000734272","0.4782608695652174","93.30555555555556","51.654269719423134","REAL"
"2026-09-29T10:42:16.509675","117","2026-09-29T10:42:35.915350","1","0.5627611875534058","0.08612668514251709","8.18336009979248","2.836354970932007","-2.966191053390503","4823.280594733966","0.4628099173553719","101.19092627599244","51.97614176478087","REAL"
"2026-09-29T10:42:16.509675","118","2026-09-29T10:42:36.020802","1","0.6711785793304443","0.29507261514663696","7.93161678314209","2.018427848815918","-1.9567850828170776","4791.4658192831175","0.4988662131519274","102.2117202268431","51.46126128196627","REAL"
"2026-09-29T10:42:16.509675","119","2026-09-29T10:42:36.270332","1","0.8463578224182129","0.08343684673309326","6.989687919616699","1.165388584136963","0.3472365736961365","4285.6132012492235","0.5013850415512465","101.00714285714285","49.91504636621605","REAL"
"2026-09-29T10:42:16.509675","120","2026-09-29T10:42:36.389408","1","0.8463578224182129","0.9488520622253418","7.871015548706055","0.8618234992027283","2.2878448963165283","4044.744912964673","0.43567251461988304","101.8225","49.09945003510731","REAL"
"2026-09-29T10:42:16.509675","121","2026-09-29T10:42:36.512746","1","0.5776406526565552","0.6963686943054199","9.260912895202637","0.6361409425735474","2.4683265686035156","4584.364388050602","0.4228395061728395","98.53185595567867","48.131395748162475","REAL"
"2026-09-29T10:42:16.509675","122","2026-09-29T10:42:36.629703","1","0.5816861391067505","0.8227906227111816","8.69451904296875","0.739077627658844","3.2593436241149902","4899.365759792714","0.44135802469135804","93.50263157894737","50.91388491644806","REAL"
"2026-09-29T10:42:16.509675","123","2026-09-29T10:42:36.761509","1","0.8114630579948425","0.41945070028305054","8.888097763061523","0.2564447224140167","3.850163221359253","4308.819554363573","0.43944636678200694","90.3391812865497","50.02708783707446","REAL"
"2026-09-29T10:42:16.509675","124","2026-09-29T10:42:36.875204","1","0.504286527633667","0.44997191429138184","8.279806137084961","0.2786358892917633","4.321600437164307","4857.473760092273","0.4444444444444444","86.57894736842105","49.457948225328565","REAL"
"2026-09-29T10:42:16.509675","125","2026-09-29T10:42:37.025859","1","0.7952913045883179","0.77680504322052","8.579131126403809","0.20865002274513245","4.272818565368652","3837.232456507944","0.42214532871972316","78.75069252077563","45.329864014163725","REAL"
"2026-09-29T10:42:16.509675","126","2026-09-29T10:42:37.189407","1","0.6617919206619263","0.6858682632446289","7.62664270401001","-2.2378618717193604","3.0845541954040527","3455.4459118066115","0.40484429065743943","73.15432098765432","43.61823310390787","REAL"
"2026-09-29T10:42:16.509675","127","2026-09-29T10:42:37.318729","1","0.9501656293869019","0.8734263181686401","11.203619003295898","-3.5614140033721924","3.658034324645996","3177.5689205151657","0.4104938271604938","69.12631578947368","43.46389720343546","REAL"
"2026-09-29T10:42:16.509675","128","2026-09-29T10:42:37.453290","1","0.6402992010116577","0.8684090375900269","9.640446662902832","-3.195467948913574","3.71396803855896","3635.1119875019053","0.36419753086419754","68.97783933518005","42.33953977098131","REAL"
"2026-09-29T10:42:16.509675","129","2026-09-29T10:42:37.601353","1","0.8114630579948425","0.3679760694503784","8.546579360961914","-3.3527894020080566","4.672839164733887","3648.0208570299683","0.4290657439446367","74.45370370370371","43.507566588814285","REAL"
"2026-09-29T10:42:16.509675","130","2026-09-29T10:42:37.717382","1","0.8898150324821472","0.6884933710098267","7.463503360748291","-7.690174102783203","1.5839890241622925","3296.310302734375","0.40625","76.17647058823529","40.45850252739144","REAL"
"2026-09-29T10:42:16.509675","131","2026-09-29T10:42:37.844024","1","0.9501656293869019","0.6702355742454529","8.536861419677734","5.000053882598877","11.018903732299805","3572.438644173322","0.4602076124567474","78.62326869806094","46.08166797532002","REAL"
"2026-09-29T10:42:16.509675","132","2026-09-29T10:42:37.956689","1","0.9458995461463928","0.44997191429138184","6.846796035766602","-0.5472869277000427","3.7807235717773438","3388.613037109375","0.4921875","73.78703703703704","43.03122271395372","REAL"
"2026-09-29T10:42:16.509675","133","2026-09-29T10:42:38.201080","1","0.9287917613983154","0.12001985311508179","2.575772285461426","-0.18680773675441742","1.9321624040603638","3914.889836089127","0.43944636678200694","60.601851851851855","41.40360062505183","REAL"
"2026-09-29T10:42:45.544491","1","2026-09-29T10:42:47.253255","1","0.05539274215698242","0.029933273792266846","9.233497619628906","9.12515640258789","9.19484806060791","773.0483351492438","0.12110726643598616","39.51800554016621","25.298885535108628","REAL"
"2026-09-29T10:42:45.544491","2","2026-09-29T10:42:47.545693","1","0.08553206920623779","0.02363598346710205","9.200277328491211","9.09337043762207","7.715142250061035","3071.9792714525224","0.3888888888888889","58.4525","48.417845302636096","REAL"
"2026-09-29T10:42:45.544491","3","2026-09-29T10:42:47.664005","1","0.060685038566589355","0.023173749446868896","7.961576461791992","10.084228515625","7.220851421356201","2081.441272290809","0.39814814814814814","68.76","52.35424911122304","REAL"
"2026-09-29T10:42:45.544491","4","2026-09-29T10:42:47.783737","1","0.05803883075714111","0.05664175748825073","7.745456218719482","8.694103240966797","7.768704414367676","1049.5802211462465","0.21606648199445982","65.8275","39.92972256039352","REAL"
"2026-09-29T10:42:45.544491","5","2026-09-29T10:42:47.902679","1","0.1954095959663391","0.22126847505569458","8.344075202941895","6.87547492980957","8.472044944763184","3174.859375","0.45","77.96371882086167","42.908419576163766","REAL"
"2026-09-29T10:42:45.544491","6","2026-09-29T10:42:48.023355","1","0.1407354474067688","0.026871562004089355","9.92829418182373","5.164608478546143","8.057110786437988","3552.71301566734","0.4875283446712018","78.13636363636364","45.91531969641821","REAL"
"2026-09-29T10:42:45.544491","7","2026-09-29T10:42:48.143876","1","0.015514969825744629","0.010436594486236572","11.362380027770996","5.070730209350586","7.228247165679932","2670.4486373881564","0.44008264462809915","89.36672967863895","47.30248666500018","REAL"
"2026-09-29T10:42:45.544491","8","2026-09-29T10:42:48.265447","1","0.015514969825744629","0.06604921817779541","10.467365264892578","8.522183418273926","7.927724361419678","1418.2165768470293","0.2604166666666667","80.87846153846154","46.72247685843489","REAL"
"2026-09-29T10:42:45.544491","9","2026-09-29T10:42:48.385512","1","0.026467084884643555","0.26193898916244507","11.387528419494629","11.232134819030762","7.139283657073975","940.00989696","0.2592","85.03292181069959","56.871370878671456","REAL"
"2026-09-29T10:42:45.544491","10","2026-09-29T10:42:48.506714","1","0.9831671714782715","0.9351650476455688","10.03377914428711","13.546405792236328","8.038616180419922","1484.4365551776266","0.24603174603174602","117.92984542211653","72.59737698376296","REAL"
"2026-09-29T10:42:45.544491","11","2026-09-29T10:42:48.631240","1","0.9858568906784058","0.8745412826538086","8.659385681152344","14.451878547668457","8.991780281066895","732.5006405364782","0.1924731182795699","111.154296875","73.1096913803113","REAL"
"2026-09-29T10:42:45.544491","12","2026-09-29T10:42:48.749397","1","0.9503150582313538","0.5810842514038086","4.290322303771973","11.8318510055542","9.171163558959961","269.9850259840242","0.1763085399449036","150.22521008403362","56.368443133178545","REAL"
"2026-09-29T10:42:45.544491","13","2026-09-29T10:42:49.008893","2","0.7805240750312805","0.6832545399665833","2.3133046627044678","11.077570915222168","9.394035339355469","366.3116759839563","0.1992110453648915","144.636875","53.762882318885886","REAL"
"2026-09-29T10:42:45.544491","14","2026-09-29T10:42:49.110962","2","0.020991027355194092","0.004566192626953125","3.3154375553131104","10.927757263183594","7.470167636871338","908.1318037866614","0.2070196311719215","127.30725623582767","75.43625752656752","REAL"
"2026-09-29T10:42:45.544491","15","2026-09-29T10:42:49.231734","2","0.1118159294128418","0.021787047386169434","3.86330246925354","11.458660125732422","6.851999759674072","865.1989072840021","0.21882086167800455","119.87344510546241","73.0413115959112","REAL"
"2026-09-29T10:42:45.544491","16","2026-09-29T10:42:49.369557","2","0.9863588809967041","0.886478841304779","2.1747798919677734","11.399832725524902","6.670511245727539","1325.6081253864004","0.22129684711481262","115.53231292517007","71.47917714550633","REAL"
"2026-09-29T10:42:45.544491","17","2026-09-29T10:42:49.473506","1","0.02372908592224121","0.0208626389503479","3.558878183364868","12.635486602783203","5.968316078186035","528.9784204470743","0.2519230769230769","106.09988385598142","64.16476151436682","REAL"
"2026-09-29T10:42:45.544491","18","2026-09-29T10:42:49.593523","1","0.27911096811294556","0.3133024573326111","2.4069018363952637","12.658614158630371","7.431406021118164","275.2632145792242","0.2551282051282051","124.2212543554007","53.47946028641721","REAL"
"2026-09-29T10:42:45.544491","19","2026-09-29T10:42:49.714556","1","0.9918690919876099","0.937804639339447","2.669792652130127","11.06418228149414","7.765980243682861","584.1977608246764","0.25509533201840895","135.85901249256395","48.73922392505465","REAL"
"2026-09-29T10:42:45.544491","20","2026-09-29T10:42:49.836334","1","0.012776970863342285","0.02502262592315674","4.500629901885986","12.701074600219727","8.009369850158691","366.474571922407","0.2458448753462604","130.153125","54.898653696920256","REAL"
"2026-09-29T10:42:45.544491","21","2026-09-29T10:42:49.955673","1","0.04767268896102905","0.0026093721389770508","3.0506341457366943","10.494420051574707","8.244195938110352","790.8360087783243","0.25415512465373963","114.37080867850099","67.12736705861312","REAL"
"2026-09-29T10:42:45.544491","22","2026-09-29T10:42:50.082402","1","0.14638656377792358","0.02502262592315674","2.253345251083374","12.501006126403809","7.398464202880859","226.35729382367992","0.1700404858299595","100.57884615384616","72.81578575473107","REAL"
"2026-09-29T10:42:45.544491","23","2026-09-29T10:42:50.199620","1","0.012776970863342285","0.010436594486236572","3.138974666595459","10.904104232788086","7.014531135559082","274.9356659625208","0.12754766600920447","71.6925","71.78601321810538","REAL"
"2026-09-29T10:42:45.544491","24","2026-09-29T10:42:50.318769","1","0.060685038566589355","0.010436594486236572","2.4663033485412598","1.4574625492095947","8.634275436401367","735.1774417415444","0.12360289283366206","58.16716240333135","63.663881783649046","REAL"
"2026-09-29T10:42:45.544491","25","2026-09-29T10:42:50.441991","1","0.7659553289413452","0.14842408895492554","4.801041126251221","-11.188404083251953","9.758171081542969","587.2090206752625","0.11768573307034845","48.02439024390244","52.68765787248512","REAL"
"2026-09-29T10:42:45.544491","26","2026-09-29T10:42:50.559890","1","0.9893174171447754","0.9880889058113098","3.4508416652679443","-23.292835235595703","9.583974838256836","589.7880310924563","0.1018005540166205","44.340384615384615","47.92440799742187","REAL"
"2026-09-29T10:42:45.544491","27","2026-09-29T10:42:50.682036","1","0.9485522508621216","0.994285523891449","1.2801474332809448","-26.66349220275879","11.600433349609375","780.1545022907122","0.10775510204081633","39.26077428780131","41.496986993858776","REAL"
"2026-09-29T10:42:45.544491","28","2026-09-29T10:42:50.802164","1","0.7952913045883179","0.9929311275482178","1.8253989219665527","-29.669710159301758","11.86781120300293","750.910864745275","0.1111111111111111","41.20637119113574","43.51634281935825","REAL"
"2026-09-29T10:42:45.544491","29","2026-09-29T10:42:50.921624","1","0.9114788770675659","0.9952638149261475","2.104372501373291","-32.2647819519043","11.615303993225098","957.5876694381456","0.11904761904761904","40.431701972242514","43.19701806503585","REAL"
"2026-09-29T10:42:45.544491","30","2026-09-29T10:42:51.042237","1","0.7805240750312805","0.994285523891449","2.72485089302063","-30.18402862548828","11.177233695983887","938.4808489795919","0.12816326530612246","41.5463842220599","44.999596659193124","REAL"
"2026-09-29T10:42:45.544491","31","2026-09-29T10:42:51.164194","1","0.9850823879241943","0.9946150779724121","1.0949290990829468","-31.891891479492188","11.369574546813965","865.658614260519","0.13412698412698412","39.65887509130752","42.84319767532785","REAL"
"2026-09-29T10:42:45.544491","32","2026-09-29T10:42:51.282869","1","0.9511713981628418","0.9932752251625061","3.1824235916137695","-29.309589385986328","11.272381782531738","950.0305765930863","0.13306122448979593","37.11574074074074","39.32604137218567","REAL"
"2026-09-29T10:42:45.544491","33","2026-09-29T10:42:51.409082","1","0.9863588809967041","0.9907847046852112","2.6353790760040283","-26.12714195251465","11.399048805236816","984.2693163199207","0.1412037037037037","41.39544807965861","44.95327217386709","REAL"
"2026-09-29T10:42:45.544491","34","2026-09-29T10:42:51.528529","1","0.986605703830719","0.9915161728858948","4.888660907745361","-21.53313636779785","11.147727012634277","932.101414979823","0.14243973703433163","45.90138067061144","49.712382539085986","REAL"
"2026-09-29T10:42:45.544491","35","2026-09-29T10:42:51.645900","1","0.9842807650566101","0.8310790657997131","3.41084885597229","-8.361983299255371","11.175002098083496","699.6797826265615","0.14871794871794872","54.801219512195125","59.08298833596614","REAL"
"2026-09-29T10:42:45.544491","36","2026-09-29T10:42:51.768565","1","0.40602678060531616","0.41945070028305054","3.35811448097229","8.970623970031738","11.93860912322998","600.0804109549368","0.16896778435239973","64.87923854848304","66.96618734204516","REAL"
"2026-09-29T10:42:45.544491","37","2026-09-29T10:42:51.888443","1","0.026467084884643555","0.14842408895492554","2.5412495136260986","36.45546340942383","13.60728645324707","741.1666233583987","0.17823228634039445","75.83656509695291","70.57662889831303","REAL"
"2026-09-29T10:42:45.544491","38","2026-09-29T10:42:52.010101","1","0.08367270231246948","0.3679760694503784","2.7210261821746826","63.37318801879883","14.774101257324219","783.8828395061729","0.18333333333333332","70.15850986121256","70.29508191569344","REAL"
"2026-09-29T10:42:45.544491","39","2026-09-29T10:42:52.125983","1","0.059361934661865234","0.23023617267608643","-1.2051362991333008","73.89915466308594","15.57205867767334","1060.6000160181397","0.17659279778393353","62.59875","68.81928507647766","REAL"
"2026-09-29T10:42:45.544491","40","2026-09-29T10:42:52.669675","1","0.8997346758842468","0.3970256447792053","-0.1305987536907196","84.09942626953125","10.685087203979492","1332.3724488129947","0.18122448979591838","82.4266975308642","78.55858588894962","REAL"
"2026-09-29T10:42:45.544491","41","2026-09-29T10:42:52.782467","1","0.11876147985458374","0.29507261514663696","-2.537191390991211","63.479949951171875","12.102347373962402","1401.4019073752042","0.19592373438527286","90.0525","79.98919298098963","REAL"
"2026-09-29T10:42:45.544491","42","2026-09-29T10:42:52.918479","1","0.026467084884643555","0.5363578200340271","5.460773944854736","50.45149612426758","11.040072441101074","1048.7379305746076","0.2199074074074074","102.8605974395448","80.27708361922697","REAL"
"2026-09-29T10:42:45.544491","43","2026-09-29T10:42:53.083279","1","0.9903543591499329","0.990412712097168","6.5781097412109375","36.58430862426758","13.3662109375","1019.3790485444292","0.18055555555555555","92.24168975069252","78.39683770562239","REAL"
"2026-09-29T10:42:45.544491","44","2026-09-29T10:42:53.233890","1","0.9928528666496277","0.9939523935317993","13.730374336242676","28.29865264892578","15.240588188171387","1155.2078962266316","0.15631848064280496","71.11943319838056","70.44517139561866","REAL"
"2026-09-29T10:42:45.544491","45","2026-09-29T10:42:53.348767","1","0.9956856369972229","0.9936156272888184","17.552501678466797","27.1137638092041","16.044076919555664","1218.469688296543","0.14285714285714285","57.7845142439737","63.650120093750395","REAL"
"2026-09-29T10:42:45.544491","46","2026-09-29T10:42:53.473599","1","0.9956856369972229","0.9952638149261475","17.25703239440918","26.04568099975586","15.412087440490723","1041.07928363182","0.14204081632653062","48.63813813813814","56.68935411350833","REAL"
"2026-09-29T10:42:45.544491","47","2026-09-29T10:42:53.594093","1","0.9942908883094788","0.9952638149261475","17.24512481689453","25.553468704223633","15.551350593566895","1045.7323576467625","0.14444444444444443","48.95617238860482","56.97691772039761","REAL"
"2026-09-29T10:42:45.544491","48","2026-09-29T10:42:53.726260","1","0.9942908883094788","0.9936156272888184","19.33536148071289","24.724580764770508","15.210196495056152","904.9461013707895","0.13657407407407407","48.34842951059167","56.00946126328345","REAL"
"2026-09-29T10:42:45.544491","49","2026-09-29T10:42:53.957788","1","0.012776970863342285","0.0026093721389770508","13.810879707336426","13.498257637023926","12.920661926269531","805.1518210015041","0.16143170197224252","43.624653739612185","50.50664750361698","REAL"
"2026-09-29T10:42:45.544491","50","2026-09-29T10:42:54.081783","1","0.007300853729248047","0.019214868545532227","10.618382453918457","7.494476318359375","10.98492431640625","793.6281772507884","0.1433518005540166","43.7525641025641","48.46310048696836","REAL"
"2026-09-29T10:42:45.544491","51","2026-09-29T10:42:54.195193","1","0.2554110884666443","0.6989938020706177","5.125243663787842","3.07609224319458","9.65234661102295","682.0440609374999","0.128125","47.22562358276644","49.25158814971088","REAL"
"2026-09-29T10:42:45.544491","52","2026-09-29T10:42:54.314147","1","0.9858568906784058","0.9946150779724121","0.02694486640393734","-1.0474984645843506","7.425049304962158","803.5431635995291","0.13151927437641722","47.77771768523526","47.04437706804279","REAL"
"2026-09-29T10:42:45.544491","53","2026-09-29T10:42:54.438826","1","0.9887905716896057","0.9907847046852112","0.3215220272541046","-3.80657696723938","5.955709934234619","814.435184863817","0.14682539682539683","47.66279069767442","46.43258121787439","REAL"
"2026-09-29T10:42:45.544491","54","2026-09-29T10:42:54.560998","1","0.9913694858551025","0.9929311275482178","3.1265549659729004","-6.060492992401123","6.357028484344482","869.439909297052","0.14229024943310659","47.195247933884296","45.050936485763685","REAL"
"2026-09-29T10:42:45.544491","55","2026-09-29T10:42:54.692322","1","0.9942908883094788","0.9952638149261475","0.6942239999771118","-6.657153129577637","7.387879848480225","642.232367962057","0.12833914053426249","43.494862087614926","42.49843442660832","REAL"
"2026-09-29T10:42:45.544491","56","2026-09-29T10:42:54.793914","1","0.9918690919876099","0.994285523891449","3.058903694152832","-6.5426459312438965","7.481017589569092","900.4791856273878","0.12018140589569161","43.711195240670634","43.583640074345325","REAL"
"2026-09-29T10:42:45.544491","57","2026-09-29T10:42:54.923128","1","0.9898386597633362","0.9968274235725403","2.3979990482330322","-6.751841068267822","8.465536117553711","777.3340998703666","0.1207897793263647","41.96954595791805","40.872890810742106","REAL"
"2026-09-29T10:42:45.544491","58","2026-09-29T10:42:55.038848","1","0.9918690919876099","0.9965211153030396","2.2162444591522217","-7.01577091217041","9.04227066040039","906.6337608809139","0.11788617886178862","41.76744186046512","40.50733309041988","REAL"
"2026-09-29T10:42:45.544491","59","2026-09-29T10:42:55.156667","1","0.9938164353370667","0.9968274235725403","2.3728294372558594","-7.149503707885742","9.510680198669434","1000.3823925661087","0.10648423557406306","40.618480725623584","39.10907067458486","REAL"
"2026-09-29T10:42:45.544491","60","2026-09-29T10:42:55.277772","1","0.9938164353370667","0.9965211153030396","2.801194429397583","-7.059792518615723","9.475057601928711","1111.6527554878137","0.11778703152885188","40.34750566893424","39.09922532756824","REAL"
"2026-09-29T10:42:45.544491","61","2026-09-29T10:42:55.396891","1","0.9928528666496277","0.9971305727958679","3.534879684448242","-7.066935062408447","10.06762981414795","846.8070102177785","0.11183819155264724","40.10204081632653","38.45814959422107","REAL"
"2026-09-29T10:42:45.544491","62","2026-09-29T10:42:55.527498","1","0.990864634513855","0.997727632522583","2.918247938156128","-6.40619421005249","10.467438697814941","887.4759910693084","0.1207614515169542","40.118480725623584","38.40072630708643","REAL"
"2026-09-29T10:42:45.544491","63","2026-09-29T10:42:55.648245","1","0.9938164353370667","0.9974306225776672","4.0916829109191895","-6.123380184173584","10.52991771697998","950.723095123756","0.11481261154074955","40.985827664399096","40.10177419361853","REAL"
"2026-09-29T10:42:45.544491","64","2026-09-29T10:42:55.757360","1","0.9952254295349121","0.9952638149261475","4.618838787078857","-6.070834159851074","10.327783584594727","906.5515285970753","0.11778703152885188","39.98639455782313","38.51306337750358","REAL"
"2026-09-29T10:42:45.544491","65","2026-09-29T10:42:55.885648","1","0.9961413145065308","0.998600959777832","6.318369388580322","-6.015219211578369","10.43783187866211","921.2449099552298","0.10945865556216537","41.09025470653378","39.27372415375481","REAL"
"2026-09-29T10:42:45.544491","66","2026-09-29T10:42:56.002735","1","0.004562854766845703","0.000652611255645752","6.558373928070068","-5.452807903289795","10.877575874328613","907.5033984375","0.099375","39.07607433217189","36.996272485924564","REAL"
"2026-09-29T10:42:45.544491","67","2026-09-29T10:42:56.121798","1","0.0873914361000061","0.022711515426635742","7.24722146987915","-5.88707971572876","10.849800109863281","1087.0529413295658","0.09634146341463415","37.81068524970964","34.87567335523532","REAL"
"2026-09-29T10:42:45.544491","68","2026-09-29T10:42:56.248261","1","0.9947605133056641","0.9968274235725403","8.417187690734863","-6.222413063049316","10.77703857421875","731.3004457911957","0.08963414634146341","38.29495178672717","34.36232672644512","REAL"
"2026-09-29T10:42:45.544491","69","2026-09-29T10:42:56.384994","1","0.9952254295349121","0.9946150779724121","8.426239967346191","-5.789633274078369","10.402544975280762","902.8643512046401","0.09817073170731708","38.2989222915485","34.31699237899609","REAL"
"2026-09-29T10:42:45.544491","70","2026-09-29T10:42:56.490426","1","0.9974813461303711","0.9974306225776672","8.526604652404785","-5.5525221824646","10.465219497680664","872.6599881023201","0.09085365853658536","36.14917753828701","32.696422154855846","REAL"
"2026-09-29T10:42:45.544491","71","2026-09-29T10:42:56.612142","1","0.9970390796661377","0.9971305727958679","8.428069114685059","-5.704851150512695","10.476032257080078","685.211449609375","0.08","34.422764227642276","30.985180861331955","REAL"
"2026-09-29T10:42:45.544491","72","2026-09-29T10:42:56.729279","1","0.9965924024581909","0.9958990216255188","8.90977668762207","-5.846216201782227","10.96134090423584","633.8106871093751","0.083125","33.35598141695703","30.107191228042698","REAL"
"2026-09-29T10:42:45.544491","73","2026-09-29T10:42:56.853662","1","0.9956856369972229","0.99802166223526","7.372020244598389","-7.219845294952393","11.240920066833496","456.49659360234386","0.07100591715976332","32.69006543723974","28.963920653785593","REAL"
"2026-09-29T10:42:45.544491","74","2026-09-29T10:42:56.976128","1","0.9942908883094788","0.99802166223526","7.747941493988037","-6.597063064575195","10.711292266845703","673.1035239973702","0.0967948717948718","33.162998215348004","30.844656341092797","REAL"
"2026-09-29T10:42:45.544491","75","2026-09-29T10:42:57.087081","1","0.9918690919876099","0.998312771320343","6.334964752197266","-5.163184642791748","10.313624382019043","762.86099375","0.09375","35.625850340136054","35.33842747599938","REAL"
"2026-09-29T10:42:45.544491","76","2026-09-29T10:42:57.188437","1","0.9918690919876099","0.99802166223526","6.1041951179504395","-5.188321590423584","10.339603424072266","690.197021484375","0.094375","34.262471655328795","34.14786670115904","REAL"
"2026-09-29T10:42:45.544491","77","2026-09-29T10:42:57.296610","1","0.9850823879241943","0.9867727756500244","4.42863655090332","-3.7995896339416504","9.998991966247559","472.588843359375","0.105","35.10997732426304","36.44438393508181","REAL"
"2026-09-29T10:42:45.544491","78","2026-09-29T10:42:57.416741","1","0.770969033241272","0.6780469417572021","3.756011486053467","-1.855031132698059","10.70254898071289","533.0083984375","0.108125","32.81591173054588","35.01997641315984","REAL"
"2026-09-29T10:42:45.544491","79","2026-09-29T10:42:57.537887","1","0.08553206920623779","0.6937435865402222","4.104244709014893","-2.184300184249878","11.615568161010742","412.836652734375","0.0775","28.462833914053427","32.44521981483624","REAL"
"2026-09-29T10:42:45.544491","80","2026-09-29T10:42:57.655141","1","0.18340229988098145","0.6884933710098267","0.3744770884513855","1.6123403310775757","11.118962287902832","448.590418359375","0.08125","35.04875283446712","41.23934485663194","REAL"
"2026-09-29T10:42:45.544491","81","2026-09-29T10:42:57.771774","1","0.5816861391067505","0.623405933380127","-4.864161968231201","8.271000862121582","8.078207015991211","841.7460245222438","0.16478286734086853","49.31173864894795","47.57603631004674","REAL"
"2026-09-29T10:42:45.544491","82","2026-09-29T10:42:57.901732","1","0.9850823879241943","0.9209686517715454","-11.048858642578125","14.786827087402344","5.253199100494385","2348.8967451512167","0.2865384615384615","61.06246281975015","50.37466078672597","REAL"
"2026-09-29T10:42:45.544491","83","2026-09-29T10:42:58.021471","1","0.9887905716896057","0.9915161728858948","-11.946268081665039","10.762184143066406","6.069766521453857","2617.075634451019","0.29102564102564105","65.80731707317074","52.37896100741725","REAL"
"2026-09-29T10:42:45.544491","84","2026-09-29T10:42:58.133902","1","0.9923635125160217","0.9896559715270996","-12.834136962890625","11.254021644592285","5.991453647613525","2724.3381393819855","0.316025641025641","72.2630662020906","55.635051029237076","REAL"
"2026-09-29T10:42:45.544491","85","2026-09-29T10:42:58.261611","1","0.9928528666496277","0.9918758273124695","-13.561967849731445","10.807828903198242","6.441771984100342","3148.808937109375","0.32875","79.04645760743321","58.155955388502406","REAL"
"2026-09-29T10:42:45.544491","86","2026-09-29T10:42:58.383602","1","0.990864634513855","0.9918758273124695","-11.827413558959961","10.345900535583496","6.579378604888916","3190.779373767258","0.3314102564102564","83.3111243307555","59.67898599513985","REAL"
"2026-09-29T10:42:45.544491","87","2026-09-29T10:42:58.503279","1","0.9848182797431946","0.9955831170082092","-7.21890115737915","10.318719863891602","5.505189895629883","2394.1790864776754","0.3050624589086128","80.855","59.96375134195659","REAL"
"2026-09-29T10:42:45.544491","88","2026-09-29T10:42:58.627035","1","0.9515752792358398","0.9915161728858948","-6.009401798248291","9.065071105957031","5.4839768409729","1720.433651111084","0.23886048210372535","78.07271468144044","62.0657399046835","REAL"
"2026-09-29T10:42:45.544491","89","2026-09-29T10:42:58.740160","1","0.9893174171447754","0.9946150779724121","-8.278517723083496","7.85015344619751","1.3061378002166748","1100.804728139564","0.15243342516069788","62.634453781512605","57.39914785326936","REAL"
"2026-09-29T10:42:45.544491","90","2026-09-29T10:42:58.867828","1","0.9938164353370667","0.9962117075920105","-12.723102569580078","8.50145149230957","-0.9450932741165161","637.3048084270941","0.09778225806451613","48.05965909090909","44.651843864389754","REAL"
"2026-09-29T10:42:45.544491","91","2026-09-29T10:42:58.988787","1","0.9970390796661377","0.9965211153030396","-12.016827583312988","5.3306756019592285","-0.09278352558612823","301.5169319808779","0.04310344827586207","44.16888888888889","29.986855062563833","REAL"
"2026-09-29T10:42:45.544491","92","2026-09-29T10:42:59.118854","1","0.9965924024581909","0.9974306225776672","-11.808196067810059","3.837425470352173","2.0950379371643066","925.8176015775974","0.08093278463648834","51.807397959183675","45.79579670985765","REAL"
"2026-09-29T10:42:45.544491","93","2026-09-29T10:42:59.221469","1","0.9956856369972229","0.9968274235725403","-8.200403213500977","3.20339035987854","4.267820358276367","1629.1348057666048","0.14053254437869822","60.59396433470508","58.60190745645639","REAL"
"2026-09-29T10:42:45.544491","94","2026-09-29T10:42:59.368814","1","0.9933371543884277","0.994285523891449","-6.433557033538818","3.16229510307312","4.337636947631836","1768.4601222222223","0.18166666666666667","75.2766272189349","71.38183091707619","REAL"
"2026-09-29T10:42:45.544491","95","2026-09-29T10:42:59.518876","1","0.9923635125160217","0.994285523891449","-5.679185390472412","3.5201163291931152","6.168615818023682","3245.3161138840665","0.22916666666666666","93.0496","77.25404804824146","REAL"
"2026-09-29T10:42:45.544491","96","2026-09-29T10:42:59.652732","1","0.018253028392791748","0.000652611255645752","-2.178607702255249","3.849250316619873","7.9397077560424805","2908.823739194757","0.23251417769376181","89.51333333333334","77.36036768842874","REAL"
"2026-09-29T10:42:45.544491","97","2026-09-29T10:42:59.754756","1","0.46944624185562134","0.29507261514663696","-0.3982345461845398","2.6006693840026855","8.851725578308105","2979.7373984017486","0.26239669421487605","84.43478260869566","75.08350004212596","REAL"
"2026-09-29T10:42:45.544491","98","2026-09-29T10:42:59.879288","1","0.3822312355041504","0.3513319492340088","2.1282217502593994","4.0004401206970215","9.948150634765625","3066.4737850898164","0.256198347107438","79.31884057971014","73.98139067881658","REAL"
"2026-09-29T10:42:45.544491","99","2026-09-29T10:43:00.004144","1","0.2012934684753418","0.44997191429138184","3.3703315258026123","5.416184425354004","11.681417465209961","3056.7105175534457","0.24380165289256198","71.70652173913044","72.33547619866208","REAL"
"2026-09-29T10:42:45.544491","100","2026-09-29T10:43:00.116669","1","0.23656463623046875","0.14842408895492554","7.585320472717285","5.445228099822998","12.548257827758789","3051.0419882521683","0.23760330578512398","70.47258979206049","72.30211051143867","REAL"
"2026-09-29T10:42:45.544491","101","2026-09-29T10:43:00.245263","1","0.03194314241409302","0.023173749446868896","7.542531490325928","8.138745307922363","13.425172805786133","2982.862181909801","0.23582766439909297","70.00189035916824","70.44005613792395","REAL"
"2026-09-29T10:42:45.544491","102","2026-09-29T10:43:00.365894","1","0.044218361377716064","0.029933273792266846","7.504586219787598","6.5784406661987305","13.885258674621582","2296.5195950557636","0.21739130434782608","67.91145833333333","66.29482870594842","REAL"
"2026-09-29T10:42:45.544491","103","2026-09-29T10:43:00.484501","1","0.04767268896102905","0.11680018901824951","9.688199043273926","5.798305511474609","13.744973182678223","1080.1420163592898","0.20226843100189035","71.67361111111111","60.38709964575665","REAL"
"2026-09-29T10:42:45.544491","104","2026-09-29T10:43:00.604909","1","0.05539274215698242","0.0264093279838562","9.071725845336914","3.2260990142822266","12.818148612976074","2408.020531925154","0.24479166666666666","69.80621301775147","55.84779100568776","REAL"
"2026-09-29T10:42:45.544491","105","2026-09-29T10:43:00.722503","1","0.05671572685241699","0.024098217487335205","9.66678524017334","1.183031439781189","11.790165901184082","2414.835259331597","0.24305555555555555","69.28769230769231","55.94182694877656","REAL"
"2026-09-29T10:42:45.544491","106","2026-09-29T10:43:00.848274","1","0.010038912296295166","0.010436594486236572","10.875808715820312","0.3594098389148712","11.957103729248047","2155.149257330247","0.22916666666666666","66.4496","55.44604097534827","REAL"
"2026-09-29T10:42:45.544491","107","2026-09-29T10:43:00.964148","1","0.015514969825744629","0.025947093963623047","10.401630401611328","-0.48156195878982544","12.45775318145752","1532.8760579427083","0.21180555555555555","60.84023668639053","48.78158581613434","REAL"
"2026-09-29T10:42:45.544491","108","2026-09-29T10:43:01.091573","1","0.05539274215698242","0.5413478016853333","10.822638511657715","-0.775881290435791","12.55700969696045","838.87102976","0.1248","61.1965811965812","43.14516792616885","REAL"
"2026-09-29T10:42:45.544491","109","2026-09-29T10:43:01.208720","1","0.08367270231246948","0.3436095714569092","9.894929885864258","-1.5117952823638916","12.520108222961426","769.0416389482161","0.11686390532544379","59.204389574759944","44.39720554289794","REAL"
"2026-09-29T10:42:45.544491","110","2026-09-29T10:43:01.329902","1","0.060685038566589355","0.6528555154800415","11.125152587890625","-1.83834707736969","11.890470504760742","629.6087369420702","0.07692307692307693","39.673469387755105","39.05448849539343","REAL"
"2026-09-29T10:42:45.544491","111","2026-09-29T10:43:01.443525","1","0.08367270231246948","0.6780469417572021","10.046293258666992","-1.4456815719604492","12.473313331604004","527.4818201832376","0.0644718792866941","45.04756242568371","44.32790605315169","REAL"
"2026-09-29T10:42:45.544491","112","2026-09-29T10:43:01.575948","1","0.2853690981864929","0.32518619298934937","9.672179222106934","-2.233306884765625","11.957587242126465","568.1997197026959","0.10846560846560846","51.41854934601665","44.03771854595447","REAL"
"2026-09-29T10:42:45.544491","113","2026-09-29T10:43:01.690740","1","0.245616614818573","0.632347822189331","9.283757209777832","-2.2377612590789795","12.467279434204102","377.40234375","0.0663265306122449","29.344827586206897","30.449101146051213","REAL"
"2026-09-29T10:42:45.544491","114","2026-09-29T10:43:01.807870","1","0.08553206920623779","0.8684090375900269","9.189300537109375","-2.1690824031829834","11.968019485473633","468.6819017466681","0.07908163265306123","27.835555555555555","26.67232569583484","REAL"
"2026-09-29T10:42:45.544491","115","2026-09-29T10:43:01.933664","1","0.40602678060531616","0.8717538714408875","8.749260902404785","-1.927834153175354","11.572468757629395","467.2305926485821","0.07407407407407407","29.871581450653984","26.850981085459228","REAL"
"2026-09-29T10:42:45.544491","116","2026-09-29T10:43:02.060893","1","0.48699647188186646","0.6832545399665833","8.427379608154297","-1.8260446786880493","11.83593463897705","425.5034625990314","0.08068783068783068","35.21759809750297","32.701387017970916","REAL"
"2026-09-29T10:42:45.544491","117","2026-09-29T10:43:02.168311","1","0.012776970863342285","0.006523013114929199","8.351133346557617","-2.403355360031128","10.808490753173828","507.12252544512705","0.07525510204081633","41.08777777777778","37.259302575263824","REAL"
"2026-09-29T10:42:45.544491","118","2026-09-29T10:43:02.272767","1","0.001824796199798584","0.0026093721389770508","10.222440719604492","-1.880914568901062","11.084421157836914","653.934280717282","0.07609988109393578","41.803225806451614","37.081296771274516","REAL"
"2026-09-29T10:42:45.544491","119","2026-09-29T10:43:02.376907","1","0.015514969825744629","0.008479773998260498","12.581153869628906","-3.1647706031799316","9.700074195861816","429.84242189455114","0.05826397146254459","44.20187304890739","39.00941529173743","REAL"
"2026-09-29T10:42:45.544491","120","2026-09-29T10:43:02.497560","1","0.02372908592224121","0.023173749446868896","11.478994369506836","-3.053265333175659","10.886863708496094","473.58187631900086","0.060353798126951096","40.908203125","36.86980062780026","REAL"
"2026-09-29T10:42:45.544491","121","2026-09-29T10:43:02.613906","1","0.15179461240768433","0.05664175748825073","11.463504791259766","-2.1125400066375732","10.64383316040039","295.6586111111111","0.051111111111111114","38.17578125","34.794154156296834","REAL"
"2026-09-29T10:42:45.544491","122","2026-09-29T10:43:02.741993","1","0.4151104688644409","0.26193898916244507","10.38647747039795","-0.51186603307724","11.504022598266602","417.4798753899478","0.05619146722164412","35.5478515625","32.62720980413383","REAL"
"2026-09-29T10:42:45.544491","123","2026-09-29T10:43:02.859854","1","0.245616614818573","0.047746360301971436","11.439628601074219","-1.0468515157699585","11.560592651367188","307.5254747861716","0.03954214360041623","32.20643939393939","28.496461041110685","REAL"
"2026-09-29T10:42:45.544491","124","2026-09-29T10:43:02.980827","1","0.015514969825744629","0.019214868545532227","8.447132110595703","-0.6233750581741333","10.91246223449707","314.48828125","0.029296875","26.621671258034894","19.875418426521303","REAL"
"2026-09-29T10:42:45.544491","125","2026-09-29T10:43:03.102656","1","0.0","0.006523013114929199","10.854854583740234","-0.8435438871383667","11.232912063598633","164.64583333333334","0.032196969696969696","27.28892733564014","19.528248952578657","REAL"
"2026-09-29T10:42:45.544491","126","2026-09-29T10:43:03.213966","1","0.16252541542053223","0.022249281406402588","9.701844215393066","-1.234883427619934","12.455160140991211","126.56692514957692","0.0213903743315508","26.078151260504203","17.521504960418223","REAL"
"2026-09-29T10:42:45.544491","127","2026-09-29T10:43:03.342167","1","0.16252541542053223","0.9209686517715454","10.329465866088867","-2.7516250610351562","12.80666732788086","300.8507463691766","0.026816608996539794","27.859591836734694","19.79267747087432","REAL"
"2026-09-29T10:42:45.544491","128","2026-09-29T10:43:03.466597","1","0.6617919206619263","0.9376009702682495","9.90884017944336","-2.464933156967163","13.164737701416016","209.92667338154476","0.02162629757785467","27.678367346938774","19.00846807501683","REAL"
"2026-09-29T10:42:45.544491","129","2026-09-29T10:43:03.578668","1","0.8049881458282471","0.8717538714408875","8.184568405151367","-1.6811474561691284","13.40110969543457","328.7897349437734","0.03346938775510204","28.746913580246915","19.723141364621096","REAL"
"2026-09-29T10:42:45.544491","130","2026-09-29T10:43:03.710784","1","0.9856016635894775","0.9880889058113098","7.487791061401367","-1.2930930852890015","13.496414184570312","295.23086035248616","0.031141868512110725","30.147376543209877","20.69932550714655","REAL"
"2026-09-29T10:42:45.544491","131","2026-09-29T10:43:03.831562","1","0.9863588809967041","0.9911525249481201","7.602302551269531","-1.4061949253082275","13.462281227111816","286.4725188874654","0.029411764705882353","29.65354938271605","20.393494856537234","REAL"
"2026-09-29T10:42:45.544491","132","2026-09-29T10:43:03.943023","1","0.9848182797431946","0.9880889058113098","7.491572856903076","-1.9864813089370728","13.240829467773438","233.0803057693666","0.030252100840336135","28.00462962962963","19.067779773222412","REAL"
"2026-09-29T10:42:45.544491","133","2026-09-29T10:43:04.063825","1","0.9928528666496277","0.9929311275482178","6.569729328155518","-2.401933431625366","12.66197395324707","381.87653785150894","0.036265432098765434","28.178962746530313","19.692878471014385","REAL"
"2026-09-29T10:42:45.544491","134","2026-09-29T10:43:04.206868","1","0.9877196550369263","0.9900364875793457","9.097668647766113","-4.090552806854248","13.730036735534668","219.83938994384644","0.028546712802768166","28.641975308641975","19.341829960518538","REAL"
"2026-09-29T10:42:45.544491","135","2026-09-29T10:43:04.313259","1","0.9877196550369263","0.9376009702682495","10.110556602478027","-13.72725772857666","15.596077919006348","104.14568178231175","0.014204545454545454","28.984033613445376","19.7950994835059","REAL"
"2026-09-29T10:42:45.544491","136","2026-09-29T10:43:04.431562","1","0.9606643915176392","0.9735729098320007","9.497459411621094","-22.505407333374023","16.179508209228516","61.512368424756986","0.014568158168574402","31.366391184573004","19.608257333667357","REAL"
"2026-09-29T10:42:45.544491","137","2026-09-29T10:43:04.564339","1","0.8947855234146118","0.9884875416755676","9.396114349365234","-26.9213809967041","14.996025085449219","187.12604444444446","0.015555555555555555","33.8857421875","19.950907321843353","REAL"
"2026-09-29T10:42:45.544491","138","2026-09-29T10:43:04.666234","1","0.8947855234146118","0.9876855611801147","8.358386039733887","-28.34689712524414","14.474296569824219","342.13592205385015","0.028225806451612902","36.12580348943985","21.55420622923949","REAL"
"2026-09-29T10:42:45.544491","139","2026-09-29T10:43:04.795317","1","0.8898150324821472","0.9896559715270996","6.375691890716553","-29.06325340270996","15.983768463134766","331.1542690757002","0.035037878787878785","39.09915966386555","24.440672451511443","REAL"
"2026-09-29T10:42:45.544491","140","2026-09-29T10:43:04.931964","1","0.9153648614883423","0.9896559715270996","7.073686122894287","-28.60498809814453","15.409282684326172","289.11322021484375","0.03515625","39.26903114186851","24.664589639933133","REAL"
"2026-09-29T10:42:45.544491","141","2026-09-29T10:43:05.080337","1","0.8972601294517517","0.9925832152366638","5.354382038116455","-29.496471405029297","16.88547706604004","335.7751519704938","0.04499540863177227","37.77142857142857","24.363628846381353","REAL"
"2026-09-29T10:42:45.544491","142","2026-09-29T10:43:05.206035","1","0.9445556402206421","0.9925832152366638","5.969360828399658","-30.693561553955078","16.648496627807617","571.3328594400471","0.047750229568411386","39.59183673469388","26.224430397772803","REAL"
"2026-09-29T10:42:45.544491","143","2026-09-29T10:43:05.327447","1","0.9503150582313538","0.9939523935317993","5.9616193771362305","-31.03842544555664","16.297677993774414","679.7819669269707","0.05234159779614325","40.094957983193275","27.45624892133242","REAL"
"2026-09-29T10:42:45.544491","144","2026-09-29T10:43:05.432464","1","0.8898150324821472","0.9884875416755676","5.277925968170166","-28.630552291870117","17.322057723999023","759.2351526861509","0.05536332179930796","40.926530612244896","28.234605887031638","REAL"
"2026-09-29T10:42:45.544491","145","2026-09-29T10:43:05.560559","1","0.018253028392791748","0.012393414974212646","5.91616678237915","-28.16154670715332","17.355438232421875","637.3538713317608","0.05795847750865052","42.59567901234568","29.12923703883898","REAL"
"2026-09-29T10:42:45.544491","146","2026-09-29T10:43:05.677153","1","0.7466771602630615","0.02363598346710205","5.322844505310059","-29.460172653198242","18.078489303588867","681.0683383520312","0.05536332179930796","42.55324074074074","29.951482454562985","REAL"
"2026-09-29T10:42:45.544491","147","2026-09-29T10:43:05.797690","1","0.8972601294517517","0.012393414974212646","4.45928430557251","-30.34503746032715","18.055442810058594","618.02672859322","0.06152433425160698","40.35126050420168","28.306532979782222","REAL"
"2026-09-29T10:42:45.544491","148","2026-09-29T10:43:05.920201","1","0.9501656293869019","0.9929311275482178","6.097745895385742","-29.94666290283203","17.67305564880371","627.233629945253","0.0570409982174688","40.43102040816326","29.536120000315766","REAL"
"2026-09-29T10:42:45.544491","149","2026-09-29T10:43:06.034037","1","0.9903543591499329","0.9872773885726929","6.38713264465332","-24.626691818237305","18.53421401977539","595.4552000025419","0.059714795008912656","39.64705882352941","29.57403137358205","REAL"
"2026-09-29T10:42:45.544491","150","2026-09-29T10:43:06.162801","1","0.9850823879241943","0.3133024573326111","6.066772937774658","-9.48650074005127","18.970422744750977","621.2878348384392","0.07484567901234568","38.54419284149014","28.289662827392885","REAL"
"2026-09-29T10:42:45.544491","151","2026-09-29T10:43:06.286154","1","0.9153648614883423","0.14226526021957397","7.364625930786133","9.957486152648926","18.952743530273438","539.5959909527517","0.07742878013148284","39.11842105263158","26.0675229902583","REAL"
"2026-09-29T10:42:45.544491","152","2026-09-29T10:43:06.401440","1","0.9882580041885376","0.434387743473053","8.976733207702637","29.146316528320312","17.752872467041016","942.2626262626263","0.10835629017447199","48.568163265306126","38.78104479513046","REAL"
"2026-09-29T10:42:45.544491","153","2026-09-29T10:43:06.525165","1","0.9858568906784058","0.5810842514038086","6.234604358673096","38.4785270690918","13.484140396118164","1720.8978587383747","0.18716577540106952","63.10938775510204","50.57368309777464","REAL"
"2026-09-29T10:42:45.544491","154","2026-09-29T10:43:06.645987","1","0.9871754050254822","0.8734263181686401","7.245477676391602","38.38425827026367","11.177854537963867","1740.881119718394","0.18598615916955016","64.08333333333333","51.347528400493694","REAL"
"2026-09-29T10:42:45.544491","155","2026-09-29T10:43:06.764023","1","0.9837305545806885","0.9354024529457092","5.971235275268555","34.826988220214844","11.435832023620605","1810.9861052908848","0.19463667820069205","60.266122448979594","49.18939029524211","REAL"
"2026-09-29T10:42:45.544491","156","2026-09-29T10:43:06.887489","1","0.9863588809967041","0.8227906227111816","6.576470375061035","33.85988998413086","11.74276351928711","1845.6664910621282","0.19204152249134948","60.40244897959184","49.7717122564743","REAL"
"2026-09-29T10:42:45.544491","157","2026-09-29T10:43:07.005329","1","0.0","0.0208626389503479","7.250657081604004","32.12045669555664","11.78236198425293","1677.5140047113898","0.18252595155709342","61.28317901234568","50.505279284178734","REAL"
"2026-09-29T10:42:45.544491","158","2026-09-29T10:43:07.131599","1","0.018253028392791748","0.006523013114929199","6.6454267501831055","33.36079406738281","11.444595336914062","1652.993123735348","0.19117647058823528","61.50077160493827","50.58402738577781","REAL"
"2026-09-29T10:42:45.544491","159","2026-09-29T10:43:07.242117","1","0.04767268896102905","0.042649805545806885","8.3329496383667","28.92551040649414","11.358016967773438","1519.9361739861831","0.18339100346020762","58.67755102040816","49.419599785733716","REAL"
"2026-09-29T10:42:45.544491","160","2026-09-29T10:43:07.365925","1","0.044218361377716064","0.019214868545532227","10.441292762756348","25.39262580871582","11.871356964111328","1217.9369834710742","0.12215909090909091","48.484429065743946","41.25788925000982","REAL"
"2026-09-29T10:42:45.544491","161","2026-09-29T10:43:07.485333","1","0.0873914361000061","0.029933273792266846","5.427051067352295","14.185473442077637","11.254483222961426","343.6465899208663","0.062040816326530614","34.62268518518518","22.985712367396715","REAL"
"2026-09-29T10:42:45.544491","162","2026-09-29T10:43:07.618217","1","0.6233029365539551","0.22126847505569458","5.4890875816345215","9.690811157226562","11.432103157043457","83.02838704757548","0.01693404634581105","33.23755102040816","20.606950930585537","REAL"
"2026-09-29T10:42:45.544491","163","2026-09-29T10:43:07.718376","1","0.8114630579948425","0.4685542583465576","2.3020129203796387","6.931519031524658","11.250732421875","180.1381492614746","0.0341796875","37.3235294117647","23.96148794372543","REAL"
"2026-09-29T10:42:45.544491","164","2026-09-29T10:43:07.843691","1","0.245616614818573","0.9354024529457092","1.7467930316925049","3.9009900093078613","9.966684341430664","373.38154444444444","0.09222222222222222","65.12695109261186","43.67037290049353","REAL"
"2026-09-29T10:42:45.544491","165","2026-09-29T10:43:07.984639","1","0.012776970863342285","0.019214868545532227","-0.7945711016654968","2.7107162475585938","8.968295097351074","631.7137217489807","0.11934156378600823","81.62627551020408","49.00431440195574","REAL"
"2026-09-29T10:42:45.544491","166","2026-09-29T10:43:08.090732","1","0.9485522508621216","0.9354024529457092","-2.306306838989258","2.3645546436309814","6.616559028625488","734.212736","0.1392","86.57100591715977","48.5310489237459","REAL"
"2026-09-29T10:42:45.544491","167","2026-09-29T10:43:08.216667","1","0.9903543591499329","0.9713870286941528","-1.542891502380371","2.3775558471679688","8.264033317565918","553.817985628858","0.17708333333333334","97.77230769230769","46.890942237337526","REAL"
"2026-09-29T10:42:45.544491","168","2026-09-29T10:43:08.411492","1","0.9606643915176392","0.8672940731048584","-0.30128222703933716","2.389202356338501","2.3019325733184814","780.4558304300957","0.16205533596837945","96.61284722222223","49.6848866351618","REAL"
"2026-09-29T10:42:45.544491","169","2026-09-29T10:43:08.537729","1","0.9501656293869019","0.9915161728858948","5.222308158874512","-2.2612504959106445","3.2534403800964355","1329.1834148677285","0.20226843100189035","100.0592","50.62892153068243","REAL"
"2026-09-29T10:42:45.544491","170","2026-09-29T10:43:08.659876","1","0.9938164353370667","0.9841023683547974","5.872929096221924","-3.3012969493865967","0.14367689192295074","1495.7861928738105","0.20793950850661624","105.64236111111111","49.98621904510435","REAL"
"2026-09-29T10:42:45.544491","171","2026-09-29T10:43:08.777175","1","0.9606643915176392","0.9841023683547974","6.8308329582214355","-4.503061294555664","-1.6616095304489136","1089.950118673588","0.17768595041322313","104.48263888888889","48.94657352361789","REAL"
"2026-09-29T10:42:45.544491","172","2026-09-29T10:43:08.900470","1","0.27911096811294556","0.18071043491363525","8.830606460571289","-11.818265914916992","-12.599264144897461","287.6815935746937","0.08390022675736962","87.23320158102767","34.144440985674194","REAL"
"2026-09-29T10:42:45.544491","173","2026-09-29T10:43:09.033005","1","0.05803883075714111","0.03290921449661255","13.369250297546387","-6.2644147872924805","-12.808512687683105","293.7244670237345","0.13043478260869565","88.7968","40.02457632205492","REAL"
"2026-09-29T10:42:45.544491","174","2026-09-29T10:43:09.133775","1","0.5897773504257202","0.767783522605896","2.6748344898223877","2.736199378967285","3.6792173385620117","354.56832987303505","0.12476370510396975","79.2224","40.996079547195734","REAL"
"2026-09-29T10:42:45.544491","175","2026-09-29T10:43:09.255773","1","0.5938228368759155","0.6963686943054199","4.211750507354736","0.9000170826911926","3.0003581047058105","526.1313760564921","0.12450592885375494","61.14409722222222","37.63611961772144","REAL"
"2026-09-29T10:42:45.544491","176","2026-09-29T10:43:09.375142","1","0.029205143451690674","0.023173749446868896","4.141263484954834","0.6323897838592529","2.8558783531188965","192.67144557087775","0.0945179584120983","58.2432","45.92012253642187","REAL"
"2026-09-29T10:42:45.544491","177","2026-09-29T10:43:09.505904","1","0.074978768825531","0.26193898916244507","3.7320539951324463","1.0429412126541138","-1.8703856468200684","81.54142252604167","0.06770833333333333","45.5824","32.34845298062954","REAL"
"2026-09-29T10:42:45.544491","178","2026-09-29T10:43:09.618179","1","0.1118159294128418","0.5413478016853333","4.931441307067871","2.3492302894592285","2.3962104320526123","138.97628296068123","0.04725897920604915","37.6448","34.25053916305553","REAL"
"2026-09-29T10:42:45.544491","179","2026-09-29T10:43:09.746142","1","0.074978768825531","0.6171776056289673","6.198349952697754","2.38103985786438","7.048141002655029","21.467420789930557","0.001736111111111111","16.0752","8.334551275263715","REAL"
"2026-09-29T10:42:45.544491","180","2026-09-29T10:43:09.882853","1","0.015514969825744629","0.022249281406402588","4.950161933898926","2.2865803241729736","8.088547706604004","82.54853055555556","0.028333333333333332","23.44526627218935","24.376817937125224","REAL"
"2026-09-29T13:35:21.281663","1","2026-09-29T13:35:23.575703","1","0.9913694858551025","0.9351650476455688","1.7526707649230957","68.09721374511719","1.8845444917678833","535.636378874774","0.22145328719723184","82.73130193905817","34.52362538812086","REPLAY"
"2026-09-29T13:35:21.281663","2","2026-09-29T13:35:23.684839","1","0.9887905716896057","0.9834141135215759","2.254986524581909","73.87828063964844","2.491483449935913","723.877562490474","0.24382716049382716","86.0175","40.811422344118334","REPLAY"
"2026-09-29T13:35:21.281663","3","2026-09-29T13:35:24.761653","1","0.2554110884666443","0.12644684314727783","10.582575798034668","-39.32400894165039","48.92798614501953","23.795459533607684","0.05277777777777778","140.6295081967213","81.30942990552454","REPLAY"
"2026-09-29T13:35:21.281663","4","2026-09-29T13:35:24.881488","1","0.15179461240768433","0.26849472522735596","11.519530296325684","-39.783573150634766","50.07499694824219","26.44895747599451","0.05","138.97459016393444","83.21618208556316","REPLAY"
"2026-09-29T13:35:21.281663","5","2026-09-29T13:35:25.001679","1","0.05671572685241699","0.3679760694503784","8.813555717468262","-37.91374206542969","51.474586486816406","35.42582422262102","0.03653653653653654","121.05931034482758","88.7704086269757","REPLAY"
"2026-09-29T13:35:21.281663","6","2026-09-29T13:35:25.123972","1","0.18340229988098145","0.14842408895492554","10.548681259155273","-38.36066818237305","52.64883041381836","23.673171954802196","0.038651315789473686","100.44832944832945","91.41796443889451","REPLAY"
"2026-09-29T13:35:21.281663","7","2026-09-29T13:35:25.242262","1","0.14638656377792358","0.02733379602432251","5.4475579261779785","-39.46034240722656","53.546627044677734","26.224888888888888","0.03777777777777778","78.54017857142857","82.0534006669259","REPLAY"
"2026-09-29T13:35:21.281663","8","2026-09-29T13:35:25.363508","1","0.1954095959663391","0.02456045150756836","10.655323028564453","-19.507280349731445","63.116546630859375","113.12846597462514","0.028431372549019607","68.6127042861548","39.10970976178901","REPLAY"
"2026-09-29T13:35:21.281663","9","2026-09-29T13:35:25.485409","1","0.4603421688079834","0.047746360301971436","4.725298881530762","-19.8226261138916","65.9469985961914","53.39937897817079","0.03676470588235294","87.22481203007519","27.102836480070128","REPLAY"
"2026-09-29T13:35:21.281663","10","2026-09-29T13:35:25.586976","1","0.1118159294128418","0.2589155435562134","6.001215934753418","-20.93867301940918","64.97856140136719","52.505448090067986","0.04955680902497985","91.7367619047619","33.99379832782495","REPLAY"
"2026-09-29T13:35:21.281663","11","2026-09-29T13:35:25.726122","1","0.3822312355041504","0.8734263181686401","9.059150695800781","-17.938941955566406","67.17904663085938","178.62802775748722","0.08216216216216216","80.7667004048583","46.91587057041443","REPLAY"
"2026-09-29T13:35:21.281663","12","2026-09-29T13:35:25.847847","1","0.4151104688644409","0.7209669351577759","11.748245239257812","-15.482649803161621","66.62751770019531","115.19999311570828","0.07007376185458378","75.41238095238096","51.59464201646578","REPLAY"
"2026-09-29T13:35:21.281663","13","2026-09-29T13:35:26.209074","1","0.6402992010116577","0.11680018901824951","7.605113506317139","-34.03788375854492","64.52608489990234","49.299673745767926","0.012865497076023392","96.74568965517241","41.02855900265961","REPLAY"
"2026-09-29T13:35:21.281663","14","2026-09-29T13:35:30.639687","1","0.8264715671539307","0.18071043491363525","1.020172357559204","59.366825103759766","4.899561405181885","1721.0858001708984","0.18359375","55.5916955017301","44.337484436884985","REPLAY"
"2026-09-29T13:35:21.281663","15","2026-09-29T13:35:30.740232","1","0.9472037553787231","0.22126847505569458","1.59698486328125","61.791019439697266","3.4124038219451904","1347.238021850586","0.2265625","60.18827160493827","44.270824612011296","REPLAY"
"2026-09-29T13:35:21.281663","16","2026-09-29T13:35:30.841907","1","0.9515752792358398","0.23023617267608643","2.6474456787109375","59.624820709228516","3.1441774368286133","1405.312711111111","0.21333333333333335","60.90311418685121","43.5838009650927","REPLAY"
"2026-09-29T13:35:21.281663","17","2026-09-29T13:35:30.978805","1","0.9514423608779907","0.17585158348083496","1.3254083395004272","60.363380432128906","4.132955074310303","1073.1444702148438","0.19921875","57.92901234567901","41.5311636406389","REPLAY"
"2026-09-29T13:35:21.281663","18","2026-09-29T13:35:31.081117","1","0.972050666809082","0.18071043491363525","2.0142343044281006","60.0088996887207","3.5422890186309814","1400.159164428711","0.21484375","60.348765432098766","43.7093228714796","REPLAY"
"2026-09-29T13:35:21.281663","19","2026-09-29T13:35:31.202038","1","0.010038912296295166","0.3970256447792053","0.8255844116210938","60.527400970458984","4.397462368011475","1042.3724975585938","0.20703125","65.70934256055364","44.54691492100813","REPLAY"
"2026-09-29T13:35:21.281663","20","2026-09-29T13:35:31.326869","1","0.020991027355194092","0.22126847505569458","1.28415846824646","79.96791076660156","7.006875514984131","544.3374480669532","0.16608996539792387","74.0387811634349","45.407159461591434","REPLAY"
"2026-09-29T13:35:21.281663","21","2026-09-29T13:35:31.447723","1","0.0","0.8672940731048584","4.030827522277832","66.964111328125","4.070006370544434","1751.581085099481","0.29411764705882354","85.07716049382717","54.44583532768872","REPLAY"
"2026-09-29T13:35:21.281663","22","2026-09-29T13:35:31.560091","1","0.15179461240768433","0.44997191429138184","2.8913118839263916","54.517494201660156","5.430840015411377","1752.718142742544","0.2768166089965398","92.12345679012346","59.70315100480421","REPLAY"
"2026-09-29T13:35:21.281663","23","2026-09-29T13:35:33.250544","1","0.23656463623046875","0.675443172454834","14.882756233215332","-25.83686637878418","70.22119140625","24.454876752264894","0.05468135326514555","150.44389564336373","61.03218372360759","REPLAY"
"2026-09-29T13:35:21.281663","24","2026-09-29T13:35:33.379624","1","0.004562854766845703","0.02363598346710205","5.349322319030762","-21.960323333740234","65.84247589111328","16.06145780709059","0.03683424589347934","146.02190580503833","58.04977034861105","REPLAY"
"2026-09-29T13:35:21.281663","25","2026-09-29T13:35:33.502213","1","0.11876147985458374","0.010436594486236572","0.06427405029535294","-11.451234817504883","57.13353729248047","25.922970518339387","0.06518607442977191","139.85011627906977","58.79696025195689","REPLAY"
"2026-09-29T13:35:21.281663","26","2026-09-29T13:35:33.613550","1","0.9445556402206421","0.026871562004089355","-1.0766363143920898","1.825393795967102","46.01266098022461","25.782420922176858","0.04884465797300389","127.24257535460993","58.32677838286266","REPLAY"
"2026-09-29T13:35:21.281663","27","2026-09-29T13:35:33.762761","1","0.9840072393417358","0.9965211153030396","-2.5261495113372803","9.019495964050293","38.318458557128906","35.6048657630113","0.05403620029065927","125.44098657024793","58.43848419295698","REPLAY"
"2026-09-29T13:35:21.281663","28","2026-09-29T13:35:33.909317","1","0.9947605133056641","0.998312771320343","-5.99053430557251","9.518538475036621","27.892045974731445","46.287565204360234","0.05292054293121855","131.84300595238096","56.178707958344916","REPLAY"
"2026-09-29T13:35:21.281663","29","2026-09-29T13:35:34.020229","1","0.9868497848510742","0.9988862872123718","-5.523273944854736","11.682061195373535","24.30805015563965","76.09925269592426","0.0819277108433735","136.9454887218045","58.358544985986875","REPLAY"
"2026-09-29T13:35:21.281663","30","2026-09-29T13:35:34.142795","1","0.9863588809967041","0.9988862872123718","-7.174539089202881","11.474286079406738","22.793371200561523","49.45518848343465","0.07326603712145881","142.6170112781955","58.05365813751743","REPLAY"
"2026-09-29T13:35:21.281663","31","2026-09-29T13:35:34.263657","1","0.9871754050254822","0.9971305727958679","-8.98656940460205","10.448135375976562","22.776639938354492","51.15222618118298","0.08151845130066546","140.1359265734266","58.53566912658614","REPLAY"
"2026-09-29T13:35:21.281663","32","2026-09-29T13:35:34.378279","1","0.9861093163490295","0.9974306225776672","-8.216728210449219","12.28013801574707","22.098094940185547","34.2234501827058","0.06384754486020308","133.30188172043012","57.71253378252347","REPLAY"
"2026-09-29T13:35:21.281663","33","2026-09-29T13:35:34.507672","1","0.986605703830719","0.997727632522583","-12.06551742553711","12.694005012512207","23.427648544311523","27.271844927335643","0.056","123.09037638043723","56.898762567127704","REPLAY"
"2026-09-29T13:35:21.281663","34","2026-09-29T13:35:34.740894","1","0.9845510721206665","0.9946150779724121","-15.685628890991211","12.431966781616211","27.016023635864258","26.9897059198672","0.03362454286875254","104.14346873755476","58.40322341729593","REPLAY"
"2026-09-29T13:35:21.281663","35","2026-09-29T13:35:34.992085","1","0.9035996794700623","0.9936156272888184","-19.554237365722656","13.27894401550293","27.428142547607422","22.28511077127355","0.0369377990430622","102.24390015015015","56.880357800892895","REPLAY"
"2026-09-29T13:35:21.281663","36","2026-09-29T13:35:35.108123","1","0.9858568906784058","0.9907847046852112","-17.326108932495117","13.696977615356445","27.35504150390625","30.448422255697718","0.039304683727667794","106.55098406747891","57.79396861533184","REPLAY"
"2026-09-29T13:35:21.281663","37","2026-09-29T13:35:35.349757","1","0.05803883075714111","0.006523013114929199","-2.0806779861450195","4.030309677124023","31.60167121887207","27.0192660899654","0.010441176470588235","100.66400336417158","45.47690722907549","REPLAY"
"2026-09-29T13:35:21.281663","38","2026-09-29T13:35:35.474114","1","0.17988473176956177","0.44997191429138184","0.8878467679023743","-0.20087087154388428","25.21201515197754","22.95972372324715","0.01652582159624413","88.89619883040936","53.136676633750476","REPLAY"
"2026-09-29T13:35:21.281663","39","2026-09-29T13:35:35.593415","1","0.04767268896102905","0.021324872970581055","3.534050941467285","-4.971577167510986","16.66558265686035","19.775356437077555","0.026926263463131733","112.77784395473496","79.56598869464011","REPLAY"
"2026-09-29T13:35:21.281663","40","2026-09-29T13:35:35.710011","1","0.020991027355194092","0.0026093721389770508","8.184371948242188","-6.680083751678467","13.08495807647705","24.340110999812694","0.03502235469448584","121.36673773987206","81.91700500837692","REPLAY"
"2026-09-29T13:35:21.281663","41","2026-09-29T13:35:35.831459","1","0.010038912296295166","0.0208626389503479","9.603464126586914","-17.970396041870117","9.859809875488281","34.01489451362728","0.04337957124842371","120.38372652864709","77.03140806565902","REPLAY"
"2026-09-29T13:35:21.281663","42","2026-09-29T13:35:35.951836","1","0.029205143451690674","0.022711515426635742","9.790579795837402","-25.875816345214844","8.100386619567871","27.660179744932055","0.034281716417910446","111.46198439241917","74.42067412786075","REPLAY"
"2026-09-29T13:35:21.281663","43","2026-09-29T13:35:36.070356","1","0.02372908592224121","0.025484859943389893","11.271288871765137","-26.673513412475586","7.952547073364258","27.136415733275037","0.02236024844720497","106.5995696400626","72.5225523704089","REPLAY"
"2026-09-29T13:35:21.281663","44","2026-09-29T13:35:36.198658","1","0.02372908592224121","0.022711515426635742","10.181745529174805","-22.918031692504883","8.699173927307129","25.000468381493974","0.027386541471048513","103.26490188818956","72.73011830298987","REPLAY"
"2026-09-29T13:35:21.281663","45","2026-09-29T13:35:36.320038","1","0.015514969825744629","0.0595439076423645","11.2136812210083","-18.75423812866211","8.242749214172363","30.51368651331925","0.03202778313717924","104.2408367271381","75.2307319313011","REPLAY"
"2026-09-29T13:35:21.281663","46","2026-09-29T13:35:36.433190","1","0.007300853729248047","0.15379184484481812","7.347813606262207","-10.64493179321289","9.438457489013672","30.156295701992562","0.03131115459882583","102.868993993994","73.96816304149168","REPLAY"
"2026-09-29T13:35:21.281663","47","2026-09-29T13:35:36.563379","1","0.062496304512023926","0.4685542583465576","7.658526420593262","-10.872953414916992","11.496683120727539","27.30692077562327","0.027894736842105264","96.66081969978075","69.2120421722424","REPLAY"
"2026-09-29T13:35:21.281663","48","2026-09-29T13:35:36.679581","1","0.5700273513793945","0.2128179669380188","0.6917385458946228","-10.165292739868164","12.397194862365723","29.01386998288783","0.02277174879914606","83.72579541566883","62.61107741495755","REPLAY"
"2026-09-29T13:35:21.281663","49","2026-09-29T13:35:36.821472","1","0.6402992010116577","0.9371852278709412","-1.3971556425094604","-10.65531063079834","11.627511024475098","29.295302665326524","0.02134851449919943","80.82865557865559","63.13681195329437","REPLAY"
"2026-09-29T13:35:21.281663","50","2026-09-29T13:35:36.921587","1","0.6711785793304443","0.9861172437667847","-2.4124104976654053","-9.120689392089844","11.615514755249023","27.553150293333335","0.0256","82.18215994531784","65.71046058633226","REPLAY"
"2026-09-29T13:35:21.281663","51","2026-09-29T13:35:37.041753","1","0.9114788770675659","0.9958990216255188","-3.2188827991485596","-10.348008155822754","11.971159934997559","19.86783332521711","0.025045045045045046","79.58154432132964","63.50957950162949","REPLAY"
"2026-09-29T13:35:21.281663","52","2026-09-29T13:35:37.162167","1","0.9933371543884277","0.9952638149261475","-2.872673749923706","-11.028069496154785","11.86917781829834","26.646305494683872","0.029009009009009008","81.6817867036011","64.07382872126182","REPLAY"
"2026-09-29T13:35:21.281663","53","2026-09-29T13:35:37.287019","1","0.9928528666496277","0.9922314882278442","-4.049356937408447","-9.720781326293945","11.456937789916992","30.06044169987659","0.03141453141453141","88.75118083670715","67.30687370743232","REPLAY"
"2026-09-29T13:35:21.281663","54","2026-09-29T13:35:37.406123","1","0.9974813461303711","0.9929311275482178","-4.170641899108887","-7.885918617248535","10.477641105651855","38.86374930555556","0.038","97.65600253405131","71.49738210152557","REPLAY"
"2026-09-29T13:35:21.281663","55","2026-09-29T13:35:37.518048","1","0.9952254295349121","0.9867727756500244","-5.248408317565918","-2.7577474117279053","10.519965171813965","41.77944313634492","0.043740573152337855","114.93132547650225","76.27591028232246","REPLAY"
"2026-09-29T13:35:21.281663","56","2026-09-29T13:35:37.646957","1","0.9506080746650696","0.26193898916244507","-5.197240829467773","7.403979301452637","9.391929626464844","41.41252596880401","0.04550577627500704","136.78306451612903","73.84605633187213","REPLAY"
"2026-09-29T13:35:21.281663","57","2026-09-29T13:35:37.775509","1","0.986605703830719","0.9946150779724121","-5.521266937255859","10.89898681640625","8.904037475585938","48.49583593089603","0.0646978021978022","154.38158929976396","66.54226878185374","REPLAY"
"2026-09-29T13:35:21.281663","58","2026-09-29T13:35:37.880736","1","0.9928528666496277","0.9962117075920105","-8.472956657409668","12.481864929199219","8.51938247680664","57.14590763117377","0.07417582417582418","156.28927353789666","64.30596597294482","REPLAY"
"2026-09-29T13:35:21.281663","59","2026-09-29T13:35:38.000756","1","0.9928528666496277","0.9974306225776672","-8.692204475402832","12.38543701171875","8.212321281433105","74.39531395838257","0.07173913043478261","151.98702646600935","66.1391680976446","REPLAY"
"2026-09-29T13:35:21.281663","60","2026-09-29T13:35:38.131638","1","0.9923635125160217","0.99802166223526","-8.148035049438477","11.129980087280273","8.357857704162598","76.06618029300567","0.07214673913043479","148.7362480539699","66.89878884689809","REPLAY"
"2026-09-29T13:35:21.281663","61","2026-09-29T13:35:38.250943","1","0.007300853729248047","0.000652611255645752","-6.76646614074707","12.072226524353027","8.145092010498047","81.99948399363642","0.07150997150997151","145.1668956043956","66.83094160452437","REPLAY"
"2026-09-29T13:35:21.281663","62","2026-09-29T13:35:38.371870","1","0.015514969825744629","0.012393414974212646","-6.7649736404418945","12.90510082244873","8.56786823272705","79.43193886921159","0.07792207792207792","139.84615384615384","67.98314768054306","REPLAY"
"2026-09-29T13:35:21.281663","63","2026-09-29T13:35:38.490299","1","0.012776970863342285","0.6528555154800415","-7.077017784118652","12.851313591003418","8.410151481628418","79.56838286719989","0.0813164108618654","138.69729344729345","67.03794450958789","REPLAY"
"2026-09-29T13:35:21.281663","64","2026-09-29T13:35:38.612578","1","0.02372908592224121","0.9847822189331055","-7.3749542236328125","12.554525375366211","9.050848960876465","66.44135701583119","0.07932489451476793","133.07527472527474","67.53613069387636","REPLAY"
"2026-09-29T13:35:21.281663","65","2026-09-29T13:35:38.734346","1","0.8997346758842468","0.994285523891449","-4.060077667236328","11.027305603027344","9.179117202758789","43.827352781227425","0.08190883190883191","131.13392857142858","68.48141283441143","REPLAY"
"2026-09-29T13:35:21.281663","66","2026-09-29T13:35:38.860054","1","0.1407354474067688","0.9351650476455688","-4.0196661949157715","7.1794514656066895","9.137625694274902","30.66060472516655","0.06160287081339713","127.53504273504274","72.87423735458518","REPLAY"
"2026-09-29T13:35:21.281663","67","2026-09-29T13:35:38.978739","1","0.05671572685241699","0.0264093279838562","-1.2959718704223633","2.3428092002868652","9.700352668762207","33.7280362686251","0.048403361344537814","125.48339719029374","78.66739953684433","REPLAY"
"2026-09-29T13:35:21.281663","68","2026-09-29T13:35:39.093654","1","0.060685038566589355","0.0595439076423645","-1.6937105655670166","-1.4489247798919678","9.095260620117188","45.65569530569567","0.06344126506024096","129.48647186147187","80.78872222072388","REPLAY"
"2026-09-29T13:35:21.281663","69","2026-09-29T13:35:39.217513","1","0.9956856369972229","0.9958990216255188","-2.4380433559417725","-1.929195761680603","8.79991626739502","68.09339301339341","0.06133014735165273","132.52342704149933","82.22722992892189","REPLAY"
"2026-09-29T13:35:21.281663","70","2026-09-29T13:35:39.339868","1","0.9987824559211731","0.9965211153030396","-1.238215684890747","-1.5998097658157349","8.914325714111328","48.45545854710797","0.06451612903225806","133.7540638745458","83.18817618817215","REPLAY"
"2026-09-29T13:35:21.281663","71","2026-09-29T13:35:39.454580","1","0.9970390796661377","0.9952638149261475","-1.491220474243164","-1.5005989074707031","8.722747802734375","35.89665339978584","0.06825396825396825","141.50077160493828","81.19963775931595","REPLAY"
"2026-09-29T13:35:21.281663","72","2026-09-29T13:35:39.576688","1","0.9974813461303711","0.9968274235725403","-1.964741826057434","-1.266469955444336","8.819867134094238","67.72458177516909","0.06310483870967742","145.71564072783585","83.95219137548392","REPLAY"
"2026-09-29T13:35:21.281663","73","2026-09-29T13:35:39.701534","1","0.9956856369972229","0.9971305727958679","-1.034378170967102","-1.3582772016525269","9.120329856872559","57.56938721949745","0.050204918032786885","150.48935346496322","69.59965283871165","REPLAY"
"2026-09-29T13:35:21.281663","74","2026-09-29T13:35:39.805406","1","0.05539274215698242","0.3436095714569092","3.212733507156372","-15.094780921936035","50.369415283203125","62.327172768362324","0.08418584825234442","106.77967806841046","57.34363876611436","REPLAY"
"2026-09-29T13:35:21.281663","75","2026-09-29T13:35:39.940209","1","0.074978768825531","0.15379184484481812","4.5851545333862305","-14.74941349029541","50.8590202331543","51.940662754521654","0.06664198445020363","99.90256045519203","57.956700438640006","REPLAY"
"2026-09-29T13:35:21.281663","76","2026-09-29T13:35:40.063920","1","0.026467084884643555","0.02456045150756836","2.543901205062866","-15.52363109588623","50.58046340942383","42.60628080315256","0.06045662100456621","103.85889785889786","58.96880411306935","REPLAY"
"2026-09-29T13:35:21.281663","77","2026-09-29T13:35:40.182520","1","0.026467084884643555","0.22126847505569458","3.4729700088500977","-15.271527290344238","50.14592361450195","66.00400154291081","0.07374517374517374","107.9524882629108","60.430165304962316","REPLAY"
"2026-09-29T13:35:21.281663","78","2026-09-29T13:35:40.303169","1","0.05671572685241699","0.47919273376464844","2.8073699474334717","-15.804032325744629","49.94318771362305","64.35232490648035","0.07769973661106233","115.85010351966874","61.690111611097755","REPLAY"
"2026-09-29T13:35:21.281663","79","2026-09-29T13:35:40.424454","1","0.05671572685241699","0.025484859943389893","4.423470973968506","-16.630569458007812","50.03031921386719","101.91706597222222","0.09333333333333334","123.64015049717818","58.513231118617966","REPLAY"
"2026-09-29T13:35:21.281663","80","2026-09-29T13:35:40.546466","1","0.0873914361000061","0.44997191429138184","2.0342965126037598","-14.64286994934082","49.14970397949219","119.0288496162928","0.08279220779220779","125.49353448275862","56.87951753353163","REPLAY"
"2026-09-29T13:35:21.281663","81","2026-09-29T13:35:40.797281","1","0.007300853729248047","0.022249281406402588","5.625644207000732","-17.885828018188477","49.13847351074219","63.951223706470046","0.0748587570621469","127.49617486338798","57.79238076931781","REPLAY"
"2026-09-29T13:35:50.528220","6","2026-09-29T13:35:53.048193","1","0.29744672775268555","0.025947093963623047","8.049297332763672","4.127150058746338","2.5994656085968018","229.01873263888888","0.20416666666666666","119.45640074211502","82.90126148991118","REPLAY"
"2026-09-29T13:35:50.528220","7","2026-09-29T13:35:53.153514","1","0.48699647188186646","0.10733461380004883","6.326222896575928","3.31295108795166","3.166438102722168","469.56723255751103","0.15966386554621848","147.04849498327758","77.24027136893226","REPLAY"
"2026-09-29T13:35:50.528220","8","2026-09-29T13:35:53.282591","1","0.8114630579948425","0.6171776056289673","6.836181163787842","2.755704879760742","2.973886489868164","118.41105372190029","0.083994708994709","187.63300492610838","58.68756125990788","REPLAY"
"2026-09-29T13:35:50.528220","9","2026-09-29T13:35:53.415263","1","0.5627611875534058","0.5413478016853333","7.437580585479736","5.453328609466553","2.623220920562744","296.6863484567381","0.06948051948051948","199.3738656987296","50.560111097976005","REPLAY"
"2026-09-29T13:35:50.528220","10","2026-09-29T13:35:53.533848","1","0.7734758257865906","0.623405933380127","7.492217063903809","6.123025417327881","2.8970398902893066","200.3687046835195","0.07936507936507936","203.3786945812808","50.66236216529784","REPLAY"
"2026-09-29T13:35:50.528220","11","2026-09-29T13:35:53.651161","1","0.5776406526565552","0.23023617267608643","5.335371971130371","8.360822677612305","4.941854476928711","167.85520138553434","0.11045258620689655","192.8378787878788","60.573800713461864","REPLAY"
"2026-09-29T13:35:50.528220","12","2026-09-29T13:35:53.771336","1","0.7659553289413452","0.4685542583465576","3.2219879627227783","0.6556798815727234","4.003637790679932","258.9589939393939","0.09151515151515152","203.9071873231466","58.64192501922958","REPLAY"
"2026-09-29T13:35:50.528220","13","2026-09-29T13:35:53.893029","1","0.5627611875534058","0.8661791086196899","4.606557369232178","4.053957462310791","2.5042107105255127","285.34162075571413","0.09195402298850575","207.73172043010752","58.211336924197944","REPLAY"
"2026-09-29T13:35:50.528220","14","2026-09-29T13:35:54.013949","1","0.8114630579948425","0.9488520622253418","4.603010654449463","4.055922031402588","4.882216453552246","308.79818114177965","0.09880636604774536","207.6395061728395","59.75819315490432","REPLAY"
"2026-09-29T13:35:50.528220","15","2026-09-29T13:35:54.151304","1","0.9837305545806885","0.9915161728858948","2.053539991378784","3.3569817543029785","5.1601128578186035","330.2087712363591","0.10788690476190477","206.66689655172414","61.07827714207788","REPLAY"
"2026-09-29T13:35:50.528220","16","2026-09-29T13:35:54.255641","1","0.947841465473175","0.9952638149261475","6.973090648651123","4.7435102462768555","5.113149642944336","89.10620125878872","0.07370283018867925","218.16914600550965","45.86578258591424","REPLAY"
"2026-09-29T13:35:50.528220","17","2026-09-29T13:35:54.375491","1","0.9903543591499329","0.994285523891449","-1.1670598983764648","-0.7702264189720154","-2.3272812366485596","3.523844231570179","0.002186588921282799","235.02418300653594","10.765112655068572","REPLAY"
"2026-09-29T13:35:50.528220","18","2026-09-29T13:35:54.514238","1","0.9898386597633362","0.9958990216255188","-0.9098045229911804","-0.7217115759849548","-3.806756019592285","1.8779144636507874","0.0","236.6396103896104","6.181296871776353","REPLAY"
"2026-09-29T13:35:50.528220","19","2026-09-29T13:35:54.618489","1","0.015514969825744629","0.006523013114929199","0.30379071831703186","0.5995652079582214","-1.8287726640701294","43.37391270302499","0.04189560439560439","229.8383647798742","38.335538299300325","REPLAY"
"2026-09-29T13:35:50.528220","20","2026-09-29T13:35:54.740746","1","0.012776970863342285","0.004566192626953125","0.07005415111780167","0.7127638459205627","-1.4902217388153076","135.8711","0.0875","221.5990675990676","53.44932112946388","REPLAY"
"2026-09-29T13:35:50.528220","21","2026-09-29T13:35:54.863142","1","0.018253028392791748","0.004566192626953125","-1.1161128282546997","0.39875906705856323","-0.07917872816324234","240.92922839506173","0.07833333333333334","214.32793522267207","57.311853323411434","REPLAY"
"2026-09-29T13:35:50.528220","22","2026-09-29T13:35:54.979624","1","0.651045560836792","0.9861172437667847","-2.1452231407165527","0.17347857356071472","-0.27411535382270813","214.18706707909087","0.08144796380090498","214.72259615384615","55.57062786869987","REPLAY"
"2026-09-29T13:35:50.528220","23","2026-09-29T13:35:55.099830","1","0.02372908592224121","0.010436594486236572","1.205561637878418","0.38402843475341797","-0.32974568009376526","434.26914518865567","0.08630393996247655","201.15445370776658","59.99664182607068","REPLAY"
"2026-09-29T13:35:50.528220","24","2026-09-29T13:35:55.221371","1","0.026467084884643555","0.02363598346710205","-2.4359045028686523","-1.3048675060272217","-0.16470849514007568","513.3156933797484","0.09243697478991597","199.3080298376481","59.77126123494139","REPLAY"
"2026-09-29T13:35:50.528220","25","2026-09-29T13:35:55.341580","1","0.7952913045883179","0.9876855611801147","-3.0852067470550537","-1.377073049545288","0.21773545444011688","344.1797759406493","0.0779874213836478","200.76871552403466","57.92518896092978","REPLAY"
"2026-09-29T13:35:50.528220","26","2026-09-29T13:35:55.462333","1","0.9887905716896057","0.9952638149261475","-2.438857316970825","-1.3944463729858398","0.3617178201675415","330.2247648834019","0.09111111111111111","194.101247771836","65.8708000399897","REPLAY"
"2026-09-29T13:35:50.528220","27","2026-09-29T13:35:55.584219","1","0.9828804135322571","0.9958990216255188","-1.6354725360870361","0.19989371299743652","0.5439607501029968","282.16100035599857","0.09119496855345911","191.05555555555554","67.1046147518012","REPLAY"
"2026-09-29T13:35:50.528220","28","2026-09-29T13:35:55.703914","1","0.026467084884643555","0.16679900884628296","-1.4852670431137085","7.316928386688232","-0.33923953771591187","252.31789588142885","0.08925619834710743","193.1114188981225","64.74208999401017","REPLAY"
"2026-09-29T13:35:50.528220","29","2026-09-29T13:35:55.823052","1","0.001824796199798584","0.008479773998260498","2.2942116260528564","18.117280960083008","-1.612591028213501","223.04426378331945","0.09789540816326531","198.93014268727705","60.18826632286637","REPLAY"
"2026-09-29T13:35:50.528220","30","2026-09-29T13:35:55.961531","1","0.007300853729248047","0.026871562004089355","2.9425854682922363","46.565093994140625","-3.7342529296875","211.42968621633042","0.0858948577994829","201.7511111111111","56.80899526668184","REPLAY"
"2026-09-29T13:35:50.528220","31","2026-09-29T13:35:56.065555","1","0.015514969825744629","0.6806507110595703","-2.5925350189208984","57.24868392944336","-2.7165539264678955","232.4981566121819","0.08655753968253968","194.10024038461538","63.663250176370504","REPLAY"
"2026-09-29T13:35:50.528220","32","2026-09-29T13:35:56.550633","1","0.029205143451690674","0.7588732242584229","-0.8428166508674622","64.3075942993164","-2.2950570583343506","226.7119610424846","0.08502824858757062","198.90464480874317","67.15545891054472","REPLAY"
"2026-09-29T13:35:50.528220","33","2026-09-29T13:35:56.669869","1","0.026467084884643555","0.623405933380127","-3.6880064010620117","52.569557189941406","-0.0436413437128067","227.61810531576435","0.09523809523809523","197.5463733650416","63.30010285872225","REPLAY"
"2026-09-29T13:35:50.528220","34","2026-09-29T13:35:56.790896","1","0.004562854766845703","0.022711515426635742","-0.5627954006195068","44.875091552734375","-1.0621373653411865","172.90930858810006","0.08412604042806184","192.69265536723165","61.407115124098425","REPLAY"
"2026-09-29T13:35:50.528220","35","2026-09-29T13:35:56.912054","1","0.001824796199798584","0.006523013114929199","4.55942440032959","20.390382766723633","-2.127819538116455","156.7777513602178","0.09853490376328641","184.92944444444444","66.5048955568287","REPLAY"
"2026-09-29T13:35:50.528220","36","2026-09-29T13:35:57.035213","1","0.010038912296295166","0.008479773998260498","3.206547260284424","14.763847351074219","-1.2152307033538818","119.91975802469136","0.09638888888888889","173.10696049449072","74.08850839354533","REPLAY"
"2026-09-29T13:35:50.528220","37","2026-09-29T13:35:57.156130","1","0.5554949641227722","0.029933273792266846","3.031477689743042","9.024907112121582","-1.0508310794830322","83.99578117951913","0.09016393442622951","166.39415322580646","76.43372488955805","REPLAY"
"2026-09-29T13:35:50.528220","38","2026-09-29T13:35:57.335751","1","0.8264715671539307","0.5043434500694275","2.3870670795440674","6.475447177886963","-0.5438515543937683","128.02159362965378","0.08566895822316235","165.7042076089695","76.84272194083594","REPLAY"
"2026-09-29T13:35:50.528220","39","2026-09-29T13:35:57.575757","1","0.9842807650566101","0.7962261438369751","2.5236876010894775","5.032789707183838","0.8183820247650146","138.30225581229536","0.08014571948998178","165.4029737903226","76.28113233579298","REPLAY"
"2026-09-29T13:35:50.528220","40","2026-09-29T13:35:57.734083","1","0.05803883075714111","0.02502262592315674","2.6393625736236572","-1.2724833488464355","2.0807135105133057","97.77794813865508","0.07702315899037211","160.34803427419354","75.85858747376565","REPLAY"
"2026-09-29T13:35:50.528220","41","2026-09-29T13:35:57.850584","1","0.1603792905807495","0.02502262592315674","1.8005788326263428","-8.392173767089844","2.921628952026367","91.86462387911664","0.06424275560415528","152.78968253968253","73.27173061492836","REPLAY"
"2026-09-29T13:35:50.528220","42","2026-09-29T13:35:57.959588","1","0.1954095959663391","0.025947093963623047","2.6037299633026123","-16.814638137817383","2.8603293895721436","90.96820668927897","0.05084745762711865","138.73785310734462","66.53083208550547","REPLAY"
"2026-09-29T13:35:50.528220","43","2026-09-29T13:35:58.067788","1","0.074978768825531","0.15379184484481812","3.185192823410034","-21.513782501220703","3.046407461166382","79.80880285864282","0.04698216735253772","141.1146103896104","62.31314546887219","REPLAY"
"2026-09-29T13:35:50.528220","44","2026-09-29T13:35:58.181106","1","0.27911096811294556","0.004566192626953125","7.639594078063965","-29.83201789855957","4.540568828582764","55.004522770669254","0.03053173241852487","144.64285714285714","59.86362446123418","REPLAY"
"2026-09-29T13:35:50.528220","45","2026-09-29T13:35:58.329692","1","0.3822312355041504","0.22126847505569458","5.773104190826416","-63.42029571533203","5.826155185699463","94.70057881394234","0.039716748768472906","150.56052631578947","59.56369746635397","REPLAY"
"2026-09-29T13:35:50.528220","46","2026-09-29T13:35:58.444797","1","0.6711785793304443","0.1860300898551941","5.898390769958496","-63.182403564453125","6.0049848556518555","76.45727544902563","0.03253588516746411","157.80611010284332","55.9654058640848","REPLAY"
"2026-09-29T13:35:50.528220","47","2026-09-29T13:35:58.561979","1","0.7466771602630615","0.5363578200340271","6.633939266204834","-63.02995681762695","6.7437286376953125","84.60018222824108","0.037698412698412696","162.8617554858934","53.37362255252203","REPLAY"
"2026-09-29T13:35:50.528220","48","2026-09-29T13:35:58.691170","1","0.6617919206619263","0.6832545399665833","5.602631568908691","-51.33833312988281","7.267005920410156","99.16298446745562","0.037307692307692306","157.43269230769232","54.08863307118519","REPLAY"
"2026-09-29T13:35:50.528220","49","2026-09-29T13:35:58.803242","1","0.17988473176956177","0.0026093721389770508","2.806597948074341","-49.820892333984375","5.007306098937988","110.06996858037068","0.045454545454545456","148.51256613756613","58.91566343212767","REPLAY"
"2026-09-29T13:35:50.528220","50","2026-09-29T13:35:58.929789","1","0.15823310613632202","0.006523013114929199","6.838561058044434","-25.816835403442383","4.179055690765381","120.46875513965875","0.045965608465608467","145.78352130325814","61.43649402942843","REPLAY"
"2026-09-29T13:35:50.528220","51","2026-09-29T13:35:59.049600","1","0.015514969825744629","0.000652611255645752","4.024096965789795","-19.04555320739746","3.3594279289245605","138.8099250706459","0.06567796610169492","147.34561403508772","62.93583821818299","REPLAY"
"2026-09-29T13:35:50.528220","52","2026-09-29T13:35:59.176930","1","0.026467084884643555","0.021324872970581055","1.4930920600891113","-13.473601341247559","3.330098867416382","126.93175112069893","0.06813125695216908","159.439332795265","64.81484477069071","REPLAY"
"2026-09-29T13:35:50.528220","53","2026-09-29T13:35:59.293163","1","0.18340229988098145","0.0888165831565857","1.4358042478561401","-6.285224437713623","2.096144437789917","157.21466055686224","0.08050847457627118","171.0346153846154","64.47346169792353","REPLAY"
"2026-09-29T13:35:50.528220","54","2026-09-29T13:35:59.410189","1","0.2853690981864929","0.0888165831565857","2.753481388092041","-1.658890724182129","0.9043951034545898","147.76193337702372","0.08187134502923976","175.27674788135593","63.80950570770012","REPLAY"
"2026-09-29T13:35:50.528220","55","2026-09-29T13:35:59.534058","1","0.7634485363960266","0.6963686943054199","1.169724464416504","-0.08646766096353531","0.433805376291275","194.75602160941347","0.09018640350877193","170.59522546419097","64.35612191650605","REPLAY"
"2026-09-29T13:35:50.528220","56","2026-09-29T13:35:59.655530","1","0.9877196550369263","0.9867727756500244","2.524031162261963","1.2889695167541504","-0.19564153254032135","158.64146882660535","0.08872767857142858","164.062599469496","65.89289441880153","REPLAY"
"2026-09-29T13:35:50.528220","57","2026-09-29T13:35:59.775646","1","0.986605703830719","0.9841023683547974","0.5950440764427185","1.0694527626037598","-0.1914551854133606","148.03632527550235","0.0907431551499348","160.0919191919192","66.80181101514057","REPLAY"
"2026-09-29T13:35:50.528220","58","2026-09-29T13:35:59.891734","1","0.9868497848510742","0.9915161728858948","2.5163588523864746","1.2547039985656738","-0.263967365026474","175.21232571991888","0.0901386748844376","163.0952736318408","66.19863541565849","REPLAY"
"2026-09-29T13:35:50.528220","59","2026-09-29T13:36:00.018458","1","0.9858568906784058","0.9911525249481201","2.6837399005889893","0.9675275683403015","0.19082152843475342","134.50461076103753","0.081877444589309","166.63484848484848","65.0444991247622","REPLAY"
"2026-09-29T13:35:50.528220","60","2026-09-29T13:36:00.130259","1","0.001824796199798584","0.000652611255645752","3.588685989379883","0.9847484827041626","0.4691089987754822","149.22801225309058","0.08222336065573771","165.89776674937966","66.71397017381399","REPLAY"
"2026-09-29T13:35:50.528220","61","2026-09-29T13:36:00.249335","1","0.27598196268081665","0.8745412826538086","4.230113983154297","0.271415114402771","0.7024428248405457","103.90776165428557","0.08258928571428571","162.64086174242425","67.23517105021251","REPLAY"
"2026-09-29T13:35:50.528220","62","2026-09-29T13:36:00.380006","1","0.9952254295349121","0.997727632522583","6.063756942749023","1.6414756774902344","1.3485591411590576","111.36887666398235","0.08710059171597632","156.17345092718227","69.66428504182544","REPLAY"
"2026-09-29T13:35:50.528220","63","2026-09-29T13:36:00.493699","1","0.9961413145065308","0.998600959777832","8.790267944335938","2.5639116764068604","1.501044750213623","96.25282595697144","0.0773405698778833","153.01555839727195","68.00697312711695","REPLAY"
"2026-09-29T13:35:50.528220","64","2026-09-29T13:36:00.615982","1","0.9983530044555664","0.998312771320343","10.00052547454834","2.907846450805664","1.5464619398117065","114.29100099205596","0.07943067033976126","147.72198707952774","68.39584612030647","REPLAY"
"2026-09-29T13:35:50.528220","65","2026-09-29T13:36:00.740839","1","0.9965924024581909","0.998312771320343","10.405878067016602","2.8253159523010254","1.3902966976165771","104.13334188578831","0.07644970414201184","141.31519742883378","69.0423278062784","REPLAY"
"2026-09-29T13:35:50.528220","66","2026-09-29T13:36:00.845817","1","0.9970390796661377","0.9988862872123718","11.251312255859375","2.8208394050598145","1.4032090902328491","97.40090355379714","0.07550295857988165","138.28558310376494","69.16777810288757","REPLAY"
"2026-09-29T13:35:50.528220","67","2026-09-29T13:36:00.972877","1","0.9965924024581909","0.998312771320343","10.472577095031738","2.736605644226074","1.2997900247573853","106.16122821514423","0.07740384615384616","135.23519813519815","68.64416148233893","REPLAY"
"2026-09-29T13:35:50.528220","68","2026-09-29T13:36:01.085705","1","0.9970390796661377","0.998600959777832","11.164410591125488","2.8170554637908936","1.103817105293274","140.94459438323975","0.07958984375","132.7301775147929","68.99797510512568","REPLAY"
"2026-09-29T13:35:50.528220","69","2026-09-29T13:36:01.199619","1","0.9965924024581909","0.998312771320343","10.053268432617188","2.6677560806274414","1.147243618965149","99.44143295288086","0.07470703125","133.17704142011834","68.41844723908714","REPLAY"
"2026-09-29T13:35:50.528220","70","2026-09-29T13:36:01.318959","1","0.9956856369972229","0.99802166223526","9.540386199951172","2.6104462146759033","1.0232508182525635","110.77283835411072","0.0791015625","134.4881118881119","68.20311754816038","REPLAY"
"2026-09-29T13:35:50.528220","71","2026-09-29T13:36:01.429226","1","0.08553206920623779","0.004566192626953125","10.336008071899414","2.845179557800293","1.2537145614624023","104.22512000799179","0.072265625","137.890675990676","66.82868842081622","REPLAY"
"2026-09-29T13:35:50.528220","72","2026-09-29T13:36:01.551731","1","0.010038912296295166","0.0026093721389770508","9.270904541015625","2.5160067081451416","1.213996171951294","130.0202379669764","0.08662851196670135","143.17183169564123","65.02623617414709","REPLAY"
"2026-09-29T13:35:50.528220","73","2026-09-29T13:36:01.673133","1","0.015514969825744629","0.008479773998260498","7.149787425994873","2.4318044185638428","0.6025859117507935","98.93699512795445","0.08448540706605223","145.68644688644687","64.30299042982278","REPLAY"
"2026-09-29T13:35:50.528220","74","2026-09-29T13:36:01.788953","1","0.026467084884643555","0.010436594486236572","5.117580890655518","2.5928308963775635","0.24104486405849457","138.24463536678144","0.08232445520581114","148.49718237704917","63.51796402873824","REPLAY"
"2026-09-29T13:35:50.528220","75","2026-09-29T13:36:01.920476","1","0.15179461240768433","0.023173749446868896","1.7507169246673584","2.658949851989746","-0.6499789953231812","88.12195096898272","0.06747638326585695","152.1959424756035","61.42592027420848","REPLAY"
"2026-09-29T13:35:50.528220","76","2026-09-29T13:36:02.038235","1","0.9871754050254822","0.8628342747688293","-0.8218989968299866","2.501246929168701","-1.5357187986373901","101.79605187866646","0.06556473829201102","155.8164440953129","60.882736475639746","REPLAY"
"2026-09-29T13:35:50.528220","77","2026-09-29T13:36:02.156714","1","0.990864634513855","0.9925832152366638","-1.2113304138183594","2.4255807399749756","-1.4443347454071045","102.63245842828499","0.0688111888111888","159.40449134199133","61.83163908859253","REPLAY"
"2026-09-29T13:35:50.528220","78","2026-09-29T13:36:02.283384","1","0.9903543591499329","0.994285523891449","-2.7972097396850586","1.819777250289917","-1.3623324632644653","104.76057140490829","0.06790123456790123","164.05463752665244","61.74337710248769","REPLAY"
"2026-09-29T13:35:50.528220","79","2026-09-29T13:36:02.422272","1","0.9882580041885376","0.9925832152366638","-3.043520450592041","2.7118759155273438","-1.3898316621780396","129.34212247470325","0.06923076923076923","168.8804713804714","62.01518378031639","REPLAY"
"2026-09-29T13:35:50.528220","80","2026-09-29T13:36:02.565184","1","0.9938164353370667","0.9952638149261475","-5.259147644042969","3.0392956733703613","-1.2159351110458374","154.02423103329343","0.06855867346938775","174.6243076923077","62.55659906084385","REPLAY"
"2026-09-29T13:35:50.528220","81","2026-09-29T13:36:02.680651","1","0.9947605133056641","0.9962117075920105","-6.507654190063477","3.4643330574035645","-1.2005234956741333","113.02362304263646","0.07096354166666667","177.00565149136577","62.87435802787182","REPLAY"
"2026-09-29T13:35:50.528220","82","2026-09-29T13:36:02.803789","1","0.9974813461303711","0.9958990216255188","-7.496601104736328","3.7091422080993652","-1.0842221975326538","109.16784758527898","0.07341269841269842","177.589375","63.482099934622376","REPLAY"
"2026-09-29T13:35:50.528220","83","2026-09-29T13:36:02.921985","1","0.9952254295349121","0.9958990216255188","-6.508110046386719","3.1671173572540283","-0.8144998550415039","122.30119825204866","0.07497467071935157","178.75032552083334","63.047584283686994","REPLAY"
"2026-09-29T13:35:50.528220","84","2026-09-29T13:36:03.047248","1","0.9947605133056641","0.9958990216255188","-6.388681411743164","3.2498488426208496","-0.6469733119010925","160.1063525879441","0.07625948930296757","177.341796875","63.360716856118664","REPLAY"
"2026-09-29T13:35:50.528220","85","2026-09-29T13:36:03.160805","1","0.9961413145065308","0.9958990216255188","-6.213598251342773","3.0137364864349365","-0.7361933588981628","157.6781537301611","0.07763975155279502","177.69780585106383","62.77072299566478","REPLAY"
"2026-09-29T13:35:50.528220","86","2026-09-29T13:36:03.288764","1","0.9877196550369263","0.9929311275482178","-6.004077911376953","2.9728097915649414","-0.6346027851104736","174.01142359905526","0.0790200138026225","177.19148936170214","62.85404430118907","REPLAY"
"2026-09-29T13:35:50.528220","87","2026-09-29T13:36:03.408538","1","0.9868497848510742","0.9936156272888184","-6.0089240074157715","2.645589828491211","-0.6031816601753235","123.78090986457349","0.07302989130434782","176.13126022913258","62.785631088993966","REPLAY"
"2026-09-29T13:35:50.528220","88","2026-09-29T13:36:03.525538","1","0.9868497848510742","0.9929311275482178","-6.767287254333496","3.6055080890655518","-0.33662983775138855","162.75619616445385","0.07608695652173914","173.9573717948718","62.933036579308144","REPLAY"
"2026-09-29T13:35:50.528220","89","2026-09-29T13:36:03.651416","1","0.9868497848510742","0.6963686943054199","-0.7149637937545776","1.7495676279067993","0.6664107441902161","192.50092581367946","0.10849567099567099","158.2161605764282","62.966497691042164","REPLAY"
"2026-09-29T13:35:50.528220","90","2026-09-29T13:36:03.770789","1","0.9903543591499329","0.767783522605896","-0.3016786277294159","1.7791355848312378","0.698596715927124","189.292519861767","0.10768398268398269","157.31137416366442","63.850066504309375","REPLAY"
"2026-09-29T13:35:50.528220","91","2026-09-29T13:36:03.884661","1","0.9903543591499329","0.767783522605896","-0.5463932156562805","1.7536743879318237","0.7311781644821167","153.05803505544782","0.10795454545454546","157.91100405679512","63.38755949224857","REPLAY"
"2026-09-29T13:35:50.528220","92","2026-09-29T13:36:04.014047","1","0.986605703830719","0.8639492392539978","-0.862877368927002","1.821384072303772","0.6982390284538269","144.012068545674","0.10874200426439233","158.4727636181909","62.042467302116","REPLAY"
"2026-09-29T13:35:50.528220","93","2026-09-29T13:36:04.146211","1","0.986605703830719","0.8650642037391663","-0.0864759013056755","1.7106907367706299","0.40092965960502625","123.8535428547162","0.11206896551724138","154.36481481481482","61.41943882604633","REPLAY"
"2026-09-29T13:35:50.528220","94","2026-09-29T13:36:04.247389","1","0.9871754050254822","0.6832545399665833","-0.6242022514343262","1.212557077407837","0.31825801730155945","73.37305675937995","0.10348770726129217","163.00953159041396","60.92495264407307","REPLAY"
"2026-09-29T13:35:50.528220","95","2026-09-29T13:36:04.377237","1","0.12273192405700684","0.02456045150756836","-0.3235374689102173","0.8663713335990906","-0.18327596783638","54.12721390121631","0.06634615384615385","167.24855315260433","62.207574027694136","REPLAY"
"2026-09-29T13:35:50.528220","96","2026-09-29T13:36:04.492753","1","0.9856016635894775","0.6702355742454529","0.060557249933481216","1.5663657188415527","-0.4664055407047272","60.76789109131084","0.09438131313131314","154.7997014925373","64.35312700354798","REPLAY"
"2026-09-29T13:35:50.528220","97","2026-09-29T13:36:04.715508","1","0.9903543591499329","0.7252373695373535","0.388741672039032","1.1517229080200195","-0.47268781065940857","178.5653594771242","0.09775086505190311","150.05274725274725","66.11827953037645","REPLAY"
"2026-09-29T13:36:10.306428","10","2026-09-29T13:36:13.303508","1","0.947841465473175","0.9922314882278442","-4.93844747543335","-11.967073440551758","3.1060872077941895","2.2477699610682333","0.0","222.83040935672514","6.409323376786539","REPLAY"
"2026-09-29T13:36:10.306428","11","2026-09-29T13:36:13.424380","1","0.9828804135322571","0.994285523891449","-8.570314407348633","-14.447145462036133","4.811990261077881","20.675795146961907","0.020937188434695914","222.37543859649122","23.623904639616","REPLAY"
"2026-09-29T13:36:10.306428","12","2026-09-29T13:36:13.579927","1","0.9493870735168457","0.9929311275482178","-8.007598876953125","-15.312488555908203","8.039556503295898","16.14142794154699","0.050793650793650794","211.5987215909091","44.030966938077015","REPLAY"
"2026-09-29T13:36:10.306428","13","2026-09-29T13:36:13.710816","1","0.9961413145065308","0.9915161728858948","-5.179481029510498","-9.772811889648438","6.422348976135254","30.06281272888889","0.042133333333333335","204.94420394420393","47.04911072934425","REPLAY"
"2026-09-29T13:36:10.306428","14","2026-09-29T13:36:13.826526","1","0.9942908883094788","0.9958990216255188","-4.701066017150879","-7.9191670417785645","4.231386184692383","18.60806425095739","0.06021341463414634","161.25595238095238","64.69270687730247","REPLAY"
"2026-09-29T13:36:10.306428","15","2026-09-29T13:36:13.962471","1","0.9858568906784058","0.9958990216255188","-5.237573146820068","-5.0836029052734375","5.104953289031982","35.68785604688159","0.06591119333950046","150.90382110290926","64.75718431727053","REPLAY"
"2026-09-29T13:36:10.306428","16","2026-09-29T13:36:14.068106","1","0.986605703830719","0.9946150779724121","-3.1349446773529053","-3.5612645149230957","5.9882354736328125","52.83188678813611","0.06591177961804968","150.2210817855979","62.04248509159133","REPLAY"
"2026-09-29T13:36:10.306428","17","2026-09-29T13:36:14.187566","1","0.9903543591499329","0.9955831170082092","-4.867791175842285","-2.6787350177764893","6.337028503417969","48.80022978245057","0.05971244131455399","149.29515605140517","60.44374710909885","REPLAY"
"2026-09-29T13:36:10.306428","18","2026-09-29T13:36:14.321462","1","0.9903543591499329","0.9958990216255188","-3.2748851776123047","-3.941164016723633","6.637357711791992","36.27755748071938","0.0565410199556541","136.27698795180723","64.66374396598646","REPLAY"
"2026-09-29T13:36:10.306428","19","2026-09-29T13:36:14.432061","1","0.9913694858551025","0.994285523891449","-3.849818706512451","-4.023894309997559","6.971983432769775","60.56415115429621","0.07011022814662907","130.4093984962406","65.97777355593011","REPLAY"
"2026-09-29T13:36:10.306428","20","2026-09-29T13:36:14.550334","1","0.9956856369972229","0.9952638149261475","-2.945563316345215","-4.05866003036499","6.914735317230225","60.177040078726876","0.07610907610907611","128.16042430591932","65.64995039950504","REPLAY"
"2026-09-29T13:36:10.306428","21","2026-09-29T13:36:14.673039","1","0.010038912296295166","0.019214868545532227","-0.3142435848712921","-1.1488194465637207","5.291452407836914","62.423902531998294","0.06769181991122385","136.68537414965985","62.05223617971642","REPLAY"
"2026-09-29T13:36:10.306428","22","2026-09-29T13:36:14.792790","1","0.010038912296295166","0.004566192626953125","0.26222652196884155","1.5234105587005615","2.8335800170898438","51.92680229871288","0.0804299481097109","143.95135230066737","55.50636641984777","REPLAY"
"2026-09-29T13:36:10.306428","23","2026-09-29T13:36:14.913234","1","0.015514969825744629","0.004566192626953125","1.2184889316558838","3.7025904655456543","-0.5224372148513794","64.24184631522313","0.09839965397923875","143.37795918367348","53.528886002338886","REPLAY"
"2026-09-29T13:36:10.306428","24","2026-09-29T13:36:15.034016","1","0.9842807650566101","0.06604921817779541","2.0769460201263428","4.4016828536987305","-2.285493850708008","41.679866847883794","0.11085509472606246","150.93328373015873","50.384959168855865","REPLAY"
"2026-09-29T13:36:10.306428","25","2026-09-29T13:36:15.154351","1","0.9952254295349121","0.9900364875793457","-0.4432767331600189","5.381042957305908","-1.7714207172393799","70.31021944444444","0.12444444444444444","150.68046224133298","56.600000735024445","REPLAY"
"2026-09-29T13:36:10.306428","26","2026-09-29T13:36:15.274594","1","0.9956856369972229","0.9965211153030396","-1.6224348545074463","4.305412292480469","-0.47388046979904175","53.48665947480563","0.1070154577883472","149.74971751412428","59.852130051248935","REPLAY"
"2026-09-29T13:36:10.306428","27","2026-09-29T13:36:15.397578","1","0.9938164353370667","0.9968274235725403","-1.1243361234664917","3.4572958946228027","-0.3651578724384308","88.05052977061632","0.09649122807017543","151.39798850574712","60.85814433242337","REPLAY"
"2026-09-29T13:36:10.306428","28","2026-09-29T13:36:15.516105","1","0.9938164353370667","0.9971305727958679","-1.0358444452285767","2.7746453285217285","0.10005523264408112","94.59186996244479","0.09939672507900028","148.42555555555555","61.050220786043795","REPLAY"
"2026-09-29T13:36:10.306428","29","2026-09-29T13:36:15.636994","1","0.0","0.006523013114929199","-1.1439653635025024","2.6344892978668213","-0.5730013251304626","32.553209425440286","0.07715976331360946","143.4502487562189","56.259173943545626","REPLAY"
"2026-09-29T13:36:10.306428","30","2026-09-29T13:36:15.758057","1","0.001824796199798584","0.7058058977127075","-2.641692876815796","5.340419292449951","0.8435424566268921","46.40442785897764","0.0978441127694859","143.89021242803256","50.56962461974181","REPLAY"
"2026-09-29T13:36:10.306428","31","2026-09-29T13:36:15.860001","1","0.0","0.9932752251625061","-3.495943069458008","6.521702766418457","1.1197314262390137","65.47738235790183","0.09573283858998145","140.5042194092827","52.8896296235697","REPLAY"
"2026-09-29T13:36:10.306428","32","2026-09-29T13:36:15.960552","1","0.0","0.9936156272888184","-5.386761665344238","7.616778373718262","1.6766858100891113","39.38677655894336","0.07010035419126329","129.3400284900285","56.01097693596429","REPLAY"
"2026-09-29T13:36:10.306428","33","2026-09-29T13:36:16.079446","1","0.0","0.990412712097168","-7.442582607269287","7.805139064788818","1.9006086587905884","53.56395494589239","0.06617283950617284","126.01446676231468","58.597535103621894","REPLAY"
"2026-09-29T13:36:10.306428","34","2026-09-29T13:36:16.201090","1","0.010038912296295166","0.994285523891449","-5.422469139099121","6.216468334197998","2.5430712699890137","53.28687906530715","0.06315192743764173","122.44200109950522","61.25129445677956","REPLAY"
"2026-09-29T13:36:10.306428","35","2026-09-29T13:36:16.322936","1","0.001824796199798584","0.008479773998260498","-4.798852920532227","4.943831920623779","2.578936815261841","43.330953437551536","0.061847389558232935","122.68268279274326","60.8085037730775","REPLAY"
"2026-09-29T13:36:10.306428","36","2026-09-29T13:36:16.444059","1","0.0","0.026871562004089355","-5.463579177856445","5.9635162353515625","2.8221704959869385","47.504064396890335","0.062210379981464316","122.53109243697479","61.40646105281324","REPLAY"
"2026-09-29T13:36:10.306428","37","2026-09-29T13:36:16.563790","1","0.001824796199798584","0.9003492593765259","-5.728565692901611","5.891063213348389","3.1031227111816406","54.93785686005317","0.060090702947845805","122.27718526663001","61.60414533072301","REPLAY"
"2026-09-29T13:36:10.306428","38","2026-09-29T13:36:16.684356","1","0.03877866268157959","0.9918758273124695","-2.9102487564086914","5.727108955383301","4.090742111206055","30.858356587532974","0.049886621315192746","123.79175371083012","63.49488824774007","REPLAY"
"2026-09-29T13:36:10.306428","39","2026-09-29T13:36:16.806794","1","0.060685038566589355","0.9457477331161499","-2.7451796531677246","4.870692253112793","4.444868564605713","35.66055901002896","0.05913823019086177","133.02230378317336","64.78220959805914","REPLAY"
"2026-09-29T13:36:10.306428","40","2026-09-29T13:36:16.924355","1","0.7805240750312805","0.9876855611801147","3.4217331409454346","2.215026617050171","5.31257438659668","58.618903306420606","0.06156862745098039","142.6331045003814","65.96681968391597","REPLAY"
"2026-09-29T13:36:10.306428","41","2026-09-29T13:36:17.048935","1","0.9493870735168457","0.9383997917175293","3.46372127532959","4.111086845397949","4.597434043884277","29.582249009497346","0.06451612903225806","156.92743764172334","61.57021343289337","REPLAY"
"2026-09-29T13:36:10.306428","42","2026-09-29T13:36:17.175830","1","0.9501656293869019","0.994285523891449","5.400660514831543","3.9756839275360107","3.6111574172973633","91.54418894048986","0.0855647891658972","163.97324613555293","62.180526160340186","REPLAY"
"2026-09-29T13:36:10.306428","43","2026-09-29T13:36:17.288002","1","0.9871754050254822","0.9952638149261475","3.7169349193573","4.485361099243164","3.3493306636810303","92.34930872554617","0.10014513788098693","166.16228956228957","59.8832809065405","REPLAY"
"2026-09-29T13:36:10.306428","44","2026-09-29T13:36:17.408517","1","0.9887905716896057","0.9962117075920105","3.149887800216675","3.7525832653045654","2.4768691062927246","101.82482763560071","0.09325108853410741","163.27331961591221","60.75206862602226","REPLAY"
"2026-09-29T13:36:10.306428","45","2026-09-29T13:36:17.539667","1","0.9871754050254822","0.9952638149261475","3.2904469966888428","3.9361398220062256","2.372663736343384","141.75522632904128","0.10964756140975436","159.2680991735537","58.27639350704978","REPLAY"
"2026-09-29T13:36:10.306428","46","2026-09-29T13:36:17.649725","1","0.012776970863342285","0.012393414974212646","3.1564760208129883","3.394611120223999","2.047588586807251","72.08684612681246","0.07609427609427609","144.89567669172934","60.3809290906521","REPLAY"
"2026-09-29T13:36:10.306428","47","2026-09-29T13:36:17.771436","1","0.40602678060531616","0.025484859943389893","1.5691779851913452","2.3074071407318115","0.9682046175003052","53.596397586900316","0.05141242937853107","116.54098360655738","55.618968273597126","REPLAY"
"2026-09-29T13:36:10.306428","48","2026-09-29T13:36:17.897988","1","0.9938164353370667","0.9965211153030396","0.08506400138139725","2.5145881175994873","1.7610206604003906","53.48336660774356","0.0848741367787926","97.84562066792691","53.299606402657446","REPLAY"
"2026-09-29T13:36:10.306428","49","2026-09-29T13:36:18.017125","1","0.9918690919876099","0.9991688132286072","-0.06296733766794205","2.437786817550659","2.3448479175567627","73.17685902007034","0.07974608212656219","95.03621692625258","54.826524917374854","REPLAY"
"2026-09-29T13:36:10.306428","50","2026-09-29T13:36:18.138556","1","0.9868497848510742","0.9991688132286072","-0.40364229679107666","2.4509787559509277","2.5188562870025635","68.51631523415308","0.07081081081081081","96.33402597402598","57.15369521618988","REPLAY"
"2026-09-29T13:36:10.306428","51","2026-09-29T13:36:18.257063","1","0.9850823879241943","0.9991688132286072","-0.0107351029291749","2.976576805114746","2.9585623741149902","81.86941269333335","0.07288888888888889","100.98718836565097","59.0181891476387","REPLAY"
"2026-09-29T13:36:10.306428","52","2026-09-29T13:36:18.389385","1","0.9898386597633362","0.9994485974311829","0.9929235577583313","2.1164441108703613","3.6727402210235596","91.8796131239506","0.06968888888888888","106.66712235133288","60.245844529215006","REPLAY"
"2026-09-29T13:36:10.306428","53","2026-09-29T13:36:18.497433","1","0.679590106010437","0.12644684314727783","-1.4426968097686768","2.354924201965332","3.640017509460449","81.75281607111111","0.06986666666666666","112.36534518113466","61.553835991127414","REPLAY"
"2026-09-29T13:36:10.306428","54","2026-09-29T13:36:18.621909","1","0.015514969825744629","0.004566192626953125","-2.417309045791626","2.2493789196014404","4.101532936096191","69.51512783053325","0.054954954954954956","123.74771929824561","62.40747989968814","REPLAY"
"2026-09-29T13:36:10.306428","55","2026-09-29T13:36:18.752439","1","0.4603421688079834","0.7337781190872192","-3.1467645168304443","-2.015355110168457","3.0679678916931152","53.46384808989196","0.05076698319941563","119.96192982456141","63.68732659019063","REPLAY"
"2026-09-29T13:36:10.306428","56","2026-09-29T13:36:18.862129","1","0.44215482473373413","0.8684090375900269","-6.735118389129639","-11.638774871826172","-0.6451030969619751","26.059574675769532","0.024957778194783262","95.32523739956173","57.33656187819054","REPLAY"
"2026-09-29T13:36:10.306428","57","2026-09-29T13:36:18.981477","1","0.9515752792358398","0.9932752251625061","-6.04010534286499","-19.117223739624023","-2.572927236557007","38.371881549354434","0.013673469387755101","76.74402006172839","45.85177515054775","REPLAY"
"2026-09-29T13:36:10.306428","58","2026-09-29T13:36:19.105242","1","0.9887905716896057","0.9929311275482178","-5.652140140533447","-18.77437400817871","-1.0218164920806885","30.752455335659782","0.010540184453227932","75.45049710024855","43.585699107571095","REPLAY"
"2026-09-29T13:36:10.306428","59","2026-09-29T13:36:19.227020","1","0.9837305545806885","0.9949411749839783","-7.786233425140381","-20.70867919921875","-0.06796260923147202","33.579311312760396","0.015756302521008403","79.38333333333334","47.977957488433205","REPLAY"
"2026-09-29T13:36:10.306428","60","2026-09-29T13:36:19.346734","1","0.9938164353370667","0.9918758273124695","-7.440558910369873","-19.595232009887695","-0.07241345942020416","39.4631996668055","0.023061224489795917","89.5829475308642","56.39036042921477","REPLAY"
"2026-09-29T13:36:10.306428","61","2026-09-29T13:36:19.466309","1","0.14356094598770142","0.2589155435562134","-3.7285897731781006","-3.9948227405548096","2.5196616649627686","48.88215563524158","0.04364499634769905","123.49724444444445","66.06181106581775","REPLAY"
"2026-09-29T13:36:10.306428","62","2026-09-29T13:36:19.587817","1","0.060685038566589355","0.3679760694503784","-1.7381398677825928","10.484625816345215","2.7735207080841064","41.63549980444444","0.0528","130.16412742382272","57.18600950134012","REPLAY"
"2026-09-29T13:36:10.306428","63","2026-09-29T13:36:19.718334","1","0.9903543591499329","0.9884875416755676","-0.15192699432373047","21.840566635131836","4.8203229904174805","96.2076021035049","0.09892879647132956","119.5046277665996","59.20972919122042","REPLAY"
"2026-09-29T13:36:10.306428","64","2026-09-29T13:36:19.830258","1","0.9947605133056641","0.9896559715270996","0.9262670874595642","22.036762237548828","5.393307209014893","74.6384798000833","0.09877551020408164","122.95563271604938","59.56552731143908","REPLAY"
"2026-09-29T13:36:10.306428","65","2026-09-29T13:36:19.944791","1","0.9942908883094788","0.9939523935317993","0.2670309841632843","20.70502281188965","5.584665298461914","109.16387828386978","0.09757928316757365","125.04072315558803","60.6166207507269","REPLAY"
"2026-09-29T13:36:10.306428","66","2026-09-29T13:36:20.078819","1","0.08147144317626953","0.1860300898551941","1.0767308473587036","20.100736618041992","4.681766986846924","99.90867326766484","0.09203798392987582","126.60853333333333","60.42819061096863","REPLAY"
"2026-09-29T13:36:10.306428","67","2026-09-29T13:36:20.191181","1","0.0","0.008479773998260498","-0.5216267108917236","18.559289932250977","4.221465110778809","47.23782453270933","0.08430583501006036","130.12114197530863","57.82914704075556","REPLAY"
"2026-09-29T13:36:10.306428","68","2026-09-29T13:36:20.313561","1","0.029205143451690674","0.025484859943389893","-3.0239577293395996","14.40860652923584","4.188793659210205","94.57745866609848","0.08411580594679187","123.82660911990993","57.68922341139197","REPLAY"
"2026-09-29T13:36:10.306428","69","2026-09-29T13:36:20.438613","1","0.020991027355194092","0.02456045150756836","-3.4175472259521484","12.572795867919922","3.9514641761779785","85.30555323885842","0.07990867579908675","117.86121256391527","58.03177658017404","REPLAY"
"2026-09-29T13:36:10.306428","70","2026-09-29T13:36:20.547153","1","0.018253028392791748","0.02363598346710205","-2.8302383422851562","12.650407791137695","3.8668131828308105","76.62889621009082","0.07505478451424398","109.90789473684211","56.898701376875756","REPLAY"
"2026-09-29T13:36:10.306428","71","2026-09-29T13:36:20.689481","1","0.1407354474067688","0.012393414974212646","4.610554218292236","-2.663001298904419","10.718351364135742","125.82188695790816","0.11479591836734694","102.33817301875378","59.874055966740386","REPLAY"
"2026-09-29T13:36:10.306428","72","2026-09-29T13:36:20.814270","1","0.05539274215698242","0.010436594486236572","4.873276233673096","-2.0917913913726807","10.934941291809082","130.3113609977401","0.10973936899862825","99.41613520408163","59.40856984289085","REPLAY"
"2026-09-29T13:36:10.306428","73","2026-09-29T13:36:20.952116","1","0.15394079685211182","0.010436594486236572","4.369831562042236","-2.155407190322876","11.26123332977295","140.6013105592548","0.12119013062409288","98.34979423868313","59.3209262756099","REPLAY"
"2026-09-29T13:36:10.306428","74","2026-09-29T13:36:21.080253","1","0.0873914361000061","0.008479773998260498","4.942150592803955","-2.242616653442383","11.170845985412598","162.41222364592582","0.11636363636363636","97.51848370927318","58.87866359534278","REPLAY"
"2026-09-29T13:36:10.306428","75","2026-09-29T13:36:21.211925","1","0.11876147985458374","0.008479773998260498","4.5078301429748535","-2.082199811935425","11.236775398254395","161.69811320754715","0.1156995372018512","99.12861952861952","58.487348965424914","REPLAY"
"2026-09-29T13:36:10.306428","76","2026-09-29T13:36:21.369123","1","0.1407354474067688","0.006523013114929199","4.805331230163574","-2.2027275562286377","11.099655151367188","136.1066652023301","0.1231508875739645","99.4519890260631","57.420017367942854","REPLAY"
"2026-09-29T13:36:10.306428","77","2026-09-29T13:36:21.475314","1","0.15823310613632202","0.010436594486236572","4.345028400421143","-2.064291477203369","10.988027572631836","134.40020338103915","0.12217194570135746","101.58944793850455","57.469697302847976","REPLAY"
"2026-09-29T13:36:10.306428","78","2026-09-29T13:36:21.585670","1","0.08553206920623779","0.008479773998260498","4.209885597229004","-2.234902858734131","11.713541030883789","150.94373190094427","0.12110726643598616","103.8063367746529","57.24659097026141","REPLAY"
"2026-09-29T13:36:10.306428","79","2026-09-29T13:36:21.712051","1","0.12273192405700684","0.008479773998260498","3.9681804180145264","-2.419245481491089","12.070350646972656","149.91565601759905","0.12631975867269984","104.56079664570231","55.30960101234892","REPLAY"
"2026-09-29T13:36:10.306428","80","2026-09-29T13:36:21.812745","1","0.018253028392791748","0.006523013114929199","3.8977315425872803","-1.6162056922912598","11.803777694702148","87.71687353407225","0.11747953008187967","108.12289562289563","55.3179610601999","REPLAY"
"2026-09-29T13:36:10.306428","81","2026-09-29T13:36:21.988492","1","0.044218361377716064","0.0026093721389770508","4.167573928833008","-2.5136878490448","11.659590721130371","95.70173303054854","0.11918492887351019","104.37735849056604","55.44802472646088","REPLAY"
"2026-09-29T13:36:10.306428","82","2026-09-29T13:36:22.349143","1","0.13616210222244263","0.010436594486236572","4.149184226989746","-2.6904613971710205","11.315820693969727","141.9767646857934","0.1298861188057864","87.10111046171829","64.00263687168223","REPLAY"
"2026-09-29T13:36:31.271680","1","2026-09-29T13:36:32.947890","1","0.9947605133056641","0.9880889058113098","-1.5286898612976074","5.8028998374938965","7.273718357086182","185.014767777494","0.07944389275074479","184.325","48.07804557081224","REPLAY"
"2026-09-29T13:36:31.271680","2","2026-09-29T13:36:33.242486","1","0.9956856369972229","0.9929311275482178","-2.307713747024536","3.5604801177978516","7.0552449226379395","226.9578733998722","0.08265582655826559","181.79830866807612","52.61882874778231","REPLAY"
"2026-09-29T13:36:31.271680","3","2026-09-29T13:36:33.353558","1","0.13616210222244263","0.026871562004089355","-3.027566909790039","2.6458420753479004","5.510800361633301","119.69778973229786","0.11865828092243187","177.45770750988143","60.7639051075097","REPLAY"
"2026-09-29T13:36:31.271680","4","2026-09-29T13:36:33.484482","1","0.007300853729248047","0.0026093721389770508","-2.1375491619110107","3.1474039554595947","1.8585245609283447","235.83432904411765","0.09640522875816994","166.67847516365038","74.49895406915205","REPLAY"
"2026-09-29T13:36:31.271680","5","2026-09-29T13:36:33.622543","1","0.12273192405700684","0.022249281406402588","-2.5904037952423096","2.682833433151245","1.6082793474197388","228.12838576005694","0.10339622641509434","162.7548951048951","74.79101695589313","REPLAY"
"2026-09-29T13:36:31.271680","6","2026-09-29T13:36:33.728512","1","0.9961413145065308","0.9932752251625061","-3.1099417209625244","2.9367690086364746","1.503173828125","298.5715674994521","0.10968660968660969","160.88342318059298","75.43581745694641","REPLAY"
"2026-09-29T13:36:31.271680","7","2026-09-29T13:36:33.847645","1","0.9947605133056641","0.9936156272888184","-3.2545628547668457","3.6384217739105225","1.3787564039230347","252.46565763448598","0.10506844247132816","163.62675814751287","75.13634927326949","REPLAY"
"2026-09-29T13:36:31.271680","8","2026-09-29T13:36:33.968234","1","0.9903543591499329","0.994285523891449","-3.374849796295166","3.9171183109283447","1.3043898344039917","173.07684238838087","0.11818181818181818","165.78654970760235","72.65050422749134","REPLAY"
"2026-09-29T13:36:31.271680","9","2026-09-29T13:36:34.088325","1","0.9882580041885376","0.9929311275482178","-2.5686287879943848","5.136493682861328","0.903057336807251","257.0446343779677","0.12535612535612536","171.54781144781145","69.6697735298105","REPLAY"
"2026-09-29T13:36:31.271680","10","2026-09-29T13:36:34.210579","1","0.2012934684753418","0.5043434500694275","-2.323152780532837","10.179190635681152","-0.015608668327331543","185.21255398085844","0.14030874785591765","175.1511961722488","64.81818107176987","REPLAY"
"2026-09-29T13:36:31.271680","11","2026-09-29T13:36:34.351484","1","0.1407354474067688","0.5513277649879456","-0.40672603249549866","16.46628761291504","-1.509738564491272","154.0476839866864","0.14903846153846154","178.90740740740742","58.002297031284456","REPLAY"
"2026-09-29T13:36:31.271680","12","2026-09-29T13:36:34.451559","1","0.9882580041885376","0.886478841304779","-1.2939131259918213","25.606685638427734","-3.042393684387207","198.94622354498748","0.14876632801161102","166.27171717171717","65.37556799231128","REPLAY"
"2026-09-29T13:36:31.271680","13","2026-09-29T13:36:34.573511","1","0.9825901985168457","0.8639492392539978","2.9015183448791504","26.912336349487305","-5.019268989562988","232.78733209876543","0.15666666666666668","155.3660839160839","70.26434529922429","REPLAY"
"2026-09-29T13:36:31.271680","14","2026-09-29T13:36:34.712887","1","0.9877196550369263","0.7588732242584229","0.3885168731212616","27.776172637939453","-6.49481725692749","258.5195270205772","0.14233841684822077","154.5683962264151","69.4790349120266","REPLAY"
"2026-09-29T13:36:31.271680","15","2026-09-29T13:36:34.813562","1","0.9903543591499329","0.8706389665603638","-0.528206467628479","29.949724197387695","-6.417908191680908","307.7833661179698","0.13185185185185186","154.80803571428572","66.82922124191573","REPLAY"
"2026-09-29T13:36:31.271680","16","2026-09-29T13:36:34.934246","1","0.9918690919876099","0.886478841304779","-0.8418502807617188","29.52286148071289","-6.2385406494140625","250.11518773771056","0.12941176470588237","152.94883241758242","64.65675797361577","REPLAY"
"2026-09-29T13:36:31.271680","17","2026-09-29T13:36:35.055995","1","0.9918690919876099","0.9834141135215759","2.055859327316284","25.712604522705078","-6.700024604797363","202.18903061157025","0.11309090909090909","148.5861344537815","63.03914464304271","REPLAY"
"2026-09-29T13:36:31.271680","18","2026-09-29T13:36:35.175863","1","0.015514969825744629","0.006523013114929199","1.1589560508728027","22.45720100402832","-7.276417255401611","161.5354782010191","0.10096153846153846","143.3201360965048","62.53486416182367","REPLAY"
"2026-09-29T13:36:31.271680","19","2026-09-29T13:36:35.301977","1","0.001824796199798584","0.008479773998260498","2.2825989723205566","19.698055267333984","-6.131817817687988","159.22491701084184","0.09981740718198417","143.33333333333334","60.46649438304419","REPLAY"
"2026-09-29T13:36:31.271680","20","2026-09-29T13:36:35.421832","1","0.007300853729248047","0.000652611255645752","-2.7322840690612793","13.490042686462402","-5.240897178649902","62.74812369174249","0.10490196078431373","148.97680173213735","55.76393302534599","REPLAY"
"2026-09-29T13:36:31.271680","21","2026-09-29T13:36:35.537809","1","0.5735950469970703","0.021787047386169434","-2.5066866874694824","8.948416709899902","-3.778162956237793","116.82699771725804","0.09174022698612863","152.26171637248936","54.021255830771594","REPLAY"
"2026-09-29T13:36:31.271680","22","2026-09-29T13:36:35.659373","1","0.9825901985168457","0.767783522605896","-1.3404020071029663","5.828623294830322","-2.5515522956848145","117.7319261822376","0.08725490196078431","154.32075471698113","52.342085357626495","REPLAY"
"2026-09-29T13:36:31.271680","23","2026-09-29T13:36:35.775866","1","0.9848182797431946","0.9371852278709412","-1.183087944984436","4.98781681060791","-2.473398208618164","152.38779371120887","0.08921815889029004","153.26080340839928","53.039666054100984","REPLAY"
"2026-09-29T13:36:31.271680","24","2026-09-29T13:36:35.903018","1","0.9942908883094788","0.9847822189331055","-2.3854243755340576","3.250188112258911","-1.7236475944519043","106.93735850587369","0.09526755335601608","153.73178016726405","51.97402835296516","REPLAY"
"2026-09-29T13:36:31.271680","25","2026-09-29T13:36:36.021772","1","0.9863588809967041","0.9834141135215759","-3.405801296234131","3.262718439102173","-1.4378410577774048","104.29745552344215","0.09428879310344827","154.04897435897436","52.04864501277635","REPLAY"
"2026-09-29T13:36:31.271680","26","2026-09-29T13:36:36.141789","1","0.990864634513855","0.9880889058113098","-3.374500036239624","2.632859468460083","-1.315011739730835","57.9602098226466","0.08642272508425614","151.24906629318394","60.056768286030746","REPLAY"
"2026-09-29T13:36:31.271680","27","2026-09-29T13:36:36.262122","1","0.9506080746650696","0.6911184787750244","-3.179108142852783","-1.046337366104126","-0.9325994849205017","53.48425957435555","0.06965871902758299","144.03235035211267","66.10047610366186","REPLAY"
"2026-09-29T13:36:31.271680","28","2026-09-29T13:36:36.383753","1","0.5554949641227722","0.12001985311508179","-6.189242839813232","-9.890735626220703","-0.26257696747779846","31.72248009621908","0.046908315565031986","123.67693014705883","70.43040565914197","REPLAY"
"2026-09-29T13:36:31.271680","29","2026-09-29T13:36:36.503743","1","0.7550646662712097","0.023173749446868896","-6.136693000793457","-17.484004974365234","0.540899395942688","19.52863985831019","0.029548229548229547","97.12517482517482","67.18766776396923","REPLAY"
"2026-09-29T13:36:31.271680","30","2026-09-29T13:36:36.624886","1","0.6402992010116577","0.9841023683547974","-4.170406818389893","-20.68368911743164","1.147708773612976","42.08133814213303","0.02998991935483871","87.63798076923077","64.13121464682041","REPLAY"
"2026-09-29T13:36:31.271680","31","2026-09-29T13:36:36.746735","1","0.770969033241272","0.9847822189331055","-5.525455951690674","-30.929868698120117","3.01714825630188","47.37670491959872","0.023185483870967742","90.71550671550672","64.03068854682957","REPLAY"
"2026-09-29T13:36:31.271680","32","2026-09-29T13:36:36.865449","1","0.23656463623046875","0.02363598346710205","-4.219505786895752","-34.63711166381836","4.0033135414123535","37.83542237749709","0.023497267759562842","98.14874551971326","62.56463033932534","REPLAY"
"2026-09-29T13:36:31.271680","33","2026-09-29T13:36:36.987032","1","0.12273192405700684","0.02363598346710205","-4.029176712036133","-47.74160385131836","6.244665145874023","45.697442680776014","0.024603174603174603","104.12156368221942","61.00406908948116","REPLAY"
"2026-09-29T13:36:31.271680","34","2026-09-29T13:36:37.109624","1","0.18340229988098145","0.0","-3.0313446521759033","-46.02707290649414","7.058302402496338","55.24702932098766","0.024166666666666666","112.68054110301769","60.6671968041502","REPLAY"
"2026-09-29T13:36:31.271680","35","2026-09-29T13:36:37.228474","1","0.32690995931625366","0.02733379602432251","-3.487396717071533","-45.4915657043457","7.016514778137207","36.806829929230496","0.0273224043715847","117.48233486943164","60.35944831420502","REPLAY"
"2026-09-29T13:36:31.271680","36","2026-09-29T13:36:37.350350","1","0.23656463623046875","0.15379184484481812","-3.753678560256958","-45.37657165527344","7.141160011291504","35.24007216674012","0.024193548387096774","118.03376165280928","60.34891301068986","REPLAY"
"2026-09-29T13:36:31.271680","37","2026-09-29T13:36:37.472970","1","0.5816861391067505","0.3436095714569092","-3.429173707962036","-44.649200439453125","6.7261881828308105","33.67515622785573","0.020337301587301588","115.94543269230769","59.99404340068085","REPLAY"
"2026-09-29T13:36:31.271680","38","2026-09-29T13:36:37.590304","1","0.27598196268081665","0.024098217487335205","-1.7123972177505493","-42.69811248779297","4.807878017425537","29.50055150223829","0.02012310606060606","118.17322478516509","61.12254839760441","REPLAY"
"2026-09-29T13:36:31.271680","39","2026-09-29T13:36:37.712536","1","0.018253028392791748","0.019214868545532227","-0.7911509871482849","-20.3056697845459","4.5017170906066895","23.435828514293952","0.024104683195592287","129.3202370500439","65.21000682360823","REPLAY"
"2026-09-29T13:36:31.271680","40","2026-09-29T13:36:37.832466","1","0.001824796199798584","0.0026093721389770508","-3.895052671432495","-12.724984169006348","1.8856419324874878","27.448051214772597","0.029631255487269536","150.29306722689077","71.65178718914721","REPLAY"
"2026-09-29T13:36:31.271680","41","2026-09-29T13:36:37.953761","1","0.015514969825744629","0.004566192626953125","-4.595701694488525","-6.640209674835205","-0.35953763127326965","54.09080250589877","0.04371002132196162","163.0835346215781","70.13142472331664","REPLAY"
"2026-09-29T13:36:31.271680","42","2026-09-29T13:36:38.084865","1","0.9501656293869019","0.2128179669380188","-2.9361813068389893","-2.7687370777130127","-0.3259347081184387","64.61446085867513","0.05923777961888981","157.1573385518591","67.6774025940676","REPLAY"
"2026-09-29T13:36:31.271680","43","2026-09-29T13:36:38.193226","1","0.9837305545806885","0.6989938020706177","-3.0636279582977295","-1.4489860534667969","0.5230337977409363","57.941076092062026","0.06789993693504309","147.0063529878896","68.78704884990151","REPLAY"
"2026-09-29T13:36:31.271680","44","2026-09-29T13:36:38.314295","1","0.9903543591499329","0.9363188147544861","-3.291555643081665","-1.0249053239822388","0.5408651232719421","77.96148144472068","0.0684931506849315","138.45488871224165","68.99022384105913","REPLAY"
"2026-09-29T13:36:31.271680","45","2026-09-29T13:36:38.446735","1","0.9938164353370667","0.9876855611801147","-4.009660243988037","-1.1954690217971802","0.22682449221611023","83.61427533891512","0.06935552710200597","134.61480269883458","68.69667934829783","REPLAY"
"2026-09-29T13:36:31.271680","46","2026-09-29T13:36:38.554054","1","0.9942908883094788","0.9900364875793457","-4.076237678527832","-1.0356090068817139","0.1895289123058319","55.164961731512655","0.06523569023569023","132.20752402371704","69.45226950460881","REPLAY"
"2026-09-29T13:36:31.271680","47","2026-09-29T13:36:38.679818","1","0.9942908883094788","0.9911525249481201","-4.043844223022461","-0.9872164726257324","0.3049866557121277","66.0687691385094","0.06601731601731602","132.3389303482587","70.62546445184105","REPLAY"
"2026-09-29T13:36:31.271680","48","2026-09-29T13:36:38.836219","1","0.9956856369972229","0.9929311275482178","-4.2962493896484375","-1.4010093212127686","0.5182543992996216","75.49773585270862","0.06705907084296826","133.01469128449475","71.21289724995025","REPLAY"
"2026-09-29T13:36:31.271680","49","2026-09-29T13:36:38.957978","1","0.9956856369972229","0.994285523891449","-3.8868439197540283","-1.5342210531234741","0.46103954315185547","74.5133817917986","0.06752278376139188","135.93874755381606","71.4553927717238","REPLAY"
"2026-09-29T13:36:31.271680","50","2026-09-29T13:36:39.085562","1","0.015514969825744629","0.0026093721389770508","-1.1586593389511108","-1.3036516904830933","1.2833645343780518","60.391830879302724","0.05799549549549549","135.38738738738738","72.50548922011444","REPLAY"
"2026-09-29T13:36:31.271680","51","2026-09-29T13:36:39.199916","1","0.27911096811294556","0.7588732242584229","0.31082624197006226","-1.2432732582092285","0.7285769581794739","71.85588467986474","0.05514974433893353","136.30115555555557","73.61175249463469","REPLAY"
"2026-09-29T13:36:31.271680","52","2026-09-29T13:36:39.326003","1","0.9928528666496277","0.9955831170082092","3.3887827396392822","-0.5209004282951355","1.3688420057296753","68.85909299804872","0.06117470444736348","134.65394448502556","74.9863187239057","REPLAY"
"2026-09-29T13:36:31.271680","53","2026-09-29T13:36:39.442494","1","0.9956856369972229","0.99802166223526","5.92494535446167","-0.5346593260765076","1.2660044431686401","48.24438847209876","0.05742222222222222","126.64405331510595","75.60948248694632","REPLAY"
"2026-09-29T13:36:31.271680","54","2026-09-29T13:36:39.574926","1","0.9952254295349121","0.9968274235725403","6.912417411804199","-0.28026896715164185","0.8148816227912903","76.28652324293377","0.06829802775748722","122.88675555555555","74.67650038016737","REPLAY"
"2026-09-29T13:36:31.271680","55","2026-09-29T13:36:39.683405","1","0.9942908883094788","0.9965211153030396","7.043455123901367","-0.605495035648346","0.7240366339683533","55.31503923622357","0.06336742147552958","117.848","74.5440958717277","REPLAY"
"2026-09-29T13:36:31.271680","56","2026-09-29T13:36:39.831980","1","0.9938164353370667","0.9962117075920105","6.779176712036133","-0.7509607672691345","0.6163927912712097","70.42455090571194","0.06829802775748722","116.29066666666667","73.94523349975532","REPLAY"
"2026-09-29T13:36:31.271680","57","2026-09-29T13:36:39.965703","1","0.9903543591499329","0.9911525249481201","7.172998905181885","-0.947106659412384","0.32811692357063293","59.49051222028778","0.061453576864535765","118.3000365230095","73.91332806564783","REPLAY"
"2026-09-29T13:36:31.271680","58","2026-09-29T13:36:40.093625","1","0.004562854766845703","0.000652611255645752","7.651907444000244","-0.2997604012489319","0.04038456082344055","60.67893907744389","0.06674382716049383","119.62525802214299","73.03744074170191","REPLAY"
"2026-09-29T13:36:31.271680","59","2026-09-29T13:36:40.210191","1","0.001824796199798584","0.006523013114929199","7.157439231872559","-0.3740890324115753","-0.3524326682090759","71.97324864639734","0.06897959183673469","123.6394675925926","71.6119585073593","REPLAY"
"2026-09-29T13:36:31.271680","60","2026-09-29T13:36:40.324816","1","0.004562854766845703","0.006523013114929199","4.955317497253418","-1.708451509475708","-0.7533621191978455","71.20893570679611","0.06881287726358148","123.69984567901234","70.87296679846055","REPLAY"
"2026-09-29T13:36:31.271680","61","2026-09-29T13:36:40.457991","1","0.012776970863342285","0.0026093721389770508","2.346015214920044","-0.7235202193260193","-1.1663429737091064","66.01004190130725","0.07323943661971831","124.65567129629629","70.06953443070962","REPLAY"
"2026-09-29T13:36:31.271680","62","2026-09-29T13:36:40.591854","1","0.504286527633667","0.03290921449661255","-0.5189188718795776","-0.9203089475631714","-1.2953534126281738","53.89246595218001","0.06830803406145872","123.16216216216216","70.0274721561925","REPLAY"
"2026-09-29T13:36:31.271680","63","2026-09-29T13:36:40.738571","1","0.8463578224182129","0.6832545399665833","-1.4969236850738525","-0.08196572959423065","-1.2872800827026367","66.38936201039532","0.07256571640133284","125.20533333333333","70.37870112154357","REPLAY"
"2026-09-29T13:36:31.271680","64","2026-09-29T13:36:40.862126","1","0.6233029365539551","0.5363578200340271","-2.3129231929779053","-0.2995457053184509","-1.2446460723876953","66.36116249812726","0.06775268419104036","127.27027027027027","70.97137171162507","REPLAY"
"2026-09-29T13:36:31.271680","65","2026-09-29T13:36:40.974766","1","0.9514423608779907","0.14842408895492554","-3.449925422668457","1.135793924331665","-1.1084446907043457","48.90792576993223","0.058823529411764705","134.15381604696674","69.70284579874522","REPLAY"
"2026-09-29T13:36:31.271680","66","2026-09-29T13:36:41.099295","1","0.9606643915176392","0.9958990216255188","-7.636490821838379","1.1572303771972656","-0.8528125286102295","77.03854987412863","0.053395784543325525","140.51120071684588","67.19225852527013","REPLAY"
"2026-09-29T13:36:31.271680","67","2026-09-29T13:36:41.213582","1","0.9987824559211731","0.9952638149261475","-9.582355499267578","0.6672376394271851","-1.090379238128662","51.79686790660142","0.0663265306122449","142.6999521072797","66.67830904086748","REPLAY"
"2026-09-29T13:36:31.271680","68","2026-09-29T13:36:41.331352","1","0.9983530044555664","0.9952638149261475","-8.842287063598633","1.0763012170791626","-1.8404686450958252","85.89481646009035","0.07239930812947863","146.00637694851204","67.00036807092688","REPLAY"
"2026-09-29T13:36:31.271680","69","2026-09-29T13:36:41.463394","1","0.9983530044555664","0.9955831170082092","-10.73921012878418","0.895929753780365","-1.8217039108276367","100.90836464595071","0.07092731829573935","153.13601532567048","67.55256705650156","REPLAY"
"2026-09-29T13:36:31.271680","70","2026-09-29T13:36:41.587326","1","0.9979193210601807","0.9958990216255188","-10.086467742919922","0.9747260212898254","-1.8658227920532227","69.20891175306687","0.06942355889724311","158.0991054613936","67.52416264991874","REPLAY"
"2026-09-29T13:36:31.271680","71","2026-09-29T13:36:41.705587","1","0.9987824559211731","0.9968274235725403","-11.810887336730957","0.973509669303894","-1.9182850122451782","99.37120556189181","0.07093596059113301","158.61134651600753","67.8645788840795","REPLAY"
"2026-09-29T13:36:31.271680","72","2026-09-29T13:36:41.818429","1","0.9979193210601807","0.998312771320343","-8.13630485534668","0.7189509272575378","-1.9560768604278564","61.334399605577715","0.06672823828215192","156.3707467962881","68.86834751955506","REPLAY"
"2026-09-29T13:36:31.271680","73","2026-09-29T13:36:41.937362","1","0.018253028392791748","0.012393414974212646","-6.959224224090576","0.35081446170806885","-1.785821795463562","69.1965999763473","0.063718820861678","156.03667534722223","67.1788960929407","REPLAY"
"2026-09-29T13:36:31.271680","74","2026-09-29T13:36:42.060261","1","0.026467084884643555","0.010436594486236572","0.009111469611525536","1.787126898765564","-1.4380152225494385","35.9068489002425","0.049698189134808855","147.41087962962962","69.80133960937493","REPLAY"
"2026-09-29T13:36:31.271680","75","2026-09-29T13:36:42.177848","1","0.044218361377716064","0.012393414974212646","6.241809844970703","1.1256077289581299","-0.9547286033630371","51.25381472174663","0.06336505190311419","139.41755102040815","73.1456077755845","REPLAY"
"2026-09-29T13:36:31.271680","76","2026-09-29T13:36:42.312862","1","0.03194314241409302","0.006523013114929199","10.49416446685791","0.24934889376163483","-0.44906336069107056","37.85136005041841","0.060828402366863904","122.58186341022162","76.89805680891568","REPLAY"
"2026-09-29T13:36:31.271680","77","2026-09-29T13:36:42.422429","1","0.018253028392791748","0.004566192626953125","12.451236724853516","0.9061592221260071","0.4553058445453644","62.479108800248916","0.06726354453627181","103.87280017821341","75.74163263351369","REPLAY"
"2026-09-29T13:36:31.271680","78","2026-09-29T13:36:42.528834","1","0.03877866268157959","0.008479773998260498","11.931817054748535","-1.2141411304473877","3.37142276763916","15.805794787874397","0.03972783143107989","96.90840336134454","74.47494652885597","REPLAY"
"2026-09-29T13:36:31.271680","79","2026-09-29T13:36:42.651168","1","0.018253028392791748","0.021324872970581055","8.874396324157715","-1.705784559249878","3.4764413833618164","11.389344025379843","0.021193771626297576","96.53478260869565","73.20870030619379","REPLAY"
"2026-09-29T13:36:31.271680","80","2026-09-29T13:36:42.776699","1","0.044218361377716064","0.02363598346710205","7.622776985168457","1.3180601596832275","0.8871684074401855","55.05682732194919","0.05020408163265306","85.83815586419753","71.07139354802621","REPLAY"
"2026-09-29T13:36:31.271680","81","2026-09-29T13:36:42.902535","1","0.13616210222244263","0.025947093963623047","4.696343421936035","0.9761353135108948","-0.8906196355819702","47.017917060426385","0.04240945768436855","93.645361577794","73.57681258830465","REPLAY"
"2026-09-29T13:36:31.271680","82","2026-09-29T13:36:43.014212","1","0.7684621810913086","0.6528555154800415","0.34580907225608826","1.4054266214370728","-1.8456394672393799","29.621057053615008","0.03554239170677527","105.39891891891892","73.94473318904349","REPLAY"
"2026-09-29T13:36:31.271680","83","2026-09-29T13:36:43.138188","1","0.9952254295349121","0.9968274235725403","-6.283624649047852","1.824792742729187","-1.9414242506027222","43.007189333333336","0.03804444444444444","112.49213943950787","72.73583820699625","REPLAY"
"2026-09-29T13:36:31.271680","84","2026-09-29T13:36:43.257960","1","0.9956856369972229","0.9965211153030396","-8.083573341369629","1.6856889724731445","-2.2314422130584717","30.345556347304598","0.04995004995004995","117.9838166960423","73.060768403738","REPLAY"
"2026-09-29T13:36:31.271680","85","2026-09-29T13:36:43.381293","1","0.9947605133056641","0.9968274235725403","-8.576358795166016","1.5886300802230835","-1.4323227405548096","53.47821443554893","0.05543983336003846","124.330625","74.68481731322221","REPLAY"
"2026-09-29T13:36:31.271680","86","2026-09-29T13:36:43.500519","1","0.9938164353370667","0.9952638149261475","-8.547159194946289","0.8217088580131531","-1.0933477878570557","55.34647568359375","0.05859375","131.3026472337894","74.69508224277617","REPLAY"
"2026-09-29T13:36:31.271680","87","2026-09-29T13:36:43.618747","1","0.9887905716896057","0.9962117075920105","-7.726370334625244","0.7717000246047974","-1.2100521326065063","50.169083448119146","0.06232975484697965","133.99125","74.83323283099224","REPLAY"
"2026-09-29T13:36:31.271680","88","2026-09-29T13:36:43.733522","1","0.05539274215698242","0.9974306225776672","-6.336999416351318","2.5630369186401367","-1.3906915187835693","32.48895764812402","0.05976606313090851","131.2890625","74.70029203671892","REPLAY"
"2026-09-29T13:36:31.271680","89","2026-09-29T13:36:43.863032","1","0.007300853729248047","0.02363598346710205","-5.370354175567627","4.596182346343994","-1.3184818029403687","58.770434848134606","0.05505540166204986","125.7199211045365","76.16399909178357","REPLAY"
"2026-09-29T13:36:31.271680","90","2026-09-29T13:36:43.980077","1","0.018253028392791748","0.5413478016853333","-3.8856186866760254","7.205840110778809","-1.8123233318328857","44.44188522622345","0.05052631578947368","120.19264507422402","75.99012427770089","REPLAY"
"2026-09-29T13:36:31.271680","91","2026-09-29T13:36:44.101735","1","0.007300853729248047","0.44997191429138184","-1.4056172370910645","7.863504886627197","-2.252692937850952","36.09072650701449","0.04961125509070714","113.53063063063063","77.42340625766373","REPLAY"
"2026-09-29T13:36:31.271680","92","2026-09-29T13:36:44.218117","1","0.007300853729248047","0.3133024573326111","0.6769818663597107","7.581467628479004","-0.7211723923683167","46.50925774253119","0.04273192111029949","102.7808","77.12212390620763","REPLAY"
"2026-09-29T13:36:31.271680","93","2026-09-29T13:36:44.351615","1","0.015514969825744629","0.24035435914993286","1.1218687295913696","6.002931594848633","-0.38164758682250977","46.70298044164073","0.046350159504597484","99.80168005843682","75.92399007499932","REPLAY"
"2026-09-29T13:36:31.271680","94","2026-09-29T13:36:44.463606","1","0.012776970863342285","0.47919273376464844","0.8682516813278198","5.931879043579102","-0.40674492716789246","50.836564349179234","0.04691311690748733","103.67859751643536","76.23101534922658","REPLAY"
"2026-09-29T13:36:31.271680","95","2026-09-29T13:36:44.581064","1","0.05671572685241699","0.02502262592315674","1.439266324043274","6.103030204772949","-1.040555715560913","52.14385665647389","0.04559954963407769","103.95215485756026","76.26606270187379","REPLAY"
"2026-09-29T13:36:31.271680","96","2026-09-29T13:36:44.710293","1","0.010038912296295166","0.000652611255645752","1.869687795639038","5.619571685791016","-1.067966103553772","50.74879532761593","0.04364499634769905","105.1696","76.51324730801704","REPLAY"
"2026-09-29T13:36:31.271680","97","2026-09-29T13:36:44.826229","1","0.015514969825744629","0.9351650476455688","1.2209267616271973","5.570407390594482","-1.0415339469909668","47.24184405048446","0.04419284149013879","107.90204444444444","77.10312289566936","REPLAY"
"2026-09-29T13:36:31.271680","98","2026-09-29T13:36:44.942479","1","0.43315184116363525","0.9896559715270996","0.28868573904037476","5.170444488525391","-1.7342108488082886","49.00441697807721","0.0453601108033241","113.36505588428665","77.43706083656637","REPLAY"
"2026-09-29T13:36:31.271680","99","2026-09-29T13:36:45.071127","1","0.7952913045883179","0.9922314882278442","-1.3133476972579956","5.362495422363281","-2.5234670639038086","48.9045861951841","0.04425837320574163","117.54446608244076","77.76040765758566","REPLAY"
"2026-09-29T13:36:31.271680","100","2026-09-29T13:36:45.193958","1","0.9863588809967041","0.9939523935317993","-3.1288390159606934","4.629201889038086","-3.4916956424713135","42.81091772910736","0.04622576177285319","121.24556213017752","77.14152649613627","REPLAY"
"2026-09-29T13:36:31.271680","101","2026-09-29T13:36:45.308564","1","0.9508934020996094","0.9958990216255188","-4.1036376953125","5.287974834442139","-4.196418285369873","59.58772988839507","0.05048888888888889","124.39422419685577","76.70081457446977","REPLAY"
"2026-09-29T13:36:31.271680","102","2026-09-29T13:36:45.428704","1","0.9918690919876099","0.99802166223526","-3.8858180046081543","5.123745441436768","-3.698507785797119","52.428704033763495","0.04810810810810811","120.89524948735475","76.82817731215073","REPLAY"
"2026-09-29T13:36:31.271680","103","2026-09-29T13:36:45.553774","1","0.9923635125160217","0.998312771320343","-3.633866786956787","4.687231540679932","-3.0664632320404053","44.54185349471043","0.04747991234477721","118.2838596491228","76.83406444271525","REPLAY"
"2026-09-29T13:36:31.271680","104","2026-09-29T13:36:45.683790","1","0.9938164353370667","0.9974306225776672","-4.1129302978515625","4.5234761238098145","-2.851611614227295","45.762473592098765","0.048355555555555554","117.63686962388262","76.84416701634458","REPLAY"
"2026-09-29T13:36:31.271680","105","2026-09-29T13:36:45.788382","1","0.9947605133056641","0.9974306225776672","-3.726973533630371","4.628676891326904","-3.086893081665039","43.120795306666665","0.04853333333333333","116.02033492822966","76.90103646098456","REPLAY"
"2026-09-29T13:36:31.271680","106","2026-09-29T13:36:45.940922","1","0.0","0.004566192626953125","-3.341470718383789","6.023860454559326","-3.6802592277526855","47.6454338054321","0.05191111111111111","119.12064251537936","77.35178187337166","REPLAY"
"2026-09-29T13:36:31.271680","107","2026-09-29T13:36:46.072901","1","0.018253028392791748","0.0026093721389770508","-3.970754384994507","9.427634239196777","-3.4571261405944824","60.676778127421905","0.05626731301939058","129.6050295857988","76.7301960928991","REPLAY"
"2026-09-29T13:36:31.271680","108","2026-09-29T13:36:46.196501","1","0.9497048854827881","0.9735729098320007","-2.099905490875244","18.63205909729004","-3.806432008743286","55.773817173333335","0.06186666666666667","137.83875864395344","75.27159555366198","REPLAY"
"2026-09-29T13:36:31.271680","109","2026-09-29T13:36:46.321622","1","0.9868497848510742","0.9713870286941528","-1.0863529443740845","20.337825775146484","-4.780961036682129","57.619753711068576","0.07138722747443565","139.89059607552758","74.66105608346349","REPLAY"
"2026-09-29T13:36:31.271680","110","2026-09-29T13:36:46.433711","1","0.990864634513855","0.937804639339447","-4.954898357391357","31.414247512817383","-5.819836616516113","56.05998706231815","0.07666456626759084","137.86232890299544","74.98046886635282","REPLAY"
"2026-09-29T13:36:31.271680","111","2026-09-29T13:36:46.561969","1","0.15394079685211182","0.6025388240814209","-3.1350526809692383","44.121402740478516","-7.656520843505859","66.54040925620858","0.08191556395715185","130.46617734576472","76.27147257599283","REPLAY"
"2026-09-29T13:36:31.271680","112","2026-09-29T13:36:46.678214","1","0.007300853729248047","0.019214868545532227","-2.699220895767212","45.97731018066406","-6.351621627807617","60.54647866396443","0.0810754043268221","123.23031144614164","75.69089513613135","REPLAY"
"2026-09-29T13:36:31.271680","113","2026-09-29T13:36:46.794879","1","0.05671572685241699","0.3436095714569092","0.7067246437072754","52.78194808959961","-7.485975742340088","56.599105721712704","0.07376126126126126","110.50126126126126","74.28671445389928","REPLAY"
"2026-09-29T13:36:31.271680","114","2026-09-29T13:36:46.922049","1","0.9498605728149414","0.25589215755462646","1.0129573345184326","51.55799865722656","-7.865139484405518","73.92606436433861","0.07412272471382998","109.59788166544924","73.78819476893617","REPLAY"
"2026-09-29T13:36:31.271680","115","2026-09-29T13:36:47.039151","1","0.8947855234146118","0.0595439076423645","0.033531270921230316","50.34557342529297","-7.621330738067627","76.32852870564481","0.07286340394448503","110.41842105263157","74.2754747671995","REPLAY"
"2026-09-29T13:36:31.271680","116","2026-09-29T13:36:47.158323","1","0.9287917613983154","0.05664175748825073","-2.252410888671875","54.78978729248047","-9.07622241973877","90.65296351273983","0.07414170927684441","113.81929824561404","74.94925754485554","REPLAY"
"2026-09-29T13:36:31.271680","117","2026-09-29T13:36:47.284809","1","0.9537659883499146","0.3513319492340088","-0.18265074491500854","57.294559478759766","-8.283058166503906","85.70291463086683","0.07487216946676406","118.3664","75.23241600338692","REPLAY"
"2026-09-29T13:36:31.271680","118","2026-09-29T13:36:47.399568","1","0.504286527633667","0.8573482036590576","0.9321808218955994","51.19144058227539","-8.304509162902832","84.94026460373468","0.07542001460920379","117.54666666666667","75.15030154445306","REPLAY"
"2026-09-29T13:36:31.271680","119","2026-09-29T13:36:47.519400","1","0.679590106010437","0.6884933710098267","-1.082898497581482","48.88267517089844","-8.722943305969238","85.41877707978249","0.07387387387387387","123.14787878787878","76.22936193515977","REPLAY"
"2026-09-29T13:36:31.271680","120","2026-09-29T13:36:47.649075","1","0.9511713981628418","0.6444942951202393","-1.4775080680847168","48.477020263671875","-7.681354999542236","85.41622256078358","0.08273809523809524","128.15715372907152","75.70662075402068","REPLAY"
"2026-09-29T13:36:31.271680","121","2026-09-29T13:36:47.760459","1","0.001824796199798584","0.0208626389503479","-1.3626606464385986","30.119483947753906","-8.446101188659668","64.78651563303362","0.0744466800804829","130.88734567901236","75.00221474337519","REPLAY"
"2026-09-29T13:36:31.271680","122","2026-09-29T13:36:47.881216","1","0.0","0.006523013114929199","3.433795213699341","22.168933868408203","-8.235591888427734","89.91269373475842","0.07542438271604938","130.12810070344318","74.45335943574771","REPLAY"
"2026-09-29T13:36:31.271680","123","2026-09-29T13:36:48.002838","1","0.029205143451690674","0.008479773998260498","3.100764751434326","17.62762451171875","-6.198001861572266","62.144303444465294","0.06316590563165905","124.31994156318481","73.58278416412057","REPLAY"
"2026-09-29T13:36:31.271680","124","2026-09-29T13:36:48.150541","1","0.1492120623588562","0.02363598346710205","2.0413362979888916","12.879414558410645","-4.7249650955200195","46.49164787358025","0.05511111111111111","115.51071006915163","74.55928824298705","REPLAY"
"2026-09-29T13:36:31.271680","125","2026-09-29T13:36:48.293129","1","0.27911096811294556","0.15379184484481812","2.6379826068878174","8.274105072021484","-4.024863243103027","43.903463537777775","0.04657777777777778","110.85410693202901","74.77311586987146","REPLAY"
"2026-09-29T13:36:31.271680","126","2026-09-29T13:36:48.430241","1","0.9370447397232056","0.9351650476455688","-0.08343405276536942","5.702306270599365","-3.4867870807647705","60.6582773254321","0.04657777777777778","108.90352504638219","74.48756612045116","REPLAY"
"2026-09-29T13:36:31.271680","127","2026-09-29T13:36:48.574935","1","0.9840072393417358","0.9884875416755676","-0.772559404373169","3.1127140522003174","-2.7750115394592285","44.27002014024691","0.04248888888888889","105.95727956254272","74.49447460310593","REPLAY"
"2026-09-29T13:36:31.271680","128","2026-09-29T13:36:48.693634","1","0.9868497848510742","0.9922314882278442","-1.1508550643920898","1.7750438451766968","-2.252187967300415","45.336995250585296","0.04220779220779221","108.85751379422265","74.9681517331171","REPLAY"
"2026-09-29T13:36:31.271680","129","2026-09-29T13:36:48.808024","1","0.990864634513855","0.9929311275482178","-1.7156010866165161","2.128121852874756","-2.2692103385925293","51.96683115034224","0.04293628808864266","117.04635108481263","76.22595322419109","REPLAY"
"2026-09-29T13:36:31.271680","130","2026-09-29T13:36:48.938072","1","0.9913694858551025","0.994285523891449","-2.3499529361724854","2.100738286972046","-2.0104286670684814","51.05761593274081","0.04412254412254412","121.0538375260375","76.54623266204969","REPLAY"
"2026-09-29T13:36:31.271680","131","2026-09-29T13:36:49.049347","1","0.9887905716896057","0.994285523891449","-1.9374432563781738","2.1943113803863525","-1.9785645008087158","43.15734903347291","0.04428904428904429","122.45104951129626","76.28789248995228","REPLAY"
"2026-09-29T13:36:31.271680","132","2026-09-29T13:36:49.176253","1","0.9887905716896057","0.9952638149261475","-1.6510909795761108","2.427605628967285","-1.9186511039733887","49.06746790137429","0.04518698060941828","121.57544378698225","75.94140312090644","REPLAY"
"2026-09-29T13:36:31.271680","133","2026-09-29T13:36:49.295820","1","0.9882580041885376","0.9915161728858948","-1.7518656253814697","1.6821049451828003","-1.5570335388183594","45.11574517801237","0.0443213296398892","119.37721893491124","75.89775779833025","REPLAY"
"2026-09-29T13:36:31.271680","134","2026-09-29T13:36:49.418789","1","0.651045560836792","0.7962261438369751","-2.8820724487304688","-3.5261569023132324","-0.27983608841896057","37.05665211134742","0.03812853812853813","111.4308604390322","75.6420093212197","REPLAY"
"2026-09-29T13:36:31.271680","135","2026-09-29T13:36:49.535946","1","0.7024589776992798","0.05664175748825073","-1.2548744678497314","-12.007863998413086","0.21735510230064392","20.63864496987654","0.0288","91.63636363636364","66.95948735268203","REPLAY"
"2026-09-29T13:36:31.271680","136","2026-09-29T13:36:49.659385","1","0.908852219581604","0.8628342747688293","-2.8721370697021484","-23.623950958251953","1.916666030883789","29.222770567247615","0.01901451645880188","77.03349001175089","57.31792179137153","REPLAY"
"2026-09-29T13:36:31.271680","137","2026-09-29T13:36:49.775517","1","0.7466771602630615","0.9841023683547974","-3.3688859939575195","-27.293292999267578","4.674239158630371","22.343192373217576","0.01618357487922705","65.7254675594551","47.392729268964295","REPLAY"
"2026-09-29T13:36:31.271680","138","2026-09-29T13:36:49.895236","1","0.9445556402206421","0.9876855611801147","-2.9268078804016113","-37.164798736572266","5.334220886230469","30.815752850844063","0.013729977116704805","69.34409907722195","47.134497532090194","REPLAY"
"2026-09-29T13:36:31.271680","139","2026-09-29T13:36:50.015954","1","0.9492247700691223","0.9872773885726929","-2.8570172786712646","-41.046958923339844","6.076596736907959","31.447082289305904","0.01682496607869742","77.9826680672269","49.78458548290772","REPLAY"
"2026-09-29T13:36:31.271680","140","2026-09-29T13:36:50.147485","1","0.9370447397232056","0.990412712097168","-2.93689227104187","-39.22542190551758","6.336170673370361","37.83911419195405","0.021282476506357104","89.46042780748662","53.42995600547938","REPLAY"
"2026-09-29T13:36:31.271680","141","2026-09-29T13:36:50.263949","1","0.9488933086395264","0.9880889058113098","-2.890652894973755","-38.88261032104492","7.105063438415527","32.051606181976304","0.019347705914870093","95.69438502673796","53.86730498189216","REPLAY"
"2026-09-29T13:36:31.271680","142","2026-09-29T13:36:50.383284","1","0.9287917613983154","0.9896559715270996","-2.6775407791137695","-37.93385314941406","6.839539527893066","25.458458964314843","0.017965726920950803","98.16470588235295","52.25035511783849","REPLAY"
"2026-09-29T13:36:31.271680","143","2026-09-29T13:36:50.504150","1","0.9287917613983154","0.9896559715270996","-1.8520944118499756","-35.82332229614258","6.920107364654541","29.32268712671417","0.015977961432506887","95.87659914712154","49.44229440321556","REPLAY"
"2026-09-29T13:36:31.271680","144","2026-09-29T13:36:50.615617","1","0.19043755531311035","0.023173749446868896","-0.0040353513322770596","-38.83271789550781","5.604423999786377","24.77390030000971","0.01365546218487395","95.38004926108374","50.400500877149284","REPLAY"
"2026-09-29T13:36:31.271680","145","2026-09-29T13:36:50.741464","1","0.026467084884643555","0.022249281406402588","-1.0729223489761353","-27.183712005615234","6.033594608306885","28.3443143538443","0.018317853457172344","98.52663438256658","52.00572135180447","REPLAY"
"2026-09-29T13:36:31.271680","146","2026-09-29T13:36:50.867973","1","0.018253028392791748","0.0026093721389770508","-0.8508201837539673","-21.07793617248535","4.2858357429504395","29.576276106216792","0.023004370830457786","110.21082746478874","57.18501067715461","REPLAY"
"2026-09-29T13:36:31.271680","147","2026-09-29T13:36:50.980247","1","0.7024589776992798","0.026871562004089355","-0.04724656045436859","-19.438417434692383","2.447505474090576","32.15806983792291","0.024305555555555556","116.20078277886498","61.65898260897237","REPLAY"
"2026-09-29T13:36:31.271680","148","2026-09-29T13:36:51.107210","1","0.7856113910675049","0.6858682632446289","-0.24325674772262573","-11.495394706726074","2.5963456630706787","36.3362439227124","0.027767493520918177","111.51513513513514","62.98554421402338","REPLAY"
"2026-09-29T13:36:31.271680","149","2026-09-29T13:36:51.228943","1","0.18340229988098145","0.7588732242584229","0.6114397644996643","-7.77686071395874","2.3814475536346436","39.74360270939263","0.030929596719070404","105.86140863356053","66.72334775158551","REPLAY"
"2026-09-29T13:36:31.271680","150","2026-09-29T13:36:51.341382","1","0.770969033241272","0.9861172437667847","-0.20416805148124695","-5.173776149749756","2.140611171722412","44.52811175506173","0.037866666666666667","97.32568729971328","67.38719902409566","REPLAY"
"2026-09-29T13:36:31.271680","151","2026-09-29T13:36:51.474753","1","0.9515752792358398","0.9907847046852112","-0.8785476684570312","-4.4394354820251465","1.3858940601348877","38.36321077834591","0.037477477477477476","93.4725541125541","68.11638550301969","REPLAY"
"2026-09-29T13:36:31.271680","152","2026-09-29T13:36:51.591798","1","0.9831671714782715","0.9896559715270996","0.058340586721897125","-4.0734405517578125","0.8574093580245972","35.81082042042042","0.03981981981981982","92.8801754385965","69.21661290271005","REPLAY"
"2026-09-29T13:36:31.271680","153","2026-09-29T13:36:51.706920","1","0.986605703830719","0.9911525249481201","-0.5826762914657593","-3.701680898666382","0.9323488473892212","32.44205908611314","0.03891891891891892","92.96789473684211","70.08101467854816","REPLAY"
"2026-09-29T13:36:31.271680","154","2026-09-29T13:36:51.837440","1","0.972050666809082","0.9861172437667847","-0.9245032668113708","-3.7574734687805176","1.0735301971435547","33.474072146172844","0.041777777777777775","95.07236842105263","71.26847545609887","REPLAY"
"2026-09-29T13:36:31.271680","155","2026-09-29T13:36:51.953640","1","0.9606643915176392","0.9488520622253418","-1.1765353679656982","-3.8160195350646973","1.0933738946914673","39.14556589719914","0.04298245614035088","99.00539811066128","72.45734217522691","REPLAY"
"2026-09-29T13:36:31.271680","156","2026-09-29T13:36:52.067152","1","0.015514969825744629","0.010436594486236572","-4.447728157043457","-3.1252167224884033","1.0190590620040894","34.30033856571252","0.041403508771929824","105.23409923409923","74.05589465990491","REPLAY"
"2026-09-29T13:36:31.271680","157","2026-09-29T13:36:52.202627","1","0.010038912296295166","0.004566192626953125","-9.41845989227295","-2.398550033569336","0.3136215806007385","34.029355198443454","0.04090823794332896","116.59605551497444","74.93476646232001","REPLAY"
"2026-09-29T13:36:31.271680","158","2026-09-29T13:36:52.317688","1","0.9970390796661377","0.9925832152366638","-10.547255516052246","-0.11950526386499405","0.15882740914821625","41.02859535802469","0.04337777777777778","121.04518698060942","74.26076034750021","REPLAY"
"2026-09-29T13:36:31.271680","159","2026-09-29T13:36:52.439475","1","0.9952254295349121","0.9974306225776672","-14.447808265686035","1.4628534317016602","-0.4469033479690552","38.02829539555556","0.04284444444444444","125.82029085872576","72.64719209321842","REPLAY"
"2026-09-29T13:36:31.271680","160","2026-09-29T13:36:52.551806","1","0.9942908883094788","0.99802166223526","-18.28061866760254","0.7610243558883667","-0.2814110517501831","40.82693274952566","0.050776255707762556","128.41162873399716","71.45521789844875","REPLAY"
"2026-09-29T13:36:31.271680","161","2026-09-29T13:36:52.674863","1","0.9947605133056641","0.998312771320343","-20.426721572875977","0.7058923244476318","-0.04118496924638748","48.908466713645026","0.04929577464788732","131.33597046413502","71.19690135381245","REPLAY"
"2026-09-29T13:36:31.271680","162","2026-09-29T13:36:52.798669","1","0.9933371543884277","0.997727632522583","-22.600576400756836","-0.013669271022081375","-0.33209583163261414","50.11983980384251","0.05034324942791762","134.8595238095238","70.74414154644332","REPLAY"
"2026-09-29T13:36:31.271680","163","2026-09-29T13:36:52.916150","1","0.9928528666496277","0.997727632522583","-22.439950942993164","0.10322965681552887","-0.33672812581062317","50.11307303086524","0.04935064935064935","135.09880450070324","70.4284238204561","REPLAY"
"2026-09-29T13:36:31.271680","164","2026-09-29T13:36:53.049163","1","0.9928528666496277","0.9971305727958679","-22.75017738342285","0.16948068141937256","-0.4337279498577118","46.46486513511222","0.05413533834586466","135.72346866096865","70.00733776512178","REPLAY"
"2026-09-29T13:36:31.271680","165","2026-09-29T13:36:53.162500","1","0.9952254295349121","0.9971305727958679","-22.592321395874023","-0.0012725681299343705","-0.09512893110513687","51.53498993188099","0.053061224489795916","133.387482419128","69.98629561041199","REPLAY"
"2026-09-29T13:36:31.271680","166","2026-09-29T13:36:53.283456","1","0.9942908883094788","0.997727632522583","-21.95025062561035","0.2895355820655823","-0.08961470425128937","50.750358838826386","0.053759398496240604","129.71189458689457","70.35860252795601","REPLAY"
"2026-09-29T13:36:31.271680","167","2026-09-29T13:36:53.401764","1","0.9947605133056641","0.9971305727958679","-22.360624313354492","-0.03462262079119682","-0.17328935861587524","51.45406693425293","0.053759398496240604","125.06265799927772","71.16215448841251","REPLAY"
"2026-09-29T13:36:31.271680","168","2026-09-29T13:36:53.525252","1","0.9952254295349121","0.9968274235725403","-21.616662979125977","-0.15573450922966003","0.038774050772190094","48.9594921367776","0.047627872498146775","119.13675213675214","71.88312195453128","REPLAY"
"2026-09-29T13:36:31.271680","169","2026-09-29T13:36:53.629807","1","0.9952254295349121","0.9974306225776672","-21.24441146850586","-0.24359458684921265","-0.05581089109182358","49.354248084968056","0.05093984962406015","117.8102202961358","72.16693402934587","REPLAY"
"2026-09-29T13:36:31.271680","170","2026-09-29T13:36:53.767506","1","0.007300853729248047","0.019214868545532227","-17.45063018798828","-0.18576744198799133","0.08779524266719818","33.97585221200763","0.04625047582794062","118.58219178082192","72.65526784276722","REPLAY"
"2026-09-29T13:36:31.271680","171","2026-09-29T13:36:53.885992","1","0.001824796199798584","0.022249281406402588","-13.883343696594238","-0.5337146520614624","0.18268968164920807","38.937082179270654","0.04529680365296804","120.43758890469417","74.73251744171785","REPLAY"
"2026-09-29T13:36:31.271680","172","2026-09-29T13:36:54.009172","1","0.004562854766845703","0.008479773998260498","-7.854119300842285","0.263886421918869","-0.20849791169166565","30.848082172839508","0.041777777777777775","116.63892686261107","77.68575521927104","REPLAY"
"2026-09-29T13:36:31.271680","173","2026-09-29T13:36:54.120035","1","0.08553206920623779","0.1860300898551941","-1.7514921426773071","0.08718772977590561","0.7571505904197693","38.97434241099861","0.037049861495844875","101.07692307692308","77.29053685570099","REPLAY"
"2026-09-29T13:36:31.271680","174","2026-09-29T13:36:54.245740","1","0.17988473176956177","0.12644684314727783","2.154585599899292","-0.3881903886795044","0.9434816241264343","35.078678249876546","0.03448888888888889","85.99572795625427","73.31515936573267","REPLAY"
"2026-09-29T13:36:31.271680","175","2026-09-29T13:36:54.368990","1","0.5554949641227722","0.11680018901824951","7.3389739990234375","1.3615154027938843","0.3877379298210144","40.88441058787319","0.041403508771929824","76.93775303643724","70.84893933530452","REPLAY"
"2026-09-29T13:36:31.271680","176","2026-09-29T13:36:54.492488","1","0.12273192405700684","0.024098217487335205","12.491378784179688","1.0101126432418823","0.09979555755853653","49.843584275843966","0.03798392987582177","73.25450138504155","68.16456465403688","REPLAY"
"2026-09-29T13:36:31.271680","177","2026-09-29T13:36:54.608595","1","0.092304527759552","0.32518619298934937","16.48708724975586","0.7565708756446838","0.774556040763855","47.59309862343535","0.029320987654320986","67.00788140364045","63.740192169175174","REPLAY"
"2026-09-29T13:36:31.271680","178","2026-09-29T13:36:54.725113","1","0.8947855234146118","0.6858682632446289","20.860164642333984","1.6205602884292603","1.7783399820327759","48.69740484466466","0.027725267800882167","63.7708787938901","59.910497227459636","REPLAY"
"2026-09-29T13:36:31.271680","179","2026-09-29T13:36:54.854107","1","0.9903543591499329","0.8734263181686401","22.832361221313477","2.0329651832580566","2.3256278038024902","52.40425860179193","0.023613276899086655","57.13235294117647","51.601345024714824","REPLAY"
"2026-09-29T13:36:31.271680","180","2026-09-29T13:36:55.215830","1","0.9933371543884277","0.937804639339447","26.53368377685547","0.9223065376281738","1.6485307216644287","43.70699863297928","0.01915794163510804","54.54497016197784","43.36878552884772","REPLAY"
"2026-09-29T13:36:31.271680","181","2026-09-29T13:36:55.335645","1","0.990864634513855","0.9021314382553101","26.239025115966797","3.1096949577331543","3.207193613052368","32.84335164735128","0.01775147928994083","52.95775941230487","39.883831044900276","REPLAY"
"2026-09-29T13:36:31.271680","182","2026-09-29T13:36:55.446968","1","0.9918690919876099","0.9351650476455688","27.185359954833984","3.6541621685028076","3.3203048706054688","33.76636302650467","0.019644970414201185","54.1712580348944","40.41083281717286","REPLAY"
"2026-09-29T13:36:31.271680","183","2026-09-29T13:36:55.578183","1","0.9913694858551025","0.9735729098320007","27.527191162109375","1.8432502746582031","2.0706546306610107","44.198299275235456","0.01680473372781065","53.47520661157025","39.20815844079129","REPLAY"
"2026-09-29T13:36:31.271680","184","2026-09-29T13:36:55.689654","1","0.9928528666496277","0.9358671307563782","25.699024200439453","1.8825103044509888","1.4798228740692139","31.18721893491124","0.017514792899408285","56.54430670339761","42.01529753552484","REPLAY"
"2026-09-29T13:36:31.271680","185","2026-09-29T13:36:55.941361","1","0.9903543591499329","0.9021314382553101","19.52629852294922","-1.2760577201843262","-0.12763428688049316","43.00511261879674","0.019603475161505905","60.57097186700767","49.4751424457509","REPLAY"
"2026-09-29T13:36:31.271680","186","2026-09-29T13:36:56.051784","1","0.947841465473175","0.8672940731048584","19.502077102661133","-1.2908763885498047","-1.013657808303833","47.80870486375398","0.023314429741650915","65.92620511803214","55.56669967825235","REPLAY"
"2026-09-29T13:36:31.271680","187","2026-09-29T13:36:56.177242","1","0.02372908592224121","0.021324872970581055","12.86301040649414","-1.3803796768188477","-2.0355801582336426","43.19313572977988","0.024019515856633516","70.12691745799854","58.254132662923375","REPLAY"
"2026-09-29T13:36:31.271680","188","2026-09-29T13:36:56.309959","1","0.018253028392791748","0.004566192626953125","8.866504669189453","-0.9003736972808838","-2.8919901847839355","36.87763506197444","0.022893601050853817","75.61687363038715","60.78835351225833","REPLAY"
"2026-09-29T13:36:31.271680","189","2026-09-29T13:36:56.422554","1","0.29744672775268555","0.14226526021957397","6.5939836502075195","0.9145960211753845","-2.414030075073242","43.86114731542703","0.0281478701444924","82.84623813002192","63.350654531763915","REPLAY"
"2026-09-29T13:36:31.271680","190","2026-09-29T13:36:56.541630","1","0.9996290802955627","0.990412712097168","4.111963272094727","1.375588297843933","-2.015183210372925","37.42111016609565","0.03195763330898466","90.19786666666667","66.51223015275711","REPLAY"
"2026-09-29T13:36:31.271680","191","2026-09-29T13:36:56.668433","1","0.9947605133056641","0.9952638149261475","3.07366681098938","1.019073247909546","-1.8163843154907227","43.72594838081324","0.03333333333333333","96.30164502164502","69.56750813253336","REPLAY"
"2026-09-29T13:36:31.271680","192","2026-09-29T13:36:56.783477","1","0.9918690919876099","0.9955831170082092","2.4278993606567383","0.7871417999267578","-1.735722541809082","49.27995910320988","0.03715555555555555","102.11859193438141","72.51680421040972","REPLAY"
"2026-09-29T13:36:31.271680","193","2026-09-29T13:36:56.909125","1","0.9970390796661377","0.9946150779724121","1.7830270528793335","0.7025907039642334","-1.573943853378296","41.759227331486606","0.03929824561403509","103.88141025641026","72.97862121947904","REPLAY"
"2026-09-29T13:36:31.271680","194","2026-09-29T13:36:57.030481","1","0.9956856369972229","0.9955831170082092","2.2966010570526123","0.9950644373893738","-1.6252557039260864","43.302629085872574","0.04192982456140351","103.94871794871794","72.92245850557082","REPLAY"
"2026-09-29T13:36:31.271680","195","2026-09-29T13:36:57.136632","1","0.9952254295349121","0.9962117075920105","2.590496301651001","1.2843129634857178","-1.58303701877594","44.92112837603878","0.03981994459833795","103.43162393162393","73.61550133906782","REPLAY"
"2026-09-29T13:36:31.271680","196","2026-09-29T13:36:57.271992","1","0.9970390796661377","0.9968274235725403","1.650222897529602","1.9644559621810913","-1.1615502834320068","45.06674899969221","0.04035087719298246","99.23802294197031","72.89593726892646","REPLAY"
"2026-09-29T13:36:31.271680","197","2026-09-29T13:36:57.390726","1","0.9961413145065308","0.9988862872123718","1.339977741241455","2.1312015056610107","-0.941928505897522","49.44779042590028","0.04103185595567867","98.76166995397764","73.63598835245715","REPLAY"
"2026-09-29T13:36:31.271680","198","2026-09-29T13:36:57.509799","1","0.9942908883094788","0.9988862872123718","1.1068049669265747","2.4803268909454346","-0.9608705639839172","48.3500973838104","0.04192982456140351","94.23431174089069","72.04144099624257","REPLAY"
"2026-09-29T13:36:31.271680","199","2026-09-29T13:36:57.628339","1","0.9952254295349121","0.9991688132286072","1.0629478693008423","2.849205493927002","-0.7896848320960999","47.940741562469135","0.04195555555555556","94.9583048530417","72.18061835062912","REPLAY"
"2026-09-29T13:36:31.271680","200","2026-09-29T13:36:57.743445","1","0.9961413145065308","0.9936156272888184","1.5138046741485596","1.7086635828018188","-1.3457887172698975","45.48914993912832","0.041801801801801805","95.28484848484848","72.10321656969029","REPLAY"
"2026-09-29T13:36:31.271680","201","2026-09-29T13:36:57.874676","1","0.001824796199798584","0.0026093721389770508","2.6761820316314697","1.7800395488739014","-1.434462070465088","47.11588395420671","0.04163623082542001","91.49831111111111","70.70432485147715","REPLAY"
"2026-09-29T13:36:31.271680","202","2026-09-29T13:36:57.994134","1","0.007300853729248047","0.022249281406402588","2.100253105163574","2.175733804702759","-1.48973548412323","43.800816738796726","0.04127100073046019","92.26488888888889","71.02699495019004","REPLAY"
"2026-09-29T13:36:31.271680","203","2026-09-29T13:36:58.108869","1","0.007300853729248047","0.632347822189331","1.4108576774597168","2.1305129528045654","-1.3265697956085205","44.42531775119452","0.041471195346218806","90.71420745069393","70.12048450670038","REPLAY"
"2026-09-29T13:36:31.271680","204","2026-09-29T13:36:58.233206","1","0.015514969825744629","0.7252373695373535","1.4716936349868774","1.9439688920974731","-1.3506946563720703","45.22289276124815","0.03900304414003044","87.50894813732651","68.7838190430819","REPLAY"
"2026-09-29T13:36:31.271680","205","2026-09-29T13:36:58.367239","1","0.010038912296295166","0.8734263181686401","0.31728193163871765","2.6010453701019287","-1.5804804563522339","46.0728468037688","0.039383561643835614","87.06884587289993","68.77963010490659","REPLAY"
"2026-09-29T13:36:31.271680","206","2026-09-29T13:36:58.471943","1","0.015514969825744629","0.990412712097168","1.0073245763778687","2.431509256362915","-1.5384385585784912","50.64086561071611","0.0410958904109589","86.39554419284148","68.73041423822751","REPLAY"
"2026-09-29T13:36:31.271680","207","2026-09-29T13:36:58.595729","1","0.04767268896102905","0.9907847046852112","0.419717401266098","2.6264967918395996","-1.6765145063400269","41.79683438843976","0.040157628072809155","87.06701972242513","68.9552082569284","REPLAY"
"2026-09-29T13:36:31.271680","208","2026-09-29T13:36:58.717510","1","0.21113640069961548","0.9952638149261475","1.2492300271987915","2.5602352619171143","-1.8827240467071533","51.90843619491602","0.03962746530314098","87.40284444444444","69.45346407422122","REPLAY"
"2026-09-29T13:36:31.271680","209","2026-09-29T13:36:58.835897","1","0.9979193210601807","0.9949411749839783","2.5384185314178467","1.9987761974334717","-1.5511950254440308","46.592585795724055","0.04163623082542001","88.61777777777777","69.7941866056953","REPLAY"
"2026-09-29T13:36:31.271680","210","2026-09-29T13:36:58.957434","1","0.9987824559211731","0.9939523935317993","2.8035871982574463","1.8135713338851929","-1.6072185039520264","44.04273645647306","0.04054054054054054","90.48426666666667","70.37224308565605","REPLAY"
"2026-09-29T13:36:31.271680","211","2026-09-29T13:36:59.072916","1","0.9987824559211731","0.9952638149261475","3.229757785797119","1.8713479042053223","-1.4264647960662842","48.71338598311458","0.04218407596785975","92.56373333333333","71.17082473610783","REPLAY"
"2026-09-29T13:36:31.271680","212","2026-09-29T13:36:59.197830","1","0.9970390796661377","0.9955831170082092","2.6506919860839844","1.6401405334472656","-1.464745044708252","43.86557506695885","0.04216216216216216","95.39359307359307","72.2726635619944","REPLAY"
"2026-09-29T13:36:31.271680","213","2026-09-29T13:36:59.321827","1","0.9996290802955627","0.9958990216255188","2.5886170864105225","1.5855461359024048","-1.1173969507217407","40.49693810567324","0.04162162162162162","93.98205741626795","71.72188339049252","REPLAY"
"2026-09-29T13:36:31.271680","214","2026-09-29T13:36:59.435780","1","0.9938164353370667","0.9952638149261475","2.767927408218384","1.4701876640319824","-1.0630793571472168","42.13276621432099","0.03751111111111111","93.98363973688649","71.76514964217087","REPLAY"
"2026-09-29T13:36:31.271680","215","2026-09-29T13:36:59.566257","1","0.9947605133056641","0.9958990216255188","3.6798365116119385","1.7875784635543823","-1.09470796585083","44.443031577283946","0.03715555555555555","92.61865407319952","71.41156441790433","REPLAY"
"2026-09-29T13:36:31.271680","216","2026-09-29T13:36:59.686312","1","0.9961413145065308","0.9965211153030396","2.894491195678711","1.8016674518585205","-1.0708708763122559","40.03778446222222","0.036444444444444446","92.44391971664699","71.5414357468747","REPLAY"
"2026-09-29T13:36:31.271680","217","2026-09-29T13:36:59.801058","1","0.9893174171447754","0.9965211153030396","2.780893564224243","1.7982193231582642","-0.8487523198127747","45.37996913777778","0.03857777777777778","91.84483937115516","71.03379900092582","REPLAY"
"2026-09-29T13:36:31.271680","218","2026-09-29T13:36:59.916473","1","0.9974813461303711","0.9965211153030396","2.9501991271972656","2.067859411239624","-1.0816134214401245","42.16089278467657","0.036216216216216214","91.87359307359307","70.48548249156117","REPLAY"
"2026-09-29T13:36:31.271680","219","2026-09-29T13:37:00.041880","1","0.9965924024581909","0.9907847046852112","3.0544071197509766","3.6403849124908447","-1.4919342994689941","46.97857774531288","0.036936936936936934","96.56917748917749","72.01307735205519","REPLAY"
"2026-09-29T13:36:31.271680","220","2026-09-29T13:37:00.176210","1","0.074978768825531","0.9021314382553101","3.253574848175049","7.806971549987793","-2.265209436416626","42.03835847111111","0.0416","106.13594198009783","75.70379115832732","REPLAY"
"2026-09-29T13:36:31.271680","221","2026-09-29T13:37:00.285993","1","0.5700273513793945","0.9488520622253418","3.293332576751709","18.590539932250977","-3.051671028137207","50.31603313777778","0.04","113.14943498060381","77.72673089527558","REPLAY"
"2026-09-29T13:36:31.271680","222","2026-09-29T13:37:00.405033","1","0.8186739683151245","0.886478841304779","3.6819207668304443","22.499534606933594","-3.4645371437072754","59.44758776642641","0.04655712050078247","112.29968099080503","76.91744886955141","REPLAY"
"2026-09-29T13:36:31.271680","223","2026-09-29T13:37:00.529360","1","0.9893174171447754","0.6528555154800415","3.5499556064605713","24.12744903564453","-2.4483892917633057","45.96341619921936","0.0661764705882353","111.62753623188406","76.33264477210913","REPLAY"
"2026-09-29T13:36:31.271680","224","2026-09-29T13:37:00.649437","1","0.9918690919876099","0.7962261438369751","2.158444881439209","29.538183212280273","-2.2710843086242676","66.6918763875618","0.06829488919041157","107.68786502271253","74.72418183206206","REPLAY"
"2026-09-29T13:36:31.271680","225","2026-09-29T13:37:00.765215","1","0.001824796199798584","0.022711515426635742","1.9106011390686035","34.840553283691406","-1.6274608373641968","46.45667702971921","0.06354590682948892","100.36397058823529","70.55483345371029","REPLAY"
"2026-09-29T13:36:31.271680","226","2026-09-29T13:37:00.892326","1","0.015514969825744629","0.022711515426635742","2.552396297454834","41.41031265258789","-4.639210224151611","60.84220457966841","0.06057945566286216","96.6548319327731","67.85728642666344","REPLAY"
"2026-09-29T13:36:31.271680","227","2026-09-29T13:37:01.008977","1","0.9882580041885376","0.1860300898551941","3.3309459686279297","39.87964630126953","-5.038041591644287","53.918152841224064","0.06148362664290488","96.65938581314879","67.4562342619216","REPLAY"
"2026-09-29T13:36:31.271680","228","2026-09-29T13:37:01.130463","1","0.9918690919876099","0.3679760694503784","2.9497084617614746","39.03139114379883","-5.06471061706543","60.752762568015164","0.06057945566286216","98.20332480818415","68.02736277508008","REPLAY"
"2026-09-29T13:36:31.271680","229","2026-09-29T13:37:01.254030","1","0.9913694858551025","0.6728394031524658","4.360992908477783","36.34413146972656","-5.103684902191162","63.80160374149915","0.06098615916955017","102.9768115942029","69.80948846460015","REPLAY"
"2026-09-29T13:36:31.271680","230","2026-09-29T13:37:01.373714","1","0.004562854766845703","0.025947093963623047","4.596500873565674","33.11811065673828","-4.648904323577881","62.09791053157243","0.05817805383022774","101.60426447574335","69.45525015199738","REPLAY"
"2026-09-29T13:36:31.271680","231","2026-09-29T13:37:01.493969","1","0.010038912296295166","0.012393414974212646","5.341606616973877","32.32942581176758","-4.889969825744629","80.80227829755192","0.0613682092555332","105.03995433789954","70.69573475127243","REPLAY"
"2026-09-29T13:36:31.271680","232","2026-09-29T13:37:01.616235","1","0.004562854766845703","0.006523013114929199","3.6313281059265137","21.907623291015625","-6.720582485198975","66.1209417065775","0.0585513078470825","105.48707561728395","71.87181975528128","REPLAY"
"2026-09-29T13:36:31.271680","233","2026-09-29T13:37:01.749414","1","0.012776970863342285","0.0208626389503479","0.6488631367683411","18.320829391479492","-6.697124004364014","52.2109532402049","0.05073302469135803","103.95325054784514","73.43742588655817","REPLAY"
"2026-09-29T13:36:31.271680","234","2026-09-29T13:37:01.857812","1","0.08553206920623779","0.025947093963623047","2.6395347118377686","8.11724853515625","-5.3492536544799805","52.16335915666359","0.0456140350877193","96.98987854251013","73.40194395680825","REPLAY"
"2026-09-29T13:36:31.271680","235","2026-09-29T13:37:01.976609","1","0.05671572685241699","0.3679760694503784","3.900425672531128","3.559903383255005","-4.748961448669434","37.72846933333333","0.043022222222222226","87.78092959671908","70.07735589024833","REPLAY"
"2026-09-29T13:36:31.271680","236","2026-09-29T13:37:02.095224","1","0.3822312355041504","0.9351650476455688","3.0689573287963867","0.8655647039413452","-4.0934014320373535","43.381401697879745","0.03853177501826151","83.37795555555556","67.90645129423125","REPLAY"
"2026-09-29T13:36:31.271680","237","2026-09-29T13:37:02.221075","1","0.651045560836792","0.9021314382553101","2.4895529747009277","0.7271618843078613","-3.536294937133789","45.48005822435257","0.03683820807108478","82.38324324324324","66.892725525427","REPLAY"
"2026-09-29T13:36:31.271680","238","2026-09-29T13:37:02.354735","1","0.6402992010116577","0.936539888381958","2.7810215950012207","0.5151572823524475","-2.7518303394317627","44.67141546937536","0.03926223520818115","86.43413333333334","68.20379637058335","REPLAY"
"2026-09-29T13:36:31.271680","239","2026-09-29T13:37:02.461623","1","0.9947605133056641","0.9351650476455688","3.0916662216186523","0.5803381204605103","-2.4521634578704834","42.849982071977806","0.03524470416362308","89.1824","68.64065378813217","REPLAY"
"2026-09-29T13:36:31.271680","240","2026-09-29T13:37:02.583907","1","0.5627611875534058","0.9376009702682495","3.0634143352508545","1.0855450630187988","-1.4494438171386719","37.146386703170116","0.035975164353542734","90.22842105263157","68.70234628618024","REPLAY"
"2026-09-29T13:36:31.271680","241","2026-09-29T13:37:02.695293","1","0.27911096811294556","0.9383997917175293","2.5031850337982178","-1.3802438974380493","-1.687355875968933","31.193475314105424","0.03258052573121066","83.47495495495495","65.30028767887563","REPLAY"
"2026-09-29T13:36:31.271680","242","2026-09-29T13:37:02.825703","1","0.03194314241409302","0.023173749446868896","2.256051540374756","-8.389036178588867","1.5596951246261597","19.324570404012064","0.014439096630877453","67.16954954954954","53.85785002863561","REPLAY"
"2026-09-29T13:36:31.271680","243","2026-09-29T13:37:02.926951","1","0.03877866268157959","0.26193898916244507","1.469164490699768","-15.685124397277832","0.5741438865661621","13.40703458354319","0.008098891730605285","57.63480885311871","42.26016046572963","REPLAY"
"2026-09-29T13:36:31.271680","244","2026-09-29T13:37:03.066725","1","0.2853690981864929","0.7962261438369751","2.5848886966705322","-22.9560546875","2.1999242305755615","13.77311627448414","0.00469361147327249","46.4363184079602","29.731496179184205","REPLAY"
"2026-09-29T13:36:31.271680","245","2026-09-29T13:37:03.209454","1","0.8947855234146118","0.9668617844581604","1.0777623653411865","-38.83424758911133","4.347754001617432","23.245441666666665","0.005","49.31983285117325","31.197614485249694","REPLAY"
"2026-09-29T13:36:31.271680","246","2026-09-29T13:37:03.330776","1","0.947841465473175","0.9383997917175293","-0.015237129293382168","-46.15619659423828","5.564900875091553","37.070150566893425","0.009523809523809525","65.6688701923077","42.67520128802599","REPLAY"
"2026-09-29T13:36:31.271680","247","2026-09-29T13:37:03.504360","1","0.8898150324821472","0.886478841304779","-0.26066094636917114","-50.79644012451172","6.814912796020508","33.522882171828385","0.01218062982768865","80.66148190045249","49.12623351655842","REPLAY"
"2026-09-29T13:36:31.271680","248","2026-09-29T13:37:03.620095","1","0.947841465473175","0.9892709851264954","-0.09528013318777084","-52.15351486206055","7.108737945556641","25.408956213017753","0.010153846153846154","88.64735147790459","48.76702799805629","REPLAY"
"2026-09-29T13:36:31.271680","249","2026-09-29T13:37:03.740232","1","0.9114788770675659","0.990412712097168","-0.629433810710907","-48.694252014160156","6.438849449157715","18.121270153846154","0.009846153846153846","91.16505706760316","48.83448393434405","REPLAY"
"2026-09-29T13:36:31.271680","250","2026-09-29T13:37:03.879052","1","0.9472037553787231","0.9936156272888184","-0.41624754667282104","-36.249813079833984","5.066893100738525","24.363911520563967","0.010862409479921","93.61365079365079","45.99014667767011","REPLAY"
"2026-09-29T13:36:31.271680","251","2026-09-29T13:37:03.983138","1","0.9488933086395264","0.9929311275482178","-1.0447001457214355","-35.24281692504883","5.620726108551025","26.68247255859375","0.01","94.58254437869823","46.38113895034134","REPLAY"
"2026-09-29T13:36:31.271680","252","2026-09-29T13:37:04.121035","1","0.05671572685241699","0.012393414974212646","0.1823166459798813","-31.226886749267578","3.776484966278076","24.009225416030738","0.008955223880597015","94.17831262939958","47.3042663898815","REPLAY"
"2026-09-29T13:36:31.271680","253","2026-09-29T13:37:04.274837","1","0.012776970863342285","0.006523013114929199","0.5446439981460571","-21.793716430664062","3.6846554279327393","25.960805678587445","0.01293103448275862","97.37476190476191","47.88866583461582","REPLAY"
"2026-09-29T13:36:31.271680","254","2026-09-29T13:37:04.420944","1","0.020991027355194092","0.019214868545532227","0.3479096293449402","-8.9828462600708","3.012882709503174","27.977421771237534","0.01466332240015435","111.25490559052203","58.55613380495025","REPLAY"
"2026-09-29T13:36:31.271680","255","2026-09-29T13:37:04.555888","1","0.03194314241409302","0.06604921817779541","2.323514699935913","-3.5647144317626953","2.4068875312805176","39.36474990666342","0.02252252252252252","112.4664935064935","62.61028678670962","REPLAY"
"2026-09-29T13:36:31.271680","256","2026-09-29T13:37:04.671114","1","0.7805240750312805","0.9834141135215759","1.5038751363754272","0.08369801938533783","1.5408968925476074","48.63664231753676","0.030914476119955573","108.78612612612612","65.13097425584562","REPLAY"
"2026-09-29T13:36:31.271680","257","2026-09-29T13:37:04.799432","1","0.9863588809967041","0.9872773885726929","0.9047593474388123","0.884761393070221","1.1912078857421875","48.36942026901606","0.034061458718992965","102.1472072072072","66.6063773313736","REPLAY"
"2026-09-29T13:36:31.271680","258","2026-09-29T13:37:04.916982","1","0.9837305545806885","0.9488520622253418","0.2781524360179901","0.7710736393928528","0.8668878674507141","42.35557620478984","0.03850425768233987","98.5081081081081","67.52704247773714","REPLAY"
"2026-09-29T13:36:31.271680","259","2026-09-29T13:37:05.055448","1","0.8049881458282471","0.7962261438369751","-0.7894068956375122","0.3726881146430969","1.0385099649429321","37.77510426101777","0.033693693693693696","96.20380952380953","67.6454509417047","REPLAY"
"2026-09-29T13:36:31.271680","260","2026-09-29T13:37:05.173813","1","0.9837305545806885","0.9952638149261475","-4.456726551055908","0.7480775117874146","0.694479763507843","36.58776619298357","0.03077500469131169","106.32980277574872","67.97283108924395","REPLAY"
"2026-09-29T13:36:31.271680","261","2026-09-29T13:37:05.301015","1","0.9493870735168457","0.9994485974311829","-14.728140830993652","1.2300738096237183","-2.009819507598877","30.923108289801405","0.028951486697965573","121.02533308313005","66.08480080158472","REPLAY"
"2026-09-29T13:36:31.271680","262","2026-09-29T13:37:05.459934","1","0.9979193210601807","0.9952638149261475","-23.192962646484375","-0.4388605058193207","-1.1338927745819092","35.01064855442986","0.03576723498888065","125.74341168091168","66.08542459079906","REPLAY"
"2026-09-29T13:36:31.271680","263","2026-09-29T13:37:05.638139","1","0.9947605133056641","0.9867727756500244","-25.342493057250977","-0.5922209620475769","-2.1913859844207764","62.25942857142857","0.04057142857142857","141.00676788000732","66.80064166618858","REPLAY"
"2026-09-29T13:36:31.271680","264","2026-09-29T13:37:05.762832","1","0.9942908883094788","0.9952638149261475","-24.159481048583984","-2.063946008682251","-0.7162984609603882","61.607277086042174","0.04473684210526316","151.69158540989528","64.65196044316141","REPLAY"
"2026-09-29T13:36:31.271680","265","2026-09-29T13:37:05.875698","1","0.9947605133056641","0.9949411749839783","-25.272705078125","-1.8058996200561523","-1.5871325731277466","59.54952821302714","0.04908212560386473","152.75157699443415","63.7289953924295","REPLAY"
"2026-09-29T13:36:31.271680","266","2026-09-29T13:37:05.983720","1","0.9961413145065308","0.994285523891449","-25.165246963500977","-2.1663119792938232","-1.0695260763168335","66.05980007689351","0.0496078431372549","145.23512585812358","63.882512611709515","REPLAY"
"2026-09-29T13:36:31.271680","267","2026-09-29T13:37:06.117242","1","0.9938164353370667","0.9952638149261475","-24.72634506225586","-1.7705364227294922","-0.7100358009338379","62.814121645520956","0.04666666666666667","128.96376811594203","65.98856475251796","REPLAY"
"2026-09-29T13:36:31.271680","268","2026-09-29T13:37:06.237145","1","0.9965924024581909","0.9974306225776672","-23.830074310302734","-2.289318561553955","-0.1320287138223648","45.29090267963141","0.04398496240601504","113.91737891737891","68.66880813581773","REPLAY"
"2026-09-29T13:36:31.271680","269","2026-09-29T13:37:06.359936","1","0.9952254295349121","0.9974306225776672","-20.6846923828125","-0.4823665916919708","-0.5243250727653503","32.89521178868149","0.03857245854361932","107.81247863247863","69.57437794551923","REPLAY"
"2026-09-29T13:36:31.271680","270","2026-09-29T13:37:06.483421","1","0.001824796199798584","0.021787047386169434","-17.767045974731445","-0.6366144418716431","0.25081124901771545","33.720698378485764","0.04052511415525114","108.75860792299149","70.29860837889714","REPLAY"
"2026-09-29T13:36:31.271680","271","2026-09-29T13:37:06.619226","1","0.04767268896102905","0.0208626389503479","-13.950237274169922","0.39465320110321045","0.43842586874961853","30.919055880204528","0.03761869978086194","106.60071111111111","71.96130466009639","REPLAY"
"2026-09-29T13:36:31.271680","272","2026-09-29T13:37:06.762468","1","0.9842807650566101","0.9488520622253418","-8.081103324890137","0.665956974029541","1.2722564935684204","38.65204622222222","0.0336","95.89593301435407","70.88241254791924","REPLAY"
"2026-09-29T13:36:31.271680","273","2026-09-29T13:37:06.875626","1","0.9828804135322571","0.9896559715270996","-5.206878662109375","0.5158985257148743","1.975713849067688","40.79108358353418","0.03214024835646457","85.52071111111111","67.06680694108002","REPLAY"
"2026-09-29T13:36:31.271680","274","2026-09-29T13:37:07.053588","1","0.9485522508621216","0.9911525249481201","-3.5670089721679688","0.02117583341896534","1.752922773361206","36.23700431819892","0.03195763330898466","82.68","65.9094732695283","REPLAY"
"2026-09-29T13:36:31.271680","275","2026-09-29T13:37:07.177038","1","0.9458995461463928","0.9867727756500244","0.13862480223178864","0.23856227099895477","1.7019214630126953","31.359083710737764","0.027927927927927927","76.83549783549783","64.15035871648311","REPLAY"
"2026-09-29T13:36:31.271680","276","2026-09-29T13:37:07.317955","1","0.43315184116363525","0.32518619298934937","7.1561994552612305","-0.46051639318466187","1.8481532335281372","24.801397970943917","0.023063063063063063","65.33631578947369","59.07779925973852","REPLAY"
"2026-09-29T13:36:31.271680","277","2026-09-29T13:37:07.607852","1","0.27911096811294556","0.434387743473053","21.294034957885742","2.2899701595306396","2.4891862869262695","22.566938165636472","0.013652593992858644","50.847649275937314","39.11167180501799","REPLAY"
"2026-09-29T13:36:31.271680","278","2026-09-29T13:37:07.833040","1","0.651045560836792","0.06604921817779541","21.98504638671875","1.8568185567855835","3.10011625289917","14.612949886854803","0.009083044982698962","42.56897959183674","31.15523241964393","REPLAY"
"2026-09-29T13:36:31.271680","279","2026-09-29T13:37:08.008807","1","0.7550646662712097","0.12001985311508179","20.5518741607666","0.20969441533088684","2.2301275730133057","13.999794961746147","0.009083044982698962","41.31918367346939","30.852680883530333","REPLAY"
"2026-09-29T13:36:31.271680","280","2026-09-29T13:37:08.154452","1","0.5700273513793945","0.0595439076423645","19.7323055267334","0.47882959246635437","1.8270249366760254","15.184852091348247","0.00877963125548727","41.33165301407267","30.71910436874707","REPLAY"
"2026-09-29T13:36:31.271680","281","2026-09-29T13:37:08.274939","1","0.46944624185562134","0.05664175748825073","20.24860382080078","0.3143836259841919","1.8323326110839844","16.45205246894205","0.00913343729115616","43.17286284394035","32.28905735581975","REPLAY"
"2026-09-29T13:36:31.271680","282","2026-09-29T13:37:08.527156","1","0.010038912296295166","0.012393414974212646","12.931921005249023","-0.5722275972366333","0.8731072545051575","30.70661738472694","0.01750380517503805","59.86912254720474","50.48715011613823","REPLAY"
"2026-09-29T13:36:31.271680","283","2026-09-29T13:37:08.650880","1","0.020991027355194092","0.008479773998260498","11.347410202026367","0.482144832611084","0.7682232856750488","31.314484154317316","0.01741001564945227","63.63527397260274","51.40209143453473","REPLAY"
"2026-09-29T13:36:31.271680","284","2026-09-29T13:37:08.772065","1","0.16252541542053223","0.14842408895492554","7.764377117156982","1.7079869508743286","0.3906911611557007","31.74990835358025","0.020266666666666665","69.61494349806038","55.10082742878884","REPLAY"
"2026-09-29T13:36:31.271680","285","2026-09-29T13:37:08.886896","1","0.9370447397232056","0.9952638149261475","2.8094985485076904","1.15200674533844","-0.013147869147360325","39.0437109254321","0.025066666666666668","75.71120984278879","58.11868549496567","REPLAY"
"2026-09-29T13:36:31.271680","286","2026-09-29T13:37:09.015522","1","0.9837305545806885","0.994285523891449","0.40283912420272827","0.8256097435951233","0.6601598262786865","31.559153051410796","0.02564102564102564","83.40314052235219","62.433969861003334","REPLAY"
"2026-09-29T13:36:31.271680","287","2026-09-29T13:37:09.117647","1","0.9956856369972229","0.9949411749839783","-1.3614253997802734","0.45929470658302307","0.4647294878959656","37.30294198874709","0.02579714789296587","90.72578125","65.14699214336106","REPLAY"
"2026-09-29T13:36:31.271680","288","2026-09-29T13:37:09.254408","1","0.9974813461303711","0.9946150779724121","-2.122239828109741","1.3112101554870605","0.17832553386688232","36.412593284399065","0.03017832647462277","98.41094498475832","68.63530852443564","REPLAY"
"2026-09-29T13:36:31.271680","289","2026-09-29T13:37:09.376029","1","0.9933371543884277","0.994285523891449","-1.8698923587799072","1.322414755821228","0.41092613339424133","40.59330182199011","0.030483158055174518","97.81608361155465","68.76368360683772","REPLAY"
"2026-09-29T13:36:31.271680","290","2026-09-29T13:37:09.522930","1","0.7805240750312805","0.9946150779724121","-2.851871967315674","1.0377418994903564","0.7576714158058167","35.77241318359375","0.03234375","96.39470553242118","68.19124920473202","REPLAY"
"2026-09-29T13:36:31.271680","291","2026-09-29T13:37:09.662835","1","0.9887905716896057","0.9949411749839783","-2.1645348072052","1.3709099292755127","0.6136274933815002","37.816569460022436","0.03322784810126582","92.55509259259259","67.49478984458185","REPLAY"
"2026-09-29T13:36:31.271680","292","2026-09-29T13:37:09.775916","1","0.9928528666496277","0.9952638149261475","-2.2143025398254395","1.294583797454834","0.678123950958252","39.827985937499996","0.03390625","91.05133995784402","68.16729281154856","REPLAY"
"2026-09-29T13:36:31.271680","293","2026-09-29T13:37:09.899747","1","0.9501656293869019","0.9949411749839783","-2.0021467208862305","1.5551531314849854","0.7401309013366699","36.39275661621094","0.03328125","91.00639500297441","68.67810742711397","REPLAY"
"2026-09-29T13:36:31.271680","294","2026-09-29T13:37:10.015036","1","0.9458995461463928","0.9892709851264954","-2.1937031745910645","3.2438242435455322","0.18183086812496185","34.556604589843744","0.03609375","93.04727491719362","70.33699493809792","REPLAY"
"2026-09-29T13:36:31.271680","295","2026-09-29T13:37:10.139266","1","0.9837305545806885","0.9936156272888184","-1.641156792640686","9.33073616027832","0.3550650477409363","63.21380286731624","0.03957699086684826","99.1096875","73.2152808070306","REPLAY"
"2026-09-29T13:36:31.271680","296","2026-09-29T13:37:10.262603","1","0.9913694858551025","0.9955831170082092","-3.2290449142456055","17.87563705444336","-0.46648213267326355","60.27977564411226","0.03605191475725044","107.15234375","76.29740786967692","REPLAY"
"2026-09-29T13:36:31.271680","297","2026-09-29T13:37:10.421543","1","0.9938164353370667","0.9958990216255188","-3.7044286727905273","21.54544448852539","-1.0537394285202026","52.39811703555577","0.03930499325236168","113.51476793248945","77.1960448080188","REPLAY"
"2026-09-29T13:36:31.271680","298","2026-09-29T13:37:10.536145","1","0.9942908883094788","0.9958990216255188","-3.4672865867614746","19.132373809814453","-0.649603545665741","48.572653237871315","0.03380868450568819","110.603125","76.98202097070701","REPLAY"
"2026-09-29T13:36:31.271680","299","2026-09-29T13:37:10.660619","1","0.9933371543884277","0.9929311275482178","-5.024260520935059","12.650781631469727","-0.11304761469364166","34.2718082341724","0.03390116377129364","107.5064893446563","75.079806908468","REPLAY"
"2026-09-29T13:36:31.271680","300","2026-09-29T13:37:10.796604","1","0.7856113910675049","0.9847822189331055","-3.50913667678833","3.174881935119629","-0.19153806567192078","33.33005901241927","0.02761795166858458","89.02151898734178","66.80689045961165","REPLAY"
"2026-09-29T13:36:31.271680","301","2026-09-29T13:37:10.920003","1","0.5735950469970703","0.8717538714408875","-3.3030402660369873","-4.876657962799072","2.6460721492767334","21.65562002469591","0.02153542659871774","75.34082278481013","58.582077371807515","REPLAY"
"2026-09-29T13:36:31.271680","302","2026-09-29T13:37:11.036889","1","0.9970390796661377","0.9949411749839783","-4.009842872619629","-6.991617202758789","2.5520663261413574","19.51830247632827","0.019233930626335688","67.97099358974359","52.806619494854225","REPLAY"
"2026-09-29T13:36:31.271680","303","2026-09-29T13:37:11.142344","1","0.9956856369972229","0.9949411749839783","-5.226147651672363","-6.378527641296387","3.2875277996063232","25.658596279937594","0.023376623376623377","73.89657301636308","57.87801459107044","REPLAY"
"2026-09-29T13:36:31.271680","304","2026-09-29T13:37:11.243041","1","0.9845510721206665","0.9949411749839783","-4.866484642028809","-3.898829221725464","3.170867443084717","24.27900784624929","0.024505030834144757","76.79224683544304","59.739815905687244","REPLAY"
"2026-09-29T13:36:31.271680","305","2026-09-29T13:37:11.361950","1","0.9952254295349121","0.9958990216255188","-5.062391757965088","-2.0866305828094482","3.3893961906433105","30.247163349867087","0.025974025974025976","83.84525316455696","62.25612249083728","REPLAY"
"2026-09-29T13:36:31.271680","306","2026-09-29T13:37:11.475943","1","0.9923635125160217","0.9965211153030396","-6.456222057342529","-1.875387191772461","2.641690731048584","29.589291987429117","0.025969529085872575","88.70808678500987","62.73437784341812","REPLAY"
"2026-09-29T13:36:31.271680","307","2026-09-29T13:37:11.593785","1","0.9845510721206665","0.9936156272888184","-7.685120582580566","-2.2128167152404785","2.180530071258545","28.562317158209343","0.03064404432132964","89.4508547008547","62.65702733571795","REPLAY"
"2026-09-29T13:36:31.271680","308","2026-09-29T13:37:11.712096","1","0.7856113910675049","0.7588732242584229","-8.35817813873291","-2.2564995288848877","2.2299275398254395","23.61677512061062","0.029689608636977057","88.32781564427134","62.731839154347156","REPLAY"
"2026-09-29T13:36:31.271680","309","2026-09-29T13:37:11.832617","1","0.5816861391067505","0.9880889058113098","-6.14471960067749","-1.586662769317627","2.3704395294189453","27.975139721102124","0.030817174515235458","86.67981591058515","62.583748336006934","REPLAY"
"2026-09-29T13:36:31.271680","310","2026-09-29T13:37:11.948779","1","0.9938164353370667","0.994285523891449","-2.4335684776306152","-1.4310517311096191","2.057730197906494","30.29224897487802","0.03272604588394062","84.67964946445959","63.31016115669686","REPLAY"
"2026-09-29T13:36:31.271680","311","2026-09-29T13:37:12.066652","1","0.9996290802955627","0.9958990216255188","-0.04951798543334007","0.20425839722156525","2.4636735916137695","39.3022056616519","0.03589168402499599","83.39671875","65.6356916660699","REPLAY"
"2026-09-29T13:36:31.271680","312","2026-09-29T13:37:12.200466","1","0.9992077946662903","0.994285523891449","1.3300999402999878","0.798029363155365","2.9308316707611084","39.4444984375","0.0390625","84.05450165612767","67.27485483525444","REPLAY"
"2026-09-29T13:36:31.271680","313","2026-09-29T13:37:12.320129","1","0.9987824559211731","0.9952638149261475","1.8519573211669922","0.514022171497345","2.6798877716064453","43.61692810058594","0.0446875","84.06820234869015","68.31333581002711","REPLAY"
"2026-09-29T13:36:31.271680","314","2026-09-29T13:37:12.432737","1","0.9952254295349121","0.9971305727958679","2.7177035808563232","0.6743781566619873","2.3824143409729004","45.877779920406326","0.046466912353789455","81.831875","67.2386062577473","REPLAY"
"2026-09-29T13:36:31.271680","315","2026-09-29T13:37:12.549837","1","0.9928528666496277","0.9971305727958679","2.382643699645996","0.5343874096870422","2.2647087574005127","39.12755849609375","0.0434375","80.7236763831053","67.22772060257714","REPLAY"
"2026-09-29T13:36:31.271680","316","2026-09-29T13:37:12.691772","1","0.9938164353370667","0.9962117075920105","2.128038167953491","0.49326932430267334","2.149923801422119","46.53686661139421","0.043102066976446085","70.91125","62.36000770475819","REPLAY"
"2026-09-29T13:36:31.271680","317","2026-09-29T13:37:12.820919","1","0.9861093163490295","0.9965211153030396","2.0035290718078613","0.5043760538101196","1.6121549606323242","41.17830471263975","0.03637237622175933","60.06640625","55.9855153942514","REPLAY"
"2026-09-29T13:36:31.271680","318","2026-09-29T13:37:13.016616","1","0.8898150324821472","0.9965211153030396","0.7298598289489746","0.4070989489555359","1.2158455848693848","34.592192658084585","0.03140522352187149","53.634375","53.08781409946519","REPLAY"
"2026-09-29T13:36:31.271680","319","2026-09-29T13:37:13.176574","1","0.05803883075714111","0.25589215755462646","2.7969279289245605","0.36515623331069946","1.506933569908142","34.61434687549845","0.025969756738987507","53.164236500560804","51.566703647858475","REPLAY"
"2026-09-29T13:36:31.271680","320","2026-09-29T13:37:13.281486","1","0.5394124984741211","0.029933273792266846","2.2483444213867188","0.9414092302322388","1.2551473379135132","27.759097697943922","0.023545706371191136","55.331854043392504","52.16859173510118","REPLAY"
"2026-09-29T13:36:31.271680","321","2026-09-29T13:37:13.400124","1","0.2853690981864929","0.004566192626953125","2.034294605255127","2.0909316539764404","0.25432994961738586","32.58811355033476","0.02564102564102564","61.689472840890886","54.88865978779273","REPLAY"
"2026-09-29T13:36:31.271680","322","2026-09-29T13:37:13.505834","1","0.1407354474067688","0.0026093721389770508","2.866271495819092","2.3146274089813232","1.473983883857727","42.071206414261574","0.028672626075223476","67.27431501361961","57.12961895613215","REPLAY"
"2026-09-29T13:36:31.271680","323","2026-09-29T13:37:13.609051","1","0.7024589776992798","0.6806507110595703","1.4886202812194824","2.861616611480713","1.212843656539917","46.353542117777884","0.028804528804528804","74.8698926454094","59.846045543990094","REPLAY"
"2026-09-29T13:36:31.271680","324","2026-09-29T13:37:13.732224","1","0.9514423608779907","0.9834141135215759","1.9656628370285034","2.9479193687438965","1.3655617237091064","47.07930644668906","0.029637029637029636","79.41659990386157","60.50709818939483","REPLAY"
"2026-09-29T13:36:31.271680","325","2026-09-29T13:37:13.875635","1","0.08367270231246948","0.000652611255645752","0.07745160162448883","2.7473304271698","-0.7461302280426025","49.013084488254","0.029778393351800554","83.16124260355029","60.809746340541274","REPLAY"
"2026-09-29T13:36:31.271680","326","2026-09-29T13:37:14.010242","1","0.08553206920623779","0.0208626389503479","-1.30113685131073","2.973128080368042","-0.7241961359977722","46.761271182222224","0.02951111111111111","82.71343130553657","59.905305806379744","REPLAY"
"2026-09-29T13:36:31.271680","327","2026-09-29T13:37:14.129189","1","0.15394079685211182","0.24035435914993286","-1.9633923768997192","3.8167359828948975","-0.6550078392028809","52.465244690674055","0.03263157894736842","84.26501349527665","61.43333596547824","REPLAY"
"2026-09-29T13:36:31.271680","328","2026-09-29T13:37:14.314503","1","0.0873914361000061","0.8227906227111816","-3.123886823654175","4.0564045906066895","-0.34492063522338867","61.037915482491314","0.03912742382271468","90.38642340565417","65.29851611031165","REPLAY"
"2026-09-29T13:36:31.271680","329","2026-09-29T13:37:14.445410","1","0.16528689861297607","0.9488520622253418","-1.9451422691345215","3.8981080055236816","0.4148908853530884","54.75119574620074","0.041625041625041624","92.46514981573466","66.9715873028408","REPLAY"
"2026-09-29T13:36:31.271680","330","2026-09-29T13:37:14.615487","1","0.12273192405700684","0.9880889058113098","0.31784263253211975","3.621204137802124","1.0929886102676392","56.0062399992606","0.03928982409995068","89.31155063291139","66.84484391276652","REPLAY"
"2026-09-29T13:36:31.271680","331","2026-09-29T13:37:14.777299","1","0.7550646662712097","0.9929311275482178","-0.36360615491867065","2.757692813873291","0.7645307779312134","50.98613443191556","0.03893606793783048","85.03015625","65.9393177235751","REPLAY"
"2026-09-29T13:36:31.271680","332","2026-09-29T13:37:14.954680","1","0.6617919206619263","0.9939523935317993","-1.6739921569824219","2.291459321975708","0.837921142578125","46.13882641219668","0.03541099182823265","84.66234375","66.95703534362043","REPLAY"
"2026-09-29T13:36:31.271680","333","2026-09-29T13:37:15.057815","1","0.9952254295349121","0.9925832152366638","-0.9178008437156677","2.5930402278900146","0.92032390832901","40.04861273587595","0.03685306841852267","82.62796875","66.34999434061035","REPLAY"
"2026-09-29T13:36:31.271680","334","2026-09-29T13:37:15.159162","1","0.9498605728149414","0.9936156272888184","-1.3838555812835693","1.997016429901123","1.1808103322982788","43.29683268181137","0.03621214548950489","83.540625","66.27461033162983","REPLAY"
"2026-09-29T13:36:31.271680","335","2026-09-29T13:37:15.315214","1","0.9511713981628418","0.9911525249481201","-2.1504428386688232","2.320733070373535","1.305713176727295","47.755167441115205","0.03749399134754046","84.0834375","66.10616632118061","REPLAY"
"2026-09-29T13:36:31.271680","336","2026-09-29T13:37:15.464629","1","0.43315184116363525","0.004566192626953125","-1.8956798315048218","1.8156795501708984","0.29367169737815857","46.44719167593002","0.03957699086684826","86.83390625","66.5607246739112","REPLAY"
"2026-09-29T13:36:31.271680","337","2026-09-29T13:37:15.574298","1","0.29744672775268555","0.10733461380004883","-1.8761378526687622","1.83225417137146","0.6454825401306152","47.86544452868246","0.04014167650531287","88.82390642525236","66.65309017055388","REPLAY"
"2026-09-29T13:36:31.271680","338","2026-09-29T13:37:15.700262","1","0.245616614818573","0.29507261514663696","-1.7800929546356201","2.458717107772827","1.305222749710083","46.356553869041385","0.039294039294039296","86.22800833199808","65.31805334144538","REPLAY"
"2026-09-29T13:36:31.271680","339","2026-09-29T13:37:15.855850","1","0.15823310613632202","0.9896559715270996","-1.1585549116134644","2.8429009914398193","1.5079320669174194","43.83346043285895","0.03732554365465758","84.64430379746835","64.74994794355064","REPLAY"
"2026-09-29T13:36:31.271680","340","2026-09-29T13:37:15.987976","1","0.14638656377792358","0.9922314882278442","-1.3977992534637451","3.069523811340332","1.6390037536621094","45.760372383749","0.037462537462537464","84.7981092773594","64.60025554728458","REPLAY"
"2026-09-29T13:36:31.271680","341","2026-09-29T13:37:16.139688","1","0.18340229988098145","0.9925832152366638","-1.2874630689620972","2.7257769107818604","1.5935741662979126","46.309069125817345","0.03829717291255753","83.43262297708701","64.36596954326603","REPLAY"
"2026-09-29T13:36:31.271680","342","2026-09-29T13:37:16.282028","1","0.601551353931427","0.9918758273124695","-1.30046546459198","3.1777360439300537","1.4428954124450684","43.502777497782496","0.03879453879453879","84.59317417080597","65.36474771178789","REPLAY"
"2026-09-29T13:36:31.271680","343","2026-09-29T13:37:16.419678","1","0.5938228368759155","0.8684090375900269","1.1010499000549316","3.466623544692993","1.3983169794082642","25.40639787043408","0.03424657534246575","87.6071950328707","67.81294643545434","REPLAY"
"2026-09-29T13:36:31.271680","344","2026-09-29T13:37:16.580005","1","0.2554110884666443","0.0595439076423645","4.687437534332275","3.8215272426605225","1.1765211820602417","34.301990656210904","0.03460764587525151","85.14525462962963","66.51853569425131","REPLAY"
"2026-09-29T13:36:31.271680","345","2026-09-29T13:37:16.701662","1","0.02372908592224121","0.019214868545532227","7.7336530685424805","4.908313274383545","0.3774775266647339","21.437048348095807","0.01777875329236172","69.52572988867885","58.57349445702096","REPLAY"
"2026-09-29T13:36:31.271680","346","2026-09-29T13:37:16.891426","1","0.018253028392791748","0.021324872970581055","7.5174689292907715","4.727542400360107","0.11024022847414017","25.681406285544952","0.01773356401384083","68.61326530612244","58.685864059057565","REPLAY"
"2026-09-29T13:36:31.271680","347","2026-09-29T13:37:17.024091","1","0.9845510721206665","0.9968274235725403","-4.415531158447266","-4.481089115142822","1.9621596336364746","69.3992785443828","0.0668518151160484","103.84265601217656","62.27559237559276","REPLAY"
"2026-09-29T13:36:31.271680","348","2026-09-29T13:37:17.159285","1","0.9850823879241943","0.997727632522583","-5.861536502838135","-3.0178534984588623","1.1273577213287354","87.34235735110371","0.07428571428571429","101.3323688271605","65.02392770727751","REPLAY"
"2026-09-29T13:36:31.271680","349","2026-09-29T13:37:17.351291","1","0.9845510721206665","0.9962117075920105","-5.591470718383789","-4.945769309997559","2.186689853668213","96.72627511892667","0.07162360848561226","104.09065661575085","66.44577173319098","REPLAY"
"2026-09-29T13:36:31.271680","350","2026-09-29T13:37:17.470389","1","0.986605703830719","0.9965211153030396","-4.731866359710693","-4.66882848739624","2.026657819747925","76.17449088352073","0.06870061457418788","101.26086956521739","65.49512223133001","REPLAY"
"2026-09-29T13:36:31.271680","351","2026-09-29T13:37:17.575973","1","0.9877196550369263","0.9974306225776672","-4.229154586791992","-3.670466661453247","1.8246433734893799","79.97879206456999","0.07199297629499561","97.90869565217392","64.12601584242144","REPLAY"
"2026-09-29T13:36:31.271680","352","2026-09-29T13:37:17.681955","1","0.9856016635894775","0.9962117075920105","-4.888210773468018","-4.318560600280762","1.8436334133148193","74.1368941746106","0.07023705004389816","96.30310559006212","63.63018193017454","REPLAY"
"2026-09-29T13:36:31.271680","353","2026-09-29T13:37:17.788053","1","0.9510332942008972","0.9965211153030396","-4.1486945152282715","-3.919672727584839","1.4465956687927246","55.11024730120269","0.07677335640138408","94.6159420289855","63.15039489386665","REPLAY"
"2026-09-29T13:36:31.271680","354","2026-09-29T13:37:17.903859","1","0.9514423608779907","0.9974306225776672","-6.7814483642578125","-5.325829982757568","1.4443187713623047","75.18625776927806","0.10330578512396695","101.29323968393328","62.88113330185248","REPLAY"
"2026-09-29T13:36:31.271680","355","2026-09-29T13:37:18.018625","1","0.9828804135322571","0.9968274235725403","-6.268128871917725","-4.487945556640625","1.3909298181533813","94.43700270717864","0.10284664830119375","100.02628647805747","62.615921276311695","REPLAY"
"2026-09-29T13:36:31.271680","356","2026-09-29T13:37:18.203234","1","0.9511713981628418","0.9965211153030396","-6.350139141082764","-6.274733066558838","2.00433349609375","82.94085862380378","0.10238751147842057","99.34640231677433","62.46557411324825","REPLAY"
"2026-09-29T13:37:24.221038","1","2026-09-29T13:37:25.928150","1","0.9938164353370667","0.9968274235725403","0.9324305057525635","-0.34911224246025085","-1.5517135858535767","82.7655516403374","0.07092846270928463","145.2659574468085","59.64779458535252","REPLAY"
"2026-09-29T13:37:24.221038","2","2026-09-29T13:37:26.222015","1","0.9918690919876099","0.9962117075920105","0.925248920917511","-1.0786370038986206","-2.244178056716919","76.69334892199298","0.07445296959363455","163.6973159712995","66.62392069794382","REPLAY"
"2026-09-29T13:37:24.221038","3","2026-09-29T13:37:26.348671","1","0.9877196550369263","0.9896559715270996","0.7880939841270447","-0.8882750272750854","0.6749798655509949","103.96900250524413","0.08395802098950525","149.98285714285714","67.63080582544201","REPLAY"
"2026-09-29T13:37:24.221038","4","2026-09-29T13:37:26.463736","1","0.9913694858551025","0.9936156272888184","-0.8354201912879944","-1.3257375955581665","2.477905035018921","60.055565690587564","0.05562200956937799","128.63631221719456","73.93050098261563","REPLAY"
"2026-09-29T13:37:24.221038","5","2026-09-29T13:37:26.586027","1","0.9918690919876099","0.9958990216255188","-0.6324729323387146","-1.8784254789352417","3.3225505352020264","36.59151930480179","0.0556077694235589","106.77846572032618","76.33525778416083","REPLAY"
"2026-09-29T13:37:24.221038","6","2026-09-29T13:37:26.704294","1","0.9933371543884277","0.9965211153030396","0.2277398258447647","-1.6191861629486084","2.8175230026245117","54.6355177179353","0.05448717948717949","104.21794117647059","76.39042615096443","REPLAY"
"2026-09-29T13:37:24.221038","7","2026-09-29T13:37:26.826542","1","0.9942908883094788","0.9952638149261475","0.7701436877250671","-1.828460693359375","3.1055691242218018","46.309684813892204","0.05993594631691322","103.99764844209288","74.91205892880944","REPLAY"
"2026-09-29T13:37:24.221038","8","2026-09-29T13:37:26.948286","1","0.9923635125160217","0.9955831170082092","0.8638626933097839","-1.3518954515457153","2.5584259033203125","58.18098575284792","0.06766682294108455","107.9664156626506","74.57065008446685","REPLAY"
"2026-09-29T13:37:24.221038","9","2026-09-29T13:37:27.068692","1","0.9933371543884277","0.9962117075920105","0.6111609935760498","-1.0864503383636475","2.504781723022461","50.081623537894565","0.06629746835443039","113.77137631458619","77.04309593979066","REPLAY"
"2026-09-29T13:37:24.221038","10","2026-09-29T13:37:27.188834","1","0.651045560836792","0.26849472522735596","1.8142552375793457","-0.32314443588256836","3.001866102218628","52.88886974743631","0.06281645569620253","115.80335365853658","77.92574671408735","REPLAY"
"2026-09-29T13:37:24.221038","11","2026-09-29T13:37:27.308635","1","0.2554110884666443","0.44997191429138184","1.9715116024017334","-0.8930988907814026","2.869408369064331","55.98952126464844","0.0615625","118.09695874736525","77.41686253668249","REPLAY"
"2026-09-29T13:37:24.221038","12","2026-09-29T13:37:27.432361","1","0.9923635125160217","0.9922314882278442","1.7301959991455078","-0.5681446194648743","2.6496598720550537","67.13154439909894","0.06345136997276078","118.9821875","77.21589656744811","REPLAY"
"2026-09-29T13:37:24.221038","13","2026-09-29T13:37:27.552136","1","0.9918690919876099","0.994285523891449","0.9871307611465454","-0.9916266202926636","2.468844175338745","64.38272315787997","0.06825829194039416","120.67078125","76.44967639738344","REPLAY"
"2026-09-29T13:37:24.221038","14","2026-09-29T13:37:27.671335","1","0.9928528666496277","0.9958990216255188","0.9449920058250427","-1.1673961877822876","2.371101140975952","65.8428851295866","0.06930379746835443","120.99488105992171","76.17560994854078","REPLAY"
"2026-09-29T13:37:24.221038","15","2026-09-29T13:37:27.792990","1","0.9938164353370667","0.9958990216255188","0.8294807076454163","-1.7373251914978027","2.5866925716400146","60.65043161621094","0.0675","117.42447797591831","75.99758018917531","REPLAY"
"2026-09-29T13:37:24.221038","16","2026-09-29T13:37:27.912731","1","0.9928528666496277","0.9952638149261475","0.9621232151985168","-1.7363874912261963","2.635908842086792","70.40448222941035","0.06550632911392405","117.0359756097561","75.59218196379959","REPLAY"
"2026-09-29T13:37:24.221038","17","2026-09-29T13:37:28.045054","1","0.9938164353370667","0.9955831170082092","0.7403530478477478","-1.6411396265029907","2.493870496749878","73.23245864044223","0.06787974683544304","114.29843011736016","75.52858357619583","REPLAY"
"2026-09-29T13:37:24.221038","18","2026-09-29T13:37:28.154347","1","0.9938164353370667","0.9952638149261475","0.6199505925178528","-1.3629463911056519","2.603224754333496","66.67110082897719","0.06529793146032727","112.8316265060241","75.28293395147688","REPLAY"
"2026-09-29T13:37:24.221038","19","2026-09-29T13:37:28.275881","1","0.9928528666496277","0.9952638149261475","1.2599236965179443","-1.2351661920547485","2.542797803878784","64.46446461627498","0.06485388341928426","110.63215826268035","74.96504151046881","REPLAY"
"2026-09-29T13:37:24.221038","20","2026-09-29T13:37:28.406977","1","0.9877196550369263","0.9376009702682495","1.42061185836792","-1.0825152397155762","2.8013553619384766","54.681593895209105","0.05870253164556962","109.27012195121951","74.91399677083216","REPLAY"
"2026-09-29T13:37:24.221038","21","2026-09-29T13:37:28.516894","1","0.010038912296295166","0.0208626389503479","2.0069215297698975","-0.40549778938293457","2.709804058074951","55.250053829717295","0.06057692307692308","110.82950461009533","74.92965810010644","REPLAY"
"2026-09-29T13:37:24.221038","22","2026-09-29T13:37:28.637011","1","0.9928528666496277","0.9929311275482178","1.5187777280807495","-0.9310212731361389","2.564378261566162","55.23371832939433","0.06376582278481013","110.86342592592592","75.0327255063083","REPLAY"
"2026-09-29T13:37:24.221038","23","2026-09-29T13:37:28.737298","1","0.9942908883094788","0.9965211153030396","0.9879916310310364","-0.8295087814331055","2.456953525543213","55.303044784489664","0.05981012658227848","111.16707317073171","75.29200359977024","REPLAY"
"2026-09-29T13:37:24.221038","24","2026-09-29T13:37:28.838816","1","0.9938164353370667","0.9952638149261475","0.996782660484314","-0.8403826355934143","2.8032357692718506","60.56735777018907","0.059651898734177214","112.22568503462813","75.96230255154866","REPLAY"
"2026-09-29T13:37:24.221038","25","2026-09-29T13:37:28.961481","1","0.9933371543884277","0.9958990216255188","1.141349196434021","-1.1255017518997192","2.8865466117858887","71.06890920425413","0.061234177215189874","112.99583333333334","76.99212811243018","REPLAY"
"2026-09-29T13:37:24.221038","26","2026-09-29T13:37:29.080267","1","0.9947605133056641","0.9962117075920105","1.5933518409729004","-0.5320675373077393","2.8507745265960693","72.84230789837366","0.06439873417721519","117.62408536585366","77.53151699284764","REPLAY"
"2026-09-29T13:37:24.221038","27","2026-09-29T13:37:29.200381","1","0.9856016635894775","0.9911525249481201","1.8000651597976685","4.765597820281982","2.8775510787963867","52.37129274902343","0.0621875","126.50758477096966","77.38722351686435","REPLAY"
"2026-09-29T13:37:24.221038","28","2026-09-29T13:37:29.321406","1","0.0","0.0026093721389770508","5.481264591217041","16.107898712158203","3.8381242752075195","70.68311937314884","0.05971512052593134","136.91822222222223","75.18586200695178","REPLAY"
"2026-09-29T13:37:24.221038","29","2026-09-29T13:37:29.441710","1","0.23656463623046875","0.36242806911468506","4.641576766967773","38.76697540283203","3.695824146270752","72.83891191170345","0.05163265306122449","137.7002314814815","75.76978686652262","REPLAY"
"2026-09-29T13:37:24.221038","30","2026-09-29T13:37:29.564780","1","0.32690995931625366","0.7588732242584229","5.784525394439697","46.00496292114258","3.0974082946777344","57.94254576635183","0.07058599695585997","130.83601168736303","81.08048281141357","REPLAY"
"2026-09-29T13:37:24.221038","31","2026-09-29T13:37:29.682925","1","0.5938228368759155","0.77680504322052","4.943509578704834","43.45720672607422","1.9288378953933716","68.61619748807645","0.06962904185677445","131.18052167386","82.27178564889722","REPLAY"
"2026-09-29T13:37:24.221038","32","2026-09-29T13:37:29.806806","1","0.679590106010437","0.77680504322052","8.352533340454102","48.096431732177734","1.9490511417388916","54.84661437881242","0.0669710806697108","126.56720233747261","82.01719548981973","REPLAY"
"2026-09-29T13:37:24.221038","33","2026-09-29T13:37:29.916091","1","0.8049881458282471","0.632347822189331","5.188326835632324","47.43385314941406","3.4398765563964844","64.63418624710124","0.06678082191780822","122.8345507669832","80.76679188775437","REPLAY"
"2026-09-29T13:37:24.221038","34","2026-09-29T13:37:30.020589","1","0.48699647188186646","0.675443172454834","6.535584449768066","49.633113861083984","4.0699639320373535","60.181361777777774","0.06311111111111112","117.32081024930748","80.32271144661229","REPLAY"
"2026-09-29T13:37:24.221038","35","2026-09-29T13:37:30.131752","1","0.44215482473373413","0.6728394031524658","5.628551483154297","50.30982208251953","3.923896312713623","48.0561131401672","0.0627027027027027","118.15789473684211","79.49605076226072","REPLAY"
"2026-09-29T13:37:24.221038","36","2026-09-29T13:37:30.253794","1","0.9472037553787231","0.9668617844581604","6.832184791564941","54.44822311401367","3.9356069564819336","69.20778326255824","0.06678082191780822","112.58747260774288","76.25289645987868","REPLAY"
"2026-09-29T13:37:24.221038","37","2026-09-29T13:37:30.368528","1","0.9497048854827881","0.77680504322052","5.124083042144775","49.895633697509766","4.3810038566589355","73.85065305552827","0.06810727377966429","110.3448722695298","75.05734510514017","REPLAY"
"2026-09-29T13:37:24.221038","38","2026-09-29T13:37:30.487335","1","0.8997346758842468","0.6989938020706177","5.258762359619141","47.856544494628906","4.085382461547852","72.36927702670036","0.06905610808782135","109.88897005113222","74.5789991700124","REPLAY"
"2026-09-29T13:37:24.221038","39","2026-09-29T13:37:30.607118","1","0.1407354474067688","0.6384210586547852","6.060241222381592","46.50818634033203","4.180562496185303","74.84265268638067","0.06653061224489797","119.28452932098766","75.39368551950253","REPLAY"
"2026-09-29T13:37:24.221038","40","2026-09-29T13:37:30.730239","1","0.0","0.11680018901824951","5.363420486450195","43.42108154296875","3.5986738204956055","60.63707534803383","0.06322201218231464","130.8450704225352","75.03429091113743","REPLAY"
"2026-09-29T13:37:24.221038","41","2026-09-29T13:37:30.849684","1","0.8264715671539307","0.9907847046852112","6.367295265197754","21.321548461914062","1.5628001689910889","60.10755053455599","0.05911052730343404","140.904492330168","74.79587641108556","REPLAY"
"2026-09-29T13:37:24.221038","42","2026-09-29T13:37:30.969092","1","0.9515752792358398","0.9946150779724121","4.541970252990723","11.213720321655273","0.6438347697257996","52.72118063117764","0.061849062650216315","128.34125","77.8420603590212","REPLAY"
"2026-09-29T13:37:24.221038","43","2026-09-29T13:37:31.119256","1","0.9938164353370667","0.9922314882278442","3.4741196632385254","4.074647426605225","-0.3058730959892273","53.49088241096233","0.05644355644355644","116.98157346579075","76.92805179628779","REPLAY"
"2026-09-29T13:37:24.221038","44","2026-09-29T13:37:31.260995","1","0.9965924024581909","0.9952638149261475","1.5470975637435913","1.4233394861221313","0.9045384526252747","56.40173157894737","0.04666666666666667","105.49493927125506","75.12319823902787","REPLAY"
"2026-09-29T13:37:24.221038","45","2026-09-29T13:37:31.377993","1","0.9942908883094788","0.9946150779724121","1.9029158353805542","-0.25178322196006775","2.2199575901031494","55.36148445743041","0.04450450450450451","101.75684210526316","74.15167833942813","REPLAY"
"2026-09-29T13:37:24.221038","46","2026-09-29T13:37:31.496435","1","0.9923635125160217","0.9949411749839783","1.8025282621383667","-1.4823124408721924","3.4316256046295166","57.74080999918837","0.04432432432432432","105.67140350877193","75.3595097420125","REPLAY"
"2026-09-29T13:37:24.221038","47","2026-09-29T13:37:31.620558","1","0.020991027355194092","0.024098217487335205","3.552197217941284","-0.3799336552619934","3.613220453262329","58.87999039209876","0.046933333333333334","113.82655502392345","78.40829934980819","REPLAY"
"2026-09-29T13:37:24.221038","48","2026-09-29T13:37:31.760375","1","0.9903543591499329","0.9946150779724121","2.4868319034576416","-0.8392715454101562","3.662977695465088","54.81803510058816","0.04587950138504155","117.1086456278764","78.722587336436","REPLAY"
"2026-09-29T13:37:24.221038","49","2026-09-29T13:37:31.902098","1","0.9923635125160217","0.9952638149261475","2.49695086479187","-0.41870051622390747","3.8494462966918945","54.30937075358025","0.0496","113.80844155844156","76.95554266803676","REPLAY"
"2026-09-29T13:37:24.221038","50","2026-09-29T13:37:32.023069","1","0.9938164353370667","0.9952638149261475","2.4534969329833984","-0.31176599860191345","3.7057480812072754","53.853298214835334","0.04982456140350877","110.81950067476383","76.740788333732","REPLAY"
"2026-09-29T13:37:24.221038","51","2026-09-29T13:37:32.137402","1","0.9928528666496277","0.9952638149261475","2.24336838722229","-0.011352989822626114","3.671231508255005","58.691026931358024","0.05048888888888889","104.83937115516063","76.6685427618695","REPLAY"
"2026-09-29T13:37:24.221038","52","2026-09-29T13:37:32.258982","1","0.9942908883094788","0.9955831170082092","1.7763609886169434","0.2364373803138733","3.612758159637451","54.882144111679246","0.05099099099099099","100.56736842105263","75.6944494135611","REPLAY"
"2026-09-29T13:37:24.221038","53","2026-09-29T13:37:32.386719","1","0.9928528666496277","0.9958990216255188","1.8515524864196777","0.6412951350212097","3.8348913192749023","58.516118009901795","0.05009009009009009","99.13824561403509","75.8057733560915","REPLAY"
"2026-09-29T13:37:24.221038","54","2026-09-29T13:37:32.502699","1","0.9923635125160217","0.9949411749839783","1.798685073852539","0.758517861366272","3.8678150177001953","60.75546374484369","0.05003652300949598","100.9559111111111","76.11068088684246","REPLAY"
"2026-09-29T13:37:24.221038","55","2026-09-29T13:37:32.619770","1","0.9928528666496277","0.9958990216255188","1.2502588033676147","0.34067973494529724","3.8043649196624756","60.204134761788815","0.05153153153153153","104.17491228070176","76.89693787672475","REPLAY"
"2026-09-29T13:37:24.221038","56","2026-09-29T13:37:32.765285","1","0.9928528666496277","0.9896559715270996","2.308619976043701","-0.7938926219940186","3.663534164428711","39.04615940264589","0.0436036036036036","104.57561403508772","76.23195260720514","REPLAY"
"2026-09-29T13:37:24.221038","57","2026-09-29T13:37:32.901066","1","0.001824796199798584","0.000652611255645752","3.4536638259887695","-14.538179397583008","2.989990234375","19.690056824840745","0.014809329877823029","79.71977240398293","60.2184211307133","REPLAY"
"2026-09-29T13:37:24.221038","58","2026-09-29T13:37:33.031572","1","0.5627611875534058","0.023173749446868896","3.2758026123046875","-38.58331298828125","0.2796661853790283","17.096212205115393","0.00742827868852459","47.9064713064713","30.48662381482191","REPLAY"
"2026-09-29T13:37:24.221038","59","2026-09-29T13:37:33.147019","1","0.8947855234146118","0.14226526021957397","6.851934909820557","-44.344818115234375","1.8056551218032837","14.64236574534689","0.007389162561576354","44.17637711864407","31.129787992115407","REPLAY"
"2026-09-29T13:37:24.221038","60","2026-09-29T13:37:33.263908","1","0.5938228368759155","0.25589215755462646","3.6184020042419434","-44.47289276123047","3.6238901615142822","25.853269391725124","0.009471585244267198","53.593961352657004","44.02324388527135","REPLAY"
"2026-09-29T13:37:24.221038","61","2026-09-29T13:37:33.394406","1","0.8972601294517517","0.3436095714569092","6.800399303436279","-43.6148681640625","3.764650583267212","36.4744571743394","0.00872382851445663","65.83725350439535","49.6994137005537","REPLAY"
"2026-09-29T13:37:24.221038","62","2026-09-29T13:37:33.504295","1","0.8186739683151245","0.3436095714569092","4.487071990966797","-44.56319808959961","4.78925085067749","31.453725582860745","0.010869565217391304","75.90345622119816","51.534522785660684","REPLAY"
"2026-09-29T13:37:24.221038","63","2026-09-29T13:37:33.625150","1","0.9488933086395264","0.26193898916244507","4.581978797912598","-45.84690856933594","5.183335781097412","22.46552932180527","0.009471585244267198","77.10786410073652","49.82085042445087","REPLAY"
"2026-09-29T13:37:24.221038","64","2026-09-29T13:37:33.801241","1","0.9022865295410156","0.27962368726730347","3.3799452781677246","-43.75536346435547","4.744141578674316","23.796379403347288","0.007842145206172527","74.76029411764706","47.98321185082692","REPLAY"
"2026-09-29T13:37:24.221038","65","2026-09-29T13:37:33.910364","1","0.679590106010437","0.5363578200340271","2.526203155517578","-45.3217658996582","3.8921310901641846","20.24325279421433","0.008974358974358974","77.61021505376344","48.32115318182904","REPLAY"
"2026-09-29T13:37:24.221038","66","2026-09-29T13:37:34.037792","1","0.9153648614883423","0.24035435914993286","6.702060699462891","-50.73112869262695","3.2861244678497314","31.2902954565814","0.01167411823149528","83.45463160388533","49.10683556016449","REPLAY"
"2026-09-29T13:37:24.221038","67","2026-09-29T13:37:34.145892","1","0.23656463623046875","0.025947093963623047","4.338441848754883","-44.512542724609375","4.153543472290039","35.21698925541003","0.011255199412772204","87.80336812144212","48.36719133239403","REPLAY"
"2026-09-29T13:37:24.221038","68","2026-09-29T13:37:34.278787","1","0.9493870735168457","0.25589215755462646","7.328407287597656","-46.39899444580078","3.6776230335235596","30.130101507018377","0.008609093354856066","90.71490778688525","44.61380184027287","REPLAY"
"2026-09-29T13:37:24.221038","69","2026-09-29T13:37:34.405041","1","0.601551353931427","0.6806507110595703","6.7648797035217285","-48.838539123535156","3.235239028930664","23.775481770833334","0.009635416666666667","97.01290322580645","45.74385836288448","REPLAY"
"2026-09-29T13:37:24.221038","70","2026-09-29T13:37:34.555087","1","0.4151104688644409","0.9872773885726929","5.740518569946289","-43.648536682128906","3.7788121700286865","29.873352796766493","0.009635416666666667","101.4796973518285","45.016902011835604","REPLAY"
"2026-09-29T13:37:24.221038","71","2026-09-29T13:37:34.709240","1","0.074978768825531","0.8639492392539978","7.816206455230713","-31.497041702270508","5.580565452575684","26.792277807662423","0.007692307692307693","112.51696065128901","50.38972094956223","REPLAY"
"2026-09-29T13:37:24.221038","72","2026-09-29T13:37:34.809528","1","0.0","0.004566192626953125","5.267233848571777","-17.150480270385742","8.158458709716797","25.941228700168818","0.013480885311871227","136.74771689497717","60.74750227028388","REPLAY"
"2026-09-29T13:37:24.221038","73","2026-09-29T13:37:34.920175","1","0.9863588809967041","0.9907847046852112","5.266871452331543","-6.330135345458984","7.903615951538086","40.688082782408735","0.023541247484909458","145.87385844748857","64.14119960751498","REPLAY"
"2026-09-29T13:37:24.221038","74","2026-09-29T13:37:35.040884","1","0.9882580041885376","0.9946150779724121","4.135870456695557","-2.921426773071289","6.982580661773682","58.726194909718274","0.037162162162162164","139.7495890410959","67.90179275052476","REPLAY"
"2026-09-29T13:37:24.221038","75","2026-09-29T13:37:35.164242","1","0.9961413145065308","0.9968274235725403","3.3688340187072754","-1.1448308229446411","5.208507537841797","65.09959524405247","0.04528158295281583","124.72498173849525","71.51314301769438","REPLAY"
"2026-09-29T13:37:24.221038","76","2026-09-29T13:37:35.281124","1","0.9952254295349121","0.9958990216255188","3.5533370971679688","0.20141096413135529","4.119065761566162","61.84316873054682","0.05053683820807108","113.65611664295875","74.35995855957779","REPLAY"
"2026-09-29T13:37:24.221038","77","2026-09-29T13:37:35.425849","1","0.9947605133056641","0.9952638149261475","3.3753108978271484","0.48224350810050964","3.526772975921631","64.39002102140637","0.054419284149013876","109.61617777777778","75.18471987527751","REPLAY"
"2026-09-29T13:37:24.221038","78","2026-09-29T13:37:35.559017","1","0.9938164353370667","0.9946150779724121","2.924281597137451","0.17162750661373138","3.2780890464782715","59.37275545816087","0.05405405405405406","109.6569696969697","75.37404040234834","REPLAY"
"2026-09-29T13:37:24.221038","79","2026-09-29T13:37:35.685271","1","0.0","0.000652611255645752","3.641940116882324","0.12457749992609024","3.565274238586426","58.04600820170517","0.05648339275661475","112.22589481373265","76.08650977717541","REPLAY"
"2026-09-29T13:37:24.221038","80","2026-09-29T13:37:35.802976","1","0.9942908883094788","0.9922314882278442","2.9613282680511475","-0.11431322991847992","3.4011669158935547","66.33050949198068","0.05825420014609204","115.47857777777777","76.60761745544306","REPLAY"
"2026-09-29T13:37:24.221038","81","2026-09-29T13:37:35.921399","1","0.9938164353370667","0.9962117075920105","4.012147426605225","-0.03225192427635193","3.336301803588867","70.40908958024691","0.05848888888888889","117.6056049213944","76.63529101625012","REPLAY"
"2026-09-29T13:37:24.221038","82","2026-09-29T13:37:36.049794","1","0.9938164353370667","0.9962117075920105","3.0431621074676514","-0.39952990412712097","3.402463912963867","66.60892773135802","0.061511111111111114","116.30331510594668","76.62621169332388","REPLAY"
"2026-09-29T13:37:24.221038","83","2026-09-29T13:37:36.162334","1","0.9938164353370667","0.9962117075920105","3.76452374458313","-0.2771424651145935","3.35369610786438","71.20681895506172","0.06026666666666667","115.55877888345421","76.37804635393496","REPLAY"
"2026-09-29T13:37:24.221038","84","2026-09-29T13:37:36.290003","1","0.9928528666496277","0.9952638149261475","3.79215407371521","-0.37385645508766174","3.3911805152893066","62.9547574385196","0.0609009009009009","114.33868762816131","76.3145681721223","REPLAY"
"2026-09-29T13:37:24.221038","85","2026-09-29T13:37:36.408026","1","0.9928528666496277","0.9958990216255188","4.058837413787842","-0.2021087110042572","3.6081387996673584","62.8249742151288","0.05423666910153396","110.0984888888889","76.1130240712593","REPLAY"
"2026-09-29T13:37:24.221038","86","2026-09-29T13:37:36.522109","1","0.9928528666496277","0.9958990216255188","5.020073413848877","-0.10611917823553085","3.6333091259002686","57.05333089846604","0.04864864864864865","109.12578947368421","76.5561218391018","REPLAY"
"2026-09-29T13:37:24.221038","87","2026-09-29T13:37:36.653711","1","0.004562854766845703","0.021324872970581055","9.078189849853516","0.8268516659736633","3.989856243133545","39.45596031810562","0.03715518859072997","101.04072315558803","76.81238933503663","REPLAY"
"2026-09-29T13:37:24.221038","88","2026-09-29T13:37:36.785975","1","0.9877196550369263","0.9918758273124695","8.780377388000488","-0.19562317430973053","4.42670202255249","43.56116032556582","0.03213610586011342","87.0025788534021","73.59254931118505","REPLAY"
"2026-09-29T13:37:24.221038","89","2026-09-29T13:37:36.886412","1","0.9882580041885376","0.9962117075920105","9.907805442810059","-0.052509017288684845","3.6294310092926025","34.21992662343698","0.03163288037424816","73.18797953964194","68.15107553641582","REPLAY"
"2026-09-29T13:37:24.221038","90","2026-09-29T13:37:37.015395","1","0.9868497848510742","0.998312771320343","15.08349609375","0.6266546845436096","2.9395906925201416","16.515825174207684","0.02768166089965398","62.25918367346939","60.47411123733739","REPLAY"
"2026-09-29T13:37:24.221038","91","2026-09-29T13:37:37.150551","1","0.9877196550369263","0.99802166223526","14.795621871948242","1.4722481966018677","2.8405749797821045","23.0539278683305","0.020494542214301626","56.43947144075021","55.00360332668453","REPLAY"
"2026-09-29T13:37:24.221038","92","2026-09-29T13:37:37.250965","1","0.9893174171447754","0.99802166223526","14.5252046585083","1.3765625953674316","3.675250291824341","28.828064643429034","0.019742883379247015","55.924704834038764","53.163405070823075","REPLAY"
"2026-09-29T13:37:24.221038","93","2026-09-29T13:37:37.380368","1","0.9913694858551025","0.9974306225776672","14.222211837768555","1.206393837928772","3.545907497406006","27.882339548755777","0.01859504132231405","56.20628202272221","52.35143292248045","REPLAY"
"2026-09-29T13:37:24.221038","94","2026-09-29T13:37:37.519879","1","0.9903543591499329","0.99802166223526","14.656783103942871","1.5077842473983765","3.627960205078125","29.256757564374016","0.017447199265381085","55.94787257741145","51.59535010025345","REPLAY"
"2026-09-29T13:37:24.221038","95","2026-09-29T13:37:37.660462","1","0.9882580041885376","0.9971305727958679","14.37191390991211","1.1246044635772705","3.582458972930908","31.078707496602757","0.02103120759837178","58.74756651524984","53.53890677073396","REPLAY"
"2026-09-29T13:37:24.221038","96","2026-09-29T13:37:37.777557","1","0.9938164353370667","0.9974306225776672","14.61648178100586","1.2205301523208618","3.5053133964538574","31.18851978507796","0.02561817776787703","62.61381074168798","55.43744934298088","REPLAY"
"2026-09-29T13:37:24.221038","97","2026-09-29T13:37:37.891594","1","0.9845510721206665","0.9974306225776672","14.952802658081055","1.3655918836593628","3.2329118251800537","34.81462703737425","0.02383604366228559","63.46142369991475","55.98102074879562","REPLAY"
"2026-09-29T13:37:24.221038","98","2026-09-29T13:37:38.019659","1","0.9893174171447754","0.9968274235725403","14.623687744140625","1.2133392095565796","3.5957911014556885","31.450703029544126","0.02066115702479339","64.04894644424934","54.62500481662792","REPLAY"
"2026-09-29T13:37:24.221038","99","2026-09-29T13:37:38.143787","1","0.9868497848510742","0.9968274235725403","14.429082870483398","1.659881830215454","3.763075828552246","27.7777636537341","0.019742883379247015","64.33499134948097","53.94524188124679","REPLAY"
"2026-09-29T13:37:24.221038","100","2026-09-29T13:37:38.261946","1","0.060685038566589355","0.026871562004089355","16.031103134155273","1.400842547416687","4.5665154457092285","23.52442911458689","0.026170798898071626","65.07507239919804","52.316202155076446","REPLAY"
"2026-09-29T13:37:24.221038","101","2026-09-29T13:37:38.383298","1","0.03194314241409302","0.10733461380004883","13.767596244812012","1.3310450315475464","4.048602104187012","25.818157541195802","0.026427962489343565","69.6830985915493","55.39295490198167","REPLAY"
"2026-09-29T13:37:24.221038","102","2026-09-29T13:37:38.498232","1","0.9062259197235107","0.9872773885726929","12.683773040771484","1.5382137298583984","3.562882423400879","27.832377223645647","0.024770125727153314","75.79346238130022","59.94466252305054","REPLAY"
"2026-09-29T13:37:24.221038","103","2026-09-29T13:37:38.618101","1","0.9918690919876099","0.9958990216255188","10.343748092651367","1.7573204040527344","3.5100831985473633","36.01068944290551","0.025614035087719297","85.38157894736842","65.045565452929","REPLAY"
"2026-09-29T13:37:24.221038","104","2026-09-29T13:37:38.745874","1","0.9961413145065308","0.9968274235725403","8.032238960266113","1.5233906507492065","3.1114299297332764","33.42891754191731","0.02980291619932703","90.95359375","67.86825382835454","REPLAY"
"2026-09-29T13:37:24.221038","105","2026-09-29T13:37:38.879838","1","0.9947605133056641","0.9958990216255188","4.7281036376953125","0.4748557209968567","2.612962007522583","32.81135162176121","0.03271412132171626","98.78465189873418","69.04304508465984","REPLAY"
"2026-09-29T13:37:24.221038","106","2026-09-29T13:37:38.986531","1","0.9928528666496277","0.994285523891449","2.990225315093994","0.33948761224746704","2.522001266479492","47.35266147456792","0.048229450408588365","104.4134375","70.23131651502479","REPLAY"
"2026-09-29T13:37:24.221038","107","2026-09-29T13:37:39.105468","1","0.9942908883094788","0.9952638149261475","2.6588616371154785","0.026673931628465652","2.2810847759246826","47.80360268787053","0.048259493670886076","106.74329268292684","71.61232617287294","REPLAY"
"2026-09-29T13:37:24.221038","108","2026-09-29T13:37:39.223923","1","0.9445556402206421","0.9382040500640869","3.7671284675598145","0.7506855130195618","2.5958333015441895","45.38209118630828","0.04683544303797468","107.65533536585366","72.55764499026876","REPLAY"
"2026-09-29T13:37:24.221038","109","2026-09-29T13:37:39.340850","1","0.9928528666496277","0.9911525249481201","4.100583076477051","0.37820541858673096","2.942484140396118","44.821494852587726","0.044620253164556964","107.48536585365854","72.53061863447945","REPLAY"
"2026-09-29T13:37:24.221038","110","2026-09-29T13:37:39.473358","1","0.9933371543884277","0.9965211153030396","3.7403507232666016","0.24872784316539764","2.85672926902771","46.63928161621094","0.04625","107.66374182034504","72.83491916090426","REPLAY"
"2026-09-29T13:37:24.221038","111","2026-09-29T13:37:39.603998","1","0.9938164353370667","0.9968274235725403","3.6541647911071777","0.5808908939361572","2.9878673553466797","46.29675954589844","0.04890625","105.65675193337299","72.78841970225533","REPLAY"
"2026-09-29T13:37:24.221038","112","2026-09-29T13:37:39.704903","1","0.9938164353370667","0.9968274235725403","3.3376781940460205","0.3678600490093231","3.05437970161438","46.4003375","0.04765625","102.01041046995836","72.22131947976607","REPLAY"
"2026-09-29T13:37:24.221038","113","2026-09-29T13:37:39.836655","1","0.9942908883094788","0.9968274235725403","3.0727782249450684","0.4293603301048279","2.8127214908599854","46.771327486580674","0.04430379746835443","96.26600609756098","70.53927164647078","REPLAY"
"2026-09-29T13:37:24.221038","114","2026-09-29T13:37:39.943515","1","0.9928528666496277","0.9952638149261475","3.3457419872283936","0.5641940236091614","3.0284054279327393","44.154839944520106","0.04762658227848101","92.28018292682927","69.49557915376889","REPLAY"
"2026-09-29T13:37:24.221038","115","2026-09-29T13:37:40.046817","1","0.9938164353370667","0.9952638149261475","2.650693893432617","0.5219369530677795","2.787947177886963","44.08584340706447","0.047839506172839504","89.01234205113136","68.30570657622123","REPLAY"
"2026-09-29T13:37:24.221038","116","2026-09-29T13:37:40.178446","1","0.018253028392791748","0.012393414974212646","-0.4935891926288605","0.4145117402076721","2.835435390472412","40.28919821777344","0.0378125","87.35202260559191","67.37335240501976","REPLAY"
"2026-09-29T13:37:24.221038","117","2026-09-29T13:37:40.308031","1","0.010038912296295166","0.008479773998260498","-4.632905960083008","-0.477123886346817","2.6149401664733887","36.848103243670884","0.02800632911392405","88.59214092140921","66.25840223829692","REPLAY"
"2026-09-29T13:37:24.221038","118","2026-09-29T13:37:40.413003","1","0.015514969825744629","0.004566192626953125","-8.118462562561035","-2.174144983291626","1.9002759456634521","36.90759990785624","0.024483677548301132","89.12900641025641","64.2208718142076","REPLAY"
"2026-09-29T13:37:24.221038","119","2026-09-29T13:37:40.519825","1","0.018253028392791748","0.0026093721389770508","-10.54786205291748","-2.301483154296875","1.561923861503601","35.96821631327911","0.029071867100036113","94.570140454309","65.34508758380028","REPLAY"
"2026-09-29T13:37:24.221038","120","2026-09-29T13:37:40.652686","1","0.007300853729248047","0.0026093721389770508","-11.44918155670166","-2.355422019958496","1.6292729377746582","39.57384023655597","0.037739256049115204","100.85073839662448","67.49467640216812","REPLAY"
"2026-09-29T13:37:24.221038","121","2026-09-29T13:37:40.773807","1","0.004562854766845703","0.000652611255645752","-11.463268280029297","-2.05366849899292","1.4906210899353027","38.9579403068846","0.04350151542164379","108.21840277777778","68.4755852289623","REPLAY"
"2026-09-29T13:37:24.221038","122","2026-09-29T13:37:40.885270","1","0.0","0.000652611255645752","-10.203666687011719","-2.203828811645508","1.8076019287109375","39.49254875412075","0.04353393085787452","111.93063984740766","69.36919352685916","REPLAY"
"2026-09-29T13:37:24.221038","123","2026-09-29T13:37:41.007607","1","0.010038912296295166","0.008479773998260498","-11.395017623901367","-2.139164924621582","2.244142770767212","32.250099480120994","0.03539183820873962","104.37783943124676","66.6210926230742","REPLAY"
"2026-09-29T13:37:24.221038","124","2026-09-29T13:37:41.132840","1","0.007300853729248047","0.000652611255645752","-9.783976554870605","-1.8960247039794922","2.0143187046051025","40.00402797055219","0.030804843304843305","98.42097160451591","66.06480789158358","REPLAY"
"2026-09-29T13:37:24.221038","125","2026-09-29T13:37:41.245431","1","0.001824796199798584","0.004566192626953125","-9.366605758666992","-2.129504919052124","1.970943570137024","40.64090098927127","0.03286384976525822","97.64435581758279","66.15433711681857","REPLAY"
"2026-09-29T13:37:24.221038","126","2026-09-29T13:37:41.375631","1","0.001824796199798584","0.0026093721389770508","-9.418801307678223","-2.1377601623535156","1.8321707248687744","43.255603172714714","0.0329827063647709","99.9498287671233","66.55819152861442","REPLAY"
"2026-09-29T13:37:24.221038","127","2026-09-29T13:37:41.487745","1","0.001824796199798584","0.000652611255645752","-9.788291931152344","-2.3813350200653076","2.3735268115997314","44.39208460182663","0.034282700421940926","102.8668918918919","67.99204433639547","REPLAY"
"2026-09-29T13:37:24.221038","128","2026-09-29T13:37:41.609398","1","0.010038912296295166","0.0026093721389770508","-10.39726448059082","-2.209160327911377","2.8197672367095947","40.92630248669195","0.03850210970464135","107.1981418918919","68.45570497661048","REPLAY"
"2026-09-29T13:37:24.221038","129","2026-09-29T13:37:41.736974","1","0.0","0.012393414974212646","-8.981842994689941","-2.833630323410034","2.698460578918457","43.28010283391308","0.03780128316282296","109.51689189189189","68.53071701159597","REPLAY"
"2026-09-29T13:37:24.221038","130","2026-09-29T13:37:41.862414","1","0.9947605133056641","0.994285523891449","-8.677070617675781","-2.2843518257141113","2.567873477935791","45.987423434774506","0.04","110.85478757133798","69.2875042210948","REPLAY"
"2026-09-29T13:37:24.221038","131","2026-09-29T13:37:41.966404","1","0.9974813461303711","0.9968274235725403","-8.309117317199707","-2.3147497177124023","2.8789143562316895","44.82532476958374","0.038335158817086525","109.44062688366486","70.27511124750161","REPLAY"
"2026-09-29T13:37:24.221038","132","2026-09-29T13:37:42.100179","1","0.9992077946662903","0.998600959777832","-4.4151611328125","-0.4708468019962311","2.813178062438965","40.90636302659051","0.041740152851263965","107.12345854004252","72.63716950506978","REPLAY"
"2026-09-29T13:37:24.221038","133","2026-09-29T13:37:42.211937","1","0.9942908883094788","0.9962117075920105","0.3380751609802246","-0.08761826157569885","2.990086555480957","41.72562011644177","0.04878774356686003","101.60986804360299","72.16510167095569","REPLAY"
"2026-09-29T13:37:24.221038","134","2026-09-29T13:37:42.340831","1","0.9918690919876099","0.9946150779724121","1.4608961343765259","0.15961898863315582","2.794721841812134","42.220262131344306","0.050462962962962966","94.04407875404056","70.87502169744465","REPLAY"
"2026-09-29T13:37:24.221038","135","2026-09-29T13:37:42.462666","1","0.9952254295349121","0.9946150779724121","2.0150442123413086","0.28568893671035767","2.486219644546509","48.27199957939433","0.05015822784810126","88.73399390243902","68.8394659778961","REPLAY"
"2026-09-29T13:37:24.221038","136","2026-09-29T13:37:42.586429","1","0.9961413145065308","0.9929311275482178","2.492767095565796","0.6681101322174072","1.6508586406707764","47.12706132754897","0.047908988944079474","81.30046875","66.00951541088811","REPLAY"
"2026-09-29T13:37:24.221038","137","2026-09-29T13:37:42.728163","1","0.9928528666496277","0.994285523891449","2.294426679611206","0.10063271969556808","-0.902190089225769","30.865354143936184","0.04854991187309726","75.6578125","63.073791864885074","REPLAY"
"2026-09-29T13:37:24.221038","138","2026-09-29T13:37:42.831242","1","0.9918690919876099","0.9962117075920105","2.11769962310791","0.05443978309631348","-6.636245250701904","30.088193500804273","0.0490306040698606","76.02","61.25156304128084","REPLAY"
"2026-09-29T13:37:24.221038","139","2026-09-29T13:37:42.942725","1","0.007300853729248047","0.0026093721389770508","2.107809066772461","-1.8946293592453003","-13.878130912780762","31.655641381835938","0.04984375","80.60975609756098","60.569907659762926","REPLAY"
"2026-09-29T13:37:24.221038","140","2026-09-29T13:37:43.062292","1","0.9863588809967041","0.9932752251625061","1.4646309614181519","-2.136117458343506","-18.700973510742188","42.125550683593744","0.05609375","82.98915989159892","60.406683091913315","REPLAY"
"2026-09-29T13:37:24.221038","141","2026-09-29T13:37:43.179929","1","0.990864634513855","0.9968274235725403","1.644676685333252","-1.5200127363204956","-20.60887336730957","49.14656875","0.058125","85.1317374284854","60.383078667480646","REPLAY"
"2026-09-29T13:37:24.221038","142","2026-09-29T13:37:43.306864","1","0.9923635125160217","0.9962117075920105","2.349477767944336","-1.3663661479949951","-20.227209091186523","46.41123044433594","0.05828125","85.7940379403794","60.08519025442656","REPLAY"
"2026-09-29T13:37:24.221038","143","2026-09-29T13:37:43.426864","1","0.9923635125160217","0.997727632522583","2.786504030227661","-1.4858275651931763","-19.501140594482422","48.003408007530844","0.0564873417721519","85.12012195121952","59.87035198098129","REPLAY"
"2026-09-29T13:37:24.221038","144","2026-09-29T13:37:43.539968","1","0.9928528666496277","0.99802166223526","2.60461688041687","-2.389514207839966","-19.6065673828125","47.795455055279604","0.058544303797468354","84.82901234567902","58.5585184598255","REPLAY"
"2026-09-29T13:37:24.221038","145","2026-09-29T13:37:43.663076","1","0.9918690919876099","0.998312771320343","2.830479621887207","-2.1113321781158447","-19.737070083618164","52.244057104784964","0.06232975484697965","88.5059375","59.35026033848625","REPLAY"
"2026-09-29T13:37:24.221038","146","2026-09-29T13:37:43.785941","1","0.9903543591499329","0.9991688132286072","3.035548210144043","-2.0478038787841797","-18.489452362060547","53.492418858155744","0.06329113924050633","94.88948170731707","62.260064905591335","REPLAY"
"2026-09-29T13:37:24.221038","147","2026-09-29T13:37:43.910679","1","0.9893174171447754","0.9968274235725403","5.139657974243164","-2.4983644485473633","-12.88309097290039","36.998311248698045","0.04983175773113283","98.60578125","64.14955473600068","REPLAY"
"2026-09-29T13:37:24.221038","148","2026-09-29T13:37:44.022373","1","0.9942908883094788","0.9958990216255188","6.7672929763793945","-2.527883768081665","-5.180753707885742","29.511709517988276","0.04051246537396122","97.17521367521367","65.07134255818374","REPLAY"
"2026-09-29T13:37:24.221038","149","2026-09-29T13:37:44.149575","1","0.9942908883094788","0.9958990216255188","7.9592084884643555","-2.4122231006622314","0.7465457916259766","36.750728459678406","0.03566481994459834","96.38034188034187","66.15576658026593","REPLAY"
"2026-09-29T13:37:24.221038","150","2026-09-29T13:37:44.272044","1","0.9947605133056641","0.9962117075920105","7.831775188446045","-1.4242000579833984","4.546036243438721","44.98894002110219","0.03927927927927928","94.57419913419913","64.86710484540897","REPLAY"
"2026-09-29T13:37:24.221038","151","2026-09-29T13:37:44.389395","1","0.9938164353370667","0.9962117075920105","7.887909889221191","-1.1329755783081055","5.7294793128967285","41.223101503209875","0.036977777777777776","94.3597571259909","65.81744846049769","REPLAY"
"2026-09-29T13:37:24.221038","152","2026-09-29T13:37:44.519914","1","0.9933371543884277","0.9932752251625061","6.798908710479736","-0.34127047657966614","5.85376501083374","41.58007036839506","0.03662222222222222","94.96872863978128","66.2412419278947","REPLAY"
"2026-09-29T13:37:24.221038","153","2026-09-29T13:37:44.632601","1","0.9923635125160217","0.9946150779724121","6.444023132324219","0.11893775314092636","5.8325090408325195","39.316712106666664","0.03857777777777778","92.21052631578948","66.00692375443202","REPLAY"
"2026-09-29T13:37:24.221038","154","2026-09-29T13:37:44.747112","1","0.9840072393417358","0.9892709851264954","5.480864524841309","1.2438452243804932","7.67133092880249","39.47310412246492","0.04016620498614958","92.86571334648258","68.72204026257346","REPLAY"
"2026-09-29T13:37:24.221038","155","2026-09-29T13:37:44.866812","1","0.504286527633667","0.7588732242584229","2.5669031143188477","2.3003969192504883","14.548718452453613","36.407048748858585","0.045013850415512466","94.7577251808021","70.87405939890772","REPLAY"
"2026-09-29T13:37:24.221038","156","2026-09-29T13:37:45.013442","1","0.026467084884643555","0.11680018901824951","1.7180222272872925","3.579261541366577","23.27162742614746","42.849158770244394","0.04017531044558072","89.3376","70.10713819747602","REPLAY"
"2026-09-29T13:37:24.221038","157","2026-09-29T13:37:45.152442","1","0.007300853729248047","0.008479773998260498","1.873943567276001","7.434393882751465","32.4920654296875","40.01644702024691","0.0336","91.45061517429939","72.63850080368114","REPLAY"
"2026-09-29T13:37:24.221038","158","2026-09-29T13:37:45.278084","1","0.14356094598770142","0.9457477331161499","1.618578314781189","5.4901347160339355","33.23807907104492","44.98581608635663","0.03189189189189189","90.48210526315789","71.74391737128936","REPLAY"
"2026-09-29T13:37:24.221038","159","2026-09-29T13:37:45.398920","1","0.7805240750312805","0.9867727756500244","1.1923843622207642","4.837653160095215","32.70296096801758","46.30674512488522","0.03433162892622352","94.78755555555556","72.8380671277978","REPLAY"
"2026-09-29T13:37:24.221038","160","2026-09-29T13:37:45.519581","1","0.6233029365539551","0.9876855611801147","1.2824349403381348","5.058826923370361","31.94530487060547","54.939971139085706","0.03049671292914536","95.70754385964912","73.22708188940447","REPLAY"
"2026-09-29T13:37:24.221038","161","2026-09-29T13:37:45.639481","1","0.8947855234146118","0.9834141135215759","0.7928547859191895","4.720455646514893","30.255342483520508","57.71478897253109","0.03397147147147147","105.67513513513514","74.84655927824973","REPLAY"
"2026-09-29T13:37:24.221038","162","2026-09-29T13:37:45.758199","1","0.0","0.021787047386169434","2.1151998043060303","6.134414196014404","28.555355072021484","50.38871434209032","0.033135875601629027","112.44790184921764","75.81271227625146","REPLAY"
"2026-09-29T13:37:24.221038","163","2026-09-29T13:37:45.875982","1","0.0","0.008479773998260498","1.9996566772460938","6.859691619873047","24.12238883972168","37.74105426429831","0.0375","121.24467275494673","75.08011620325198","REPLAY"
"2026-09-29T13:37:24.221038","164","2026-09-29T13:37:46.000282","1","0.004562854766845703","0.008479773998260498","2.635295867919922","5.47007417678833","15.385380744934082","49.00953320869503","0.0410958904109589","118.47826880934988","73.43507890215199","REPLAY"
"2026-09-29T13:37:24.221038","165","2026-09-29T13:37:46.118290","1","0.001824796199798584","0.0026093721389770508","1.1115390062332153","2.9382052421569824","6.632682800292969","47.284799697782205","0.046464272491669754","111.69945945945946","72.74609763024087","REPLAY"
"2026-09-29T13:37:24.221038","166","2026-09-29T13:37:46.240991","1","0.004562854766845703","0.004566192626953125","2.69191837310791","2.2966654300689697","-1.2351593971252441","38.09485344825005","0.06027306027306027","108.3675692997917","68.96757677150954","REPLAY"
"2026-09-29T13:37:24.221038","167","2026-09-29T13:37:46.364311","1","0.018253028392791748","0.019214868545532227","1.3159947395324707","1.7014813423156738","-2.9389965534210205","47.18119066853989","0.06274245235284197","106.84425572824868","69.65975015021144","REPLAY"
"2026-09-29T13:37:24.221038","168","2026-09-29T13:37:46.480369","1","0.15394079685211182","0.06604921817779541","0.7238986492156982","1.8438615798950195","-2.791633129119873","42.027394859589634","0.06777759974363083","105.27296875","70.48080426124211","REPLAY"
"2026-09-29T13:37:24.221038","169","2026-09-29T13:37:46.602423","1","0.15179461240768433","0.025484859943389893","0.4873449206352234","2.2654685974121094","-2.1650993824005127","50.69961513045377","0.06729690754686748","106.0246875","69.79890321865628","REPLAY"
"2026-09-29T13:37:24.221038","170","2026-09-29T13:37:46.726070","1","0.0","0.0","0.7372704148292542","2.472651720046997","-1.8370591402053833","69.01585891759579","0.06665512465373961","108.76742274819198","70.43989457728219","REPLAY"
"2026-09-29T13:37:24.221038","171","2026-09-29T13:37:46.863975","1","0.03877866268157959","0.24035435914993286","-0.20220781862735748","2.1818530559539795","-3.0875189304351807","46.91824805019882","0.06295200525969757","109.80147412273674","69.48725734906293","REPLAY"
"2026-09-29T13:37:24.221038","172","2026-09-29T13:37:46.964279","1","0.9062259197235107","0.6384210586547852","-1.636414885520935","1.4175353050231934","-5.8506011962890625","44.47725985473561","0.05463867969876622","111.4578125","68.28050670004467","REPLAY"
"2026-09-29T13:37:24.221038","173","2026-09-29T13:37:47.078845","1","0.9537659883499146","0.14842408895492554","-2.1017000675201416","-0.5947684049606323","-12.5629243850708","38.75672518025806","0.047402597402597405","111.07456004939796","67.60545258656596","REPLAY"
"2026-09-29T13:37:24.221038","174","2026-09-29T13:37:47.208160","1","0.9868497848510742","0.8734263181686401","-2.503657817840576","-1.8340179920196533","-14.27951717376709","41.82006502249054","0.058852539865198096","115.40208333333334","65.33266716969294","REPLAY"
"2026-09-29T13:37:24.221038","175","2026-09-29T13:37:47.329073","1","0.947841465473175","0.9834141135215759","-3.0867209434509277","-1.669379472732544","-11.461902618408203","48.40267296905818","0.05","113.62148811361531","68.21133810000214","REPLAY"
"2026-09-29T13:37:24.221038","176","2026-09-29T13:37:47.441270","1","0.004562854766845703","0.019214868545532227","-3.9775264263153076","-1.469207763671875","-7.80501127243042","39.77868587175378","0.046314102564102566","113.54769990737881","67.39316698731797","REPLAY"
"2026-09-29T13:37:24.221038","177","2026-09-29T13:37:47.571494","1","0.9947605133056641","0.9958990216255188","-5.008330345153809","-1.7844982147216797","-4.845668315887451","42.86197424944743","0.045900601456157014","110.48719879518072","67.59864157032487","REPLAY"
"2026-09-29T13:37:24.221038","178","2026-09-29T13:37:47.683536","1","0.9933371543884277","0.9968274235725403","-5.163260459899902","-1.354016900062561","-3.2312827110290527","38.556277515162556","0.04056733262162574","106.04107142857143","67.34438263627906","REPLAY"
"2026-09-29T13:37:24.221038","179","2026-09-29T13:37:47.820086","1","0.9947605133056641","0.998312771320343","-5.0162177085876465","-0.31226977705955505","-3.0849697589874268","55.170509807003505","0.05030864197530864","103.85795031979771","68.22000631139511","REPLAY"
"2026-09-29T13:37:24.221038","180","2026-09-29T13:37:47.931324","1","0.9956856369972229","0.9965211153030396","-4.680585861206055","-0.15179772675037384","-2.9463603496551514","60.53058503315037","0.049538990467260506","104.58366800535475","68.66418386090666","REPLAY"
"2026-09-29T13:37:24.221038","181","2026-09-29T13:37:48.057157","1","0.9952254295349121","0.9968274235725403","-4.394650459289551","-0.3641359508037567","-2.6008660793304443","54.938233878487516","0.053497942386831275","105.5952968500508","69.56425319539402","REPLAY"
"2026-09-29T13:37:24.221038","182","2026-09-29T13:37:48.172324","1","0.9903543591499329","0.9971305727958679","-3.700246572494507","-0.1627683788537979","-2.587153911590576","54.78119794536731","0.056241426611796985","108.07417622296414","69.91309029019608","REPLAY"
"2026-09-29T13:37:24.221038","183","2026-09-29T13:37:48.296542","1","0.9868497848510742","0.9936156272888184","-3.564854621887207","-0.007777361664921045","-3.0126876831054688","49.230857560556124","0.05944215820759031","115.0185803454783","69.77941690096742","REPLAY"
"2026-09-29T13:37:24.221038","184","2026-09-29T13:37:48.411839","1","0.0","0.0026093721389770508","-3.1639206409454346","-0.3207640051841736","-2.8746895790100098","53.584507788085936","0.06125","118.05116002379536","70.08505540568756","REPLAY"
"2026-09-29T13:37:24.221038","185","2026-09-29T13:37:48.532806","1","0.9858568906784058","0.9900364875793457","-3.5301427841186523","0.26873552799224854","-2.811887502670288","51.2567001607501","0.058158560166592294","117.71514629948365","70.83337647788241","REPLAY"
"2026-09-29T13:37:24.221038","186","2026-09-29T13:37:48.661467","1","0.9928528666496277","0.9962117075920105","-2.828516721725464","0.20981411635875702","-2.186699151992798","58.425977997255586","0.06401463191586648","115.5138626796342","70.52976126428348","REPLAY"
"2026-09-29T13:37:24.221038","187","2026-09-29T13:37:48.777735","1","0.9893174171447754","0.9958990216255188","-2.9684362411499023","0.20757630467414856","-1.8797638416290283","47.47092197800618","0.062490474013107755","113.08956307156336","70.16579678865975","REPLAY"
"2026-09-29T13:37:24.221038","188","2026-09-29T13:37:48.895440","1","0.9858568906784058","0.9929311275482178","-3.4751596450805664","-0.1029370129108429","-1.9993858337402344","50.64088937227066","0.05700350556317634","109.63739294527508","69.3773315974429","REPLAY"
"2026-09-29T13:37:24.221038","189","2026-09-29T13:37:49.022590","1","0.9506080746650696","0.9376009702682495","-3.75053071975708","-0.30985578894615173","-1.6879384517669678","44.401640527343744","0.05578125","106.69556811421772","68.59334277321207","REPLAY"
"2026-09-29T13:37:24.221038","190","2026-09-29T13:37:49.138264","1","0.010038912296295166","0.010436594486236572","-3.7325785160064697","-0.4600487947463989","-1.6587589979171753","49.35601463607595","0.0490506329113924","106.71189024390245","67.99466831743287","REPLAY"
"2026-09-29T13:37:24.221038","191","2026-09-29T13:37:49.255115","1","0.001824796199798584","0.006523013114929199","-4.1974568367004395","0.09249798953533173","-1.5840809345245361","46.98007446223247","0.04922644163150492","104.33110218652388","67.80302267203611","REPLAY"
"2026-09-29T13:37:24.221038","192","2026-09-29T13:37:49.384950","1","0.9825901985168457","0.9354024529457092","-3.5684521198272705","-0.0760670006275177","-1.279775857925415","46.330326836610276","0.050462962962962966","102.41960434329913","67.92926352098175","REPLAY"
"2026-09-29T13:37:24.221038","193","2026-09-29T13:37:49.509923","1","0.9861093163490295","0.9918758273124695","-3.412067413330078","0.13832248747348785","-0.7925609946250916","45.04794657826551","0.05277777777777778","102.3321433883683","68.13654179078334","REPLAY"
"2026-09-29T13:37:24.221038","194","2026-09-29T13:37:49.622150","1","0.990864634513855","0.9932752251625061","-3.3856959342956543","-0.04282967001199722","-0.5493929982185364","53.360572678516995","0.0558641975308642","103.05696861520154","68.49928172006959","REPLAY"
"2026-09-29T13:37:24.221038","195","2026-09-29T13:37:49.747490","1","0.9918690919876099","0.9925832152366638","-3.2912118434906006","0.17623712122440338","-0.26566311717033386","54.024683984375","0.054375","103.82380734644109","69.2180004319473","REPLAY"
"2026-09-29T13:37:24.221038","196","2026-09-29T13:37:49.875483","1","0.990864634513855","0.9922314882278442","-3.174391746520996","0.16911542415618896","-0.4722513258457184","53.690935937499994","0.054375","104.43316567596403","69.51570110243864","REPLAY"
"2026-09-29T13:37:24.221038","197","2026-09-29T13:37:49.985079","1","0.9863588809967041","0.9876855611801147","-2.9854190349578857","0.14333941042423248","-0.2777116894721985","54.11652770996094","0.05625","103.56880457693465","69.66138370324134","REPLAY"
"2026-09-29T13:37:24.221038","198","2026-09-29T13:37:50.101350","1","0.980856716632843","0.9884875416755676","-3.286879777908325","0.23707669973373413","-0.19099971652030945","54.84077829589844","0.055625","102.2028654168572","69.6579521529676","REPLAY"
"2026-09-29T13:37:24.221038","199","2026-09-29T13:37:50.225811","1","0.007300853729248047","0.008479773998260498","-2.412778377532959","0.3565237522125244","-0.08577367663383484","44.396395478612746","0.0535170645729851","101.10359375","69.33768401515125","REPLAY"
"2026-09-29T13:37:24.221038","200","2026-09-29T13:37:50.348795","1","0.015514969825744629","0.06604921817779541","-3.0292420387268066","0.6276295781135559","-0.07318540662527084","49.45965114746093","0.05109375","99.41838134430726","69.02768060284663","REPLAY"
"2026-09-29T13:37:24.221038","201","2026-09-29T13:37:50.470481","1","0.7634485363960266","0.9003492593765259","-2.761397361755371","0.7878676056861877","-0.1796618103981018","47.30296325683594","0.05328125","96.83066605700351","68.57230551523436","REPLAY"
"2026-09-29T13:37:24.221038","202","2026-09-29T13:37:50.582225","1","0.7659553289413452","0.6963686943054199","-2.2544047832489014","0.9898090362548828","0.06946858018636703","48.33632833780243","0.0535170645729851","94.5803125","69.13170482783092","REPLAY"
"2026-09-29T13:37:24.221038","203","2026-09-29T13:37:50.713463","1","0.8049881458282471","0.7252373695373535","-1.9902456998825073","1.3995071649551392","0.13260605931282043","46.44385427593848","0.05143406505367729","93.63421875","69.19745830106153","REPLAY"
"2026-09-29T13:37:24.221038","204","2026-09-29T13:37:50.835976","1","0.7634485363960266","0.6963686943054199","-2.0540385246276855","1.5370715856552124","-0.11243081092834473","45.67034086527317","0.05063291139240506","93.810625","69.31401878126367","REPLAY"
"2026-09-29T13:37:24.221038","205","2026-09-29T13:37:50.945930","1","0.9974813461303711","0.9952638149261475","4.102872371673584","-1.3571019172668457","3.1530754566192627","20.867031660785496","0.023929279073311997","64.4764116707795","47.927978000092104","REPLAY"
"2026-09-29T13:37:24.221038","206","2026-09-29T13:37:51.071398","1","0.9923635125160217","0.9841023683547974","6.807153701782227","-2.293562889099121","3.8885750770568848","9.88325184740951","0.0","42.0175","25.570912552155825","REPLAY"
"2026-09-29T13:37:24.221038","207","2026-09-29T13:37:52.261128","1","0.9472037553787231","0.9958990216255188","3.8048884868621826","-2.0483949184417725","3.1221611499786377","23.682736574888438","0.005094043887147335","92.85530303030303","34.04046199283949","REPLAY"
"2026-09-29T13:37:57.919279","1","2026-09-29T13:38:00.869667","1","0.8898150324821472","0.6806507110595703","8.226980209350586","-0.6176435947418213","-1.8978240489959717","2.2072680788897006","0.0","210.5271794871795","6.615834133007646","REPLAY"
"2026-09-29T13:37:57.919279","2","2026-09-29T13:38:01.110652","1","0.6402992010116577","0.8734263181686401","-1.0917059183120728","0.6761332154273987","15.267316818237305","6.498400701000621","0.0","192.02534722222222","32.08276595630771","REPLAY"
"2026-09-29T13:37:57.919279","3","2026-09-29T13:38:01.251034","1","0.601551353931427","0.77680504322052","2.6968376636505127","0.1376575082540512","17.29441261291504","8.656336349453069","0.0","182.0872093023256","37.966517944431814","REPLAY"
"2026-09-29T13:37:57.919279","4","2026-09-29T13:38:01.352155","1","0.770969033241272","0.9867727756500244","-1.2942918539047241","1.388318657875061","13.876057624816895","14.71765004307181","0.024913861648555528","156.7627848101266","63.41923345477825","REPLAY"
"2026-09-29T13:37:57.919279","5","2026-09-29T13:38:01.472897","1","0.8947855234146118","0.9892709851264954","-0.792115330696106","1.7285393476486206","12.266996383666992","16.712742113356228","0.026568825910931175","153.87654320987653","67.69475755194355","REPLAY"
"2026-09-29T13:37:57.919279","6","2026-09-29T13:38:01.602312","1","0.9493870735168457","0.9383997917175293","-0.0632738396525383","2.096461296081543","10.269813537597656","20.87894109007136","0.024013722126929673","158.82630098452884","66.87811805373391","REPLAY"
"2026-09-29T13:37:57.919279","7","2026-09-29T13:38:01.714378","1","0.9887905716896057","0.9911525249481201","5.415693759918213","1.7684406042099","8.759469985961914","20.530259570789973","0.026812313803376366","171.47198480531813","62.69730053480093","REPLAY"
"2026-09-29T13:37:57.919279","8","2026-09-29T13:38:01.835737","1","0.9497048854827881","0.9962117075920105","4.346473217010498","-2.3726487159729004","6.179356098175049","16.140877615911354","0.02564102564102564","176.0","61.1186315580351","REPLAY"
"2026-09-29T13:37:57.919279","9","2026-09-29T13:38:01.956767","1","0.908852219581604","0.9965211153030396","4.565181255340576","2.9042346477508545","10.47379207611084","16.17089790143974","0.018970893970893972","191.48654088050316","46.27982982942759","REPLAY"
"2026-09-29T13:37:57.919279","10","2026-09-29T13:38:02.197443","1","0.7338244915008545","0.8639492392539978","-0.6374779343605042","-1.4619712829589844","-1.7196413278579712","22.48780645808472","0.003544528134692069","163.19694397283533","38.94242091675396","REPLAY"
"2026-09-29T13:37:57.919279","11","2026-09-29T13:38:02.316958","1","0.9445556402206421","0.9065451622009277","0.07524104416370392","-1.7583345174789429","3.913020133972168","23.712047049211844","0.029901960784313727","176.6379781420765","38.87620579908565","REPLAY"
"2026-09-29T13:37:57.919279","12","2026-09-29T13:38:02.438863","1","0.9114788770675659","0.9968274235725403","2.357781410217285","-1.2041904926300049","8.181224822998047","14.916450892857142","0.02142857142857143","190.1975051975052","30.960770463689546","REPLAY"
"2026-09-29T13:37:57.919279","13","2026-09-29T13:38:02.567409","1","0.5627611875534058","0.9988862872123718","7.385225296020508","6.0054755210876465","7.300642967224121","3.6126851851851853","0.0","204.10195852534562","11.65802450394913","REPLAY"
"2026-09-29T13:37:57.919279","14","2026-09-29T13:38:02.800273","1","0.8186739683151245","0.998600959777832","-3.041743278503418","-7.2083330154418945","9.240165710449219","12.569813321162949","0.005477784540474742","204.49772727272727","12.930232168279632","REPLAY"
"2026-09-29T13:37:57.919279","15","2026-09-29T13:38:02.922195","1","0.2012934684753418","0.11680018901824951","-1.5160571336746216","1.9366589784622192","11.3505859375","8.609106602199704","0.0063025210084033615","202.64926108374385","16.019942526966126","REPLAY"
"2026-09-29T13:37:57.919279","16","2026-09-29T13:38:03.041595","1","0.7805240750312805","0.9351650476455688","13.82713794708252","2.245058536529541","5.9988789558410645","2.9346303177384754","0.0","204.69861751152072","13.147775755059008","REPLAY"
"2026-09-29T13:37:57.919279","17","2026-09-29T13:38:03.142350","1","0.9831671714782715","0.9971305727958679","10.538155555725098","3.233466625213623","2.3731980323791504","12.521175058258597","0.004201680672268907","213.2391975308642","18.208451960911706","REPLAY"
"2026-09-29T13:37:57.919279","18","2026-09-29T13:38:03.243477","1","1.0","0.9988862872123718","13.172080039978027","9.268538475036621","3.393794059753418","37.82422911476966","0.03395703395703396","216.21853658536585","33.82723751444127","REPLAY"
"2026-09-29T13:37:57.919279","19","2026-09-29T13:38:03.363675","1","0.9987824559211731","0.9971305727958679","24.835235595703125","-3.5965003967285156","1.8056453466415405","2.9462768427731376","0.0","226.08140610545792","17.568618028608274","REPLAY"
"2026-09-29T13:37:57.919279","20","2026-09-29T13:38:03.486049","1","0.8264715671539307","0.9369730353355408","21.23279571533203","2.0458948612213135","2.5704185962677","7.777060042319654","0.0","219.06953125","29.792207607951273","REPLAY"
"2026-09-29T13:37:57.919279","21","2026-09-29T13:38:03.726187","1","0.40602678060531616","0.9918758273124695","27.73068618774414","-9.252281188964844","-0.406642347574234","17.83448210922787","0.02288135593220339","189.92868852459017","48.31462909532502","REPLAY"
"2026-09-29T13:37:57.919279","22","2026-09-29T13:38:03.848745","1","0.9501656293869019","0.9382040500640869","27.929397583007812","-3.930281162261963","1.836936116218567","24.504481172839505","0.035","180.68529965063155","51.42657829459654","REPLAY"
"2026-09-29T13:37:57.919279","23","2026-09-29T13:38:03.970476","1","0.8997346758842468","0.9939523935317993","23.199228286743164","-4.107899188995361","1.0658897161483765","29.279663485764676","0.03050595238095238","161.11802884615383","58.66803006650033","REPLAY"
"2026-09-29T13:37:57.919279","24","2026-09-29T13:38:04.091371","1","0.770969033241272","0.937804639339447","20.466527938842773","-4.224652290344238","-0.3449334502220154","22.339299725143977","0.017517301038062285","160.39204081632653","59.591335984407145","REPLAY"
"2026-09-29T13:37:57.919279","25","2026-09-29T13:38:04.211439","1","0.5735950469970703","0.6832545399665833","15.87266731262207","-2.460134744644165","-0.4647257328033447","21.214964661959257","0.02054054054054054","165.67053324099723","56.97167558261493","REPLAY"
"2026-09-29T13:37:57.919279","26","2026-09-29T13:38:04.330641","1","0.32690995931625366","0.9003492593765259","9.030156135559082","-1.911695957183838","-0.26318150758743286","25.224834317261934","0.030452674897119343","159.7277421373807","60.843116952592226","REPLAY"
"2026-09-29T13:37:57.919279","27","2026-09-29T13:38:04.451454","1","0.9913694858551025","0.9949411749839783","3.4945640563964844","-1.7882086038589478","-1.4549719095230103","22.802553104318147","0.03037502121160699","162.03323412698413","60.3815720731243","REPLAY"
"2026-09-29T13:37:57.919279","28","2026-09-29T13:38:04.573888","1","0.9942908883094788","0.99802166223526","0.27352434396743774","-2.392683506011963","-2.0962185859680176","23.863197784418226","0.03312704768838733","167.7796756383713","58.422770310179985","REPLAY"
"2026-09-29T13:37:57.919279","29","2026-09-29T13:38:04.692956","1","0.9942908883094788","0.9968274235725403","1.0649322271347046","-1.5252329111099243","-2.4772679805755615","21.51230996752542","0.03850446428571429","175.90715563506262","55.250305066828005","REPLAY"
"2026-09-29T13:37:57.919279","30","2026-09-29T13:38:04.812771","1","0.9970390796661377","0.998312771320343","-1.2826331853866577","-2.6604857444763184","-1.9748023748397827","22.937076124567476","0.035845588235294115","179.80006966213864","54.58964819449402","REPLAY"
"2026-09-29T13:37:57.919279","31","2026-09-29T13:38:04.917301","1","0.9947605133056641","0.998312771320343","-1.612050175666809","-2.9187405109405518","-2.145352840423584","23.223909795564857","0.03685458857872651","182.8458806818182","54.00211128098554","REPLAY"
"2026-09-29T13:37:57.919279","32","2026-09-29T13:38:05.017805","1","0.026467084884643555","0.08343684673309326","-2.4453251361846924","-3.125107526779175","-1.3801319599151611","20.91684881546785","0.027517447657028914","186.2256704980843","53.43567795200391","REPLAY"
"2026-09-29T13:37:57.919279","33","2026-09-29T13:38:06.220286","1","0.08367270231246948","0.8639492392539978","-10.279314994812012","-7.426444053649902","10.697912216186523","31.72916254590174","0.05370234604105572","136.24596207865167","60.72780205361142","REPLAY"
"2026-09-29T13:37:57.919279","34","2026-09-29T13:38:06.343003","1","0.9510332942008972","0.997727632522583","-7.7385687828063965","-3.408973455429077","1.60727858543396","33.42045907417379","0.0478330658105939","144.32738095238096","60.612110638239194","REPLAY"
"2026-09-29T13:37:57.919279","35","2026-09-29T13:38:06.471608","1","0.9938164353370667","0.99802166223526","-3.6402523517608643","-0.2329227328300476","0.5346782207489014","28.41205294972019","0.04738562091503268","150.8421870146008","59.85750354259776","REPLAY"
"2026-09-29T13:37:57.919279","36","2026-09-29T13:38:06.599100","1","0.9970390796661377","0.997727632522583","-1.0595041513442993","-1.2586305141448975","0.9505879282951355","47.55824366635069","0.06448853917208347","152.3405","58.45138059176479","REPLAY"
"2026-09-29T13:37:57.919279","37","2026-09-29T13:38:06.706863","1","0.9974813461303711","0.998600959777832","0.13739854097366333","-1.9241694211959839","1.1406294107437134","56.31341004332694","0.07338056680161943","149.6465559756699","59.1411684551321","REPLAY"
"2026-09-29T13:37:57.919279","38","2026-09-29T13:38:06.829828","1","0.9974813461303711","0.997727632522583","0.3993877172470093","-2.2929279804229736","0.39205309748649597","65.26825136987654","0.07751111111111111","149.84586466165413","59.76273000624945","REPLAY"
"2026-09-29T13:37:57.919279","39","2026-09-29T13:38:06.962635","1","0.9983530044555664","0.99802166223526","-0.3252139091491699","-3.1437339782714844","-0.6628947854042053","59.48862450984734","0.0723155588020453","148.3294736842105","61.08770980480999","REPLAY"
"2026-09-29T13:37:57.919279","40","2026-09-29T13:38:07.066985","1","0.9974813461303711","0.997727632522583","-0.2639237642288208","-2.9643430709838867","-0.5129626989364624","56.95112756454755","0.0723155588020453","148.53105263157894","61.175108892545296","REPLAY"
"2026-09-29T13:37:57.919279","41","2026-09-29T13:38:07.216440","1","0.9974813461303711","0.9965211153030396","-0.5469945669174194","-2.077674627304077","-0.04266093671321869","54.86700715019638","0.07393507224620004","149.3310810810811","60.57922079665735","REPLAY"
"2026-09-29T13:37:57.919279","42","2026-09-29T13:38:07.604223","1","0.9974813461303711","0.9968274235725403","-1.9456579685211182","-3.498173952102661","1.445915699005127","66.44868188191438","0.08626434653831914","141.07041251778094","62.53480981779584","REPLAY"
"2026-09-29T13:37:57.919279","43","2026-09-29T13:38:07.712157","1","0.9961413145065308","0.9988862872123718","-2.1040890216827393","-4.220190525054932","1.6234766244888306","61.82948864","0.08248888888888889","138.4819944598338","64.08792237944756","REPLAY"
"2026-09-29T13:37:57.919279","44","2026-09-29T13:38:07.841432","1","0.05539274215698242","0.012393414974212646","-0.8495973944664001","-4.360025882720947","1.7664836645126343","58.42840593070713","0.07669831994156319","140.08835555555555","64.60885812991401","REPLAY"
"2026-09-29T13:37:57.919279","45","2026-09-29T13:38:07.956866","1","0.012776970863342285","0.022249281406402588","-1.2449228763580322","-4.0042266845703125","1.4544100761413574","64.06115413110186","0.07542001460920379","143.7138596491228","64.09220921137248","REPLAY"
"2026-09-29T13:37:57.919279","46","2026-09-29T13:38:08.073344","1","0.012776970863342285","0.022249281406402588","-0.9849738478660583","-3.883162021636963","1.263947606086731","61.27818217725158","0.07761139517896275","147.99428670360112","64.0201080927815","REPLAY"
"2026-09-29T13:37:57.919279","47","2026-09-29T13:38:08.231972","1","0.980856716632843","0.9974306225776672","-2.2181572914123535","-4.128921031951904","1.3719658851623535","56.47193713777778","0.06933333333333333","149.8956024930748","64.3737195611347","REPLAY"
"2026-09-29T13:37:57.919279","48","2026-09-29T13:38:08.356255","1","0.9970390796661377","0.998312771320343","-2.2704861164093018","-4.151110649108887","1.522971749305725","59.43423994805617","0.07351351351351351","151.69929824561405","64.27572540781257","REPLAY"
"2026-09-29T13:37:57.919279","49","2026-09-29T13:38:08.479086","1","0.9983530044555664","0.998312771320343","-2.8124046325683594","-3.888807535171509","1.661429524421692","49.18211382193004","0.06936936936936937","152.66701298701298","64.35514916108336","REPLAY"
"2026-09-29T13:37:57.919279","50","2026-09-29T13:38:08.613314","1","0.9979193210601807","0.9974306225776672","-2.4872164726257324","-3.661308765411377","1.771135926246643","51.3972068972707","0.06831050228310502","152.53800865800866","64.36696123166803","REPLAY"
"2026-09-29T13:37:57.919279","51","2026-09-29T13:38:08.717952","1","0.972050666809082","0.9965211153030396","-2.016554832458496","-3.885824203491211","1.8155945539474487","49.81272380488597","0.06468468468468469","151.31047619047618","64.92744444196606","REPLAY"
"2026-09-29T13:37:57.919279","52","2026-09-29T13:38:08.849329","1","0.007300853729248047","0.010436594486236572","-0.17670610547065735","-3.1903820037841797","1.563047170639038","48.96018559741077","0.06624132107337212","151.91855855855857","64.60352427904839","REPLAY"
"2026-09-29T13:37:57.919279","53","2026-09-29T13:38:08.966252","1","0.007300853729248047","0.008479773998260498","0.5130409002304077","-3.1771185398101807","0.978273332118988","56.95666122419343","0.06661662600863201","154.53159240321403","64.08730396921666","REPLAY"
"2026-09-29T13:37:57.919279","54","2026-09-29T13:38:09.080704","1","0.2012934684753418","0.22126847505569458","0.14280766248703003","-3.1762540340423584","1.4885612726211548","55.343196076541915","0.06812291743798593","155.3254054054054","63.90619577998583","REPLAY"
"2026-09-29T13:37:57.919279","55","2026-09-29T13:38:09.210649","1","0.9974813461303711","0.9974306225776672","-0.6095914840698242","-2.0685503482818604","1.5128885507583618","46.13330564983478","0.061906501095690285","154.73545706371192","64.79936243209106","REPLAY"
"2026-09-29T13:37:57.919279","56","2026-09-29T13:38:09.329613","1","0.9983530044555664","0.9974306225776672","0.4476625621318817","-2.1486668586730957","1.2573270797729492","48.38364616887237","0.06446311176040906","155.45368421052632","65.0364577548915","REPLAY"
"2026-09-29T13:37:57.919279","57","2026-09-29T13:38:09.449140","1","0.9992077946662903","0.9971305727958679","0.2988874018192291","-2.443812131881714","0.9090765118598938","46.88159058239928","0.0635500365230095","153.57191111111112","65.6153737567389","REPLAY"
"2026-09-29T13:37:57.919279","58","2026-09-29T13:38:09.572006","1","0.9987824559211731","0.9955831170082092","-0.6140875816345215","-3.1291089057922363","1.0220425128936768","49.71064955370883","0.06315789473684211","150.62171162171163","66.78609664764558","REPLAY"
"2026-09-29T13:37:57.919279","59","2026-09-29T13:38:09.683845","1","0.018253028392791748","0.02456045150756836","0.971824586391449","-1.1191598176956177","0.6884465217590332","34.888898271244216","0.04828828828828829","149.0869264069264","66.0153050113974","REPLAY"
"2026-09-29T13:37:57.919279","60","2026-09-29T13:38:09.814332","1","0.1492120623588562","0.675443172454834","1.7656210660934448","8.138679504394531","1.946829915046692","20.789065691205607","0.014506172839506172","149.9219214753123","59.72353519072159","REPLAY"
"2026-09-29T13:37:57.919279","61","2026-09-29T13:38:09.934517","1","0.9606643915176392","0.25589215755462646","0.22945669293403625","45.13550567626953","2.9768853187561035","21.980435306071914","0.027781715095676826","153.50250169033131","48.90875541402147","REPLAY"
"2026-09-29T13:37:57.919279","62","2026-09-29T13:38:11.137576","1","0.9918690919876099","0.2589155435562134","0.27340418100357056","48.66803741455078","3.2834177017211914","24.36692162232031","0.03520575809732436","125.64933694996986","48.98748318912422","REPLAY"
"2026-09-29T13:37:57.919279","63","2026-09-29T13:38:11.281554","1","0.004562854766845703","0.434387743473053","3.235966682434082","41.3326301574707","5.620279788970947","34.51505941834324","0.03935185185185185","118.54951513370555","49.42298082280839","REPLAY"
"2026-09-29T13:37:57.919279","64","2026-09-29T13:38:11.430791","1","0.9537659883499146","0.026871562004089355","3.578217029571533","14.707853317260742","1.6939115524291992","38.54233609250342","0.036735922914784704","115.6860298336202","54.65629018944458","REPLAY"
"2026-09-29T13:37:57.919279","65","2026-09-29T13:38:11.542043","1","0.8049881458282471","0.8706389665603638","3.1861724853515625","5.309222221374512","1.7985668182373047","37.663502553612446","0.03912753912753913","116.5276398013139","61.34270659957666","REPLAY"
"2026-09-29T13:37:57.919279","66","2026-09-29T13:38:11.665600","1","0.9887905716896057","0.998600959777832","1.5493943691253662","0.10879217833280563","1.2488754987716675","43.96008347197019","0.047107835282807244","124.31984375","63.946848387747664","REPLAY"
"2026-09-29T13:37:57.919279","67","2026-09-29T13:38:11.778001","1","0.9913694858551025","0.9988862872123718","1.0439820289611816","-0.9730330109596252","1.1161342859268188","44.889214582121156","0.05127383432142285","132.81796875","64.45305817704869","REPLAY"
"2026-09-29T13:37:57.919279","68","2026-09-29T13:38:11.907533","1","0.9956856369972229","0.998600959777832","2.0145747661590576","-0.9167850017547607","1.4714938402175903","43.97383249504649","0.06003086419753086","138.06573468173707","63.00861926212359","REPLAY"
"2026-09-29T13:37:57.919279","69","2026-09-29T13:38:12.028220","1","0.9938164353370667","0.9988862872123718","1.9823997020721436","-1.2087253332138062","1.8567854166030884","45.87258476667712","0.060051821368693796","140.5235883292205","61.883170913765845","REPLAY"
"2026-09-29T13:37:57.919279","70","2026-09-29T13:38:12.140899","1","0.9928528666496277","0.998600959777832","0.9416126012802124","-2.0674490928649902","1.8078337907791138","37.13041645233196","0.05339506172839506","140.55935938877462","62.067225740629375","REPLAY"
"2026-09-29T13:37:57.919279","71","2026-09-29T13:38:12.263578","1","0.05803883075714111","0.434387743473053","0.41522523760795593","-9.548352241516113","1.0017236471176147","27.139323073551502","0.0200288415318058","141.02265625","63.24972543769918","REPLAY"
"2026-09-29T13:37:57.919279","72","2026-09-29T13:38:13.595438","1","0.14356094598770142","0.6025388240814209","2.4855995178222656","-23.557641983032227","1.2852877378463745","49.57536617671643","0.043478260869565216","150.81592331768388","62.517993941578574","REPLAY"
"2026-09-29T13:37:57.919279","73","2026-09-29T13:38:13.718596","1","0.9062259197235107","0.41945070028305054","3.1240029335021973","-12.950052261352539","4.0384345054626465","44.58783064846309","0.03353174603174603","151.29680365296804","64.74057964990654","REPLAY"
"2026-09-29T13:37:57.919279","74","2026-09-29T13:38:13.832792","1","0.6711785793304443","0.9713870286941528","1.3103058338165283","-4.866177082061768","3.8471062183380127","39.828371288628965","0.03858769052672197","154.50092558311735","65.57504087543447","REPLAY"
"2026-09-29T13:37:57.919279","75","2026-09-29T13:38:13.959272","1","0.7550646662712097","0.9946150779724121","2.245739221572876","-1.8302562236785889","4.206906318664551","39.295202719717956","0.03691045796308954","156.32317682317682","67.29256023985167","REPLAY"
"2026-09-29T13:37:57.919279","76","2026-09-29T13:38:14.079875","1","0.9501656293869019","0.9955831170082092","1.4070974588394165","-2.642357349395752","4.37636137008667","36.205615480091005","0.033133533133533136","157.02628205128204","69.03401438846737","REPLAY"
"2026-09-29T13:37:57.919279","77","2026-09-29T13:38:14.337319","1","0.9974813461303711","0.994285523891449","1.000212550163269","-5.232969760894775","5.6252312660217285","45.91690246104393","0.04768611670020121","147.02549467275495","70.99927725921332","REPLAY"
"2026-09-29T13:37:57.919279","78","2026-09-29T13:38:14.439151","1","0.9961413145065308","0.990412712097168","1.8414162397384644","-7.615500450134277","3.7351396083831787","43.79128226097025","0.04426559356136821","143.16552511415526","71.41565896726584","REPLAY"
"2026-09-29T13:37:57.919279","79","2026-09-29T13:38:14.562018","1","0.9493870735168457","0.9358671307563782","-0.6446486711502075","-1.6757316589355469","5.011315822601318","34.39495022274993","0.032765642354683454","148.5972972972973","71.5611135021554","REPLAY"
"2026-09-29T13:37:57.919279","80","2026-09-29T13:38:14.680684","1","0.9965924024581909","0.9911525249481201","-0.3008419871330261","-1.6940041780471802","4.9830002784729","38.11521980877274","0.042042042042042045","149.3503196347032","72.1650038345225","REPLAY"
"2026-09-29T13:37:57.919279","81","2026-09-29T13:38:14.800219","1","0.9842807650566101","0.9925832152366638","1.123260259628296","-3.172412633895874","5.275491237640381","39.904806918086315","0.04920692141312184","150.55510705510704","71.66779322846564","REPLAY"
"2026-09-29T13:37:57.919279","82","2026-09-29T13:38:14.920715","1","0.9923635125160217","0.9958990216255188","3.9580395221710205","1.096760630607605","6.329316139221191","35.81354558166165","0.037023324694557574","142.8022759601707","71.11098668456539","REPLAY"
"2026-09-29T13:37:57.919279","83","2026-09-29T13:38:15.041885","1","0.9861093163490295","0.9949411749839783","4.7726664543151855","0.27097317576408386","5.161503791809082","24.4095130077351","0.014969135802469136","152.67131942403762","68.66338370457656","REPLAY"
"2026-09-29T13:37:57.919279","84","2026-09-29T13:38:15.167492","1","0.9503150582313538","0.9892709851264954","2.428880453109741","0.257095068693161","9.126238822937012","23.383824975585938","0.016875","166.8963572626124","67.93372008872704","REPLAY"
"2026-09-29T13:37:57.919279","85","2026-09-29T13:38:15.286328","1","0.9923635125160217","0.9946150779724121","0.023555252701044083","-5.753264427185059","23.349727630615234","22.147554613943647","0.01038781163434903","159.84887839433293","66.75032409974784","REPLAY"
"2026-09-29T13:37:57.919279","86","2026-09-29T13:38:15.405582","1","0.7024589776992798","0.9946150779724121","-4.0353922843933105","-7.079674243927002","31.349262237548828","21.71074916295384","0.015473120412616545","151.43948207918933","65.30455339213069","REPLAY"
"2026-09-29T13:37:57.919279","87","2026-09-29T13:38:15.547015","1","0.9861093163490295","0.99802166223526","1.572590708732605","-5.927676200866699","30.730453491210938","19.98429795663291","0.02002164502164502","160.59271296613068","64.09701108661912","REPLAY"
"2026-09-29T13:37:57.919279","88","2026-09-29T13:38:15.684603","1","0.9903543591499329","0.99802166223526","2.0786139965057373","-6.732674598693848","31.9597110748291","31.673251011337868","0.039047619047619046","162.30510334735686","63.38832949374955","REPLAY"
"2026-09-29T13:37:57.919279","89","2026-09-29T13:38:15.810218","1","0.9842807650566101","0.9988862872123718","2.9599380493164062","-6.332601070404053","32.291446685791016","27.190131821046","0.030144927536231884","164.68497217068645","62.86982027225795","REPLAY"
"2026-09-29T13:37:57.919279","90","2026-09-29T13:38:15.928992","1","0.9497048854827881","0.998312771320343","2.500725746154785","-6.014606475830078","32.48482131958008","25.53548985005767","0.031568627450980394","167.41205936920224","62.08855638653106","REPLAY"
"2026-09-29T13:37:57.919279","91","2026-09-29T13:38:16.046889","1","0.9903543591499329","0.9946150779724121","-1.6730364561080933","-5.237395763397217","5.672375202178955","38.74584087486784","0.04477101845522898","126.37179487179488","68.7251264708221","REPLAY"
"2026-09-29T13:37:57.919279","92","2026-09-29T13:38:16.173196","1","0.9961413145065308","0.9929311275482178","-1.3813716173171997","-4.740850448608398","5.397798538208008","36.35131494146584","0.04740215924426451","128.72963323596235","69.29804715382092","REPLAY"
"2026-09-29T13:37:57.919279","93","2026-09-29T13:38:16.294910","1","0.9961413145065308","0.9939523935317993","-0.6786482334136963","-4.223773002624512","5.1265482902526855","33.82270136597942","0.04904306220095694","133.65481986368061","69.63038785143871","REPLAY"
"2026-09-29T13:37:57.919279","94","2026-09-29T13:38:16.404521","1","0.9947605133056641","0.9939523935317993","-1.2851277589797974","-4.424443244934082","5.16193962097168","40.97001714569435","0.05060728744939271","137.03846153846155","68.47147619050202","REPLAY"
"2026-09-29T13:37:57.919279","95","2026-09-29T13:38:16.538230","1","0.9938164353370667","0.994285523891449","-1.1597394943237305","-3.448397397994995","5.51105260848999","46.5694081886417","0.056222258753904325","142.09791666666666","66.96216303040849","REPLAY"
"2026-09-29T13:37:57.919279","96","2026-09-29T13:38:16.647393","1","0.9952254295349121","0.9946150779724121","-2.458444833755493","-4.425815582275391","5.948219299316406","46.352035701861006","0.05737300674009535","145.1915064102564","65.19156946370431","REPLAY"
"2026-09-29T13:37:57.919279","97","2026-09-29T13:38:16.779380","1","0.9961413145065308","0.994285523891449","-2.0022482872009277","-3.9031119346618652","5.732163429260254","50.86762719776318","0.05735492577597841","152.11716975008113","63.40862903577174","REPLAY"
"2026-09-29T13:37:57.919279","98","2026-09-29T13:38:16.895059","1","0.9956856369972229","0.9949411749839783","-0.5890243053436279","-0.6396710276603699","5.319458961486816","46.391302733470944","0.05863013698630137","156.00302275960172","62.710364251884485","REPLAY"
"2026-09-29T13:37:57.919279","99","2026-09-29T13:38:17.009069","1","0.9952254295349121","0.9946150779724121","-0.77873295545578","-1.5046875476837158","5.463205814361572","39.74180718111486","0.04889336016096579","159.92941400304414","63.360386574508986","REPLAY"
"2026-09-29T13:37:57.919279","100","2026-09-29T13:38:17.133237","1","0.9974813461303711","0.9939523935317993","-3.6029727458953857","3.4513916969299316","4.597073554992676","45.224850189332074","0.053082191780821915","163.1680858941133","63.61785929363548","REPLAY"
"2026-09-29T13:37:57.919279","101","2026-09-29T13:38:17.388852","1","0.9974813461303711","0.9932752251625061","-0.024416208267211914","-3.233642101287842","4.993280410766602","53.80814187552778","0.0629399585921325","160.50352112676057","63.38683793902636","REPLAY"
"2026-09-29T13:38:28.637294","1","2026-09-29T13:38:30.132256","1","0.9928528666496277","0.998600959777832","-4.698558807373047","3.2375588417053223","7.285969257354736","158.28109214661407","0.08430913348946135","126.51612903225806","60.914502555423944","REPLAY"
"2026-09-29T13:38:28.637294","2","2026-09-29T13:38:30.458675","1","0.29744672775268555","0.8695240020751953","-6.346320152282715","-0.14082220196723938","6.104891777038574","57.7502788655512","0.052830188679245285","110.275","52.12081081923557","REPLAY"
"2026-09-29T13:38:28.637294","3","2026-09-29T13:38:30.578128","1","0.007300853729248047","0.022249281406402588","-0.0745500922203064","-4.086883544921875","-2.3932433128356934","6.545268114903462","0.0027149321266968325","206.7695374800638","13.852618990505778","REPLAY"
"2026-09-29T13:38:28.637294","4","2026-09-29T13:38:30.690495","1","0.012776970863342285","0.02502262592315674","-2.973888874053955","-6.048489570617676","-1.818587303161621","7.636675410297214","0.021414665801427646","208.51470588235293","24.271801992689372","REPLAY"
"2026-09-29T13:38:28.637294","5","2026-09-29T13:38:30.818597","1","0.02372908592224121","0.021787047386169434","-1.6251022815704346","-4.046623706817627","2.5067436695098877","11.729584707909623","0.01936026936026936","215.16931637519872","25.821124558383023","REPLAY"
"2026-09-29T13:38:28.637294","6","2026-09-29T13:38:30.952164","1","0.007300853729248047","0.008479773998260498","-1.2517130374908447","-0.9863942861557007","2.3350279331207275","26.503260207100592","0.025","212.30772005772005","31.49262101661196","REPLAY"
"2026-09-29T13:38:28.637294","7","2026-09-29T13:38:31.060144","1","0.001824796199798584","0.006523013114929199","-0.3527694642543793","-1.5722306966781616","5.077374458312988","31.323382828705846","0.03390714658320292","185.38649706457926","52.56426347041654","REPLAY"
"2026-09-29T13:38:28.637294","8","2026-09-29T13:38:31.179525","1","0.012776970863342285","0.010436594486236572","-0.7387109398841858","-1.7012659311294556","7.293432712554932","41.473618665027935","0.055645347494804896","171.11045879539031","56.00293124168392","REPLAY"
"2026-09-29T13:38:28.637294","9","2026-09-29T13:38:31.300970","1","0.14638656377792358","0.9065451622009277","0.7291797995567322","-0.6269683837890625","5.982746124267578","35.32385449605193","0.056338028169014086","162.6180039138943","54.98354200234171","REPLAY"
"2026-09-29T13:38:28.637294","10","2026-09-29T13:38:31.423244","1","0.9828804135322571","0.9971305727958679","0.04350978881120682","-0.6509124040603638","6.313549995422363","44.08700707022701","0.04923145466696369","158.24658994032396","50.590649640842614","REPLAY"
"2026-09-29T13:38:28.637294","11","2026-09-29T13:38:31.554089","1","0.9952254295349121","0.998600959777832","-1.1356762647628784","-0.6158605217933655","5.929808616638184","55.23575263445035","0.0911386593204775","149.7874805079082","49.1363532534746","REPLAY"
"2026-09-29T13:38:28.637294","12","2026-09-29T13:38:31.672856","1","0.9965924024581909","0.998600959777832","-1.0688135623931885","-0.8428966999053955","4.937943935394287","99.45580415251567","0.13230769230769232","141.31955922865015","52.6882195445742","REPLAY"
"2026-09-29T13:38:28.637294","13","2026-09-29T13:38:31.785056","1","0.9965924024581909","0.9988862872123718","-1.869296669960022","-0.9204109907150269","4.351892948150635","85.89136234725676","0.12733727810650888","139.8014233241506","53.05889106303639","REPLAY"
"2026-09-29T13:38:28.637294","14","2026-09-29T13:38:31.920332","1","0.9952254295349121","0.998312771320343","-1.5359680652618408","-0.7831357717514038","4.109340190887451","96.5606681958579","0.13705234159779614","141.89554498269896","52.617360478756765","REPLAY"
"2026-09-29T13:38:28.637294","15","2026-09-29T13:38:32.026600","1","0.001824796199798584","0.010436594486236572","-0.09647753089666367","-1.080355167388916","3.6380293369293213","102.98870713590993","0.13146853146853146","144.93226381461676","52.249072282784915","REPLAY"
"2026-09-29T13:38:28.637294","16","2026-09-29T13:38:32.149101","1","0.001824796199798584","0.008479773998260498","-0.04510479420423508","-0.9578624963760376","3.1313719749450684","97.02775282135435","0.12754409769335143","153.6058836253515","49.936953372502515","REPLAY"
"2026-09-29T13:38:28.637294","17","2026-09-29T13:38:32.284692","1","0.001824796199798584","0.010436594486236572","0.7861043214797974","-1.4288549423217773","2.968674898147583","97.9423797606679","0.12709181365897784","158.42690956979806","48.75479459299177","REPLAY"
"2026-09-29T13:38:28.637294","18","2026-09-29T13:38:32.387501","1","0.001824796199798584","0.019214868545532227","0.48693040013313293","-1.4893591403961182","2.2077457904815674","90.98908731917544","0.1202809482001756","164.35051759834369","48.69918134534961","REPLAY"
"2026-09-29T13:38:28.637294","19","2026-09-29T13:38:32.510353","1","0.990864634513855","0.998312771320343","0.06711501628160477","-0.5211522579193115","2.0130205154418945","82.22384997837094","0.11427934952105145","166.78388746803068","48.67514771077678","REPLAY"
"2026-09-29T13:38:28.637294","20","2026-09-29T13:38:32.634684","1","0.9942908883094788","0.998600959777832","0.006656612269580364","-0.9360885620117188","2.031691074371338","85.83703799044552","0.1185121107266436","166.46502835538752","48.21856619021644","REPLAY"
"2026-09-29T13:38:28.637294","21","2026-09-29T13:38:32.750557","1","0.9928528666496277","0.998600959777832","0.3169915974140167","-0.6876129508018494","1.8543580770492554","89.41679701094544","0.12341278681220762","164.92668371696504","48.27193408658978","REPLAY"
"2026-09-29T13:38:28.637294","22","2026-09-29T13:38:32.873798","1","0.9923635125160217","0.998312771320343","0.4528169631958008","-1.3874266147613525","1.5320500135421753","87.36097540181512","0.1240810871018044","157.87297527706735","49.08880354712488","REPLAY"
"2026-09-29T13:38:28.637294","23","2026-09-29T13:38:32.992208","1","0.9970390796661377","0.998312771320343","0.33400481939315796","-0.9747854471206665","1.5083576440811157","92.39286122097127","0.13499665849855202","150.39514066496164","47.870837624658655","REPLAY"
"2026-09-29T13:38:28.637294","24","2026-09-29T13:38:33.114384","1","0.9933371543884277","0.998312771320343","-0.8145827054977417","-0.7958592772483826","1.5981698036193848","95.87590099826208","0.13766985965693918","145.25554134697356","48.42800046341239","REPLAY"
"2026-09-29T13:38:28.637294","25","2026-09-29T13:38:33.234300","1","0.9947605133056641","0.9988862872123718","-0.5544381737709045","-0.44632476568222046","1.2568060159683228","100.60002706549179","0.14012029405212742","143.97975277067349","48.771015048800095","REPLAY"
"2026-09-29T13:38:28.637294","26","2026-09-29T13:38:33.355880","1","0.9952254295349121","0.9974306225776672","2.620398998260498","0.903769314289093","0.15205194056034088","94.8571158104815","0.1323529411764706","143.29698189134808","47.896021801104794","REPLAY"
"2026-09-29T13:38:28.637294","27","2026-09-29T13:38:33.473775","1","0.9952254295349121","0.997727632522583","5.863009929656982","1.7661536931991577","-0.07149993628263474","101.6124604842987","0.141643709825528","144.6657155399473","45.9469334628249","REPLAY"
"2026-09-29T13:38:28.637294","28","2026-09-29T13:38:33.597563","1","0.062496304512023926","0.05664175748825073","7.167792320251465","1.0324958562850952","0.15371008217334747","95.653068169882","0.14745562130177514","145.2535052012664","47.34442450846142","REPLAY"
"2026-09-29T13:38:28.637294","29","2026-09-29T13:38:33.717389","1","0.029205143451690674","0.02363598346710205","8.903946876525879","0.44583290815353394","0.6597756147384644","107.18818831443787","0.14697265625","147.76852071005916","47.7935144847686","REPLAY"
"2026-09-29T13:38:28.637294","30","2026-09-29T13:38:33.838034","1","0.48699647188186646","0.6702355742454529","10.09868049621582","0.44923415780067444","1.161831021308899","103.5166612803777","0.14285714285714285","148.162353515625","47.30377085433136","REPLAY"
"2026-09-29T13:38:28.637294","31","2026-09-29T13:38:33.957616","1","0.9898386597633362","0.9922314882278442","17.29775047302246","-1.823853611946106","-0.8645578622817993","80.50382035892383","0.10737704918032787","151.51665785298783","43.51759629562915","REPLAY"
"2026-09-29T13:38:28.637294","32","2026-09-29T13:38:34.078990","1","0.986605703830719","0.9958990216255188","25.60120964050293","-2.7385740280151367","-0.9983840584754944","71.40235639986376","0.09156378600823045","154.97608418367346","44.26486118454222","REPLAY"
"2026-09-29T13:38:28.637294","33","2026-09-29T13:38:34.198780","1","0.8463578224182129","0.8706389665603638","40.312625885009766","-2.283752202987671","0.639920175075531","130.48268867332777","0.1794425087108014","163.9075175770687","37.26913202643914","REPLAY"
"2026-09-29T13:38:28.637294","34","2026-09-29T13:38:34.321730","1","0.8947855234146118","0.9371852278709412","38.15436553955078","-2.0277671813964844","1.3696742057800293","131.39709020418445","0.19727891156462585","162.29907024793388","39.31753703048838","REPLAY"
"2026-09-29T13:38:28.637294","35","2026-09-29T13:38:34.442479","1","0.9933371543884277","0.9369730353355408","35.869354248046875","-1.9508544206619263","1.1809797286987305","157.96534399048087","0.2055164954029205","151.94172839506172","41.67286545860715","REPLAY"
"2026-09-29T13:38:28.637294","36","2026-09-29T13:38:34.562186","1","0.9856016635894775","0.9209686517715454","32.25426483154297","-1.8225135803222656","0.7604840397834778","107.03952787684804","0.18814814814814815","146.97736532367588","43.02330144584695","REPLAY"
"2026-09-29T13:38:28.637294","37","2026-09-29T13:38:34.685587","1","0.9887905716896057","0.9354024529457092","32.17262268066406","-1.3024001121520996","1.2953765392303467","147.6655451303155","0.20938271604938272","144.7490548204159","41.99374192793985","REPLAY"
"2026-09-29T13:38:28.637294","38","2026-09-29T13:38:34.802104","1","0.9898386597633362","0.9958990216255188","30.88283920288086","-3.362586736679077","0.9880464673042297","135.0066520785108","0.2092013888888889","139.90129112869639","42.75348789509412","REPLAY"
"2026-09-29T13:38:28.637294","39","2026-09-29T13:38:34.924663","1","0.9928528666496277","0.9936156272888184","25.503597259521484","-1.319324016571045","0.17804482579231262","98.01653513276207","0.13556953179594688","138.42564935064934","47.28274641287857","REPLAY"
"2026-09-29T13:38:28.637294","40","2026-09-29T13:38:35.043851","1","0.9488933086395264","0.6989938020706177","15.54455280303955","1.8847407102584839","1.5253503322601318","76.12387887226086","0.11484511981297486","136.0415254237288","44.75211984299114","REPLAY"
"2026-09-29T13:38:28.637294","41","2026-09-29T13:38:35.164230","1","0.7466771602630615","0.9907847046852112","10.748748779296875","1.2453521490097046","0.8922231197357178","90.34306711758585","0.13085327783558792","140.3466868228773","46.854338537549665","REPLAY"
"2026-09-29T13:38:28.637294","42","2026-09-29T13:38:35.289517","1","0.986605703830719","0.9939523935317993","10.216702461242676","1.1861498355865479","1.3046412467956543","102.85000108868421","0.13227513227513227","144.26513671875","48.41037562491506","REPLAY"
"2026-09-29T13:38:28.637294","43","2026-09-29T13:38:35.406275","1","0.9861093163490295","0.9949411749839783","8.784671783447266","0.2485821396112442","1.5511804819107056","105.63722985982895","0.130615234375","149.56686390532545","48.148752153632095","REPLAY"
"2026-09-29T13:38:28.637294","44","2026-09-29T13:38:35.533606","1","0.9903543591499329","0.9965211153030396","7.775584697723389","-0.04513942077755928","1.9288212060928345","101.10415203949441","0.12757396449704142","156.93067033976124","47.93118312256241","REPLAY"
"2026-09-29T13:38:28.637294","45","2026-09-29T13:38:35.650701","1","0.9903543591499329","0.998312771320343","6.242492198944092","-0.3563818037509918","1.886578917503357","99.48194434171597","0.11802884615384615","165.2923076923077","47.63667233918643","REPLAY"
"2026-09-29T13:38:28.637294","46","2026-09-29T13:38:35.775088","1","0.9861093163490295","0.9968274235725403","3.002598762512207","0.05730128660798073","2.004469394683838","84.72165664172657","0.10839160839160839","166.90615106286748","47.98498288733802","REPLAY"
"2026-09-29T13:38:28.637294","47","2026-09-29T13:38:35.890536","1","0.007300853729248047","0.02363598346710205","-1.2885138988494873","-0.003653384977951646","2.083719253540039","72.1933026994853","0.08118343195266273","169.58103764921947","48.20636022974617","REPLAY"
"2026-09-29T13:38:28.637294","48","2026-09-29T13:38:36.015208","1","0.15394079685211182","0.029933273792266846","-5.005918502807617","-3.1304433345794678","1.8340275287628174","65.98085764619947","0.07114467408585055","156.6110144927536","57.644179199544205","REPLAY"
"2026-09-29T13:38:28.637294","49","2026-09-29T13:38:36.127879","1","0.5394124984741211","0.021787047386169434","-10.228703498840332","1.0026501417160034","4.950102806091309","55.86176225234266","0.07373981950253136","158.91782527495332","58.61299146061391","REPLAY"
"2026-09-29T13:38:28.637294","50","2026-09-29T13:38:37.226438","1","0.7952913045883179","0.9999999403953552","-8.731605529785156","-3.6349987983703613","2.93942928314209","64.99413223140496","0.0625","125.96185737976782","59.114999910233315","REPLAY"
"2026-09-29T13:38:28.637294","51","2026-09-29T13:38:37.337862","1","1.0","0.9997256398200989","-4.523368835449219","-1.3565995693206787","0.9587584733963013","65.83383271129077","0.0677815335349582","132.68489451476793","58.390535470946055","REPLAY"
"2026-09-29T13:38:28.637294","52","2026-09-29T13:38:37.467737","1","0.9974813461303711","0.9988862872123718","-3.4999027252197266","0.03172016888856888","-0.14285379648208618","81.47587360801917","0.08020344287949922","143.00394070182023","54.07290748548836","REPLAY"
"2026-09-29T13:38:28.637294","53","2026-09-29T13:38:37.586510","1","0.9947605133056641","0.998312771320343","-1.4909112453460693","-0.12961716949939728","-0.8067782521247864","82.4427845139246","0.09054325955734406","153.06346450617283","49.897665570197006","REPLAY"
"2026-09-29T13:38:28.637294","54","2026-09-29T13:38:37.703444","1","0.9938164353370667","0.997727632522583","0.021365968510508537","0.33929792046546936","-1.0336658954620361","81.52618340341807","0.09089026915113872","159.11805555555554","47.82154898173827","REPLAY"
"2026-09-29T13:38:28.637294","55","2026-09-29T13:38:37.833918","1","0.9952254295349121","0.99802166223526","0.2837499976158142","0.6201398968696594","-0.9069643616676331","83.48664269054561","0.09551020408163265","162.32851080246914","48.01759408232702","REPLAY"
"2026-09-29T13:38:28.637294","56","2026-09-29T13:38:37.941631","1","0.9947605133056641","0.997727632522583","0.431916207075119","0.5748468041419983","-0.39093372225761414","94.66878448226329","0.09430496019595835","162.6631455399061","48.507557807422884","REPLAY"
"2026-09-29T13:38:28.637294","57","2026-09-29T13:38:38.073506","1","0.9952254295349121","0.99802166223526","0.8984699845314026","1.5730687379837036","-0.3538685739040375","87.3351481148459","0.10535557506584724","162.0360248447205","48.261133477033034","REPLAY"
"2026-09-29T13:38:28.637294","58","2026-09-29T13:38:38.187683","1","0.9961413145065308","0.9974306225776672","0.7691081762313843","1.8795558214187622","-0.7529882192611694","93.4557607050173","0.10791522491349481","160.68902691511389","48.65508580215864","REPLAY"
"2026-09-29T13:38:28.637294","59","2026-09-29T13:38:38.315927","1","0.9965924024581909","0.998312771320343","0.8646442890167236","1.775943398475647","-0.28707176446914673","83.42500211278569","0.10871018044107819","159.67135549872123","47.69180601610956","REPLAY"
"2026-09-29T13:38:28.637294","60","2026-09-29T13:38:38.427714","1","0.9956856369972229","0.9991688132286072","1.108923077583313","3.396106481552124","-0.161118745803833","90.49070476100322","0.11418685121107267","156.20103519668737","48.23257963305306","REPLAY"
"2026-09-29T13:38:28.637294","61","2026-09-29T13:38:38.555032","1","0.9933371543884277","0.9991688132286072","1.0458276271820068","3.3011887073516846","-0.22952882945537567","99.86232088149987","0.11916089965397923","149.98857142857142","48.82863696392829","REPLAY"
"2026-09-29T13:38:28.637294","62","2026-09-29T13:38:38.669427","1","0.9942908883094788","0.9988862872123718","0.8427740335464478","2.972975730895996","0.0894603431224823","93.62849687503741","0.11829584775086505","143.07142857142858","49.50789464977338","REPLAY"
"2026-09-29T13:38:28.637294","63","2026-09-29T13:38:38.787520","1","0.9942908883094788","0.99802166223526","0.7700233459472656","3.3407909870147705","0.21178744733333588","93.23704213423869","0.1217560553633218","137.33416149068324","50.25384973017187","REPLAY"
"2026-09-29T13:38:28.637294","64","2026-09-29T13:38:38.936058","1","0.9947605133056641","0.9988862872123718","1.24148690700531","4.133874893188477","0.3203881084918976","96.78241105255492","0.11930266750682629","133.897837730609","50.9643374820801","REPLAY"
"2026-09-29T13:38:28.637294","65","2026-09-29T13:38:39.076163","1","0.9837305545806885","0.9997256398200989","1.780804991722107","6.195618629455566","0.060616884380578995","81.56990973842686","0.11657214870825457","133.40507835746877","50.74501260521588","REPLAY"
"2026-09-29T13:38:28.637294","66","2026-09-29T13:38:39.196897","1","0.03877866268157959","0.022249281406402588","6.919525146484375","21.2528076171875","3.4933512210845947","62.58512039530899","0.07956464627509852","134.09075967859752","45.52090741371119","REPLAY"
"2026-09-29T13:38:28.637294","67","2026-09-29T13:38:39.316463","1","0.7550646662712097","0.6728394031524658","3.008873224258423","50.41091537475586","5.876104831695557","46.42508821653532","0.06923361717882266","140.63765765765766","39.09278943110128","REPLAY"
"2026-09-29T13:38:28.637294","68","2026-09-29T13:38:39.434535","1","0.05803883075714111","0.8661791086196899","1.3129327297210693","84.9489974975586","8.86208438873291","46.34087182878099","0.05752373995617239","139.84853333333334","40.80542218959525","REPLAY"
"2026-09-29T13:38:28.637294","69","2026-09-29T13:38:39.559547","1","0.1407354474067688","0.632347822189331","-0.0440937839448452","86.25318908691406","6.9121904373168945","52.11239112749196","0.05094726062467998","146.23983134920636","38.06585342789225","REPLAY"
"2026-09-29T13:38:28.637294","70","2026-09-29T13:38:39.682056","1","0.5735950469970703","0.7252373695373535","2.4905190467834473","85.96432495117188","7.134294509887695","45.90113920267766","0.05244755244755245","144.44821347806422","37.489282776965375","REPLAY"
"2026-09-29T13:38:28.637294","71","2026-09-29T13:38:39.794313","1","0.060685038566589355","0.32518619298934937","1.8710631132125854","86.55340576171875","7.505963325500488","51.13735421284411","0.05463059313215401","139.13328294280674","35.7680107135757","REPLAY"
"2026-09-29T13:38:28.637294","72","2026-09-29T13:38:39.923713","1","0.1603792905807495","0.434387743473053","3.0219168663024902","87.62577819824219","6.32252311706543","58.158607857861384","0.05697190426638918","140.43386243386243","35.139024499891185","REPLAY"
"2026-09-29T13:38:28.637294","73","2026-09-29T13:38:40.032917","1","0.6617919206619263","0.3679760694503784","1.928696870803833","85.29420471191406","7.382813453674316","56.79258293091693","0.05114638447971781","141.09423828125","34.66043998011418","REPLAY"
"2026-09-29T13:38:28.637294","74","2026-09-29T13:38:40.159680","1","0.04767268896102905","0.3513319492340088","1.418203592300415","85.72407531738281","6.9962968826293945","42.08768550712726","0.04809913883637891","130.6824042848641","37.996644547612625","REPLAY"
"2026-09-29T13:38:28.637294","75","2026-09-29T13:38:40.286882","1","0.001824796199798584","0.14842408895492554","0.8687321543693542","67.59317779541016","3.6825497150421143","36.17788153277932","0.044035087719298247","114.32334332334332","37.956299396548985","REPLAY"
"2026-09-29T13:38:28.637294","76","2026-09-29T13:38:40.402630","1","0.026467084884643555","0.4685542583465576","4.21221923828125","53.01054382324219","2.114063024520874","42.09379744855698","0.05572010366530915","106.36414414414415","37.44200335530274","REPLAY"
"2026-09-29T13:38:28.637294","77","2026-09-29T13:38:40.520111","1","0.13616210222244263","0.6780469417572021","6.7513508796691895","29.731050491333008","0.8746993541717529","51.722180539280586","0.06549071120285231","102.54985390796202","39.40615936948577","REPLAY"
"2026-09-29T13:38:28.637294","78","2026-09-29T13:38:40.646485","1","0.11876147985458374","0.14842408895492554","8.092702865600586","13.749333381652832","0.8461320400238037","61.33979187879607","0.08312020460358056","105.43118712273642","42.82064735896271","REPLAY"
"2026-09-29T13:38:28.637294","79","2026-09-29T13:38:40.767138","1","0.15823310613632202","0.15379184484481812","4.5034499168396","4.907551288604736","-0.008879143744707108","61.20261945483928","0.08778467908902692","111.27190923317684","46.07409671114159","REPLAY"
"2026-09-29T13:38:28.637294","80","2026-09-29T13:38:40.881648","1","0.7634485363960266","0.8734263181686401","5.74658203125","-1.5046184062957764","-0.01504664495587349","83.22189236118693","0.11027095148078135","116.43919857171196","49.39624291980905","REPLAY"
"2026-09-29T13:38:28.637294","81","2026-09-29T13:38:41.003701","1","0.9114788770675659","0.9915161728858948","6.344081878662109","-2.1798641681671143","0.3930094242095947","85.74597088606458","0.11872837370242215","124.97755102040816","48.85806500928461","REPLAY"
"2026-09-29T13:38:28.637294","82","2026-09-29T13:38:41.142604","1","0.9893174171447754","0.9952638149261475","6.464189529418945","-1.5135385990142822","0.5138556957244873","90.9685975308605","0.1254325259515571","131.4269387755102","49.768883902641605","REPLAY"
"2026-09-29T13:38:28.637294","83","2026-09-29T13:38:41.253318","1","0.9893174171447754","0.9974306225776672","6.633659362792969","-1.6528187990188599","0.43484410643577576","92.56276485666778","0.125","136.5626530612245","49.42952882126106","REPLAY"
"2026-09-29T13:38:28.637294","84","2026-09-29T13:38:41.371960","1","0.9893174171447754","0.9974306225776672","7.935418128967285","-2.6273250579833984","0.5422971844673157","99.58995188148789","0.12867647058823528","139.94244306418219","49.89789159623746","REPLAY"
"2026-09-29T13:38:28.637294","85","2026-09-29T13:38:41.488196","1","0.9868497848510742","0.9939523935317993","7.443847179412842","-4.8070878982543945","0.5192807912826538","96.04799595828678","0.12143826322930801","143.02941812675752","49.524107749183614","REPLAY"
"2026-09-29T13:38:28.637294","86","2026-09-29T13:38:41.610979","1","0.04767268896102905","0.02456045150756836","6.163426399230957","-18.07322883605957","0.04538852721452713","70.51814576469468","0.10135887725551347","140.3994959042218","49.861109675727974","REPLAY"
"2026-09-29T13:38:28.637294","87","2026-09-29T13:38:41.729248","1","0.29744672775268555","0.019214868545532227","7.444002628326416","-39.695281982421875","-3.2889726161956787","80.6303915335538","0.10040705563093623","138.806835388276","48.42562776241324","REPLAY"
"2026-09-29T13:38:28.637294","88","2026-09-29T13:38:41.849384","1","0.3822312355041504","0.022711515426635742","3.563032388687134","-53.89768981933594","-3.5344388484954834","87.21828266527568","0.11701631701631701","140.13432835820896","46.033216648870905","REPLAY"
"2026-09-29T13:38:28.637294","89","2026-09-29T13:38:42.698815","1","0.6617919206619263","0.6702355742454529","3.1802005767822266","-62.32954788208008","-0.6447438597679138","81.1734102768834","0.10696095076400679","143.68281335522715","40.78702135847695","REPLAY"
"2026-09-29T13:38:28.637294","90","2026-09-29T13:38:42.815690","1","0.679590106010437","0.08343684673309326","5.843837738037109","-30.77893829345703","4.335892677307129","60.84864504374175","0.0862876254180602","142.31553500105107","48.272524005726275","REPLAY"
"2026-09-29T13:38:28.637294","91","2026-09-29T13:38:42.937727","1","0.27598196268081665","0.36242806911468506","3.272759199142456","-13.414539337158203","5.372836112976074","71.92373428254437","0.09903846153846153","143.35268065268065","50.0262527679975","REPLAY"
"2026-09-29T13:38:28.637294","92","2026-09-29T13:38:43.054948","1","0.27598196268081665","0.9488520622253418","2.5763561725616455","-1.3064175844192505","4.011714458465576","78.12304216728165","0.11303775241439859","142.0175983436853","53.491106251995504","REPLAY"
"2026-09-29T13:38:28.637294","93","2026-09-29T13:38:43.184675","1","0.9928528666496277","0.998600959777832","2.4983067512512207","2.5802321434020996","3.330312490463257","86.33118526662231","0.13183431952662722","143.54025327905924","53.21990921617503","REPLAY"
"2026-09-29T13:38:28.637294","94","2026-09-29T13:38:43.301946","1","0.9938164353370667","0.9988862872123718","2.552185297012329","1.8978747129440308","3.073589563369751","101.51405533419698","0.13538461538461538","146.80099502487562","52.714258525821656","REPLAY"
"2026-09-29T13:38:28.637294","95","2026-09-29T13:38:43.427534","1","0.9952254295349121","0.9988862872123718","2.8206233978271484","1.5935859680175781","2.7755162715911865","106.67823025804418","0.13467455621301774","152.53731343283582","51.89834404601108","REPLAY"
"2026-09-29T13:38:28.637294","96","2026-09-29T13:38:43.538910","1","0.9952254295349121","0.9988862872123718","3.3084678649902344","1.1635628938674927","2.8679451942443848","100.3227698135036","0.12970615243342515","158.62928007023706","51.24660389192868","REPLAY"
"2026-09-29T13:38:28.637294","97","2026-09-29T13:38:43.669462","1","0.9961413145065308","0.9988862872123718","5.523877143859863","1.0130656957626343","3.2923176288604736","91.07575757575756","0.12075298438934802","161.6749341527656","51.057907478082534","REPLAY"
"2026-09-29T13:38:28.637294","98","2026-09-29T13:38:43.784713","1","0.9933371543884277","0.9971305727958679","6.591781139373779","0.800142765045166","3.3788561820983887","86.4082552716412","0.11363636363636363","164.0480684811238","50.730896863946874","REPLAY"
"2026-09-29T13:38:28.637294","99","2026-09-29T13:38:43.905265","1","0.9923635125160217","0.9965211153030396","7.187849044799805","0.5634984970092773","3.593327283859253","86.83360452290522","0.12004662004662005","163.30184896413456","50.79191536715023","REPLAY"
"2026-09-29T13:38:28.637294","100","2026-09-29T13:38:44.024012","1","0.9918690919876099","0.9974306225776672","6.461725234985352","0.3885914087295532","3.59171724319458","89.63271952662721","0.12497041420118343","162.1218905472637","51.53497163963966","REPLAY"
"2026-09-29T13:38:28.637294","101","2026-09-29T13:38:44.147487","1","0.9928528666496277","0.9974306225776672","6.399723529815674","0.5847622156143188","3.1189393997192383","90.76815150418958","0.12741046831955924","162.26509244820673","51.88891037421447","REPLAY"
"2026-09-29T13:38:28.637294","102","2026-09-29T13:38:44.271266","1","0.9918690919876099","0.99802166223526","6.649054527282715","0.57524174451828","2.696319818496704","87.69197753265185","0.12304866850321396","161.49363476733978","51.10699671402494","REPLAY"
"2026-09-29T13:38:28.637294","103","2026-09-29T13:38:44.389171","1","0.9938164353370667","0.99802166223526","6.651628017425537","0.528638482093811","2.3462438583374023","92.60440851456379","0.128099173553719","161.44446883230904","50.50887436393273","REPLAY"
"2026-09-29T13:38:28.637294","104","2026-09-29T13:38:44.539883","1","0.9933371543884277","0.997727632522583","7.009735584259033","0.3941285312175751","1.8570208549499512","92.47921125226723","0.1258034894398531","161.70566286215978","50.4492379846801","REPLAY"
"2026-09-29T13:38:28.637294","105","2026-09-29T13:38:44.673751","1","0.9893174171447754","0.998600959777832","7.255542755126953","0.352719783782959","2.132880926132202","87.71615078070124","0.13062442607897154","161.93678665496049","50.60809716207725","REPLAY"
"2026-09-29T13:38:28.637294","106","2026-09-29T13:38:44.794335","1","0.990864634513855","0.99802166223526","7.4792070388793945","0.14340780675411224","2.52325177192688","88.98023828297327","0.12615384615384614","161.34215287200362","50.68799240557661","REPLAY"
"2026-09-29T13:38:28.637294","107","2026-09-29T13:38:44.906781","1","0.9903543591499329","0.99802166223526","7.648948669433594","1.185438871383667","2.5842478275299072","97.45995235443115","0.130859375","162.1030303030303","50.56868315231268","REPLAY"
"2026-09-29T13:38:28.637294","108","2026-09-29T13:38:45.043622","1","0.9913694858551025","0.9965211153030396","-3.1847317218780518","-0.4598143994808197","3.0642178058624268","95.204185866369","0.09970781592403213","160.71555555555557","49.358211544925105","REPLAY"
"2026-09-29T13:38:28.637294","109","2026-09-29T13:38:45.154439","1","0.990864634513855","0.9958990216255188","-4.2066497802734375","-0.7708600759506226","3.3514206409454346","87.81203842679471","0.10609934258582908","160.08859649122806","49.965223447619195","REPLAY"
"2026-09-29T13:38:28.637294","110","2026-09-29T13:38:45.275733","1","0.9918690919876099","0.9971305727958679","-3.4373843669891357","-0.9395877718925476","2.9310519695281982","91.52541814043724","0.11139517896274653","161.02471111111112","49.64007263877853","REPLAY"
"2026-09-29T13:38:28.637294","111","2026-09-29T13:38:45.395802","1","0.9938164353370667","0.9968274235725403","-4.292440891265869","-0.6733598113059998","3.213104724884033","90.16888927231972","0.10829072315558802","161.2727111111111","49.60205311370006","REPLAY"
"2026-09-29T13:38:28.637294","112","2026-09-29T13:38:45.510819","1","0.9918690919876099","0.9971305727958679","-3.7908377647399902","-1.3022079467773438","3.1167984008789062","80.88375583150719","0.11081081081081082","161.8791341991342","49.90749474929413","REPLAY"
"2026-09-29T13:38:28.637294","113","2026-09-29T13:38:45.629773","1","0.9918690919876099","0.9968274235725403","-3.68290376663208","-0.7799189686775208","3.2026219367980957","84.86594420986701","0.10841049382716049","164.59678597516435","49.033194327807415","REPLAY"
"2026-09-29T13:38:28.637294","114","2026-09-29T13:38:45.758456","1","0.9928528666496277","0.9958990216255188","-3.688300132751465","-0.8119131326675415","3.3867347240448","86.71503818908835","0.11249086924762601","161.4366222222222","50.03306934120405","REPLAY"
"2026-09-29T13:38:28.637294","115","2026-09-29T13:38:45.888630","1","0.9893174171447754","0.9968274235725403","-3.5865869522094727","-0.22231154143810272","3.0696070194244385","77.40750337318428","0.11315443798085945","153.26862673484294","51.774543288550205","REPLAY"
"2026-09-29T13:38:28.637294","116","2026-09-29T13:38:45.995916","1","0.6711785793304443","0.9991688132286072","-11.642932891845703","5.423300266265869","1.4285252094268799","44.56981780749974","0.04284023668639053","135.90242815771887","54.24831988354856","REPLAY"
"2026-09-29T13:38:28.637294","117","2026-09-29T13:38:46.163218","1","0.6617919206619263","0.8745412826538086","-1.910951018333435","14.250938415527344","-1.4023640155792236","74.8165999483471","0.07799586776859505","109.86389413988658","46.35918778225091","REPLAY"
"2026-09-29T13:38:50.875124","1","2026-09-29T13:38:52.685639","1","0.21113640069961548","0.6384210586547852","0.220239520072937","-7.15908145904541","-15.107987403869629","152.02497004958678","0.05781818181818182","104.91295546558705","48.065525248831506","REPLAY"
"2026-09-29T13:38:50.875124","2","2026-09-29T13:38:52.799735","1","0.1118159294128418","0.9965211153030396","1.2406367063522339","-6.982261657714844","-16.225961685180664","47.9287329318123","0.05612619222303742","95.21292517006803","39.65350225520116","REPLAY"
"2026-09-29T13:38:50.875124","3","2026-09-29T13:38:52.902196","1","0.9850823879241943","0.9974306225776672","-1.3638192415237427","-2.7275705337524414","-5.038886547088623","19.5772255014167","0.04057971014492753","181.88732394366198","36.82568661241179","REPLAY"
"2026-09-29T13:38:50.875124","4","2026-09-29T13:38:53.022946","1","0.9979193210601807","0.998312771320343","0.04266253113746643","-2.534132480621338","-6.184484004974365","30.131527665125986","0.038190120381901206","189.4654213036566","42.17158715270637","REPLAY"
"2026-09-29T13:38:50.875124","5","2026-09-29T13:38:53.142308","1","0.9947605133056641","0.9974306225776672","2.4883854389190674","0.18310782313346863","-0.5174262523651123","23.429067401285582","0.034545454545454546","185.7492941840768","43.31100800303833","REPLAY"
"2026-09-29T13:38:50.875124","6","2026-09-29T13:38:53.264504","1","0.5776406526565552","0.997727632522583","7.536771774291992","-2.588545083999634","1.522188663482666","14.60550081333069","0.007511737089201878","168.7689393939394","55.31696514308559","REPLAY"
"2026-09-29T13:38:50.875124","7","2026-09-29T13:38:53.383163","1","0.9370447397232056","0.998600959777832","3.8261375427246094","1.4832613468170166","2.2749640941619873","25.475519717905016","0.043259557344064385","157.18531202435312","59.64195475938561","REPLAY"
"2026-09-29T13:38:50.875124","8","2026-09-29T13:38:53.506660","1","0.9515752792358398","0.9968274235725403","3.792814254760742","1.220713496208191","1.955321192741394","35.02308646261152","0.05301251956181534","154.62976168136612","60.266220734075176","REPLAY"
"2026-09-29T13:38:50.875124","9","2026-09-29T13:38:53.624522","1","0.9928528666496277","0.9971305727958679","1.407352089881897","0.8880075812339783","-0.3918079733848572","32.73554500956195","0.04650324441240086","158.14495726495727","59.299579964553956","REPLAY"
"2026-09-29T13:38:50.875124","10","2026-09-29T13:38:53.746152","1","0.9942908883094788","0.9962117075920105","-0.8678275346755981","0.25260716676712036","-2.256765365600586","31.711635494170935","0.04417910447761194","166.30233002291826","56.40928074423634","REPLAY"
"2026-09-29T13:38:50.875124","11","2026-09-29T13:38:53.867776","1","0.9938164353370667","0.9958990216255188","-3.7389776706695557","-0.21040812134742737","-1.126111626625061","37.770647141306995","0.06208572691117985","172.65508365508364","53.053693721817304","REPLAY"
"2026-09-29T13:38:50.875124","12","2026-09-29T13:38:53.989707","1","0.9947605133056641","0.9952638149261475","-4.474654197692871","-2.234164237976074","0.2718523442745209","49.95944722222222","0.07229166666666667","171.11548451548452","52.14995907724425","REPLAY"
"2026-09-29T13:38:50.875124","13","2026-09-29T13:38:54.107821","1","0.9938164353370667","0.9965211153030396","-4.2606329917907715","-1.6498379707336426","0.2111135870218277","29.038399547375338","0.04647707979626486","175.6098901098901","48.50402506561981","REPLAY"
"2026-09-29T13:38:50.875124","14","2026-09-29T13:38:54.229082","1","0.9942908883094788","0.9971305727958679","-3.3557846546173096","-2.440229892730713","0.3258507549762726","42.018883355924046","0.0611646418098031","175.02893309222424","48.44366620297014","REPLAY"
"2026-09-29T13:38:50.875124","15","2026-09-29T13:38:54.329981","1","0.9952254295349121","0.9968274235725403","-2.834258794784546","-2.1888198852539062","-0.27966663241386414","40.88797439729501","0.06101834673263245","174.1145082765336","48.4962273181748","REPLAY"
"2026-09-29T13:38:50.875124","16","2026-09-29T13:38:54.429984","1","0.9947605133056641","0.997727632522583","-2.0061559677124023","0.01923249289393425","-1.11637544631958","32.83298707099685","0.045531834498394104","169.51360294117646","50.945041382165805","REPLAY"
"2026-09-29T13:38:50.875124","17","2026-09-29T13:38:54.550604","1","0.9947605133056641","0.99802166223526","1.1824946403503418","-0.8978875875473022","0.29835784435272217","22.120996679719845","0.02396413110698825","155.87716159809182","52.38771503432007","REPLAY"
"2026-09-29T13:38:50.875124","18","2026-09-29T13:38:54.675547","1","0.9965924024581909","0.99802166223526","4.8479743003845215","-0.5381121635437012","0.86808842420578","40.20026504833627","0.056660638939119955","151.77734711455642","53.69382590383738","REPLAY"
"2026-09-29T13:38:50.875124","19","2026-09-29T13:38:54.793505","1","0.9970390796661377","0.9968274235725403","4.553523063659668","-1.8104385137557983","0.7363173365592957","43.28649643241369","0.06238698010849909","152.10450760838359","54.10593218463519","REPLAY"
"2026-09-29T13:38:50.875124","20","2026-09-29T13:38:54.914667","1","0.9961413145065308","0.998600959777832","3.418966054916382","-1.7348653078079224","0.7160555720329285","43.961169104941995","0.062423687423687424","153.4269117647059","54.51908418584081","REPLAY"
"2026-09-29T13:38:50.875124","21","2026-09-29T13:38:55.034808","1","0.9928528666496277","0.9988862872123718","2.5891318321228027","-1.1978449821472168","0.8431068062782288","45.20957734830796","0.06346945235834124","155.68400183010522","52.79218099515117","REPLAY"
"2026-09-29T13:38:50.875124","22","2026-09-29T13:38:55.156547","1","0.9861093163490295","0.9968274235725403","2.0528485774993896","-1.4816489219665527","1.0117791891098022","48.785465967265424","0.06526385007397666","154.5473101265823","53.242839677667405","REPLAY"
"2026-09-29T13:38:50.875124","23","2026-09-29T13:38:55.275075","1","0.9445556402206421","0.8695240020751953","0.1847623735666275","-0.4055243730545044","1.3914073705673218","36.70954871383958","0.058493589743589744","146.52242537896547","55.61414425671024","REPLAY"
"2026-09-29T13:38:50.875124","24","2026-09-29T13:38:55.396512","1","0.5816861391067505","0.937804639339447","-0.45175474882125854","-0.49553003907203674","1.2354151010513306","52.99657121691168","0.06967356967356968","143.4447257383966","56.504683570754665","REPLAY"
"2026-09-29T13:38:50.875124","25","2026-09-29T13:38:55.517672","1","0.7734758257865906","0.9488520622253418","0.3872120678424835","-0.6056256890296936","1.040840983390808","56.90844216309504","0.08531298768857291","139.50760135135135","57.22840330572014","REPLAY"
"2026-09-29T13:38:50.875124","26","2026-09-29T13:38:55.640985","1","0.9510332942008972","0.9946150779724121","-0.0246982891112566","-0.3876429498195648","0.8476570248603821","49.816830494988366","0.07773221608129792","139.13801369863015","56.91033978229962","REPLAY"
"2026-09-29T13:38:50.875124","27","2026-09-29T13:38:55.758234","1","0.7952913045883179","0.9922314882278442","0.43498364090919495","0.23610778152942657","-0.2598477303981781","34.917755622644314","0.06637323943661971","139.84018264840182","56.14786229969726","REPLAY"
"2026-09-29T13:38:50.875124","28","2026-09-29T13:38:55.879748","1","0.9497048854827881","0.99802166223526","0.6867204904556274","-0.13766136765480042","-1.3813445568084717","38.814916160730924","0.06292866941015089","140.59378052751546","56.862430150501595","REPLAY"
"2026-09-29T13:38:50.875124","29","2026-09-29T13:38:56.012927","1","0.9503150582313538","0.998312771320343","0.8203548192977905","0.37433061003685","-1.5538250207901","44.22044898650151","0.0650321683185533","143.9154953145917","56.84876000034314","REPLAY"
"2026-09-29T13:38:50.875124","30","2026-09-29T13:38:56.120160","1","0.9856016635894775","0.9988862872123718","0.3289319574832916","0.2765215039253235","-0.8011345267295837","43.2914711234288","0.06172839506172839","145.0281124497992","57.06957706188261","REPLAY"
"2026-09-29T13:38:50.875124","31","2026-09-29T13:38:56.241499","1","0.015514969825744629","0.008479773998260498","1.7375118732452393","-0.27156928181648254","-0.29057011008262634","40.40175918927242","0.06155202821869488","142.1037483266399","56.922041024167505","REPLAY"
"2026-09-29T13:38:50.875124","32","2026-09-29T13:38:56.361518","1","0.05671572685241699","0.27962368726730347","1.1026138067245483","-0.1843162178993225","-0.7949857115745544","29.61780287785563","0.05355590332116154","138.52500412609342","56.223434557812524","REPLAY"
"2026-09-29T13:38:50.875124","33","2026-09-29T13:38:56.483040","1","0.7634485363960266","0.998312771320343","0.4899613559246063","0.04944944754242897","-0.906385600566864","34.5073418241718","0.05772909059294036","137.82647255689423","56.20654360644901","REPLAY"
"2026-09-29T13:38:50.875124","34","2026-09-29T13:38:56.602773","1","0.9933371543884277","0.9988862872123718","0.542610228061676","-0.1105632483959198","-0.5490021705627441","42.4715505692825","0.05981568422882977","137.20977058920613","56.48451536117593","REPLAY"
"2026-09-29T13:38:50.875124","35","2026-09-29T13:38:56.725292","1","0.9947605133056641","0.9988862872123718","0.4971187710762024","-0.5001770257949829","-0.5140126943588257","38.9138786637076","0.05897887323943662","137.6937585733882","56.35409291440227","REPLAY"
"2026-09-29T13:38:50.875124","36","2026-09-29T13:38:56.845034","1","0.9942908883094788","0.99802166223526","0.33801305294036865","-0.16292479634284973","-0.2944602072238922","41.1008109360582","0.06120674665275604","136.5337514441327","56.514546948607425","REPLAY"
"2026-09-29T13:38:50.875124","37","2026-09-29T13:38:56.967128","1","0.9947605133056641","0.997727632522583","0.6408883929252625","-0.46900027990341187","-0.005955554079264402","42.31386617238643","0.061619718309859156","135.86098427194318","56.7497253362083","REPLAY"
"2026-09-29T13:38:50.875124","38","2026-09-29T13:38:57.088082","1","0.9956856369972229","0.9974306225776672","-0.1468726396560669","-0.33264198899269104","0.040496163070201874","42.677531431788324","0.0648972602739726","133.7313980647314","57.085456476717354","REPLAY"
"2026-09-29T13:38:50.875124","39","2026-09-29T13:38:57.210299","1","0.9942908883094788","0.9974306225776672","0.16799354553222656","-0.234074205160141","0.1128346174955368","45.174811536181814","0.06551440329218107","131.09543436905517","57.510182920820334","REPLAY"
"2026-09-29T13:38:50.875124","40","2026-09-29T13:38:57.344208","1","0.9942908883094788","0.997727632522583","-0.041983120143413544","-0.30288130044937134","0.12403328716754913","41.84838941923955","0.06071655041217502","129.30504019789734","57.75373843831005","REPLAY"
"2026-09-29T13:38:50.875124","41","2026-09-29T13:38:57.448505","1","0.012776970863342285","0.019214868545532227","1.145716667175293","-0.9448046088218689","0.4544943571090698","42.37132374940698","0.06487488415199258","126.95372023809524","57.5228663215795","REPLAY"
"2026-09-29T13:38:50.875124","42","2026-09-29T13:38:57.572099","1","0.015514969825744629","0.0208626389503479","0.6698928475379944","-0.8625025749206543","0.30697211623191833","40.227244187414804","0.06549274019153538","128.46130952380952","57.546694213932184","REPLAY"
"2026-09-29T13:38:50.875124","43","2026-09-29T13:38:57.703861","1","0.092304527759552","0.632347822189331","1.8401165008544922","-0.8240801095962524","0.34287917613983154","40.612290754233875","0.06363917207290701","128.7516369047619","57.677289417780784","REPLAY"
"2026-09-29T13:38:50.875124","44","2026-09-29T13:38:57.815699","1","0.5857317447662354","0.994285523891449","1.5676443576812744","-0.8942303657531738","0.09658277779817581","37.30192345458185","0.060427968655816754","130.33769063180827","57.21009182838724","REPLAY"
"2026-09-29T13:38:50.875124","45","2026-09-29T13:38:57.934475","1","0.9515752792358398","0.9974306225776672","1.5920435190200806","-0.7907116413116455","-0.0908832848072052","43.995110596135646","0.06657398826073525","132.38214285714287","57.232970352832126","REPLAY"
"2026-09-29T13:38:50.875124","46","2026-09-29T13:38:58.052520","1","0.9933371543884277","0.99802166223526","1.5811747312545776","-1.1456917524337769","-0.05320652946829796","46.3646841590358","0.06919987642879209","132.77425595238094","56.99370076183621","REPLAY"
"2026-09-29T13:38:50.875124","47","2026-09-29T13:38:58.173307","1","0.9938164353370667","0.998312771320343","0.6329246759414673","-1.5227293968200684","0.1289142221212387","45.3440236210799","0.07038640371973705","133.30608509989324","56.741639450966034","REPLAY"
"2026-09-29T13:38:50.875124","48","2026-09-29T13:38:58.299501","1","0.9938164353370667","0.998312771320343","0.7498850226402283","-1.598218560218811","0.1817079335451126","46.38009020808737","0.06834415584415585","132.77923702313947","56.298360189425026","REPLAY"
"2026-09-29T13:38:50.875124","49","2026-09-29T13:38:58.414241","1","0.9898386597633362","0.998312771320343","2.4575233459472656","-1.2417904138565063","0.16635936498641968","40.142844387755105","0.0612012987012987","131.48857672121025","55.96950755235008","REPLAY"
"2026-09-29T13:38:50.875124","50","2026-09-29T13:38:58.540554","1","0.44215482473373413","0.994285523891449","8.65560245513916","-1.2436195611953735","-0.7277494072914124","36.00501360851649","0.041913214990138066","133.14308604390322","52.22472367763242","REPLAY"
"2026-09-29T13:38:50.875124","51","2026-09-29T13:38:58.660241","1","0.6711785793304443","0.3436095714569092","15.095611572265625","-1.4563080072402954","-0.9016041159629822","38.99116926130735","0.04089506172839506","137.03152561456184","45.74494774990904","REPLAY"
"2026-09-29T13:38:50.875124","52","2026-09-29T13:38:58.775229","1","0.9877196550369263","0.9929311275482178","25.333280563354492","-1.6992106437683105","-0.8323680758476257","37.579243759913176","0.04918032786885246","134.1238293444329","39.70316191284038","REPLAY"
"2026-09-29T13:38:50.875124","53","2026-09-29T13:38:58.901738","1","0.9858568906784058","0.9911525249481201","41.2962646484375","2.4336628913879395","3.8820748329162598","84.44954352135254","0.11320754716981132","129.8473936899863","42.94811800600694","REPLAY"
"2026-09-29T13:38:50.875124","54","2026-09-29T13:38:59.027629","1","0.947841465473175","0.3513319492340088","43.478092193603516","8.149314880371094","7.472260475158691","80.1352046781162","0.11574746008708273","128.78484848484848","41.3482439633063","REPLAY"
"2026-09-29T13:38:50.875124","55","2026-09-29T13:38:59.160616","1","0.9515752792358398","0.7962261438369751","40.98039245605469","7.009667873382568","3.88895583152771","87.49210295686633","0.12311385459533608","124.82727272727273","38.56935105253824","REPLAY"
"2026-09-29T13:38:50.875124","56","2026-09-29T13:38:59.271783","1","0.9488933086395264","0.9065451622009277","38.12916564941406","1.84405517578125","-0.48512908816337585","71.92973030859389","0.11649408284023668","120.92592592592592","40.45573712919674","REPLAY"
"2026-09-29T13:38:50.875124","57","2026-09-29T13:38:59.390301","1","0.9458995461463928","0.994285523891449","37.133323669433594","0.6593481302261353","-0.5227952003479004","79.86055066349218","0.1253698224852071","119.00314465408805","39.45411479045896","REPLAY"
"2026-09-29T13:38:50.875124","58","2026-09-29T13:38:59.504475","1","0.9488933086395264","0.8745412826538086","37.82140350341797","1.9099082946777344","0.8687596917152405","110.99816352657666","0.1204644412191582","118.1070707070707","39.61557677314662","REPLAY"
"2026-09-29T13:38:50.875124","59","2026-09-29T13:38:59.629336","1","0.16528689861297607","0.02733379602432251","36.15403366088867","-0.2876450717449188","-2.365393877029419","46.66998231621994","0.06278855032317636","123.4966963516231","37.56633589596012","REPLAY"
"2026-09-29T13:38:50.875124","60","2026-09-29T13:38:59.750646","1","0.4603421688079834","0.12001985311508179","27.086641311645508","-0.3024829030036926","-4.068047523498535","41.4420139807367","0.05139833711262283","130.6923828125","34.062673459792535","REPLAY"
"2026-09-29T13:38:50.875124","61","2026-09-29T13:38:59.860887","1","0.5735950469970703","0.5363578200340271","19.614818572998047","-0.12421929836273193","-3.710495948791504","60.70177718664106","0.07756397540170601","135.75211109026083","42.65575158105075","REPLAY"
"2026-09-29T13:38:50.875124","62","2026-09-29T13:38:59.985595","1","0.7659553289413452","0.9861172437667847","14.20237922668457","-0.2687302529811859","-3.4162590503692627","70.41069160413646","0.08509861212563916","133.30844444444443","47.43644327849191","REPLAY"
"2026-09-29T13:38:50.875124","63","2026-09-29T13:39:00.114935","1","0.9488933086395264","0.9911525249481201","13.020086288452148","-0.7512072920799255","-2.8958942890167236","64.96164539858418","0.09263157894736843","136.26573426573427","50.43394094211783","REPLAY"
"2026-09-29T13:38:50.875124","64","2026-09-29T13:39:00.229006","1","0.9837305545806885","0.9939523935317993","10.934954643249512","-1.0745317935943604","-2.4628493785858154","59.91274738794016","0.08535318559556787","138.96597633136093","50.95360840913374","REPLAY"
"2026-09-29T13:38:50.875124","65","2026-09-29T13:39:00.356758","1","0.986605703830719","0.9949411749839783","10.970541000366211","-1.996654748916626","-1.9615551233291626","58.51460227427456","0.07692307692307693","145.75725044063452","52.50511032485821","REPLAY"
"2026-09-29T13:38:50.875124","66","2026-09-29T13:39:00.468665","1","0.986605703830719","0.9958990216255188","9.532313346862793","-1.344262719154358","-1.876907229423523","52.584427110871346","0.07335280753002273","147.51803797468355","53.19524870472973","REPLAY"
"2026-09-29T13:38:50.875124","67","2026-09-29T13:39:00.594671","1","0.001824796199798584","0.004566192626953125","4.292039394378662","-1.3116856813430786","-1.4333254098892212","30.73002995967649","0.03479916897506925","150.03303747534517","55.119266358595894","REPLAY"
"2026-09-29T13:38:50.875124","68","2026-09-29T13:39:00.715934","1","0.04767268896102905","0.3513319492340088","-3.6012117862701416","-3.5100514888763428","-1.3764681816101074","29.7042986222466","0.027977044476327116","149.99546010127466","57.8531824965609","REPLAY"
"2026-09-29T13:38:50.875124","69","2026-09-29T13:39:01.197015","1","0.6233029365539551","0.14842408895492554","-9.614006996154785","-1.4631372690200806","0.051003094762563705","31.22892116737827","0.04806687565308255","181.0451203208556","48.95496439609531","REPLAY"
"2026-09-29T13:38:50.875124","70","2026-09-29T13:39:01.315345","1","0.6233029365539551","0.11680018901824951","-15.717899322509766","-3.4103879928588867","-0.583067774772644","28.721823745568926","0.04423545802856148","188.99164438502675","46.68566948214977","REPLAY"
"2026-09-29T13:38:50.875124","71","2026-09-29T13:39:01.673787","1","0.05539274215698242","0.047746360301971436","-16.42530059814453","0.012708809226751328","-3.0082855224609375","26.65912667951612","0.043244949494949496","199.5327485380117","41.16263327127714","REPLAY"
"2026-09-29T13:38:50.875124","72","2026-09-29T13:39:01.796922","1","0.012776970863342285","0.0264093279838562","-16.94708251953125","2.820505380630493","-5.825373649597168","18.630205271408975","0.03505291005291005","197.08839427662957","39.351788417233195","REPLAY"
"2026-09-29T13:38:50.875124","73","2026-09-29T13:39:01.924867","1","0.05539274215698242","0.047746360301971436","-9.417613983154297","-5.001118183135986","-1.5288431644439697","16.759648063306955","0.017091836734693878","181.45853658536586","33.07758046722483","REPLAY"
"2026-09-29T13:38:50.875124","74","2026-09-29T13:39:02.046658","1","0.15823310613632202","0.997727632522583","-8.794293403625488","1.4748754501342773","-4.888688087463379","25.675088990900253","0.02482154445165477","172.50797872340425","40.42531934908049","REPLAY"
"2026-09-29T13:38:50.875124","75","2026-09-29T13:39:02.156841","1","0.9918690919876099","0.998312771320343","-3.4042837619781494","-0.32736343145370483","-2.8236706256866455","29.948977523817724","0.04071969696969697","171.31156156156158","46.020351467727544","REPLAY"
"2026-09-29T13:38:50.875124","76","2026-09-29T13:39:02.280443","1","0.9942908883094788","0.998600959777832","-2.734963893890381","0.001723065390251577","-2.3909146785736084","35.44621344517411","0.04912612187057156","167.21575552825553","49.08138934483067","REPLAY"
"2026-09-29T13:38:50.875124","77","2026-09-29T13:39:02.407082","1","0.9928528666496277","0.998312771320343","-1.7320133447647095","-0.10265461355447769","-2.518594264984131","36.98504381321472","0.05455938697318008","154.28999409681228","52.21924022640379","REPLAY"
"2026-09-29T13:38:50.875124","78","2026-09-29T13:39:02.526482","1","0.9952254295349121","0.998600959777832","-1.2655125856399536","-0.14906491339206696","-2.5032646656036377","40.99788526397433","0.05714285714285714","144.8703212496316","53.72906604413665","REPLAY"
"2026-09-29T13:38:50.875124","79","2026-09-29T13:39:02.648167","1","0.9974813461303711","0.998600959777832","-0.798184335231781","0.029299160465598106","-2.259019374847412","37.065980140281184","0.06115531977600943","142.2334579976985","54.23690481340591","REPLAY"
"2026-09-29T13:38:50.875124","80","2026-09-29T13:39:02.770043","1","0.9947605133056641","0.998600959777832","-0.39825958013534546","0.26392853260040283","-1.401740312576294","36.05151645358936","0.06284437825763217","140.647793387257","55.06508890708849","REPLAY"
"2026-09-29T13:38:50.875124","81","2026-09-29T13:39:02.881451","1","0.9947605133056641","0.9991688132286072","-0.959455132484436","0.6624855995178223","-0.9077420234680176","36.80264825591695","0.05505952380952381","141.11771461383864","55.04224289856058","REPLAY"
"2026-09-29T13:38:50.875124","82","2026-09-29T13:39:03.011183","1","0.9965924024581909","0.99802166223526","1.1561579704284668","0.6669590473175049","-0.9123788475990295","44.49953301230757","0.07160493827160494","145.0907333035847","53.50655806130847","REPLAY"
"2026-09-29T13:38:50.875124","83","2026-09-29T13:39:03.127372","1","0.9965924024581909","0.998312771320343","1.1191567182540894","0.5683010220527649","-0.677887499332428","50.3987926513613","0.07651272671848804","146.23126652953277","54.06512108583166","REPLAY"
"2026-09-29T13:38:50.875124","84","2026-09-29T13:39:03.251293","1","0.9961413145065308","0.9971305727958679","0.06072186306118965","0.5850305557250977","-0.4892324209213257","49.3190190920583","0.07393292682926829","145.95180722891567","54.64933768497872","REPLAY"
"2026-09-29T13:38:50.875124","85","2026-09-29T13:39:03.372782","1","0.9961413145065308","0.9971305727958679","-0.4377049207687378","0.5465675592422485","-0.05390605702996254","44.837817754625036","0.06813564619471793","141.02484939759037","55.93540931322087","REPLAY"
"2026-09-29T13:38:50.875124","86","2026-09-29T13:39:03.490856","1","0.9918690919876099","0.99802166223526","-0.8938549757003784","1.1718753576278687","0.5956807136535645","37.451830576541816","0.06375424513738809","137.26833258961773","56.5128314912688","REPLAY"
"2026-09-29T13:38:50.875124","87","2026-09-29T13:39:03.615704","1","0.9898386597633362","0.998312771320343","-0.9335969686508179","1.5062735080718994","1.015458345413208","35.55924503983287","0.061877138182359064","133.90777395295467","56.304278584803974","REPLAY"
"2026-09-29T13:38:50.875124","88","2026-09-29T13:39:03.731769","1","0.9903543591499329","0.998600959777832","0.5086694359779358","0.9486139416694641","1.7403137683868408","35.20208932987021","0.0627953055936595","133.70779503556395","55.71581302015973","REPLAY"
"2026-09-29T13:38:50.875124","89","2026-09-29T13:39:03.871522","1","0.015514969825744629","0.008479773998260498","2.720028877258301","5.657170295715332","0.8992099165916443","32.23660409368322","0.04938271604938271","131.76310059515168","55.01170698479763","REPLAY"
"2026-09-29T13:38:50.875124","90","2026-09-29T13:39:04.020271","1","0.03877866268157959","0.44997191429138184","3.2457900047302246","44.15042495727539","3.553210973739624","14.614219303556647","0.00963718820861678","132.0485813148789","39.0580969952954","REPLAY"
"2026-09-29T13:38:50.875124","91","2026-09-29T13:39:04.136302","1","0.7659553289413452","0.47919273376464844","3.4772281646728516","56.31186294555664","6.980881690979004","26.468103005978087","0.042139917695473254","133.157878266312","38.074484357270336","REPLAY"
"2026-09-29T13:38:50.875124","92","2026-09-29T13:39:04.283259","1","0.04767268896102905","0.5810842514038086","6.104363918304443","60.2270393371582","4.77201509475708","21.75452830207585","0.038705372038705374","132.184578313253","38.087713014218956","REPLAY"
"2026-09-29T13:38:50.875124","93","2026-09-29T13:39:04.422193","1","0.1603792905807495","0.5363578200340271","1.8391512632369995","71.30288696289062","5.285902976989746","25.10212001507974","0.03076923076923077","129.5003885003885","34.65041027534882","REPLAY"
"2026-09-29T13:38:50.875124","94","2026-09-29T13:39:05.239475","1","0.1407354474067688","0.25589215755462646","1.2811092138290405","85.64862823486328","4.547167778015137","22.64910110952213","0.03192407247627265","138.28453267162945","34.5704602977046","REPLAY"
"2026-09-29T13:38:50.875124","95","2026-09-29T13:39:05.340593","1","0.001824796199798584","0.029933273792266846","4.306466102600098","63.1373176574707","2.0219414234161377","22.654952568743592","0.02252252252252252","133.42839215686274","36.38726142327053","REPLAY"
"2026-09-29T13:38:50.875124","96","2026-09-29T13:39:05.451992","1","0.0873914361000061","0.6444942951202393","5.715372085571289","48.69675064086914","-0.1503862589597702","24.168040392737982","0.02991944764096663","129.53148734177216","36.80731931807519","REPLAY"
"2026-09-29T13:38:50.875124","97","2026-09-29T13:39:05.578040","1","0.062496304512023926","0.14226526021957397","12.022720336914062","28.692041397094727","0.6676207184791565","29.563352538342603","0.03525076109597821","122.49421875","39.339614627969475","REPLAY"
"2026-09-29T13:38:50.875124","98","2026-09-29T13:39:05.701215","1","0.48699647188186646","0.9371852278709412","8.201751708984375","17.712345123291016","0.5503482222557068","41.125039031204935","0.057911392405063294","117.89814814814815","45.51764136665023","REPLAY"
"2026-09-29T13:38:50.875124","99","2026-09-29T13:39:05.821449","1","0.2853690981864929","0.9358671307563782","6.3692145347595215","8.658113479614258","-0.6793776750564575","38.40384066358025","0.05648148148148148","117.55686159271231","49.83259294089554","REPLAY"
"2026-09-29T13:38:50.875124","100","2026-09-29T13:39:05.942848","1","0.5816861391067505","0.9713870286941528","3.5511577129364014","3.660207986831665","-1.121160626411438","39.183031152343744","0.06375","122.16696778078892","51.730673749274835","REPLAY"
"2026-09-29T13:38:50.875124","101","2026-09-29T13:39:06.073021","1","0.9514423608779907","0.9952638149261475","2.6405646800994873","3.111224412918091","-1.1254613399505615","45.14755718561569","0.07241794640168624","126.49513717520685","52.856645286568465","REPLAY"
"2026-09-29T13:38:50.875124","102","2026-09-29T13:39:06.177871","1","0.980856716632843","0.998312771320343","3.959672451019287","3.66919207572937","-0.6630386710166931","29.89319997558594","0.05421875","130.58084914182476","53.67113982605052","REPLAY"
"2026-09-29T13:38:50.875124","103","2026-09-29T13:39:06.305390","1","0.9837305545806885","0.998312771320343","3.973541498184204","3.025986671447754","-0.20100907981395721","43.04549375","0.06828125","132.65582655826557","55.0499857982859","REPLAY"
"2026-09-29T13:38:50.875124","104","2026-09-29T13:39:06.424","1","0.9861093163490295","0.998312771320343","2.845449686050415","2.4125733375549316","-0.21971890330314636","42.364437109375","0.06953125","133.94928613920285","55.231140111167335","REPLAY"
"2026-09-29T13:38:50.875124","105","2026-09-29T13:39:06.548003","1","0.9842807650566101","0.998312771320343","2.5009918212890625","1.355057954788208","-0.0486951619386673","38.41349196777344","0.0625","134.87533875338752","55.491812727721054","REPLAY"
"2026-09-29T13:38:50.875124","106","2026-09-29T13:39:06.659905","1","0.9831671714782715","0.9900364875793457","2.8678271770477295","-0.3659838140010834","-0.4680519104003906","40.14132802734375","0.0659375","131.52870315288519","56.89204041328798","REPLAY"
"2026-09-29T13:38:50.875124","107","2026-09-29T13:39:06.785589","1","0.044218361377716064","0.0208626389503479","3.476240396499634","-9.62244987487793","-0.7113579511642456","32.944045379520524","0.041659990386156066","128.4534375","58.016482200609076","REPLAY"
"2026-09-29T13:38:50.875124","108","2026-09-29T13:39:06.908819","1","0.1118159294128418","0.02733379602432251","7.487461566925049","-26.79163932800293","-1.6838161945343018","29.258287473648785","0.03658313517468447","125.30865267903589","58.60801741155097","REPLAY"
"2026-09-29T13:38:50.875124","109","2026-09-29T13:39:07.042072","1","0.44215482473373413","0.2128179669380188","7.842036247253418","-44.60126495361328","-4.182895183563232","31.697119532398656","0.03804347826086957","124.73048780487805","58.26432031452238","REPLAY"
"2026-09-29T13:38:50.875124","110","2026-09-29T13:39:07.145364","1","0.21113640069961548","0.6989938020706177","5.5566277503967285","-59.92300033569336","-2.9489622116088867","36.10171232042853","0.03918918918918919","122.04174863387978","53.304792279891565","REPLAY"
"2026-09-29T13:38:50.875124","111","2026-09-29T13:39:08.393650","1","0.32690995931625366","0.675443172454834","8.11616039276123","-58.73543167114258","3.259192943572998","29.303976886777676","0.02498767055729081","122.6745253164557","48.73026945510438","REPLAY"
"2026-09-29T13:38:50.875124","112","2026-09-29T13:39:08.517776","1","0.3822312355041504","0.8706389665603638","10.567920684814453","-25.581741333007812","6.454189777374268","25.496629120934145","0.013449367088607595","112.92530487804878","48.65613759349179","REPLAY"
"2026-09-29T13:38:50.875124","113","2026-09-29T13:39:08.639182","1","0.074978768825531","0.7588732242584229","7.492307186126709","-5.056107997894287","5.979286193847656","28.488863017298907","0.030193061402235447","114.12485827664399","47.498345537272144","REPLAY"
"2026-09-29T13:38:50.875124","114","2026-09-29T13:39:08.754522","1","0.5211077928543091","0.994285523891449","7.365668773651123","-0.16062597930431366","4.927373886108398","32.26301929297388","0.0387263339070568","115.54332779623478","48.980359758600365","REPLAY"
"2026-09-29T13:38:50.875124","115","2026-09-29T13:39:08.881496","1","0.9493870735168457","0.9965211153030396","6.794783592224121","-0.5947818756103516","4.289188385009766","34.72261700291416","0.0467687074829932","116.99917920656635","49.888175904572115","REPLAY"
"2026-09-29T13:38:50.875124","116","2026-09-29T13:39:08.997237","1","0.9871754050254822","0.998312771320343","5.6209940910339355","-0.3720261752605438","3.6486873626708984","37.792863281665305","0.05349971313826735","123.046926910299","48.14878238608586","REPLAY"
"2026-09-29T13:38:50.875124","117","2026-09-29T13:39:09.116610","1","0.990864634513855","0.9974306225776672","6.423205852508545","-0.09756272286176682","3.350884199142456","39.45829600544022","0.057724252491694356","129.15145368492225","47.095133922715355","REPLAY"
"2026-09-29T13:38:50.875124","118","2026-09-29T13:39:09.243220","1","0.9898386597633362","0.998312771320343","6.132538318634033","-1.050621509552002","3.919290781021118","39.968509228779794","0.059644322845417236","130.34773417888758","48.19031386144823","REPLAY"
"2026-09-29T13:38:50.875124","119","2026-09-29T13:39:09.415854","1","0.990864634513855","0.99802166223526","6.347901344299316","-1.1565386056900024","4.087080001831055","38.432238804852894","0.06046511627906977","130.94213238208482","48.25292648108593","REPLAY"
"2026-09-29T13:38:50.875124","120","2026-09-29T13:39:09.523092","1","0.9928528666496277","0.998600959777832","5.634260177612305","-1.2539705038070679","3.6654107570648193","38.11825183434094","0.05854049719326383","126.67672413793103","48.91732850148533","REPLAY"
"2026-09-29T13:38:50.875124","121","2026-09-29T13:39:09.645259","1","0.9903543591499329","0.998312771320343","5.007559299468994","-0.7827288508415222","3.7246575355529785","33.19043204720429","0.04832810867293626","119.2014811031665","50.840886281898214","REPLAY"
"2026-09-29T13:38:50.875124","122","2026-09-29T13:39:09.768271","1","0.9918690919876099","0.998600959777832","5.642762660980225","-0.4886486530303955","3.4279050827026367","29.90001936983471","0.04726239669421488","114.91012345679012","49.79137533759689","REPLAY"
"2026-09-29T13:38:50.875124","123","2026-09-29T13:39:09.891746","1","0.9928528666496277","0.998312771320343","4.672667980194092","-2.0790436267852783","2.7378885746002197","31.570205788196358","0.04642548462773182","113.64357381748687","48.78987389393096","REPLAY"
"2026-09-29T13:38:50.875124","124","2026-09-29T13:39:10.006361","1","0.9942908883094788","0.99802166223526","4.428476810455322","-1.119692087173462","2.5699524879455566","28.664565306861785","0.041299359980678664","113.10857877512856","47.57953913659141","REPLAY"
"2026-09-29T13:38:50.875124","125","2026-09-29T13:39:10.125271","1","0.9153648614883423","0.9968274235725403","5.247966766357422","10.263894081115723","3.705984592437744","19.504318251049362","0.01222373132485492","114.53160817676947","43.13862211300249","REPLAY"
"2026-09-29T13:38:50.875124","126","2026-09-29T13:39:10.250396","1","0.9828804135322571","0.9922314882278442","8.900520324707031","22.025808334350586","4.681520938873291","17.916399990556712","0.014402437335549093","118.82210497835497","35.439905289250696","REPLAY"
"2026-09-29T13:38:50.875124","127","2026-09-29T13:39:10.371971","1","0.9942908883094788","0.9952638149261475","10.454176902770996","36.795570373535156","7.649485111236572","19.18837385005767","0.02807843137254902","124.07985480943739","37.709635528802934","REPLAY"
"2026-09-29T13:38:50.875124","128","2026-09-29T13:39:10.486685","1","0.9606643915176392","0.44997191429138184","7.461497783660889","48.53703689575195","4.515827178955078","11.728028282056355","0.0032426589803638984","132.01455119214586","36.83697118448826","REPLAY"
"2026-09-29T13:38:50.875124","129","2026-09-29T13:39:11.929599","1","0.9970390796661377","0.02363598346710205","-0.6119694709777832","4.111856937408447","4.297652721405029","21.77158647428154","0.02276312823980167","166.24344405594405","38.695079519850715","REPLAY"
"2026-09-29T13:38:50.875124","130","2026-09-29T13:39:12.060165","1","0.9863588809967041","0.8573482036590576","5.361902713775635","17.577001571655273","-1.2711645364761353","20.773102354623887","0.02022703818369453","165.79797389440873","37.598532150822756","REPLAY"
"2026-09-29T13:38:50.875124","131","2026-09-29T13:39:12.173634","1","0.9928528666496277","0.9929311275482178","5.007324695587158","38.015872955322266","-0.34909120202064514","29.556519796242267","0.037267080745341616","160.78153704837723","37.21501479228789","REPLAY"
"2026-09-29T13:38:50.875124","132","2026-09-29T13:39:12.307081","1","0.9842807650566101","0.9932752251625061","4.610867500305176","38.211151123046875","0.6461833119392395","32.15564337451644","0.04292790313703908","160.39524647887325","38.70734288086686","REPLAY"
"2026-09-29T13:38:50.875124","133","2026-09-29T13:39:12.423563","1","0.9515752792358398","0.9867727756500244","4.781573295593262","28.318893432617188","0.41566014289855957","33.11614358724658","0.04819277108433735","150.99773960217","40.06802339532892","REPLAY"
"2026-09-29T13:38:50.875124","134","2026-09-29T13:39:12.540292","1","0.012776970863342285","0.022249281406402588","6.394272327423096","18.243549346923828","0.6180804371833801","26.942677582718385","0.027969018932874356","142.4204042081949","41.14961396960721","REPLAY"
"2026-09-29T13:38:50.875124","135","2026-09-29T13:39:12.666855","1","0.03194314241409302","0.05664175748825073","7.077995777130127","8.112488746643066","-0.1756485551595688","30.499599376623188","0.03204868154158215","134.99020376175548","51.56042638119394","REPLAY"
"2026-09-29T13:38:50.875124","136","2026-09-29T13:39:12.785284","1","0.05671572685241699","0.8227906227111816","3.5028812885284424","1.5678755044937134","0.5523197054862976","32.41562685991819","0.03925736961451247","130.85909712722298","59.80166131732499","REPLAY"
"2026-09-29T13:38:50.875124","137","2026-09-29T13:39:12.906854","1","0.9114788770675659","0.9965211153030396","1.440435767173767","-0.7076706886291504","0.9040400385856628","38.82715096784027","0.04969135802469136","130.05935938877462","62.19024920760569","REPLAY"
"2026-09-29T13:38:50.875124","138","2026-09-29T13:39:13.026397","1","0.9868497848510742","0.99802166223526","1.9701604843139648","-0.5169170498847961","1.3192960023880005","46.59133746089","0.05688190995032847","129.03703125","62.80605094205908","REPLAY"
"2026-09-29T13:38:50.875124","139","2026-09-29T13:39:13.139991","1","0.9837305545806885","0.997727632522583","2.0188214778900146","0.08401267230510712","1.1984432935714722","40.105904375397834","0.06232975484697965","130.93875","62.13706622007108","REPLAY"
"2026-09-29T13:38:50.875124","140","2026-09-29T13:39:13.267495","1","0.9114788770675659","0.9965211153030396","1.8335012197494507","0.23457081615924835","1.0507968664169312","45.11548527973536","0.06841852267264861","134.1578125","60.864317093144486","REPLAY"
"2026-09-29T13:38:50.875124","141","2026-09-29T13:39:13.391324","1","0.9861093163490295","0.99802166223526","2.082510471343994","-0.08763192594051361","1.2236871719360352","59.3620423020369","0.07808171745152355","138.27251808021038","59.16363184291533","REPLAY"
"2026-09-29T13:38:50.875124","142","2026-09-29T13:39:13.514502","1","0.9928528666496277","0.998312771320343","1.7598083019256592","-0.7152933478355408","0.8728047013282776","53.85328055340275","0.07306094182825484","142.6628862590401","59.41499762479438","REPLAY"
"2026-09-29T13:38:50.875124","143","2026-09-29T13:39:13.630001","1","0.9933371543884277","0.9988862872123718","1.5233038663864136","-0.5151310563087463","1.0130078792572021","47.57617777777778","0.07288888888888889","147.30075187969925","60.1710291354005","REPLAY"
"2026-09-29T13:38:50.875124","144","2026-09-29T13:39:13.754228","1","0.9918690919876099","0.99802166223526","0.7100703120231628","-0.425575852394104","1.245556354522705","49.05476380444445","0.07591111111111111","145.73684210526315","60.36499080573471","REPLAY"
"2026-09-29T13:38:50.875124","145","2026-09-29T13:39:13.872794","1","0.9497048854827881","0.9958990216255188","0.06467500329017639","-1.7869435548782349","1.2904245853424072","35.54435175331489","0.05817174515235457","143.43852728468113","59.5609070210351","REPLAY"
"2026-09-29T13:38:50.875124","146","2026-09-29T13:39:13.991528","1","0.27598196268081665","0.9358671307563782","2.5983574390411377","-21.365699768066406","-0.15656960010528564","32.14468387306225","0.046306306306306305","136.85714285714286","58.243256485892296","REPLAY"
"2026-09-29T13:38:50.875124","147","2026-09-29T13:39:14.107909","1","0.7550646662712097","0.6528555154800415","6.4294281005859375","-43.65140151977539","-1.1970566511154175","44.24122414512812","0.07181996086105676","132.529311001142","57.360434527657816","REPLAY"
"2026-09-29T13:38:50.875124","148","2026-09-29T13:39:14.234536","1","0.6617919206619263","0.26193898916244507","6.115986347198486","-56.29399871826172","-1.6503300666809082","47.49548372006605","0.07481394437916176","129.56457142857144","54.956929647178185","REPLAY"
"2026-09-29T13:38:50.875124","149","2026-09-29T13:39:14.603053","1","0.060685038566589355","0.18071043491363525","6.837216854095459","-38.94623565673828","0.898705244064331","40.0196457099213","0.06673773987206823","116.62888071895425","57.54223845796883","REPLAY"
"2026-09-29T13:38:50.875124","150","2026-09-29T13:39:14.715016","1","0.245616614818573","0.32518619298934937","6.749927043914795","-15.183117866516113","3.7360715866088867","40.250357771622035","0.05210526315789474","121.60391363022941","60.78407502673904","REPLAY"
"2026-09-29T13:38:50.875124","151","2026-09-29T13:39:14.839782","1","0.1118159294128418","0.9952638149261475","2.3093299865722656","-5.348256587982178","3.4543323516845703","44.040635410657735","0.06335616438356165","128.95390596075526","60.81485051107975","REPLAY"
"2026-09-29T13:38:50.875124","152","2026-09-29T13:39:14.955996","1","0.7684621810913086","0.9968274235725403","1.3269627094268799","-3.6270554065704346","2.8826122283935547","48.4577102865986","0.0686834094368341","134.34635320251758","60.759165778149594","REPLAY"
"2026-09-29T13:38:50.875124","153","2026-09-29T13:39:15.083725","1","0.9831671714782715","0.997727632522583","1.084655523300171","-3.674187660217285","2.5379133224487305","48.507039537622006","0.07134703196347032","138.98222880414662","60.66149040971019","REPLAY"
"2026-09-29T13:38:50.875124","154","2026-09-29T13:39:15.198959","1","0.9928528666496277","0.997727632522583","0.7887653708457947","-3.2174575328826904","2.623675584793091","57.624813650674504","0.07591324200913242","145.28674564975935","60.50750567843823","REPLAY"
"2026-09-29T13:38:50.875124","155","2026-09-29T13:39:15.315978","1","0.7659553289413452","0.994285523891449","2.117074489593506","-2.5944197177886963","2.698491096496582","63.65831598706357","0.08428462709284627","155.89763050721956","60.219247068117944","REPLAY"
"2026-09-29T13:38:50.875124","156","2026-09-29T13:39:15.444043","1","0.001824796199798584","0.008479773998260498","0.32874926924705505","-0.774648129940033","1.5557243824005127","52.52962448979592","0.06673469387755102","169.5979938271605","58.49153517675264","REPLAY"
"2026-09-29T13:38:50.875124","157","2026-09-29T13:39:15.552277","1","0.010038912296295166","0.021324872970581055","-3.967871904373169","-0.3759203851222992","0.9335823655128479","36.98628805330997","0.05150375939849624","171.1926688335139","59.40613078874736","REPLAY"
"2026-09-29T13:38:50.875124","158","2026-09-29T13:39:15.801449","1","0.026467084884643555","0.022711515426635742","-17.202056884765625","-1.6604889631271362","-1.6203689575195312","41.85793636959856","0.05319148936170213","195.16928309785453","49.49914363687313","REPLAY"
"2026-09-29T13:38:50.875124","159","2026-09-29T13:39:15.925625","1","0.001824796199798584","0.02502262592315674","-15.327176094055176","0.10557477921247482","-1.5865168571472168","65.81927296311544","0.05264383880736082","195.896697902722","49.74586726488003","REPLAY"
"2026-09-29T13:38:50.875124","160","2026-09-29T13:39:16.038984","1","0.5776406526565552","0.8650642037391663","-14.560075759887695","-1.6575268507003784","2.09722900390625","32.42899862825789","0.043415637860082304","193.51234445980643","46.54247575995445","REPLAY"
"2026-09-29T13:38:50.875124","161","2026-09-29T13:39:16.171347","1","0.9974813461303711","0.9999999403953552","-6.0492048263549805","1.0156115293502808","-0.14174793660640717","30.36884937906035","0.03122348549126082","191.34986772486772","48.01862802651323","REPLAY"
"2026-09-29T13:38:50.875124","162","2026-09-29T13:39:16.283798","1","0.990864634513855","0.998600959777832","-0.15710455179214478","0.1074068620800972","-0.697367250919342","34.8626557614722","0.037037037037037035","191.78027108433736","48.1305209875077","REPLAY"
"2026-09-29T13:38:50.875124","163","2026-09-29T13:39:16.417247","1","0.9956856369972229","0.9971305727958679","3.470348834991455","0.13655425608158112","-0.3901331126689911","41.98133670968266","0.062162162162162166","188.11543859649123","50.37251067621281","REPLAY"
"2026-09-29T13:38:50.875124","164","2026-09-29T13:39:16.537026","1","0.9942908883094788","0.9968274235725403","3.3629837036132812","0.13683950901031494","-0.16489675641059875","57.87283235013401","0.07275083302480563","172.05495495495495","54.48402731264621","REPLAY"
"2026-09-29T13:38:50.875124","165","2026-09-29T13:39:16.650628","1","0.020991027355194092","0.012393414974212646","2.574631690979004","0.09660116583108902","0.35826438665390015","54.15376812960299","0.07572298325722983","152.41318030359128","58.39719887354095","REPLAY"
"2026-09-29T13:38:50.875124","166","2026-09-29T13:39:16.770863","1","0.012776970863342285","0.004566192626953125","2.0892605781555176","-0.016258886083960533","0.39068689942359924","49.504562222429136","0.07323943661971831","140.794901065449","59.09933609197553","REPLAY"
"2026-09-29T13:38:50.875124","167","2026-09-29T13:39:16.887599","1","0.010038912296295166","0.004566192626953125","2.0506041049957275","0.04443532973527908","0.6730432510375977","47.449686031333194","0.0764866979655712","138.7913304559955","59.35400974162492","REPLAY"
"2026-09-29T13:38:50.875124","168","2026-09-29T13:39:17.014231","1","0.004562854766845703","0.000652611255645752","2.1626851558685303","1.0781248807907104","0.8941103219985962","57.578058318091756","0.08179012345679013","145.0895102270595","59.20666214932145","REPLAY"
"2026-09-29T13:38:50.875124","169","2026-09-29T13:39:17.139791","1","0.007300853729248047","0.0026093721389770508","1.8186002969741821","0.5695022940635681","1.0262641906738281","62.42257176713277","0.08472222222222223","154.7724505327245","58.86593753400563","REPLAY"
"2026-09-29T13:38:50.875124","170","2026-09-29T13:39:17.249681","1","0.001824796199798584","0.0026093721389770508","2.7069928646087646","1.8193868398666382","1.0256274938583374","55.8941131386392","0.08737060041407868","167.2106807511737","57.637669608590514","REPLAY"
"2026-09-29T13:38:50.875124","171","2026-09-29T13:39:17.372740","1","0.001824796199798584","0.0026093721389770508","3.205352783203125","1.781988263130188","1.4363681077957153","63.12540573635266","0.08275572358748162","172.9914699464392","56.21707550292094","REPLAY"
"2026-09-29T13:38:50.875124","172","2026-09-29T13:39:17.496263","1","0.010038912296295166","0.008479773998260498","3.1558759212493896","1.2486134767532349","1.0355852842330933","56.54886335145959","0.08464608275572359","174.464987105733","56.11007416302061","REPLAY"
"2026-09-29T13:38:50.875124","173","2026-09-29T13:39:17.608366","1","0.972050666809082","0.997727632522583","2.7398626804351807","1.1788533926010132","0.9159834384918213","54.641270058072216","0.0831758034026465","171.65046617734578","56.567746663515535","REPLAY"
"2026-09-29T13:38:50.875124","174","2026-09-29T13:39:17.736022","1","0.9947605133056641","0.997727632522583","2.1300058364868164","1.1797443628311157","1.0097662210464478","59.24069424185405","0.08461210571184996","162.85854255970605","57.66449083061791","REPLAY"
"2026-09-29T13:38:50.875124","175","2026-09-29T13:39:17.853691","1","0.9961413145065308","0.9971305727958679","1.7012462615966797","0.9085469245910645","1.0731374025344849","48.095706746132976","0.08120204603580562","155.69798792756538","58.3727212272712","REPLAY"
"2026-09-29T13:38:50.875124","176","2026-09-29T13:39:17.978592","1","0.9952254295349121","0.9974306225776672","1.2508277893066406","0.9548380374908447","1.4910342693328857","53.31573042820069","0.09061418685121107","151.23664596273292","58.24318354391475","REPLAY"
"2026-09-29T13:38:50.875124","177","2026-09-29T13:39:18.099729","1","0.9961413145065308","0.9988862872123718","0.8182553052902222","0.46078217029571533","1.4835039377212524","48.96701405922835","0.08375959079283887","148.02429067156564","57.8297261083052","REPLAY"
"2026-09-29T13:38:50.875124","178","2026-09-29T13:39:18.218447","1","0.9965924024581909","0.9991688132286072","0.7216850519180298","0.7426181435585022","1.4370137453079224","46.2660396630204","0.0784313725490196","148.43501006036217","57.8936746722145","REPLAY"
"2026-09-29T13:38:50.875124","179","2026-09-29T13:39:18.332887","1","0.9965924024581909","0.9988862872123718","0.8681118488311768","0.6222800016403198","1.3681130409240723","54.30106949150513","0.08693771626297578","149.36408163265307","58.49749075094245","REPLAY"
"2026-09-29T13:38:50.875124","180","2026-09-29T13:39:18.462269","1","0.8898150324821472","0.9371852278709412","4.759300231933594","-1.0627270936965942","6.440866470336914","35.36499753075922","0.024296675191815855","124.97203510920596","54.00171454947053","REPLAY"
"2026-09-29T13:38:50.875124","181","2026-09-29T13:39:18.578248","1","0.9537659883499146","0.9991688132286072","1.7997455596923828","0.25630006194114685","1.7935625314712524","43.65615039570006","0.03182616330114135","85.80844360428482","49.63650966684256","REPLAY"
"2026-09-29T13:39:24.806960","1","2026-09-29T13:39:26.350239","1","0.9979193210601807","0.998600959777832","-6.457610130310059","-3.9483895301818848","6.170539379119873","30.078895640530508","0.019079685746352413","145.58371777476256","50.363340415623114","REPLAY"
"2026-09-29T13:39:24.806960","2","2026-09-29T13:39:26.695504","1","0.7634485363960266","0.3133024573326111","-9.427745819091797","-2.659885883331299","5.761740207672119","34.507606088269426","0.03498043052837573","137.61602982292638","60.33644258728368","REPLAY"
"2026-09-29T13:39:24.806960","3","2026-09-29T13:39:26.817707","1","0.9992077946662903","0.9988862872123718","-8.283526420593262","-2.344111919403076","6.295694351196289","31.687004151690026","0.03025560772039645","141.76100782778866","58.5427142314988","REPLAY"
"2026-09-29T13:39:24.806960","4","2026-09-29T13:39:26.937271","1","0.1603792905807495","0.02733379602432251","-5.260944366455078","-1.8343544006347656","6.31816291809082","35.58050625649944","0.026007139214686385","138.17090909090908","58.78781260852262","REPLAY"
"2026-09-29T13:39:24.806960","5","2026-09-29T13:39:27.048062","1","0.2554110884666443","0.02456045150756836","-4.845828056335449","-1.9901154041290283","6.442509651184082","43.875250021873946","0.023857430296062087","122.00214880472737","58.20106484578558","REPLAY"
"2026-09-29T13:39:24.806960","6","2026-09-29T13:39:27.171200","1","0.9928528666496277","0.99802166223526","-2.468073606491089","-2.0231969356536865","7.487152576446533","40.37856183560294","0.021437198067632852","99.78624429223744","53.52228469695899","REPLAY"
"2026-09-29T13:39:24.806960","7","2026-09-29T13:39:27.290607","1","0.9938164353370667","0.9965211153030396","-2.3954362869262695","-1.6131689548492432","8.370895385742188","31.970838953665602","0.019753086419753086","81.3637147786084","48.376883510575794","REPLAY"
"2026-09-29T13:39:24.806960","8","2026-09-29T13:39:27.412663","1","0.9956856369972229","0.9955831170082092","-2.4629762172698975","-1.5956937074661255","8.716950416564941","22.307671289687896","0.014596273291925466","74.10165484633569","46.65537803792781","REPLAY"
"2026-09-29T13:39:24.806960","9","2026-09-29T13:39:27.532292","1","0.9287917613983154","0.1860300898551941","-4.185577392578125","-1.8337022066116333","8.586862564086914","19.940004422121195","0.011198945981554678","73.16513178786917","48.83538603324087","REPLAY"
"2026-09-29T13:39:24.806960","10","2026-09-29T13:39:27.651751","1","0.9942908883094788","0.997727632522583","-3.5634326934814453","-2.635335683822632","8.676276206970215","18.605351531696236","0.014829142488716958","76.7024063356686","49.88965665036616","REPLAY"
"2026-09-29T13:39:24.806960","11","2026-09-29T13:39:27.773287","1","0.9942908883094788","0.9955831170082092","-3.95786714553833","-2.2063241004943848","9.029648780822754","23.701243722106014","0.015050167224080268","80.05834945196648","49.030775078711635","REPLAY"
"2026-09-29T13:39:24.806960","12","2026-09-29T13:39:27.894623","1","0.9974813461303711","0.997727632522583","-6.568943500518799","-2.721559762954712","8.494874000549316","27.60545995148635","0.017412935323383085","87.13147058823529","51.010270686249356","REPLAY"
"2026-09-29T13:39:24.806960","13","2026-09-29T13:39:28.019262","1","0.9952254295349121","0.9965211153030396","-4.634140968322754","-2.331995964050293","8.031290054321289","25.485110561688195","0.01800327332242226","87.82807668521954","51.37927053314934","REPLAY"
"2026-09-29T13:39:24.806960","14","2026-09-29T13:39:28.135268","1","0.9947605133056641","0.9974306225776672","-6.453400611877441","-2.5397231578826904","8.230777740478516","22.3096465301807","0.015625","88.8495652173913","50.82980103958708","REPLAY"
"2026-09-29T13:39:24.806960","15","2026-09-29T13:39:28.254908","1","0.9970390796661377","0.9974306225776672","-6.3421220779418945","-2.1375479698181152","8.226519584655762","23.283283738311784","0.01655982905982906","89.84181959162574","50.39401022058784","REPLAY"
"2026-09-29T13:39:24.806960","16","2026-09-29T13:39:28.382435","1","0.9970390796661377","0.99802166223526","-7.4375104904174805","-1.9531264305114746","8.413623809814453","19.738915762575612","0.012430238457635717","86.12910231660231","48.864085224936325","REPLAY"
"2026-09-29T13:39:24.806960","17","2026-09-29T13:39:28.497971","1","0.9974813461303711","0.997727632522583","-6.584991455078125","-1.9772659540176392","8.449226379394531","19.14077190268113","0.018101761252446183","83.78355079217148","48.08126934627652","REPLAY"
"2026-09-29T13:39:24.806960","18","2026-09-29T13:39:28.618449","1","0.775982677936554","0.023173749446868896","-6.345308780670166","-1.45909583568573","8.152450561523438","15.126579956797539","0.01582427964100142","83.38783783783784","48.086409046264784","REPLAY"
"2026-09-29T13:39:24.806960","19","2026-09-29T13:39:28.738873","1","0.9979193210601807","0.9965211153030396","-5.631890296936035","-1.7208707332611084","8.28408145904541","18.423931499066633","0.019144144144144143","83.85935483870968","48.17798992862053","REPLAY"
"2026-09-29T13:39:24.806960","20","2026-09-29T13:39:28.862916","1","0.9979193210601807","0.9971305727958679","-6.6396684646606445","-1.5477737188339233","7.8818254470825195","18.26445538957282","0.02038479157123225","84.73444444444445","48.28574130714208","REPLAY"
"2026-09-29T13:39:24.806960","21","2026-09-29T13:39:29.060704","1","0.9850823879241943","0.632347822189331","-6.2811455726623535","-1.417388916015625","7.658907413482666","17.615571999340812","0.013987671882408724","86.30850574712643","48.77995156597332","REPLAY"
"2026-09-29T13:39:24.806960","22","2026-09-29T13:39:29.181392","1","0.004562854766845703","0.0208626389503479","-5.814088344573975","-0.9090381860733032","7.590439796447754","17.305582608786303","0.01872146118721461","90.11987794245859","49.340038729018964","REPLAY"
"2026-09-29T13:39:24.806960","23","2026-09-29T13:39:29.302607","1","0.001824796199798584","0.021324872970581055","-5.991901874542236","-0.9709299802780151","7.659602642059326","24.068946028702904","0.02275365683770606","96.53243243243243","51.32810754170665","REPLAY"
"2026-09-29T13:39:24.806960","24","2026-09-29T13:39:29.424733","1","0.004562854766845703","0.0208626389503479","-6.566689491271973","-1.4060450792312622","7.936821460723877","19.219403013832668","0.019324853228962817","100.3334109972041","51.85233776955019","REPLAY"
"2026-09-29T13:39:24.806960","25","2026-09-29T13:39:29.541988","1","0.004562854766845703","0.02456045150756836","-6.539789199829102","-1.447067141532898","7.486875057220459","25.081283412244087","0.020875251509054327","107.35545583372698","53.35540510030477","REPLAY"
"2026-09-29T13:39:24.806960","26","2026-09-29T13:39:29.683204","1","0.0","0.012393414974212646","-6.504317283630371","-1.1551811695098877","8.108888626098633","23.733068898720283","0.02571497236241288","109.66284928996794","53.585448593787476","REPLAY"
"2026-09-29T13:39:24.806960","27","2026-09-29T13:39:29.784091","1","0.0","0.021787047386169434","-7.160486698150635","-1.1311066150665283","7.4724225997924805","22.200600906763533","0.0136986301369863","110.47949673811743","53.76818748994262","REPLAY"
"2026-09-29T13:39:24.806960","28","2026-09-29T13:39:29.906013","1","0.0","0.023173749446868896","-6.632088661193848","-1.3866455554962158","7.508528709411621","24.37794641872953","0.020833333333333332","110.26789947842579","53.916552301135745","REPLAY"
"2026-09-29T13:39:24.806960","29","2026-09-29T13:39:30.027482","1","0.0","0.0208626389503479","-7.112582206726074","-1.2510112524032593","7.445044994354248","23.24215588011136","0.019305019305019305","109.59632183908046","53.66654631488487","REPLAY"
"2026-09-29T13:39:24.806960","30","2026-09-29T13:39:30.147250","1","0.0","0.021324872970581055","-7.228577136993408","-1.6427043676376343","7.583302974700928","26.75528639367825","0.024893314366998577","109.95322033898304","53.65006371931954","REPLAY"
"2026-09-29T13:39:24.806960","31","2026-09-29T13:39:30.269648","1","0.0","0.010436594486236572","-6.646571159362793","-1.1873300075531006","7.235777854919434","25.04337449564216","0.024799244213509684","110.66376546037563","53.22172569590685","REPLAY"
"2026-09-29T13:39:24.806960","32","2026-09-29T13:39:30.389450","1","0.001824796199798584","0.008479773998260498","-6.354699611663818","-0.94806969165802","7.258089542388916","25.12438560869619","0.03321117727897389","109.42543859649123","52.754858945423145","REPLAY"
"2026-09-29T13:39:24.806960","33","2026-09-29T13:39:30.509594","1","0.001824796199798584","0.008479773998260498","-6.799414157867432","-0.9001578092575073","6.9277544021606445","25.599526984534013","0.03183692166743014","109.99741156169111","52.563618483920145","REPLAY"
"2026-09-29T13:39:24.806960","34","2026-09-29T13:39:30.631084","1","0.0","0.004566192626953125","-6.235971927642822","-0.42443209886550903","7.113906383514404","21.38346122114406","0.02283427495291902","109.9672131147541","52.366449671781325","REPLAY"
"2026-09-29T13:39:24.806960","35","2026-09-29T13:39:30.757069","1","0.010038912296295166","0.006523013114929199","-6.810739994049072","-0.5807870626449585","6.06840705871582","20.37040207206438","0.01694915254237288","107.56415300546448","51.99227963094609","REPLAY"
"2026-09-29T13:39:24.806960","36","2026-09-29T13:39:30.870702","1","0.0","0.021324872970581055","-8.637394905090332","0.9620222449302673","6.361536502838135","23.964983616780046","0.017857142857142856","99.5479608111187","51.34428743257887","REPLAY"
"2026-09-29T13:39:24.806960","37","2026-09-29T13:39:30.992503","1","0.001824796199798584","0.019214868545532227","-8.619027137756348","1.790236473083496","6.4093828201293945","21.12483962269984","0.019031954887218046","91.8081343943413","49.417046973011026","REPLAY"
"2026-09-29T13:39:24.806960","38","2026-09-29T13:39:31.115598","1","0.012776970863342285","0.021324872970581055","-7.87066125869751","1.6579604148864746","6.455864906311035","16.827480424405035","0.012696214219759926","88.02740937223696","48.236822303242995","REPLAY"
"2026-09-29T13:39:24.806960","39","2026-09-29T13:39:31.234790","1","0.001824796199798584","0.0208626389503479","-7.927397727966309","1.667958378791809","5.862984657287598","15.37493249476557","0.010936431989063569","84.83329757562755","46.75688484323757","REPLAY"
"2026-09-29T13:39:24.806960","40","2026-09-29T13:39:31.354208","1","0.004562854766845703","0.0208626389503479","-8.573942184448242","1.9214096069335938","5.735525131225586","14.783842827516606","0.010480747322852585","84.5058926233086","46.198377919723676","REPLAY"
"2026-09-29T13:39:24.806960","41","2026-09-29T13:39:31.475164","1","0.007300853729248047","0.006523013114929199","-9.09422779083252","2.180635690689087","4.282192230224609","16.194839409355872","0.014081255771006464","83.90340406719717","45.86317922442227","REPLAY"
"2026-09-29T13:39:24.806960","42","2026-09-29T13:39:31.596477","1","0.001824796199798584","0.010436594486236572","-10.0965576171875","2.0297417640686035","4.308241367340088","17.358682424017044","0.01456766917293233","85.32793522267207","46.27741037808022","REPLAY"
"2026-09-29T13:39:24.806960","43","2026-09-29T13:39:31.716212","1","0.007300853729248047","0.010436594486236572","-10.950523376464844","2.4000821113586426","4.354305744171143","16.983033020167902","0.014802631578947368","88.56185335132703","46.981668907130505","REPLAY"
"2026-09-29T13:39:24.806960","44","2026-09-29T13:39:31.839056","1","0.026467084884643555","0.012393414974212646","-11.529088973999023","1.8713891506195068","3.765324115753174","20.7578488947052","0.01768346595932803","94.58502109704641","48.41684928431227","REPLAY"
"2026-09-29T13:39:24.806960","45","2026-09-29T13:39:31.964190","1","0.018253028392791748","0.004566192626953125","-11.80573558807373","2.91171932220459","2.8873891830444336","17.690666156462587","0.012380952380952381","96.65718763994626","49.345097852816814","REPLAY"
"2026-09-29T13:39:24.806960","46","2026-09-29T13:39:32.103169","1","0.007300853729248047","0.008479773998260498","-12.862317085266113","3.3717448711395264","2.0316240787506104","19.09554241215168","0.014399205561072492","96.57169990503324","49.058469840713755","REPLAY"
"2026-09-29T13:39:24.806960","47","2026-09-29T13:39:32.247792","1","0.018253028392791748","0.0208626389503479","-12.836236000061035","2.3904757499694824","2.2711775302886963","15.83655350974164","0.007447864945382324","96.98717948717949","48.807117190384965","REPLAY"
"2026-09-29T13:39:24.806960","48","2026-09-29T13:39:32.367340","1","0.007300853729248047","0.022249281406402588","-12.416548728942871","1.7221620082855225","2.4198713302612305","20.832397046831954","0.017696969696969697","99.46938775510205","48.802672318364415","REPLAY"
"2026-09-29T13:39:24.806960","49","2026-09-29T13:39:32.485892","1","0.015514969825744629","0.006523013114929199","-10.267180442810059","2.030674934387207","2.139688730239868","24.784522176334384","0.019178082191780823","99.98293029871978","46.83756919244593","REPLAY"
"2026-09-29T13:39:24.806960","50","2026-09-29T13:39:32.608749","1","0.018253028392791748","0.012393414974212646","-8.792731285095215","1.9408749341964722","1.9560269117355347","21.526242282764375","0.02267359470949457","98.27462207970683","44.27958410501046","REPLAY"
"2026-09-29T13:39:24.806960","51","2026-09-29T13:39:32.723835","1","0.004562854766845703","0.012393414974212646","-7.640657424926758","1.4700790643692017","2.153733253479004","19.143786848072562","0.015","93.63228597449908","43.30756154042386","REPLAY"
"2026-09-29T13:39:24.806960","52","2026-09-29T13:39:32.842542","1","0.012776970863342285","0.019214868545532227","-7.1429219245910645","0.9690782427787781","2.74064040184021","16.49071705635905","0.007803790412486065","90.47396500213402","43.679541333921456","REPLAY"
"2026-09-29T13:39:24.806960","53","2026-09-29T13:39:32.974397","1","0.9928528666496277","0.6444942951202393","-5.077599048614502","-3.926973581314087","2.707667350769043","14.251634594547191","0.005050505050505051","82.61267301038062","45.944841726393186","REPLAY"
"2026-09-29T13:39:24.806960","54","2026-09-29T13:39:33.206013","1","0.9035996794700623","0.8639492392539978","1.8605414628982544","-22.4789981842041","1.2644481658935547","9.51784681961581","0.0005120327700972862","60.23164682539682","37.11012823375933","REPLAY"
"2026-09-29T13:39:24.806960","55","2026-09-29T13:39:33.334561","1","0.9825901985168457","0.9962117075920105","0.9066080451011658","-14.713794708251953","-1.9910873174667358","9.06662693752952","0.0005288207297726071","54.4426523297491","34.36255022093223","REPLAY"
"2026-09-29T13:39:24.806960","56","2026-09-29T13:39:33.456159","1","0.9868497848510742","0.9952638149261475","2.563157320022583","-26.473440170288086","-0.13839298486709595","10.44665671201027","0.0026441036488630354","61.257552483358936","37.80448294072004","REPLAY"
"2026-09-29T13:39:24.806960","57","2026-09-29T13:39:33.571073","1","0.9861093163490295","0.9955831170082092","1.692206859588623","-32.80886459350586","1.9319872856140137","15.088345291691754","0.004759386567953464","68.23015873015873","41.63651777856092","REPLAY"
"2026-09-29T13:39:24.806960","58","2026-09-29T13:39:33.752794","1","0.8114630579948425","0.7588732242584229","-0.6096525192260742","-22.05107879638672","1.4632431268692017","14.00222580548837","0.007377049180327869","71.18588048651507","43.11601902135825","REPLAY"
"2026-09-29T13:39:24.806960","59","2026-09-29T13:39:33.890495","1","0.010038912296295166","0.006523013114929199","-0.9598182439804077","-1.601707100868225","1.9066301584243774","19.48283473430335","0.007352941176470588","103.97265306122449","51.871155791685894","REPLAY"
"2026-09-29T13:39:24.806960","60","2026-09-29T13:39:34.018608","1","0.020991027355194092","0.8706389665603638","-3.2100861072540283","16.831439971923828","4.754990100860596","24.663032933400203","0.005175983436853002","109.09206349206349","49.26001485988377","REPLAY"
"2026-09-29T13:39:24.806960","61","2026-09-29T13:39:34.145203","1","0.9877196550369263","0.9936156272888184","2.243304967880249","44.628360748291016","-0.15292790532112122","28.064223527646355","0.02815126050420168","94.95138888888889","50.95810816497731","REPLAY"
"2026-09-29T13:39:24.806960","62","2026-09-29T13:39:34.258328","1","0.9871754050254822","0.9952638149261475","2.9202768802642822","49.48218536376953","-3.384793996810913","37.4332767157063","0.03106876553438277","85.67358121330724","50.06207014902039","REPLAY"
"2026-09-29T13:39:24.806960","63","2026-09-29T13:39:34.380081","1","0.7684621810913086","0.9922314882278442","1.810738444328308","49.721649169921875","-4.784302234649658","23.210687627992375","0.0273109243697479","79.49464285714286","50.254198780903316","REPLAY"
"2026-09-29T13:39:24.806960","64","2026-09-29T13:39:34.503339","1","0.908852219581604","0.9915161728858948","0.6250301599502563","52.44490432739258","-5.21149206161499","23.78134548374765","0.026533996683250415","74.86995691343517","50.16399203633273","REPLAY"
"2026-09-29T13:39:24.806960","65","2026-09-29T13:39:34.618260","1","0.8898150324821472","0.994285523891449","1.6942641735076904","49.75871658325195","-6.078657627105713","19.595079907750492","0.023603793466807164","71.04598628479225","50.337019713887464","REPLAY"
"2026-09-29T13:39:24.806960","66","2026-09-29T13:39:34.741083","1","0.7338244915008545","0.9209686517715454","0.1295350193977356","47.976348876953125","-6.4942498207092285","14.802592538113647","0.02123854236530293","70.3792808219178","51.072558499399314","REPLAY"
"2026-09-29T13:39:24.806960","67","2026-09-29T13:39:34.847144","1","0.08367270231246948","0.77680504322052","-1.09585440158844","38.435062408447266","-4.517982006072998","12.967912041781144","0.01890547263681592","75.66723131940523","52.13235061825706","REPLAY"
"2026-09-29T13:39:24.806960","68","2026-09-29T13:39:34.977862","1","0.9850823879241943","0.8684090375900269","4.6355719566345215","17.082664489746094","3.339057445526123","13.43896078601108","0.008954678362573099","89.41372141372142","52.19264058595545","REPLAY"
"2026-09-29T13:39:24.806960","69","2026-09-29T13:39:35.100306","1","0.9974813461303711","0.9994485974311829","14.64319133758545","12.331692695617676","9.265852928161621","24.554417044020152","0.004501385041551247","68.96696252465483","44.668161312292106","REPLAY"
"2026-09-29T13:39:24.806960","70","2026-09-29T13:39:35.220830","1","0.9992077946662903","0.998312771320343","17.37783432006836","10.311213493347168","9.866352081298828","19.558795423300918","0.011696843454574588","59.67328125","38.269349336099225","REPLAY"
"2026-09-29T13:39:24.806960","71","2026-09-29T13:39:35.347610","1","0.9974813461303711","0.9962117075920105","16.92275047302246","10.541376113891602","8.850526809692383","18.72009491167281","0.013924050632911392","67.40385802469136","42.61342544698233","REPLAY"
"2026-09-29T13:39:24.806960","72","2026-09-29T13:39:35.460484","1","0.9974813461303711","0.998312771320343","16.02438735961914","9.131653785705566","8.153210639953613","17.75737159008973","0.014715189873417722","69.07850609756098","46.62557880592764","REPLAY"
"2026-09-29T13:39:24.806960","73","2026-09-29T13:39:35.588680","1","0.9979193210601807","0.9971305727958679","15.372197151184082","8.99829387664795","8.189531326293945","17.121695957968473","0.01399898802496205","72.44335843614806","47.151319726641546","REPLAY"
"2026-09-29T13:39:24.806960","74","2026-09-29T13:39:35.710307","1","0.9992077946662903","0.9994485974311829","14.372231483459473","6.2248382568359375","5.973927021026611","16.26858670413545","0.005096169653131678","78.3","50.13445403126136","REPLAY"
"2026-09-29T13:39:24.806960","75","2026-09-29T13:39:35.827539","1","0.5776406526565552","0.6702355742454529","7.2350053787231445","3.780822992324829","2.2227206230163574","17.034118033349323","0.0018261504747991235","95.632","56.24312657659699","REPLAY"
"2026-09-29T13:39:24.806960","76","2026-09-29T13:39:35.935792","1","0.1407354474067688","0.023173749446868896","0.7620232105255127","2.4604408740997314","-0.5222108364105225","17.12969840237845","0.002739225712198685","101.46862222222222","54.987543982367846","REPLAY"
"2026-09-29T13:39:24.806960","77","2026-09-29T13:39:36.069414","1","0.018253028392791748","0.0208626389503479","-7.836209774017334","1.7244311571121216","-2.037316083908081","23.832818407596783","0.02072072072072072","103.18228070175438","50.99011877160378","REPLAY"
"2026-09-29T13:39:24.806960","78","2026-09-29T13:39:36.192334","1","0.020991027355194092","0.022711515426635742","-6.35071325302124","1.6593437194824219","-1.4701206684112549","19.57286989692395","0.010450450450450451","95.45864661654136","50.08716768247831","REPLAY"
"2026-09-29T13:39:24.806960","79","2026-09-29T13:39:36.313179","1","0.012776970863342285","0.02363598346710205","-5.633488178253174","1.3811635971069336","-1.8882707357406616","18.078209137777776","0.007644444444444444","90.62413434903047","49.97817563113778","REPLAY"
"2026-09-29T13:39:24.806960","80","2026-09-29T13:39:36.433840","1","0.004562854766845703","0.021787047386169434","-7.361912727355957","0.7176751494407654","-2.7657947540283203","19.849250203139544","0.013315798125924708","89.36661392405064","48.58988401311436","REPLAY"
"2026-09-29T13:39:24.806960","81","2026-09-29T13:39:36.551236","1","0.020991027355194092","0.022249281406402588","-7.025798797607422","1.6512151956558228","-3.006296396255493","17.844714344211223","0.010464135021097047","90.02938311688311","47.95825376475786","REPLAY"
"2026-09-29T13:39:24.806960","82","2026-09-29T13:39:36.669337","1","0.010038912296295166","0.026871562004089355","-7.0998005867004395","1.8109960556030273","-3.749696969985962","15.025280804358275","0.00047468354430379745","88.92145061728395","48.27505589175946","REPLAY"
"2026-09-29T13:39:24.806960","83","2026-09-29T13:39:36.797334","1","0.010038912296295166","0.022249281406402588","-10.965627670288086","2.8331990242004395","-4.291045188903809","16.018850345081404","0.010642135642135642","92.7747177557304","50.43769135020293","REPLAY"
"2026-09-29T13:39:24.806960","84","2026-09-29T13:39:36.916062","1","0.001824796199798584","0.000652611255645752","-10.123271942138672","1.9459309577941895","-2.4482014179229736","14.969669882743826","0.007068273092369478","85.04793233082707","49.54202118295806","REPLAY"
"2026-09-29T13:39:24.806960","85","2026-09-29T13:39:37.030321","1","0.05539274215698242","0.008479773998260498","-9.70517635345459","2.5233023166656494","-3.0655086040496826","16.725869675630022","0.007263513513513514","83.18975609756097","47.296600119536514","REPLAY"
"2026-09-29T13:39:24.806960","86","2026-09-29T13:39:37.200849","1","0.9947605133056641","0.997727632522583","-8.968092918395996","1.0847619771957397","-0.5580366849899292","17.588448700244562","0.015909090909090907","76.13322012966965","46.195381592667275","REPLAY"
"2026-09-29T13:39:24.806960","87","2026-09-29T13:39:37.317795","1","0.9979193210601807","0.998312771320343","-6.964613437652588","0.33445799350738525","-0.3938630521297455","12.78286785010666","0.002943213296398892","69.7215647600263","45.80191020850666","REPLAY"
"2026-09-29T13:39:24.806960","88","2026-09-29T13:39:37.439554","1","0.9965924024581909","0.998600959777832","-5.001589775085449","-0.9256510734558105","-1.0105384588241577","10.971006379352326","0.0","58.43982683982684","44.869937756316645","REPLAY"
"2026-09-29T13:39:24.806960","89","2026-09-29T13:39:37.554103","1","0.9961413145065308","0.99802166223526","-1.8690685033798218","-0.7727681398391724","0.9736230373382568","8.587085402980293","0.0001602307322544464","36.114375","29.361902073254296","REPLAY"
"2026-09-29T13:39:24.806960","90","2026-09-29T13:39:37.679323","1","0.9983530044555664","0.998312771320343","-7.2910566329956055","0.530694842338562","3.1554148197174072","12.249532420741307","0.004326229770870053","40.21375","31.432073562485503","REPLAY"
"2026-09-29T13:39:24.806960","91","2026-09-29T13:39:37.800059","1","0.9952254295349121","0.998600959777832","-4.61665678024292","-2.6626551151275635","1.1100687980651855","13.07856010681975","0.0007620789513793629","50.87022789955001","39.084842418969664","REPLAY"
"2026-09-29T13:39:24.806960","92","2026-09-29T13:39:37.921666","1","0.9974813461303711","0.99802166223526","-4.471630096435547","-1.5810680389404297","0.035016681998968124","19.444489243690043","0.001332001332001332","65.51626341932382","48.306176797115675","REPLAY"
"2026-09-29T13:39:24.806960","93","2026-09-29T13:39:38.041279","1","0.9952254295349121","0.9958990216255188","-3.4657633304595947","-1.8688104152679443","0.6922520995140076","22.363362480987654","0.007466666666666667","73.99072356215213","50.67375451013875","REPLAY"
"2026-09-29T13:39:24.806960","94","2026-09-29T13:39:38.160193","1","0.9938164353370667","0.9968274235725403","-4.366274356842041","-1.9433867931365967","11.291007041931152","18.415393771077166","0.007339813529061694","77.66091199099269","50.695545478751875","REPLAY"
"2026-09-29T13:39:24.806960","95","2026-09-29T13:39:38.278501","1","0.9942908883094788","0.9952638149261475","-4.9253058433532715","-1.9577444791793823","13.69969654083252","18.868665514369013","0.008571428571428572","75.66589506172839","49.20019127423274","REPLAY"
"2026-09-29T13:39:24.806960","96","2026-09-29T13:39:38.405399","1","0.9965924024581909","0.9974306225776672","-3.030372381210327","-1.8092483282089233","4.183594226837158","20.794688451110254","0.011766975308641976","77.08330248056275","49.71977846473132","REPLAY"
"2026-09-29T13:39:24.806960","97","2026-09-29T13:39:38.517628","1","0.9983530044555664","0.9958990216255188","-4.695864677429199","2.060539722442627","-12.347649574279785","22.013782316792426","0.016236306729264474","78.18690185775942","48.43765853211605","REPLAY"
"2026-09-29T13:39:24.806960","98","2026-09-29T13:39:38.646216","1","0.9979193210601807","0.99802166223526","-5.440731048583984","4.142218589782715","-14.05160903930664","23.722810387868478","0.022019440587185083","77.84950272096079","48.20860193241595","REPLAY"
"2026-09-29T13:39:24.806960","99","2026-09-29T13:39:38.770106","1","0.9983530044555664","0.9968274235725403","-5.720880508422852","3.0331811904907227","-3.393669605255127","16.93227469444433","0.009054325955734407","72.42341820987654","47.73371594916785","REPLAY"
"2026-09-29T13:39:24.806960","100","2026-09-29T13:39:38.885930","1","0.9983530044555664","0.998312771320343","-4.7339768409729","-1.8286298513412476","5.41328763961792","15.949875718450647","0.00836734693877551","74.55401234567901","50.04810355134615","REPLAY"
"2026-09-29T13:39:24.806960","101","2026-09-29T13:39:39.007560","1","0.9938164353370667","0.9968274235725403","-4.741581439971924","-2.148808002471924","1.8209878206253052","24.28250343104907","0.01790744466800805","74.52546296296296","49.50996485714806","REPLAY"
"2026-09-29T13:39:24.806960","102","2026-09-29T13:39:39.132252","1","0.19043755531311035","0.0264093279838562","-4.267547607421875","-2.1175625324249268","-4.265138149261475","19.047282971872345","0.010164359861591695","74.55300207039338","49.24952298004418","REPLAY"
"2026-09-29T13:39:24.806960","103","2026-09-29T13:39:39.242612","1","0.05539274215698242","0.02363598346710205","-7.121162414550781","2.3830409049987793","-12.221813201904297","15.916251270097424","0.010722610722610723","71.60628674807779","47.81721081587623","REPLAY"
"2026-09-29T13:39:24.806960","104","2026-09-29T13:39:39.367540","1","0.007300853729248047","0.021787047386169434","-7.252203941345215","4.918705940246582","-8.756874084472656","17.56700351331361","0.008894230769230769","72.97342657342658","48.028009918623965","REPLAY"
"2026-09-29T13:39:24.806960","105","2026-09-29T13:39:39.482064","1","0.012776970863342285","0.006523013114929199","-8.597648620605469","4.107560157775879","-3.6764464378356934","17.636523668639054","0.012740384615384615","74.94489092996555","48.16134568167557","REPLAY"
"2026-09-29T13:39:24.806960","106","2026-09-29T13:39:39.608729","1","0.018253028392791748","0.019214868545532227","-9.01776123046875","3.3653604984283447","-2.212709665298462","17.788754880428314","0.017333984375","77.1107226107226","49.4441089345904","REPLAY"
"2026-09-29T13:39:24.806960","107","2026-09-29T13:39:39.736966","1","0.004562854766845703","0.006523013114929199","-10.729527473449707","2.9785499572753906","-3.2143139839172363","23.436607885031002","0.025806451612903226","82.77849927849928","51.51152287029015","REPLAY"
"2026-09-29T13:39:24.806960","108","2026-09-29T13:39:39.856297","1","0.007300853729248047","0.010436594486236572","-12.70007038116455","2.6593024730682373","-3.1507046222686768","23.918086110738088","0.02216427640156454","88.03974167908594","53.473560471332085","REPLAY"
"2026-09-29T13:39:24.806960","109","2026-09-29T13:39:39.971237","1","0.004562854766845703","0.019214868545532227","-12.890705108642578","1.9729721546173096","-3.611952304840088","29.448873891280726","0.02478678038379531","92.27837977296181","54.186993792234624","REPLAY"
"2026-09-29T13:39:24.806960","110","2026-09-29T13:39:40.131221","1","0.02372908592224121","0.000652611255645752","-12.992217063903809","2.236176013946533","-4.098605632781982","25.11535787878306","0.021321961620469083","94.12848297213623","53.79508097129248","REPLAY"
"2026-09-29T13:39:24.806960","111","2026-09-29T13:39:40.256120","1","0.02372908592224121","0.025947093963623047","-11.072257041931152","1.5913199186325073","-3.3226566314697266","21.297445700043102","0.021915584415584416","93.30391147709727","53.67780991756706","REPLAY"
"2026-09-29T13:39:24.806960","112","2026-09-29T13:39:40.379373","1","0.059361934661865234","0.025947093963623047","-11.605377197265625","1.9082902669906616","-3.1214559078216553","22.57273462840096","0.022015915119363395","92.9311761684643","54.35704300356778","REPLAY"
"2026-09-29T13:39:24.806960","113","2026-09-29T13:39:40.499795","1","0.026467084884643555","0.004566192626953125","-11.241440773010254","2.300668478012085","-3.0110907554626465","19.701922966433163","0.018513689700130377","90.9555389965226","53.95542640107942","REPLAY"
"2026-09-29T13:39:24.806960","114","2026-09-29T13:39:40.621527","1","0.03194314241409302","0.019214868545532227","-11.581043243408203","2.858236074447632","-2.711033821105957","21.88079973701512","0.016923076923076923","89.00720317933433","53.95253933341365","REPLAY"
"2026-09-29T13:39:24.806960","115","2026-09-29T13:39:40.742048","1","0.02372908592224121","0.019214868545532227","-9.975439071655273","1.7338014841079712","-2.107207775115967","21.429369912331893","0.01790668348045397","86.7199413489736","53.99666695477878","REPLAY"
"2026-09-29T13:39:24.806960","116","2026-09-29T13:39:40.858037","1","0.026467084884643555","0.012393414974212646","-11.238715171813965","2.867966651916504","-2.0926976203918457","19.25656403681788","0.014358974358974359","85.1590909090909","53.61184176717098","REPLAY"
"2026-09-29T13:39:24.806960","117","2026-09-29T13:39:40.979006","1","0.46944624185562134","0.019214868545532227","-9.677696228027344","1.4232969284057617","-1.5223218202590942","20.24089203452556","0.014907135874877811","85.08670931058991","53.517504203703254","REPLAY"
"2026-09-29T13:39:24.806960","118","2026-09-29T13:39:41.165063","1","0.9928528666496277","0.998312771320343","-10.151424407958984","1.844049096107483","-1.0219066143035889","24.86789917081491","0.021080368906455864","83.86209796089973","53.70612256199245","REPLAY"
"2026-09-29T13:39:24.806960","119","2026-09-29T13:39:41.302612","1","0.9928528666496277","0.998312771320343","-9.955548286437988","0.6964555382728577","-0.5152225494384766","25.26250648780293","0.020641194554238032","82.57389110784108","53.95715192352988","REPLAY"
"2026-09-29T13:39:24.806960","120","2026-09-29T13:39:41.424349","1","0.02372908592224121","0.021324872970581055","-8.869161605834961","-0.17096053063869476","-0.30066049098968506","20.284387650170675","0.017639077340569877","83.45912629757785","54.40405802908907","REPLAY"
"2026-09-29T13:39:24.806960","121","2026-09-29T13:39:41.545274","1","0.015514969825744629","0.012393414974212646","-7.627551555633545","-0.952297568321228","-0.0969867929816246","17.651490706493846","0.017412935323383085","84.07502131287298","54.66122042187609","REPLAY"
"2026-09-29T13:39:24.806960","122","2026-09-29T13:39:41.665901","1","0.010038912296295166","0.010436594486236572","-7.919575214385986","-0.9845544695854187","0.0799097865819931","18.80107771660113","0.017451205510907005","86.4538178671858","55.211413803410764","REPLAY"
"2026-09-29T13:39:24.806960","123","2026-09-29T13:39:41.786506","1","0.004562854766845703","0.012393414974212646","-7.887014865875244","-1.0946235656738281","0.06624670326709747","18.79852926483014","0.01859931113662457","87.65952844473286","55.623351137965756","REPLAY"
"2026-09-29T13:39:24.806960","124","2026-09-29T13:39:41.905279","1","0.015514969825744629","0.023173749446868896","-7.433394432067871","-1.0867618322372437","0.46473830938339233","19.452010951161352","0.01951779563719862","88.94916720744105","55.5395828553396","REPLAY"
"2026-09-29T13:39:24.806960","125","2026-09-29T13:39:42.026340","1","0.010038912296295166","0.022711515426635742","-7.07070255279541","-1.2580490112304688","0.5871250629425049","20.598762488695456","0.01990049751243781","89.47069002812027","55.70074272682439","REPLAY"
"2026-09-29T13:39:24.806960","126","2026-09-29T13:39:42.196763","1","0.020991027355194092","0.029933273792266846","-7.671044826507568","-1.0207692384719849","0.4524941146373749","20.641246966615302","0.019058553386911595","88.520412642669","55.10442059331924","REPLAY"
"2026-09-29T13:39:24.806960","127","2026-09-29T13:39:42.306652","1","0.04767268896102905","0.32518619298934937","-7.414383888244629","-0.6948397755622864","0.29992926120758057","22.504864610380114","0.016960651289009497","85.64332748024583","54.4934398657407","REPLAY"
"2026-09-29T13:39:24.806960","128","2026-09-29T13:39:42.429677","1","0.08147144317626953","0.47919273376464844","-7.008425712585449","-0.8243688344955444","0.3103712201118469","21.63621918667723","0.016991963260619976","83.43305531167691","53.8551462155287","REPLAY"
"2026-09-29T13:39:24.806960","129","2026-09-29T13:39:42.548567","1","0.04767268896102905","0.434387743473053","-7.218133926391602","-0.5927569270133972","0.5933496952056885","18.68431703533028","0.014466130884041332","81.74259139087172","53.88296111518948","REPLAY"
"2026-09-29T13:39:24.806960","130","2026-09-29T13:39:42.674343","1","0.060685038566589355","0.3133024573326111","-7.27154541015625","-0.49348050355911255","0.7545776963233948","17.918610455331784","0.015391791044776119","81.5957400087835","53.86675919762595","REPLAY"
"2026-09-29T13:39:24.806960","131","2026-09-29T13:39:42.795731","1","0.007300853729248047","0.022711515426635742","-8.38392162322998","-0.5029246211051941","0.7498217821121216","16.05081438078071","0.015151515151515152","80.34902411021814","54.133753396539504","REPLAY"
"2026-09-29T13:39:24.806960","132","2026-09-29T13:39:42.913707","1","0.05671572685241699","0.024098217487335205","-7.998172760009766","-0.3933887779712677","0.980919599533081","15.073658787382472","0.014143920595533498","81.2967772967773","54.42673338161588","REPLAY"
"2026-09-29T13:39:24.806960","133","2026-09-29T13:39:43.035249","1","0.010038912296295166","0.022711515426635742","-7.764204502105713","-0.1363748461008072","1.3531312942504883","18.226254456341707","0.015136476426799007","83.14985795454545","54.33927366014053","REPLAY"
"2026-09-29T13:39:24.806960","134","2026-09-29T13:39:43.153347","1","0.0","0.008479773998260498","-7.451737403869629","-0.1508750319480896","1.2979789972305298","17.18289257368742","0.013399503722084368","84.84559884559884","54.63983009507251","REPLAY"
"2026-09-29T13:39:24.806960","135","2026-09-29T13:39:43.276761","1","0.004562854766845703","0.006523013114929199","-7.641960620880127","-0.2222350537776947","1.2975095510482788","17.59896712106529","0.013164431197218083","85.76403695806681","54.70471005547032","REPLAY"
"2026-09-29T13:39:24.806960","136","2026-09-29T13:39:43.399131","1","0.004562854766845703","0.010436594486236572","-7.5736165046691895","-0.4713161587715149","1.4251785278320312","16.53225872144967","0.020283479960899315","88.64866145463161","54.62653450221496","REPLAY"
"2026-09-29T13:39:24.806960","137","2026-09-29T13:39:43.517319","1","0.004562854766845703","0.010436594486236572","-7.3560943603515625","-0.4328663945198059","1.5444128513336182","16.594203005846992","0.01366120218579235","87.25752191423834","54.45168754626145","REPLAY"
"2026-09-29T13:39:24.806960","138","2026-09-29T13:39:44.123330","1","0.9979193210601807","0.997727632522583","-1.718300461769104","-3.6225168704986572","1.4856030941009521","29.85849989506828","0.01638311279143037","87.47728625272764","54.708079325802835","REPLAY"
"2026-09-29T13:39:24.806960","139","2026-09-29T13:39:44.225991","1","0.9979193210601807","0.998312771320343","-1.1676942110061646","-4.122828483581543","1.4500435590744019","34.93029377787662","0.019820971867007674","92.84160032659726","54.90312327980451","REPLAY"
"2026-09-29T13:39:24.806960","140","2026-09-29T13:39:44.329088","1","0.9979193210601807","0.9988862872123718","-2.2170393466949463","-2.8371195793151855","1.4213743209838867","32.906296607910654","0.024197195838986885","100.89471440750214","51.272540401003006","REPLAY"
"2026-09-29T13:39:24.806960","141","2026-09-29T13:39:44.448203","1","0.9983530044555664","0.99802166223526","-2.1556975841522217","-4.198195934295654","1.4877921342849731","39.37295493938851","0.03193473193473193","102.7671202809482","51.94216560501519","REPLAY"
"2026-09-29T13:39:24.806960","142","2026-09-29T13:39:44.798621","1","0.9970390796661377","0.9974306225776672","-2.478546142578125","-2.653637170791626","2.174255132675171","66.82192439815134","0.042325685007796834","90.81990622335891","54.361320820554276","REPLAY"
"2026-09-29T13:39:24.806960","143","2026-09-29T13:39:44.953354","1","0.9965924024581909","0.99802166223526","-2.434033155441284","-2.975162982940674","1.606273889541626","51.36193639623501","0.04038630377524144","94.46197478991597","55.860948908042424","REPLAY"
"2026-09-29T13:39:49.473485","1","2026-09-29T13:39:51.635863","1","0.7805240750312805","0.14226526021957397","12.149190902709961","-0.7882457375526428","-11.612004280090332","23.555635785346386","0.0017825311942959","79.08122847301952","31.187619770733914","REPLAY"
"2026-09-29T13:39:49.473485","2","2026-09-29T13:39:51.741703","1","0.060685038566589355","0.023173749446868896","11.52044677734375","1.9882408380508423","-11.077414512634277","30.676010442899752","0.01791101055806938","84.87920433996383","39.876734365676455","REPLAY"
"2026-09-29T13:39:49.473485","3","2026-09-29T13:39:51.878591","1","0.1954095959663391","0.022711515426635742","12.169801712036133","-2.6627328395843506","-1.2878841161727905","25.24192256573649","0.0073372781065088755","92.62465564738292","40.68284043629431","REPLAY"
"2026-09-29T13:39:49.473485","4","2026-09-29T13:39:52.001318","1","0.5938228368759155","0.02502262592315674","5.572632312774658","5.370722770690918","3.0275752544403076","30.93858890997771","0.028820729772607086","100.13252708490803","39.32739584800618","REPLAY"
"2026-09-29T13:39:49.473485","5","2026-09-29T13:39:52.120255","1","0.02372908592224121","0.010436594486236572","3.383202314376831","5.82090950012207","1.5840104818344116","42.64253404903624","0.03329864724245578","101.99798437893676","52.62679677641026","REPLAY"
"2026-09-29T13:39:49.473485","6","2026-09-29T13:39:52.249277","1","0.05803883075714111","0.0264093279838562","-6.659023761749268","6.742935657501221","2.750260353088379","38.887940014358094","0.027575442247658687","108.33730158730158","51.14451802168978","REPLAY"
"2026-09-29T13:39:49.473485","7","2026-09-29T13:39:52.349956","1","0.062496304512023926","0.03290921449661255","-9.487194061279297","9.566276550292969","2.3934364318847656","87.99364618307345","0.03578629032258065","107.27130647130647","50.53768423987949","REPLAY"
"2026-09-29T13:39:49.473485","8","2026-09-29T13:39:52.450539","1","0.03194314241409302","0.16679900884628296","-7.847634315490723","9.107095718383789","3.516282081604004","41.157474808463824","0.021245421245421246","104.75958668197474","51.215734897510615","REPLAY"
"2026-09-29T13:39:49.473485","9","2026-09-29T13:39:52.550624","1","0.04767268896102905","0.004566192626953125","-1.2580245733261108","2.581533908843994","3.2012264728546143","40.51110083209582","0.020833333333333332","101.57749712973593","52.14354600802793","REPLAY"
"2026-09-29T13:39:49.473485","10","2026-09-29T13:39:52.650772","1","0.018253028392791748","0.004566192626953125","-0.549985945224762","1.6910160779953003","2.7002782821655273","31.933231805609047","0.02177514792899408","105.9846189164371","52.751609607887815","REPLAY"
"2026-09-29T13:39:49.473485","11","2026-09-29T13:39:52.754099","1","0.03194314241409302","0.0026093721389770508","-1.53140127658844","2.0752289295196533","2.683910369873047","32.410861909389496","0.02783203125","111.66177514792899","52.56915575215013","REPLAY"
"2026-09-29T13:39:49.473485","12","2026-09-29T13:39:52.861688","1","0.015514969825744629","0.025484859943389893","-7.2007880210876465","3.5530450344085693","4.861307621002197","28.235860189185313","0.02420814479638009","115.44754797441365","50.78995081505467","REPLAY"
"2026-09-29T13:39:49.473485","13","2026-09-29T13:39:53.005557","1","0.074978768825531","0.02456045150756836","-11.826456069946289","3.284153461456299","3.092689037322998","30.597302423007246","0.0384963768115942","120.46564233888178","49.132665026464494","REPLAY"
"2026-09-29T13:39:49.473485","14","2026-09-29T13:39:53.113790","1","0.03877866268157959","0.022711515426635742","-14.133344650268555","2.462177038192749","3.3458235263824463","33.24019471623072","0.035247432306255835","123.69995471014492","49.15874131651499","REPLAY"
"2026-09-29T13:39:49.473485","15","2026-09-29T13:39:53.235417","1","0.15179461240768433","0.1860300898551941","-11.800233840942383","1.8970844745635986","1.6663399934768677","32.2881990839565","0.024443002379407313","119.91957542355583","49.034695575906845","REPLAY"
"2026-09-29T13:39:49.473485","16","2026-09-29T13:39:53.357593","1","0.001824796199798584","0.0208626389503479","-4.323662757873535","1.5607681274414062","1.5708290338516235","38.45596556944436","0.04028132992327366","118.83016942233108","48.80230499309626","REPLAY"
"2026-09-29T13:39:49.473485","17","2026-09-29T13:39:53.465871","1","0.0","0.010436594486236572","-2.6999471187591553","0.07006311416625977","1.7843540906906128","37.31727791043731","0.04544378698224852","119.97727272727273","48.52895898289256","REPLAY"
"2026-09-29T13:39:49.473485","18","2026-09-29T13:39:53.566433","1","0.0","0.006523013114929199","-0.4488599896430969","0.13853254914283752","1.767478108406067","40.274563820018365","0.048898071625344354","115.59438103599649","48.94800778614321","REPLAY"
"2026-09-29T13:39:49.473485","19","2026-09-29T13:39:53.668967","1","0.0","0.0026093721389770508","-1.6047065258026123","0.01718083769083023","1.5677953958511353","40.706959822787525","0.05096418732782369","111.57417820069205","49.59424148277681","REPLAY"
"2026-09-29T13:39:49.473485","20","2026-09-29T13:39:53.780532","1","0.0","0.000652611255645752","-1.8762363195419312","0.14045116305351257","1.4791271686553955","43.734005890780246","0.050505050505050504","107.72146619841966","49.95098901831884","REPLAY"
"2026-09-29T13:39:49.473485","21","2026-09-29T13:39:53.959079","1","0.001824796199798584","0.004566192626953125","-1.3904118537902832","0.4730643928050995","2.118042469024658","41.13970485627254","0.05396449704142012","103.67480777928539","49.391252138261336","REPLAY"
"2026-09-29T13:39:49.473485","22","2026-09-29T13:39:54.068655","1","0.001824796199798584","0.0026093721389770508","-3.0067789554595947","-1.7091127634048462","1.6038929224014282","33.049704541098684","0.039802289281997916","104.99445704207609","48.73970197141922","REPLAY"
"2026-09-29T13:39:49.473485","23","2026-09-29T13:39:54.169108","1","0.004562854766845703","0.0026093721389770508","-4.434340476989746","-1.5398228168487549","1.5822813510894775","41.30588804549145","0.0520888418826018","107.5179211469534","48.70539367089538","REPLAY"
"2026-09-29T13:39:49.473485","24","2026-09-29T13:39:54.283340","1","0.018253028392791748","0.000652611255645752","-3.7326791286468506","-1.363949179649353","1.6141865253448486","36.75749082857888","0.05254942767950052","107.52809271856891","48.78966718994284","REPLAY"
"2026-09-29T13:39:49.473485","25","2026-09-29T13:39:54.419645","1","0.018253028392791748","0.004566192626953125","-4.743815898895264","-1.280816674232483","2.9734292030334473","40.67635732963794","0.04709862086911267","104.6016865079365","50.645775936118945","REPLAY"
"2026-09-29T13:39:49.473485","26","2026-09-29T13:39:54.520670","1","0.03194314241409302","0.0026093721389770508","-4.841270923614502","-1.7207939624786377","4.040788650512695","36.197713686969706","0.046611237087427565","104.028125","51.386248790445926","REPLAY"
"2026-09-29T13:39:49.473485","27","2026-09-29T13:39:54.621292","1","0.8997346758842468","0.012393414974212646","-6.732443332672119","-1.4602313041687012","5.609877109527588","38.61943833161955","0.03647642679900744","107.0722947761194","51.91266073281995","REPLAY"
"2026-09-29T13:39:49.473485","28","2026-09-29T13:39:54.724823","1","0.9858568906784058","0.936539888381958","-6.895219326019287","0.18241514265537262","5.852518081665039","40.480954636756664","0.04948646125116713","109.10200892857142","51.95447952191205","REPLAY"
"2026-09-29T13:39:49.473485","29","2026-09-29T13:39:54.875541","1","0.9992077946662903","0.998600959777832","-6.039399147033691","0.13149112462997437","6.2734808921813965","43.47149259822622","0.060867537313432835","112.75603864734299","52.246762478549265","REPLAY"
"2026-09-29T13:39:49.473485","30","2026-09-29T13:39:54.984836","1","0.9974813461303711","0.9974306225776672","-6.364316463470459","0.29851534962654114","5.603540897369385","39.13226846345156","0.05859375","115.42683982683982","51.45833491286566","REPLAY"
"2026-09-29T13:39:49.473485","31","2026-09-29T13:39:55.113327","1","0.9974813461303711","0.9999999403953552","-6.051271438598633","0.3438263535499573","5.156498432159424","40.87286966303398","0.06041222459132907","120.95128676470588","50.727550618244805","REPLAY"
"2026-09-29T13:39:49.473485","32","2026-09-29T13:39:55.224241","1","0.9983530044555664","0.9999999403953552","-5.521264553070068","-1.5599247217178345","5.507437229156494","47.679152756001294","0.06594669117647059","121.233860342556","50.999612359853586","REPLAY"
"2026-09-29T13:39:49.473485","33","2026-09-29T13:39:55.348048","1","0.9974813461303711","0.9999999403953552","-5.396237850189209","-1.645523190498352","5.6256022453308105","40.34694438619055","0.05900186567164179","121.33779264214047","50.54527920123836","REPLAY"
"2026-09-29T13:39:49.473485","34","2026-09-29T13:39:55.455654","1","0.7024589776992798","0.41945070028305054","-5.936819076538086","-0.8455889225006104","5.216327667236328","44.447237666132516","0.05498533724340176","120.5955934612651","48.794913044096106","REPLAY"
"2026-09-29T13:39:49.473485","35","2026-09-29T13:39:55.564919","1","0.015514969825744629","0.0026093721389770508","-4.219531059265137","-1.1487091779708862","5.4393415451049805","49.80811204228454","0.056695992179863146","116.88178156834873","48.217499629829646","REPLAY"
"2026-09-29T13:39:49.473485","36","2026-09-29T13:39:55.712815","1","0.0","0.008479773998260498","-1.3996853828430176","-1.4481483697891235","5.599146366119385","36.66764052782596","0.0546448087431694","112.7472162994551","47.33290609082615","REPLAY"
"2026-09-29T13:39:49.473485","37","2026-09-29T13:39:55.838173","1","0.13616210222244263","0.025484859943389893","-4.5192389488220215","1.7925169467926025","3.472989797592163","32.610613502682696","0.028017805708300602","105.49027916251246","46.11345576741558","REPLAY"
"2026-09-29T13:39:49.473485","38","2026-09-29T13:39:55.978607","1","0.018253028392791748","0.012393414974212646","-6.85073184967041","0.3502359390258789","3.336043119430542","41.83929071189485","0.04393128696141932","102.61524064171122","45.862563028127184","REPLAY"
"2026-09-29T13:39:49.473485","39","2026-09-29T13:39:56.080823","1","0.02372908592224121","0.010436594486236572","-7.736886024475098","-0.823998212814331","3.430452585220337","40.86980563461128","0.03773584905660377","100.20748663101604","47.12356890229554","REPLAY"
"2026-09-29T13:39:49.473485","40","2026-09-29T13:39:56.201185","1","0.018253028392791748","0.008479773998260498","-11.343481063842773","0.6976453065872192","3.1354990005493164","37.52412514370426","0.03833772314896108","100.29682274247492","46.01306974602341","REPLAY"
"2026-09-29T13:39:49.473485","41","2026-09-29T13:39:56.327297","1","0.010038912296295166","0.004566192626953125","-13.211214065551758","-1.7194675207138062","2.631176471710205","34.44836295329584","0.03200692041522491","105.1076923076923","46.469976673516804","REPLAY"
"2026-09-29T13:39:49.473485","42","2026-09-29T13:39:56.441567","1","0.04767268896102905","0.019214868545532227","-12.392175674438477","-1.3559297323226929","2.7375566959381104","35.366519638731354","0.01567583555161195","108.5892957746479","47.55055187914339","REPLAY"
"2026-09-29T13:39:49.473485","43","2026-09-29T13:39:56.597357","1","0.05803883075714111","0.012393414974212646","-7.570655345916748","1.1077935695648193","3.0337414741516113","33.818922892779625","0.012453630100688924","113.1651282051282","50.16875025258894","REPLAY"
"2026-09-29T13:39:49.473485","44","2026-09-29T13:39:56.750071","1","0.03194314241409302","0.010436594486236572","-5.441788196563721","1.083440899848938","1.960727334022522","26.082126038781162","0.011578947368421053","115.59577677224736","48.66181097558199","REPLAY"
"2026-09-29T13:39:49.473485","45","2026-09-29T13:39:56.852574","1","0.026467084884643555","0.010436594486236572","-3.08616042137146","-1.2448805570602417","2.2275822162628174","24.099249379108837","0.007297297297297297","117.62980392156862","49.741038677531904","REPLAY"
"2026-09-29T13:39:49.473485","46","2026-09-29T13:39:56.965018","1","0.2012934684753418","0.12644684314727783","-6.8514862060546875","-15.979083061218262","3.363557815551758","26.02243568778596","0.003434065934065934","115.58938485454142","48.55894895902648","REPLAY"
"2026-09-29T13:39:49.473485","47","2026-09-29T13:39:57.088579","1","0.4151104688644409","0.15379184484481812","-6.1654558181762695","-29.186832427978516","3.758852958679199","26.96352156659208","0.003476749239461104","104.10759493670886","48.298350048655074","REPLAY"
"2026-09-29T13:39:49.473485","48","2026-09-29T13:39:57.205696","1","0.245616614818573","0.6025388240814209","-0.8058258295059204","-33.35355758666992","11.656882286071777","22.812233892920936","0.008861320336730172","101.09248677248678","52.7188621873035","REPLAY"
"2026-09-29T13:39:49.473485","49","2026-09-29T13:39:57.351064","1","0.5554949641227722","0.6384210586547852","-0.14704811573028564","-31.025392532348633","11.289711952209473","21.937533439155846","0.0033507073715562173","95.18876811594203","54.647641567749695","REPLAY"
"2026-09-29T13:39:49.473485","50","2026-09-29T13:39:57.515732","1","0.5627611875534058","0.024098217487335205","0.38320788741111755","-23.230592727661133","7.672913074493408","29.08570490783113","0.0004591368227731864","78.5392888498683","52.57081424916293","REPLAY"
"2026-09-29T13:39:49.473485","51","2026-09-29T13:39:57.753424","1","0.27598196268081665","0.022711515426635742","0.8022764921188354","-15.279473304748535","7.748276233673096","29.056984055180138","0.010414201183431953","79.90932047750229","47.58531360694986","REPLAY"
"2026-09-29T13:39:49.473485","52","2026-09-29T13:39:57.876008","1","0.11876147985458374","0.0208626389503479","0.42353102564811707","-19.751577377319336","7.440130710601807","27.194019223923103","0.013527945888216448","86.65421487603305","48.65107444053309","REPLAY"
"2026-09-29T13:39:49.473485","53","2026-09-29T13:39:57.986744","1","0.245616614818573","0.019214868545532227","-3.197587013244629","-11.542009353637695","6.339916229248047","28.816756974096364","0.011611030478955007","84.13168724279835","46.410021179455335","REPLAY"
"2026-09-29T13:39:49.473485","54","2026-09-29T13:39:58.119965","1","0.04767268896102905","0.0026093721389770508","-2.108106851577759","6.740325927734375","4.481978416442871","32.854143365911405","0.021003915984336062","92.20727272727272","47.12296921989503","REPLAY"
"2026-09-29T13:39:49.473485","55","2026-09-29T13:39:58.226793","1","0.004562854766845703","0.0264093279838562","-12.361337661743164","37.63261795043945","-1.7866156101226807","37.43768246563932","0.02326530612244898","94.61176470588235","44.897092124095735","REPLAY"
"2026-09-29T13:39:49.473485","56","2026-09-29T13:39:58.355034","1","0.007300853729248047","0.0888165831565857","-4.2953782081604","47.50381088256836","-5.176970481872559","50.49366378819762","0.04116558741905643","98.60112847222223","45.50145200038364","REPLAY"
"2026-09-29T13:39:49.473485","57","2026-09-29T13:39:58.481431","1","0.007300853729248047","0.0888165831565857","-4.612596035003662","45.18602752685547","-6.853341102600098","49.55661685379934","0.05314625850340136","99.7552","46.699302703145364","REPLAY"
"2026-09-29T13:39:49.473485","58","2026-09-29T13:39:58.601400","1","0.015514969825744629","0.02363598346710205","-8.524611473083496","41.18771743774414","-6.114782810211182","58.90217545351474","0.061224489795918366","100.4664","47.54688708043883","REPLAY"
"2026-09-29T13:39:49.473485","59","2026-09-29T13:39:58.709500","1","0.02372908592224121","0.0208626389503479","-9.052262306213379","38.23051834106445","-5.538226127624512","62.370643508277915","0.06947069943289225","105.83643617021276","48.43415434543349","REPLAY"
"2026-09-29T13:39:49.473485","60","2026-09-29T13:39:58.841416","1","0.03877866268157959","0.023173749446868896","-7.529212951660156","35.64299774169922","-5.414007663726807","61.15641054717269","0.0745679012345679","106.46129470348573","48.06430043517578","REPLAY"
"2026-09-29T13:39:49.473485","61","2026-09-29T13:39:58.957004","1","0.05803883075714111","0.02456045150756836","-10.215632438659668","31.53038787841797","-7.526495933532715","58.18806460633002","0.06143667296786389","100.47569444444444","47.24884551283264","REPLAY"
"2026-09-29T13:39:49.473485","62","2026-09-29T13:39:59.081285","1","0.018253028392791748","0.0208626389503479","-7.061388969421387","28.082427978515625","-7.306685447692871","40.66319383590171","0.04653061224489796","97.92695117262592","45.5483321916965","REPLAY"
"2026-09-29T13:39:49.473485","63","2026-09-29T13:39:59.198111","1","0.015514969825744629","0.012393414974212646","-6.738287448883057","16.46018409729004","-7.634870529174805","43.737170696867665","0.03569023569023569","96.98872180451127","43.53333782143279","REPLAY"
"2026-09-29T13:39:49.473485","64","2026-09-29T13:39:59.322680","1","0.004562854766845703","0.004566192626953125","-9.080991744995117","22.249311447143555","-7.72484016418457","43.18167409421418","0.04123281965847563","100.94848135332565","43.19521550187588","REPLAY"
"2026-09-29T13:39:49.473485","65","2026-09-29T13:39:59.440063","1","0.012776970863342285","0.012393414974212646","-7.701112270355225","22.848045349121094","-7.640637397766113","36.36711266139109","0.03188775510204082","104.26040816326531","43.530978224013346","REPLAY"
"2026-09-29T13:39:49.473485","66","2026-09-29T13:39:59.566335","1","0.8997346758842468","0.936539888381958","6.2613067626953125","20.6335391998291","-1.6858314275741577","25.646925173580712","0.004725897920604915","94.984375","44.24568127416426","REPLAY"
"2026-09-29T13:39:49.473485","67","2026-09-29T13:39:59.682976","1","0.9510332942008972","0.9209686517715454","25.462310791015625","12.67346477508545","3.5465450286865234","22.809948391384548","0.0013020833333333333","72.99958350687214","36.06709121273712","REPLAY"
"2026-09-29T13:39:49.473485","68","2026-09-29T13:39:59.806431","1","0.9842807650566101","0.9867727756500244","27.422163009643555","12.632476806640625","8.527204513549805","19.951768491273075","0.0","65.3134693877551","33.48317430341299","REPLAY"
"2026-09-29T13:39:49.473485","69","2026-09-29T13:39:59.915299","1","0.9877196550369263","0.9065451622009277","27.250219345092773","12.231965065002441","9.579864501953125","17.55340114893446","0.0","64.15104166666667","33.544639086073495","REPLAY"
"2026-09-29T13:39:49.473485","70","2026-09-29T13:40:00.044190","1","0.9825901985168457","0.8723113536834717","27.767166137695312","11.442900657653809","7.363283634185791","14.36813336225542","0.0","63.61333333333334","33.600379296800924","REPLAY"
"2026-09-29T13:39:49.473485","71","2026-09-29T13:40:00.175966","1","0.19043755531311035","0.26849472522735596","13.446094512939453","5.819168567657471","6.3490400314331055","14.8735090978824","0.0","66.26655560183256","35.51207715218847","REPLAY"
"2026-09-29T13:39:49.473485","72","2026-09-29T13:40:00.293046","1","0.1954095959663391","0.8734263181686401","1.3754642009735107","6.644927024841309","5.822093963623047","30.59747143307114","0.0009053870529651426","81.59765625","40.28040834686473","REPLAY"
"2026-09-29T13:39:49.473485","73","2026-09-29T13:40:00.416309","1","0.29744672775268555","0.3436095714569092","-7.099679470062256","2.6130125522613525","-2.6643707752227783","37.462635999999996","0.0112","91.34690799396682","41.477614147351126","REPLAY"
"2026-09-29T13:39:49.473485","74","2026-09-29T13:40:00.541163","1","0.15179461240768433","0.6384210586547852","-7.386280059814453","3.960455894470215","-3.9276833534240723","38.007518475799905","0.013071895424836602","93.5680473372781","41.37054503845488","REPLAY"
"2026-09-29T13:39:49.473485","75","2026-09-29T13:40:00.649950","1","0.16252541542053223","0.7337781190872192","-9.035962104797363","1.3097478151321411","-5.122982025146484","31.127091491634033","0.007475970096119616","91.96528925619835","41.96164858759793","REPLAY"
"2026-09-29T13:39:49.473485","76","2026-09-29T13:40:00.784708","1","0.5938228368759155","0.6528555154800415","-6.747835636138916","0.4485628306865692","-11.72522258758545","27.711209763021085","0.0030757400999615533","98.72707100591715","40.54110968946148","REPLAY"
"2026-09-29T13:39:49.473485","77","2026-09-29T13:40:03.527293","1","0.9850823879241943","0.6937435865402222","-5.669970989227295","-2.279615640640259","-1.6108243465423584","36.29560221606648","0.01087719298245614","117.41298701298702","27.223883472743047","REPLAY"
"2026-09-29T13:39:49.473485","78","2026-09-29T13:40:04.340203","1","0.7550646662712097","0.8661791086196899","1.6374876499176025","4.767040729522705","-10.011630058288574","13.266857817507168","0.0","138.1346153846154","23.411614074429345","REPLAY"
"2026-09-29T13:39:49.473485","79","2026-09-29T13:40:04.490366","1","0.8049881458282471","0.9003492593765259","0.22946542501449585","3.9845852851867676","-6.182068824768066","27.347162130177516","0.0","132.14267676767676","25.402091636351184","REPLAY"
"2026-09-29T13:39:49.473485","80","2026-09-29T13:40:04.731664","1","0.6617919206619263","0.7252373695373535","-1.0442533493041992","2.203824758529663","-3.0080037117004395","23.644444444444446","0.0","115.2414307004471","21.429011082779397","REPLAY"
"2026-09-29T13:39:49.473485","81","2026-09-29T13:40:04.851748","1","0.5897773504257202","0.6911184787750244","-0.6736403107643127","4.517367362976074","-2.5241498947143555","19.5676956873627","0.0","111.71572871572872","20.67954488283831","REPLAY"
"2026-09-29T13:39:49.473485","82","2026-09-29T13:40:05.331167","1","0.1603792905807495","0.6989938020706177","-13.258991241455078","-0.3144325613975525","6.27224063873291","46.09474493987443","0.038027332144979206","116.6711590296496","23.814369792830867","REPLAY"
"2026-09-29T13:39:49.473485","83","2026-09-29T13:40:05.694419","1","0.3822312355041504","0.6806507110595703","-14.756414413452148","0.23274986445903778","0.557619035243988","42.52426504510192","0.03876306620209059","108.3215717722534","24.460859357608268","REPLAY"
"2026-09-29T13:39:49.473485","84","2026-09-29T13:40:05.820204","1","0.18340229988098145","0.8695240020751953","-9.625226974487305","-0.09361070394515991","-2.361403703689575","38.772904352597465","0.027873070325900515","118.60197628458498","26.655288836772517","REPLAY"
"2026-09-29T13:39:49.473485","85","2026-09-29T13:40:05.920590","1","0.5857317447662354","0.9841023683547974","-6.102524280548096","-1.9773939847946167","-1.9869439601898193","88.11634663878012","0.0294811320754717","124.5139146567718","26.238334120897225","REPLAY"
"2026-09-29T13:39:49.473485","86","2026-09-29T13:40:06.221946","1","0.4603421688079834","0.32518619298934937","-3.571383476257324","-4.29050350189209","-0.608075737953186","156.84143994817865","0.037037037037037035","133.85487603305785","29.26539315565199","REPLAY"
"2026-09-29T13:39:49.473485","87","2026-09-29T13:40:06.359255","1","0.5211077928543091","0.6528555154800415","-2.296555995941162","0.8370558619499207","-0.8016641139984131","223.30214661163825","0.03476331360946745","137.64849108367628","30.296198402454127","REPLAY"
"2026-09-29T13:39:49.473485","88","2026-09-29T13:40:06.498803","1","0.7466771602630615","0.886478841304779","-6.000982284545898","0.13960738480091095","0.0712590143084526","136.13225701925379","0.0152046783625731","138.7529869408169","32.853634868722715","REPLAY"
"2026-09-29T13:39:49.473485","89","2026-09-29T13:40:06.635118","1","0.2012934684753418","0.5810842514038086","-9.861287117004395","0.784599244594574","-0.2780889868736267","24.019484503196214","0.0","144.32266009852216","27.26712406295237","REPLAY"
"2026-09-29T13:39:49.473485","90","2026-09-29T13:40:06.804059","1","0.9858568906784058","0.0264093279838562","-3.5299453735351562","-3.3412201404571533","-1.2694413661956787","25.410184781226885","0.0021033653846153845","143.47264957264957","29.711369730632843","REPLAY"
"2026-09-29T13:39:49.473485","91","2026-09-29T13:40:06.962489","1","0.986605703830719","0.11680018901824951","-3.515981435775757","-3.570598840713501","1.0322688817977905","53.13741974759912","0.008998548621190131","143.9337822671156","33.122626855740876","REPLAY"
"2026-09-29T13:39:49.473485","92","2026-09-29T13:40:07.123846","1","0.9503150582313538","0.6444942951202393","-12.176736831665039","-11.07799243927002","2.8198461532592773","36.150648044139544","0.008074382187423538","142.66295066413662","35.57702061510582","REPLAY"
"2026-09-29T13:39:49.473485","93","2026-09-29T13:40:07.281307","1","0.9942908883094788","0.3679760694503784","-10.416743278503418","-8.75393009185791","8.909672737121582","31.521930995460565","0.008281573498964804","135.3532863849765","40.472347939409545","REPLAY"
"2026-09-29T13:39:49.473485","94","2026-09-29T13:40:07.444842","1","0.5627611875534058","0.26849472522735596","-6.978737831115723","-9.831159591674805","10.23894214630127","30.036498265245395","0.008048289738430584","133.10069444444446","42.25204410438889","REPLAY"
"2026-09-29T13:39:49.473485","95","2026-09-29T13:40:08.998854","1","0.05671572685241699","0.2128179669380188","-14.528554916381836","3.6030163764953613","11.691832542419434","31.993151880586947","0.01525974025974026","134.4050211736237","35.88447163455784","REPLAY"
"2026-09-29T13:39:49.473485","96","2026-09-29T13:40:09.163269","1","0.060685038566589355","0.022711515426635742","-3.587265729904175","4.610528945922852","2.1521246433258057","36.34150996021785","0.00351213282247765","120.15993836671802","34.23687985288553","REPLAY"
"2026-09-29T13:39:49.473485","97","2026-09-29T13:40:09.313348","1","1.0","0.9988862872123718","1.4916781187057495","9.983696937561035","1.7717286348342896","90.86740490091668","0.03535353535353535","123.71619514368456","39.377175040226014","REPLAY"
"2026-09-29T13:39:49.473485","98","2026-09-29T13:40:09.481616","1","0.9987824559211731","0.9994485974311829","10.605151176452637","18.131961822509766","4.19564962387085","249.6694477387791","0.12557710064635272","152.14417360285375","54.03603158828863","REPLAY"
"2026-09-29T13:39:49.473485","99","2026-09-29T13:40:09.642147","1","0.9970390796661377","0.998312771320343","9.502416610717773","15.734158515930176","2.4214181900024414","205.88147261408133","0.1111111111111111","155.22130102040816","55.35615902666026","REPLAY"
"2026-09-29T13:39:49.473485","100","2026-09-29T13:40:09.799094","1","0.9942908883094788","0.9988862872123718","11.401495933532715","12.919329643249512","3.974579334259033","188.58914258423363","0.10995770857362552","157.7478229317852","54.753921521346236","REPLAY"
"2026-09-29T13:39:49.473485","101","2026-09-29T13:40:09.971492","1","0.9938164353370667","0.9988862872123718","11.654372215270996","13.035700798034668","3.9537534713745117","190.28098359017076","0.11428571428571428","162.65859284890428","51.384210734640256","REPLAY"
"2026-09-29T13:39:49.473485","102","2026-09-29T13:40:10.120759","1","0.9970390796661377","0.9991688132286072","11.492877960205078","13.089189529418945","4.9994707107543945","193.78248064","0.1176","162.74001479289942","49.52141604737347","REPLAY"
"2026-09-29T13:39:49.473485","103","2026-09-29T13:40:10.263484","1","0.9956856369972229","0.9994485974311829","13.781194686889648","16.14240074157715","4.87661075592041","172.2925131123229","0.12687427912341406","155.7866124260355","46.42807902505007","REPLAY"
"2026-09-29T13:39:49.473485","104","2026-09-29T13:40:10.378559","1","0.9952254295349121","0.9991688132286072","13.934782028198242","15.496103286743164","4.701794624328613","154.36347308432676","0.11620158267388588","148.9404","38.97785073397448","REPLAY"
"2026-09-29T13:39:49.473485","105","2026-09-29T13:40:10.499658","1","0.9928528666496277","0.9994485974311829","11.995837211608887","11.686038970947266","4.435877323150635","237.42701668589004","0.1592156862745098","121.93396226415095","39.10842349813476","REPLAY"
"2026-09-29T13:39:49.473485","106","2026-09-29T13:40:10.722374","1","0.9947605133056641","0.9994485974311829","12.596861839294434","11.342717170715332","3.9260127544403076","232.735244","0.164","109.47226331360947","40.45714146803978","REPLAY"
"2026-09-29T13:39:49.473485","107","2026-09-29T13:40:11.060204","1","0.9928528666496277","0.9988862872123718","12.929341316223145","13.250421524047852","3.8865373134613037","223.528176","0.1844","81.50221893491124","37.16223620572444","REPLAY"
